imdb_id;movie_title;genre
tt0499549;Avatar ;Action
tt0499549;Avatar ;Adventure
tt0499549;Avatar ;Fantasy
tt0449088;Pirates of the Caribbean: At World's End ;Action
tt0449088;Pirates of the Caribbean: At World's End ;Adventure
tt0449088;Pirates of the Caribbean: At World's End ;Fantasy
tt2379713;Spectre ;Action
tt2379713;Spectre ;Adventure
tt2379713;Spectre ;Thriller
tt1345836;The Dark Knight Rises ;Action
tt1345836;The Dark Knight Rises ;Thriller
tt0401729;John Carter ;Action
tt0401729;John Carter ;Adventure
tt0401729;John Carter ;Sci-Fi
tt0413300;Spider-Man 3 ;Action
tt0413300;Spider-Man 3 ;Adventure
tt0413300;Spider-Man 3 ;Romance
tt0398286;Tangled ;Adventure
tt0398286;Tangled ;Animation
tt0398286;Tangled ;Comedy
tt2395427;Avengers: Age of Ultron ;Action
tt2395427;Avengers: Age of Ultron ;Adventure
tt2395427;Avengers: Age of Ultron ;Sci-Fi
tt0417741;Harry Potter and the Half-Blood Prince ;Adventure
tt0417741;Harry Potter and the Half-Blood Prince ;Family
tt0417741;Harry Potter and the Half-Blood Prince ;Fantasy
tt2975590;Batman v Superman: Dawn of Justice ;Action
tt2975590;Batman v Superman: Dawn of Justice ;Adventure
tt2975590;Batman v Superman: Dawn of Justice ;Sci-Fi
tt0348150;Superman Returns ;Action
tt0348150;Superman Returns ;Adventure
tt0348150;Superman Returns ;Sci-Fi
tt0830515;Quantum of Solace ;Action
tt0830515;Quantum of Solace ;Adventure
tt0383574;Pirates of the Caribbean: Dead Man's Chest ;Action
tt0383574;Pirates of the Caribbean: Dead Man's Chest ;Adventure
tt0383574;Pirates of the Caribbean: Dead Man's Chest ;Fantasy
tt1210819;The Lone Ranger ;Action
tt1210819;The Lone Ranger ;Adventure
tt1210819;The Lone Ranger ;Western
tt0770828;Man of Steel ;Action
tt0770828;Man of Steel ;Adventure
tt0770828;Man of Steel ;Fantasy
tt0499448;The Chronicles of Narnia: Prince Caspian ;Action
tt0499448;The Chronicles of Narnia: Prince Caspian ;Adventure
tt0499448;The Chronicles of Narnia: Prince Caspian ;Family
tt0848228;The Avengers ;Action
tt0848228;The Avengers ;Adventure
tt0848228;The Avengers ;Sci-Fi
tt1298650;Pirates of the Caribbean: On Stranger Tides ;Action
tt1298650;Pirates of the Caribbean: On Stranger Tides ;Adventure
tt1298650;Pirates of the Caribbean: On Stranger Tides ;Fantasy
tt1409024;Men in Black 3 ;Action
tt1409024;Men in Black 3 ;Adventure
tt1409024;Men in Black 3 ;Comedy
tt2310332;The Hobbit: The Battle of the Five Armies ;Adventure
tt2310332;The Hobbit: The Battle of the Five Armies ;Fantasy
tt0948470;The Amazing Spider-Man ;Action
tt0948470;The Amazing Spider-Man ;Adventure
tt0948470;The Amazing Spider-Man ;Fantasy
tt0955308;Robin Hood ;Action
tt0955308;Robin Hood ;Adventure
tt0955308;Robin Hood ;Drama
tt1170358;The Hobbit: The Desolation of Smaug ;Adventure
tt1170358;The Hobbit: The Desolation of Smaug ;Fantasy
tt0385752;The Golden Compass ;Adventure
tt0385752;The Golden Compass ;Family
tt0385752;The Golden Compass ;Fantasy
tt0360717;King Kong ;Action
tt0360717;King Kong ;Adventure
tt0360717;King Kong ;Drama
tt0120338;Titanic ;Drama
tt0120338;Titanic ;Romance
tt3498820;Captain America: Civil War ;Action
tt3498820;Captain America: Civil War ;Adventure
tt3498820;Captain America: Civil War ;Sci-Fi
tt1440129;Battleship ;Action
tt1440129;Battleship ;Adventure
tt1440129;Battleship ;Sci-Fi
tt0369610;Jurassic World ;Action
tt0369610;Jurassic World ;Adventure
tt0369610;Jurassic World ;Sci-Fi
tt1074638;Skyfall ;Action
tt1074638;Skyfall ;Adventure
tt1074638;Skyfall ;Thriller
tt0316654;Spider-Man 2 ;Action
tt0316654;Spider-Man 2 ;Adventure
tt0316654;Spider-Man 2 ;Fantasy
tt1300854;Iron Man 3 ;Action
tt1300854;Iron Man 3 ;Adventure
tt1300854;Iron Man 3 ;Sci-Fi
tt1014759;Alice in Wonderland ;Adventure
tt1014759;Alice in Wonderland ;Family
tt1014759;Alice in Wonderland ;Fantasy
tt0376994;X-Men: The Last Stand ;Action
tt0376994;X-Men: The Last Stand ;Adventure
tt0376994;X-Men: The Last Stand ;Fantasy
tt1453405;Monsters University ;Adventure
tt1453405;Monsters University ;Animation
tt1453405;Monsters University ;Comedy
tt1055369;Transformers: Revenge of the Fallen ;Action
tt1055369;Transformers: Revenge of the Fallen ;Adventure
tt1055369;Transformers: Revenge of the Fallen ;Sci-Fi
tt2109248;Transformers: Age of Extinction ;Action
tt2109248;Transformers: Age of Extinction ;Adventure
tt2109248;Transformers: Age of Extinction ;Sci-Fi
tt1623205;Oz the Great and Powerful ;Adventure
tt1623205;Oz the Great and Powerful ;Family
tt1623205;Oz the Great and Powerful ;Fantasy
tt1872181;The Amazing Spider-Man 2 ;Action
tt1872181;The Amazing Spider-Man 2 ;Adventure
tt1872181;The Amazing Spider-Man 2 ;Fantasy
tt1104001;TRON: Legacy ;Action
tt1104001;TRON: Legacy ;Adventure
tt1104001;TRON: Legacy ;Sci-Fi
tt1216475;Cars 2 ;Adventure
tt1216475;Cars 2 ;Animation
tt1216475;Cars 2 ;Comedy
tt1133985;Green Lantern ;Action
tt1133985;Green Lantern ;Adventure
tt1133985;Green Lantern ;Sci-Fi
tt0435761;Toy Story 3 ;Adventure
tt0435761;Toy Story 3 ;Animation
tt0435761;Toy Story 3 ;Comedy
tt0438488;Terminator Salvation ;Action
tt0438488;Terminator Salvation ;Adventure
tt0438488;Terminator Salvation ;Sci-Fi
tt2820852;Furious 7 ;Action
tt2820852;Furious 7 ;Crime
tt2820852;Furious 7 ;Thriller
tt0816711;World War Z ;Action
tt0816711;World War Z ;Adventure
tt0816711;World War Z ;Horror
tt1877832;X-Men: Days of Future Past ;Action
tt1877832;X-Men: Days of Future Past ;Adventure
tt1877832;X-Men: Days of Future Past ;Fantasy
tt1408101;Star Trek Into Darkness ;Action
tt1408101;Star Trek Into Darkness ;Adventure
tt1408101;Star Trek Into Darkness ;Sci-Fi
tt1351685;Jack the Giant Slayer ;Adventure
tt1351685;Jack the Giant Slayer ;Fantasy
tt1343092;The Great Gatsby ;Drama
tt1343092;The Great Gatsby ;Romance
tt0473075;Prince of Persia: The Sands of Time ;Action
tt0473075;Prince of Persia: The Sands of Time ;Adventure
tt0473075;Prince of Persia: The Sands of Time ;Fantasy
tt1663662;Pacific Rim ;Action
tt1663662;Pacific Rim ;Adventure
tt1663662;Pacific Rim ;Sci-Fi
tt1399103;Transformers: Dark of the Moon ;Action
tt1399103;Transformers: Dark of the Moon ;Adventure
tt1399103;Transformers: Dark of the Moon ;Sci-Fi
tt0367882;Indiana Jones and the Kingdom of the Crystal Skull ;Action
tt0367882;Indiana Jones and the Kingdom of the Crystal Skull ;Adventure
tt0367882;Indiana Jones and the Kingdom of the Crystal Skull ;Fantasy
tt1979388;The Good Dinosaur ;Adventure
tt1979388;The Good Dinosaur ;Animation
tt1979388;The Good Dinosaur ;Comedy
tt1217209;Brave ;Adventure
tt1217209;Brave ;Animation
tt1217209;Brave ;Comedy
tt2660888;Star Trek Beyond ;Action
tt2660888;Star Trek Beyond ;Adventure
tt2660888;Star Trek Beyond ;Sci-Fi
tt0910970;WALL·E ;Adventure
tt0910970;WALL·E ;Animation
tt0910970;WALL·E ;Family
tt0293564;Rush Hour 3 ;Action
tt0293564;Rush Hour 3 ;Comedy
tt0293564;Rush Hour 3 ;Crime
tt1190080;2012 ;Action
tt1190080;2012 ;Adventure
tt1190080;2012 ;Sci-Fi
tt1067106;A Christmas Carol ;Animation
tt1067106;A Christmas Carol ;Drama
tt1067106;A Christmas Carol ;Family
tt1617661;Jupiter Ascending ;Action
tt1617661;Jupiter Ascending ;Adventure
tt1617661;Jupiter Ascending ;Sci-Fi
tt0918940;The Legend of Tarzan ;Action
tt0918940;The Legend of Tarzan ;Adventure
tt0918940;The Legend of Tarzan ;Drama
tt0363771;The Chronicles of Narnia: The Lion, the Witch and the Wardrobe ;Adventure
tt0363771;The Chronicles of Narnia: The Lion, the Witch and the Wardrobe ;Family
tt0363771;The Chronicles of Narnia: The Lion, the Witch and the Wardrobe ;Fantasy
tt3385516;X-Men: Apocalypse ;Action
tt3385516;X-Men: Apocalypse ;Adventure
tt3385516;X-Men: Apocalypse ;Sci-Fi
tt0468569;The Dark Knight ;Action
tt0468569;The Dark Knight ;Crime
tt0468569;The Dark Knight ;Drama
tt1049413;Up ;Adventure
tt1049413;Up ;Animation
tt1049413;Up ;Comedy
tt0892782;Monsters vs. Aliens ;Action
tt0892782;Monsters vs. Aliens ;Adventure
tt0892782;Monsters vs. Aliens ;Animation
tt0371746;Iron Man ;Action
tt0371746;Iron Man ;Adventure
tt0371746;Iron Man ;Sci-Fi
tt0970179;Hugo ;Adventure
tt0970179;Hugo ;Drama
tt0970179;Hugo ;Family
tt0120891;Wild Wild West ;Action
tt0120891;Wild Wild West ;Comedy
tt0120891;Wild Wild West ;Sci-Fi
tt0859163;The Mummy: Tomb of the Dragon Emperor ;Action
tt0859163;The Mummy: Tomb of the Dragon Emperor ;Adventure
tt0859163;The Mummy: Tomb of the Dragon Emperor ;Fantasy
tt1386697;Suicide Squad ;Action
tt1386697;Suicide Squad ;Adventure
tt1386697;Suicide Squad ;Comedy
tt0413099;Evan Almighty ;Comedy
tt0413099;Evan Almighty ;Family
tt0413099;Evan Almighty ;Fantasy
tt1631867;Edge of Tomorrow ;Action
tt1631867;Edge of Tomorrow ;Adventure
tt1631867;Edge of Tomorrow ;Sci-Fi
tt0114898;Waterworld ;Action
tt0114898;Waterworld ;Adventure
tt0114898;Waterworld ;Sci-Fi
tt1046173;G.I. Joe: The Rise of Cobra ;Action
tt1046173;G.I. Joe: The Rise of Cobra ;Adventure
tt1046173;G.I. Joe: The Rise of Cobra ;Sci-Fi
tt2096673;Inside Out ;Adventure
tt2096673;Inside Out ;Animation
tt2096673;Inside Out ;Comedy
tt3040964;The Jungle Book ;Adventure
tt3040964;The Jungle Book ;Drama
tt3040964;The Jungle Book ;Family
tt1228705;Iron Man 2 ;Action
tt1228705;Iron Man 2 ;Adventure
tt1228705;Iron Man 2 ;Sci-Fi
tt1735898;Snow White and the Huntsman ;Action
tt1735898;Snow White and the Huntsman ;Adventure
tt1735898;Snow White and the Huntsman ;Drama
tt1587310;Maleficent ;Action
tt1587310;Maleficent ;Adventure
tt1587310;Maleficent ;Family
tt2103281;Dawn of the Planet of the Apes ;Action
tt2103281;Dawn of the Planet of the Apes ;Adventure
tt2103281;Dawn of the Planet of the Apes ;Drama
tt1321869;The Lovers ;Action
tt1321869;The Lovers ;Adventure
tt1321869;The Lovers ;Romance
tt1335975;47 Ronin ;Action
tt1335975;47 Ronin ;Adventure
tt1335975;47 Ronin ;Drama
tt1843866;Captain America: The Winter Soldier ;Action
tt1843866;Captain America: The Winter Soldier ;Adventure
tt1843866;Captain America: The Winter Soldier ;Sci-Fi
tt0892791;Shrek Forever After ;Adventure
tt0892791;Shrek Forever After ;Animation
tt0892791;Shrek Forever After ;Comedy
tt1964418;Tomorrowland ;Action
tt1964418;Tomorrowland ;Adventure
tt1964418;Tomorrowland ;Family
tt2245084;Big Hero 6 ;Action
tt2245084;Big Hero 6 ;Adventure
tt2245084;Big Hero 6 ;Animation
tt1772341;Wreck-It Ralph ;Adventure
tt1772341;Wreck-It Ralph ;Animation
tt1772341;Wreck-It Ralph ;Comedy
tt0338348;The Polar Express ;Adventure
tt0338348;The Polar Express ;Animation
tt0338348;The Polar Express ;Family
tt1628841;Independence Day: Resurgence ;Action
tt1628841;Independence Day: Resurgence ;Adventure
tt1628841;Independence Day: Resurgence ;Sci-Fi
tt0892769;How to Train Your Dragon ;Adventure
tt0892769;How to Train Your Dragon ;Animation
tt0892769;How to Train Your Dragon ;Family
tt0181852;Terminator 3: Rise of the Machines ;Action
tt0181852;Terminator 3: Rise of the Machines ;Sci-Fi
tt2015381;Guardians of the Galaxy ;Action
tt2015381;Guardians of the Galaxy ;Adventure
tt2015381;Guardians of the Galaxy ;Sci-Fi
tt0816692;Interstellar ;Adventure
tt0816692;Interstellar ;Drama
tt0816692;Interstellar ;Sci-Fi
tt1375666;Inception ;Action
tt1375666;Inception ;Adventure
tt1375666;Inception ;Sci-Fi
tt4262980;Godzilla Resurgence ;Action
tt4262980;Godzilla Resurgence ;Adventure
tt4262980;Godzilla Resurgence ;Drama
tt0903624;The Hobbit: An Unexpected Journey ;Adventure
tt0903624;The Hobbit: An Unexpected Journey ;Fantasy
tt0232500;The Fast and the Furious ;Action
tt0232500;The Fast and the Furious ;Crime
tt0232500;The Fast and the Furious ;Thriller
tt0421715;The Curious Case of Benjamin Button ;Drama
tt0421715;The Curious Case of Benjamin Button ;Fantasy
tt0421715;The Curious Case of Benjamin Button ;Romance
tt1270798;X-Men: First Class ;Action
tt1270798;X-Men: First Class ;Adventure
tt1270798;X-Men: First Class ;Sci-Fi
tt1951266;The Hunger Games: Mockingjay - Part 2 ;Adventure
tt1951266;The Hunger Games: Mockingjay - Part 2 ;Sci-Fi
tt0963966;The Sorcerer's Apprentice ;Action
tt0963966;The Sorcerer's Apprentice ;Adventure
tt0963966;The Sorcerer's Apprentice ;Family
tt0409182;Poseidon ;Action
tt0409182;Poseidon ;Adventure
tt0409182;Poseidon ;Drama
tt2567026;Alice Through the Looking Glass ;Adventure
tt2567026;Alice Through the Looking Glass ;Family
tt2567026;Alice Through the Looking Glass ;Fantasy
tt0413267;Shrek the Third ;Adventure
tt0413267;Shrek the Third ;Animation
tt0413267;Shrek the Third ;Comedy
tt0803096;Warcraft ;Action
tt0803096;Warcraft ;Adventure
tt0803096;Warcraft ;Fantasy
tt1340138;Terminator Genisys ;Action
tt1340138;Terminator Genisys ;Adventure
tt1340138;Terminator Genisys ;Sci-Fi
tt0980970;The Chronicles of Narnia: The Voyage of the Dawn Treader ;Adventure
tt0980970;The Chronicles of Narnia: The Voyage of the Dawn Treader ;Family
tt0980970;The Chronicles of Narnia: The Voyage of the Dawn Treader ;Fantasy
tt0213149;Pearl Harbor ;Action
tt0213149;Pearl Harbor ;Drama
tt0213149;Pearl Harbor ;History
tt0418279;Transformers ;Action
tt0418279;Transformers ;Adventure
tt0418279;Transformers ;Sci-Fi
tt0346491;Alexander ;Action
tt0346491;Alexander ;Adventure
tt0346491;Alexander ;Biography
tt0373889;Harry Potter and the Order of the Phoenix ;Adventure
tt0373889;Harry Potter and the Order of the Phoenix ;Family
tt0373889;Harry Potter and the Order of the Phoenix ;Fantasy
tt0330373;Harry Potter and the Goblet of Fire ;Adventure
tt0330373;Harry Potter and the Goblet of Fire ;Family
tt0330373;Harry Potter and the Goblet of Fire ;Fantasy
tt0448157;Hancock ;Action
tt0448157;Hancock ;Drama
tt0480249;I Am Legend ;Drama
tt0480249;I Am Legend ;Horror
tt0480249;I Am Legend ;Sci-Fi
tt0367594;Charlie and the Chocolate Factory ;Adventure
tt0367594;Charlie and the Chocolate Factory ;Comedy
tt0367594;Charlie and the Chocolate Factory ;Family
tt0382932;Ratatouille ;Animation
tt0382932;Ratatouille ;Comedy
tt0382932;Ratatouille ;Family
tt0372784;Batman Begins ;Action
tt0372784;Batman Begins ;Adventure
tt0479952;Madagascar: Escape 2 Africa ;Action
tt0479952;Madagascar: Escape 2 Africa ;Adventure
tt0479952;Madagascar: Escape 2 Africa ;Animation
tt1078912;Night at the Museum: Battle of the Smithsonian ;Adventure
tt1078912;Night at the Museum: Battle of the Smithsonian ;Comedy
tt1078912;Night at the Museum: Battle of the Smithsonian ;Family
tt0458525;X-Men Origins: Wolverine ;Action
tt0458525;X-Men Origins: Wolverine ;Adventure
tt0458525;X-Men Origins: Wolverine ;Fantasy
tt0242653;The Matrix Revolutions ;Action
tt0242653;The Matrix Revolutions ;Sci-Fi
tt2294629;Frozen ;Adventure
tt2294629;Frozen ;Animation
tt2294629;Frozen ;Comedy
tt0234215;The Matrix Reloaded ;Action
tt0234215;The Matrix Reloaded ;Sci-Fi
tt1981115;Thor: The Dark World ;Action
tt1981115;Thor: The Dark World ;Adventure
tt1981115;Thor: The Dark World ;Fantasy
tt1392190;Mad Max: Fury Road ;Action
tt1392190;Mad Max: Fury Road ;Adventure
tt1392190;Mad Max: Fury Road ;Sci-Fi
tt0808151;Angels & Demons ;Mystery
tt0808151;Angels & Demons ;Thriller
tt0800369;Thor ;Action
tt0800369;Thor ;Adventure
tt0800369;Thor ;Fantasy
tt0397892;Bolt ;Adventure
tt0397892;Bolt ;Animation
tt0397892;Bolt ;Comedy
tt0436339;G-Force ;Action
tt0436339;G-Force ;Adventure
tt0436339;G-Force ;Animation
tt1646987;Wrath of the Titans ;Action
tt1646987;Wrath of the Titans ;Adventure
tt1646987;Wrath of the Titans ;Fantasy
tt1077368;Dark Shadows ;Comedy
tt1077368;Dark Shadows ;Fantasy
tt1077368;Dark Shadows ;Horror
tt2381249;Mission: Impossible - Rogue Nation ;Action
tt2381249;Mission: Impossible - Rogue Nation ;Adventure
tt2381249;Mission: Impossible - Rogue Nation ;Thriller
tt0780653;The Wolfman ;Drama
tt0780653;The Wolfman ;Fantasy
tt0780653;The Wolfman ;Horror
tt0389790;Bee Movie ;Adventure
tt0389790;Bee Movie ;Animation
tt0389790;Bee Movie ;Comedy
tt1302011;Kung Fu Panda 2 ;Action
tt1302011;Kung Fu Panda 2 ;Adventure
tt1302011;Kung Fu Panda 2 ;Animation
tt0938283;The Last Airbender ;Action
tt0938283;The Last Airbender ;Adventure
tt0938283;The Last Airbender ;Family
tt0317919;Mission: Impossible III ;Action
tt0317919;Mission: Impossible III ;Adventure
tt0317919;Mission: Impossible III ;Thriller
tt2334879;White House Down ;Action
tt2334879;White House Down ;Drama
tt2334879;White House Down ;Thriller
tt1305591;Mars Needs Moms ;Action
tt1305591;Mars Needs Moms ;Adventure
tt1305591;Mars Needs Moms ;Animation
tt0424095;Flushed Away ;Adventure
tt0424095;Flushed Away ;Animation
tt0424095;Flushed Away ;Comedy
tt3332064;Pan ;Adventure
tt3332064;Pan ;Family
tt3332064;Pan ;Fantasy
tt0864835;Mr. Peabody & Sherman ;Adventure
tt0864835;Mr. Peabody & Sherman ;Animation
tt0864835;Mr. Peabody & Sherman ;Comedy
tt0332452;Troy ;Adventure
tt1277953;Madagascar 3: Europe's Most Wanted ;Adventure
tt1277953;Madagascar 3: Europe's Most Wanted ;Animation
tt1277953;Madagascar 3: Europe's Most Wanted ;Comedy
tt0246460;Die Another Day ;Action
tt0246460;Die Another Day ;Adventure
tt0246460;Die Another Day ;Thriller
tt1289401;Ghostbusters ;Action
tt1289401;Ghostbusters ;Comedy
tt1289401;Ghostbusters ;Fantasy
tt0120591;Armageddon ;Action
tt0120591;Armageddon ;Adventure
tt0120591;Armageddon ;Sci-Fi
tt0120912;Men in Black II ;Action
tt0120912;Men in Black II ;Adventure
tt0120912;Men in Black II ;Comedy
tt0442933;Beowulf ;Action
tt0442933;Beowulf ;Adventure
tt0442933;Beowulf ;Animation
tt2267968;Kung Fu Panda 3 ;Action
tt2267968;Kung Fu Panda 3 ;Adventure
tt2267968;Kung Fu Panda 3 ;Animation
tt1229238;Mission: Impossible - Ghost Protocol ;Action
tt1229238;Mission: Impossible - Ghost Protocol ;Adventure
tt1229238;Mission: Impossible - Ghost Protocol ;Thriller
tt1446192;Rise of the Guardians ;Adventure
tt1446192;Rise of the Guardians ;Animation
tt1446192;Rise of the Guardians ;Family
tt0369441;Fun with Dick and Jane ;Comedy
tt0369441;Fun with Dick and Jane ;Crime
tt0325710;The Last Samurai ;Action
tt0325710;The Last Samurai ;Drama
tt0325710;The Last Samurai ;History
tt1528100;Exodus: Gods and Kings ;Action
tt1528100;Exodus: Gods and Kings ;Adventure
tt1528100;Exodus: Gods and Kings ;Drama
tt0796366;Star Trek ;Action
tt0796366;Star Trek ;Adventure
tt0796366;Star Trek ;Sci-Fi
tt0145487;Spider-Man ;Action
tt0145487;Spider-Man ;Adventure
tt0145487;Spider-Man ;Fantasy
tt1646971;How to Train Your Dragon 2 ;Action
tt1646971;How to Train Your Dragon 2 ;Adventure
tt1646971;How to Train Your Dragon 2 ;Animation
tt2404233;Gods of Egypt ;Action
tt2404233;Gods of Egypt ;Adventure
tt2404233;Gods of Egypt ;Fantasy
tt0382992;Stealth ;Action
tt0382992;Stealth ;Adventure
tt0382992;Stealth ;Sci-Fi
tt0409459;Watchmen ;Action
tt0409459;Watchmen ;Drama
tt0409459;Watchmen ;Mystery
tt0122151;Lethal Weapon 4 ;Action
tt0122151;Lethal Weapon 4 ;Crime
tt0122151;Lethal Weapon 4 ;Thriller
tt0286716;Hulk ;Action
tt0286716;Hulk ;Sci-Fi
tt1583421;G.I. Joe: Retaliation ;Action
tt1583421;G.I. Joe: Retaliation ;Adventure
tt1583421;G.I. Joe: Retaliation ;Sci-Fi
tt0318649;Sahara ;Action
tt0318649;Sahara ;Adventure
tt0318649;Sahara ;Comedy
tt0173840;Final Fantasy: The Spirits Within ;Action
tt0173840;Final Fantasy: The Spirits Within ;Adventure
tt0173840;Final Fantasy: The Spirits Within ;Animation
tt0458339;Captain America: The First Avenger ;Action
tt0458339;Captain America: The First Avenger ;Adventure
tt0458339;Captain America: The First Avenger ;Sci-Fi
tt0143145;The World Is Not Enough ;Action
tt0143145;The World Is Not Enough ;Adventure
tt0143145;The World Is Not Enough ;Thriller
tt0311113;Master and Commander: The Far Side of the World ;Action
tt0311113;Master and Commander: The Far Side of the World ;Adventure
tt0311113;Master and Commander: The Far Side of the World ;Drama
tt1673434;The Twilight Saga: Breaking Dawn - Part 2 ;Adventure
tt1673434;The Twilight Saga: Breaking Dawn - Part 2 ;Drama
tt1673434;The Twilight Saga: Breaking Dawn - Part 2 ;Fantasy
tt1402488;Happy Feet 2 ;Animation
tt1402488;Happy Feet 2 ;Comedy
tt1402488;Happy Feet 2 ;Family
tt0800080;The Incredible Hulk ;Action
tt0800080;The Incredible Hulk ;Adventure
tt0800080;The Incredible Hulk ;Sci-Fi
tt3691740;The BFG ;Adventure
tt3691740;The BFG ;Family
tt3691740;The BFG ;Fantasy
tt1663202;The Revenant ;Adventure
tt1663202;The Revenant ;Drama
tt1663202;The Revenant ;Thriller
tt1860353;Turbo ;Adventure
tt1860353;Turbo ;Animation
tt1860353;Turbo ;Comedy
tt1192628;Rango ;Adventure
tt1192628;Rango ;Animation
tt1192628;Rango ;Comedy
tt1911658;Penguins of Madagascar ;Adventure
tt1911658;Penguins of Madagascar ;Animation
tt1911658;Penguins of Madagascar ;Comedy
tt0440963;The Bourne Ultimatum ;Action
tt0440963;The Bourne Ultimatum ;Mystery
tt0440963;The Bourne Ultimatum ;Thriller
tt0441773;Kung Fu Panda ;Action
tt0441773;Kung Fu Panda ;Adventure
tt0441773;Kung Fu Panda ;Animation
tt0478970;Ant-Man ;Action
tt0478970;Ant-Man ;Adventure
tt0478970;Ant-Man ;Comedy
tt1951264;The Hunger Games: Catching Fire ;Adventure
tt1951264;The Hunger Games: Catching Fire ;Sci-Fi
tt1951264;The Hunger Games: Catching Fire ;Thriller
tt2224026;Home ;Adventure
tt2224026;Home ;Animation
tt2224026;Home ;Comedy
tt0407304;War of the Worlds ;Adventure
tt0407304;War of the Worlds ;Sci-Fi
tt0407304;War of the Worlds ;Thriller
tt0172156;Bad Boys II ;Action
tt0172156;Bad Boys II ;Comedy
tt0172156;Bad Boys II ;Crime
tt0448694;Puss in Boots ;Action
tt0448694;Puss in Boots ;Adventure
tt0448694;Puss in Boots ;Animation
tt0944835;Salt ;Action
tt0944835;Salt ;Crime
tt0944835;Salt ;Mystery
tt1959490;Noah ;Action
tt1959490;Noah ;Adventure
tt1959490;Noah ;Drama
tt0983193;The Adventures of Tintin ;Action
tt0983193;The Adventures of Tintin ;Adventure
tt0983193;The Adventures of Tintin ;Family
tt0304141;Harry Potter and the Prisoner of Azkaban ;Adventure
tt0304141;Harry Potter and the Prisoner of Azkaban ;Family
tt0304141;Harry Potter and the Prisoner of Azkaban ;Fantasy
tt0455824;Australia ;Adventure
tt0455824;Australia ;Drama
tt0455824;Australia ;Romance
tt1815862;After Earth ;Action
tt1815862;After Earth ;Adventure
tt1815862;After Earth ;Sci-Fi
tt0130623;Dinosaur ;Adventure
tt0130623;Dinosaur ;Animation
tt0130623;Dinosaur ;Family
tt1680310;Harry Potter and the Deathly Hallows: Part II ;Action
tt1680310;Harry Potter and the Deathly Hallows: Part II ;Fantasy
tt2692250;Night at the Museum: Secret of the Tomb ;Adventure
tt2692250;Night at the Museum: Secret of the Tomb ;Comedy
tt2692250;Night at the Museum: Secret of the Tomb ;Family
tt1001526;Megamind ;Action
tt1001526;Megamind ;Animation
tt1001526;Megamind ;Comedy
tt0241527;Harry Potter and the Sorcerer's Stone ;Adventure
tt0241527;Harry Potter and the Sorcerer's Stone ;Family
tt0241527;Harry Potter and the Sorcerer's Stone ;Fantasy
tt0790736;R.I.P.D. ;Action
tt0790736;R.I.P.D. ;Comedy
tt0790736;R.I.P.D. ;Fantasy
tt0325980;Pirates of the Caribbean: The Curse of the Black Pearl ;Action
tt0325980;Pirates of the Caribbean: The Curse of the Black Pearl ;Adventure
tt0325980;Pirates of the Caribbean: The Curse of the Black Pearl ;Fantasy
tt1571403;Harry Potter and the Deathly Hallows: Part I ;Fantasy
tt1951265;The Hunger Games: Mockingjay - Part 1 ;Adventure
tt1951265;The Hunger Games: Mockingjay - Part 1 ;Sci-Fi
tt1951265;The Hunger Games: Mockingjay - Part 1 ;Thriller
tt0382625;The Da Vinci Code ;Mystery
tt0382625;The Da Vinci Code ;Thriller
tt2357291;Rio 2 ;Adventure
tt2357291;Rio 2 ;Animation
tt2357291;Rio 2 ;Comedy
tt0290334;X-Men 2 ;Action
tt0290334;X-Men 2 ;Adventure
tt0290334;X-Men 2 ;Fantasy
tt1596343;Fast Five ;Action
tt1596343;Fast Five ;Crime
tt1596343;Fast Five ;Thriller
tt1515091;Sherlock Holmes: A Game of Shadows ;Action
tt1515091;Sherlock Holmes: A Game of Shadows ;Adventure
tt1515091;Sherlock Holmes: A Game of Shadows ;Crime
tt0800320;Clash of the Titans ;Action
tt0800320;Clash of the Titans ;Adventure
tt0800320;Clash of the Titans ;Fantasy
tt0100802;Total Recall ;Action
tt0100802;Total Recall ;Sci-Fi
tt0120657;The 13th Warrior ;Action
tt0120657;The 13th Warrior ;Adventure
tt0120657;The 13th Warrior ;History
tt1194173;The Bourne Legacy ;Action
tt1194173;The Bourne Legacy ;Adventure
tt1194173;The Bourne Legacy ;Thriller
tt0118688;Batman & Robin ;Action
tt0170016;How the Grinch Stole Christmas ;Comedy
tt0170016;How the Grinch Stole Christmas ;Family
tt0170016;How the Grinch Stole Christmas ;Fantasy
tt0319262;The Day After Tomorrow ;Action
tt0319262;The Day After Tomorrow ;Adventure
tt0319262;The Day After Tomorrow ;Sci-Fi
tt0120755;Mission: Impossible II ;Action
tt0120755;Mission: Impossible II ;Adventure
tt0120755;Mission: Impossible II ;Thriller
tt0177971;The Perfect Storm ;Action
tt0177971;The Perfect Storm ;Adventure
tt0177971;The Perfect Storm ;Drama
tt0486576;Fantastic 4: Rise of the Silver Surfer ;Action
tt0486576;Fantastic 4: Rise of the Silver Surfer ;Adventure
tt0486576;Fantastic 4: Rise of the Silver Surfer ;Sci-Fi
tt0454876;Life of Pi ;Adventure
tt0454876;Life of Pi ;Drama
tt0454876;Life of Pi ;Fantasy
tt0259324;Ghost Rider ;Action
tt0259324;Ghost Rider ;Fantasy
tt0259324;Ghost Rider ;Thriller
tt4196776;Jason Bourne ;Action
tt4196776;Jason Bourne ;Thriller
tt0305357;Charlie's Angels: Full Throttle ;Action
tt0305357;Charlie's Angels: Full Throttle ;Adventure
tt0305357;Charlie's Angels: Full Throttle ;Comedy
tt1446714;Prometheus ;Adventure
tt1446714;Prometheus ;Mystery
tt1446714;Prometheus ;Sci-Fi
tt0243585;Stuart Little 2 ;Adventure
tt0243585;Stuart Little 2 ;Animation
tt0243585;Stuart Little 2 ;Comedy
tt1535108;Elysium ;Action
tt1535108;Elysium ;Drama
tt1535108;Elysium ;Sci-Fi
tt0296572;The Chronicles of Riddick ;Action
tt0296572;The Chronicles of Riddick ;Adventure
tt0296572;The Chronicles of Riddick ;Sci-Fi
tt1234721;RoboCop ;Action
tt1234721;RoboCop ;Crime
tt1234721;RoboCop ;Sci-Fi
tt0811080;Speed Racer ;Action
tt0811080;Speed Racer ;Family
tt0811080;Speed Racer ;Sport
tt1341188;How Do You Know ;Comedy
tt1341188;How Do You Know ;Drama
tt1341188;How Do You Know ;Romance
tt1013743;Knight and Day ;Action
tt1013743;Knight and Day ;Comedy
tt1013743;Knight and Day ;Romance
tt1483013;Oblivion ;Action
tt1483013;Oblivion ;Adventure
tt1483013;Oblivion ;Mystery
tt0121766;Star Wars: Episode III - Revenge of the Sith ;Action
tt0121766;Star Wars: Episode III - Revenge of the Sith ;Adventure
tt0121766;Star Wars: Episode III - Revenge of the Sith ;Fantasy
tt0121765;Star Wars: Episode II - Attack of the Clones ;Action
tt0121765;Star Wars: Episode II - Attack of the Clones ;Adventure
tt0121765;Star Wars: Episode II - Attack of the Clones ;Fantasy
tt0198781;Monsters, Inc. ;Adventure
tt0198781;Monsters, Inc. ;Animation
tt0198781;Monsters, Inc. ;Comedy
tt1430132;The Wolverine ;Action
tt1430132;The Wolverine ;Adventure
tt1430132;The Wolverine ;Sci-Fi
tt0120915;Star Wars: Episode I - The Phantom Menace ;Action
tt0120915;Star Wars: Episode I - The Phantom Menace ;Adventure
tt0120915;Star Wars: Episode I - The Phantom Menace ;Fantasy
tt0481499;The Croods ;Adventure
tt0481499;The Croods ;Animation
tt0481499;The Croods ;Comedy
tt0463872;Asterix at the Olympic Games ;Adventure
tt0463872;Asterix at the Olympic Games ;Comedy
tt0463872;Asterix at the Olympic Games ;Family
tt0245562;Windtalkers ;Action
tt0245562;Windtalkers ;Drama
tt0245562;Windtalkers ;War
tt2381991;The Huntsman: Winter's War ;Action
tt2381991;The Huntsman: Winter's War ;Adventure
tt2381991;The Huntsman: Winter's War ;Drama
tt1291150;Teenage Mutant Ninja Turtles ;Action
tt1291150;Teenage Mutant Ninja Turtles ;Adventure
tt1291150;Teenage Mutant Ninja Turtles ;Comedy
tt1454468;Gravity ;Adventure
tt1454468;Gravity ;Drama
tt1454468;Gravity ;Sci-Fi
tt0118928;Dante's Peak ;Action
tt0118928;Dante's Peak ;Adventure
tt0118928;Dante's Peak ;Thriller
tt3949660;Teenage Mutant Ninja Turtles: Out of the Shadows ;Action
tt3949660;Teenage Mutant Ninja Turtles: Out of the Shadows ;Adventure
tt3949660;Teenage Mutant Ninja Turtles: Out of the Shadows ;Comedy
tt1502712;Fantastic Four ;Action
tt1502712;Fantastic Four ;Adventure
tt1502712;Fantastic Four ;Sci-Fi
tt0477347;Night at the Museum ;Action
tt0477347;Night at the Museum ;Adventure
tt0477347;Night at the Museum ;Comedy
tt2126355;San Andreas ;Action
tt2126355;San Andreas ;Adventure
tt2126355;San Andreas ;Drama
tt0120347;Tomorrow Never Dies ;Action
tt0120347;Tomorrow Never Dies ;Adventure
tt0120347;Tomorrow Never Dies ;Thriller
tt0187393;The Patriot ;Action
tt0187393;The Patriot ;Drama
tt0187393;The Patriot ;History
tt0349903;Ocean's Twelve ;Crime
tt0349903;Ocean's Twelve ;Thriller
tt0356910;Mr. & Mrs. Smith ;Action
tt0356910;Mr. & Mrs. Smith ;Comedy
tt0356910;Mr. & Mrs. Smith ;Crime
tt2908446;Insurgent ;Adventure
tt2908446;Insurgent ;Sci-Fi
tt2908446;Insurgent ;Thriller
tt0338751;The Aviator ;Biography
tt0338751;The Aviator ;Drama
tt1320261;Gulliver's Travels ;Adventure
tt1320261;Gulliver's Travels ;Comedy
tt1320261;Gulliver's Travels ;Family
tt0990407;The Green Hornet ;Action
tt0990407;The Green Hornet ;Comedy
tt0990407;The Green Hornet ;Crime
tt1253863;300: Rise of an Empire ;Action
tt1253863;300: Rise of an Empire ;Drama
tt1253863;300: Rise of an Empire ;Fantasy
tt0472181;The Smurfs ;Adventure
tt0472181;The Smurfs ;Animation
tt0472181;The Smurfs ;Comedy
tt0299172;Home on the Range ;Animation
tt0299172;Home on the Range ;Comedy
tt0299172;Home on the Range ;Family
tt3410834;Allegiant ;Action
tt3410834;Allegiant ;Adventure
tt3410834;Allegiant ;Mystery
tt0433035;Real Steel ;Action
tt0433035;Real Steel ;Drama
tt0433035;Real Steel ;Sci-Fi
tt2017020;The Smurfs 2 ;Adventure
tt2017020;The Smurfs 2 ;Animation
tt2017020;The Smurfs 2 ;Comedy
tt0120179;Speed 2: Cruise Control ;Action
tt0120179;Speed 2: Cruise Control ;Crime
tt0120179;Speed 2: Cruise Control ;Romance
tt1731141;Ender's Game ;Action
tt1731141;Ender's Game ;Sci-Fi
tt0337978;Live Free or Die Hard ;Action
tt0337978;Live Free or Die Hard ;Adventure
tt0337978;Live Free or Die Hard ;Thriller
tt0120737;The Lord of the Rings: The Fellowship of the Ring ;Action
tt0120737;The Lord of the Rings: The Fellowship of the Ring ;Adventure
tt0120737;The Lord of the Rings: The Fellowship of the Ring ;Drama
tt0327437;Around the World in 80 Days ;Action
tt0327437;Around the World in 80 Days ;Adventure
tt0327437;Around the World in 80 Days ;Comedy
tt0248667;Ali ;Biography
tt0248667;Ali ;Drama
tt0248667;Ali ;Sport
tt0312528;The Cat in the Hat ;Adventure
tt0312528;The Cat in the Hat ;Comedy
tt0312528;The Cat in the Hat ;Family
tt0343818;I, Robot ;Action
tt0343818;I, Robot ;Mystery
tt0343818;I, Robot ;Sci-Fi
tt0320661;Kingdom of Heaven ;Action
tt0320661;Kingdom of Heaven ;Adventure
tt0320661;Kingdom of Heaven ;Drama
tt0164912;Stuart Little ;Adventure
tt0164912;Stuart Little ;Comedy
tt0164912;Stuart Little ;Family
tt0780521;The Princess and the Frog ;Animation
tt0780521;The Princess and the Frog ;Family
tt0780521;The Princess and the Frog ;Fantasy
tt3659388;The Martian ;Adventure
tt3659388;The Martian ;Drama
tt3659388;The Martian ;Sci-Fi
tt0399201;The Island ;Action
tt0399201;The Island ;Adventure
tt0399201;The Island ;Romance
tt0141907;Town & Country ;Comedy
tt0141907;Town & Country ;Romance
tt0187078;Gone in Sixty Seconds ;Action
tt0187078;Gone in Sixty Seconds ;Crime
tt0187078;Gone in Sixty Seconds ;Thriller
tt0172495;Gladiator ;Action
tt0172495;Gladiator ;Drama
tt0172495;Gladiator ;Romance
tt0181689;Minority Report ;Action
tt0181689;Minority Report ;Mystery
tt0181689;Minority Report ;Sci-Fi
tt0295297;Harry Potter and the Chamber of Secrets ;Adventure
tt0295297;Harry Potter and the Chamber of Secrets ;Family
tt0295297;Harry Potter and the Chamber of Secrets ;Fantasy
tt0381061;Casino Royale ;Action
tt0381061;Casino Royale ;Adventure
tt0381061;Casino Royale ;Thriller
tt0133152;Planet of the Apes ;Action
tt0133152;Planet of the Apes ;Adventure
tt0133152;Planet of the Apes ;Sci-Fi
tt0103064;Terminator 2: Judgment Day ;Action
tt0103064;Terminator 2: Judgment Day ;Sci-Fi
tt1152836;Public Enemies ;Biography
tt1152836;Public Enemies ;Crime
tt1152836;Public Enemies ;Drama
tt0765429;American Gangster ;Biography
tt0765429;American Gangster ;Crime
tt0765429;American Gangster ;Drama
tt0111503;True Lies ;Action
tt0111503;True Lies ;Comedy
tt0111503;True Lies ;Thriller
tt1111422;The Taking of Pelham 1 2 3 ;Action
tt1111422;The Taking of Pelham 1 2 3 ;Crime
tt1111422;The Taking of Pelham 1 2 3 ;Thriller
tt0970866;Little Fockers ;Comedy
tt0970866;Little Fockers ;Romance
tt1386588;The Other Guys ;Action
tt1386588;The Other Guys ;Comedy
tt1386588;The Other Guys ;Crime
tt0116213;Eraser ;Action
tt0116213;Eraser ;Drama
tt0116213;Eraser ;Mystery
tt1853728;Django Unchained ;Drama
tt1853728;Django Unchained ;Western
tt0116583;The Hunchback of Notre Dame ;Animation
tt0116583;The Hunchback of Notre Dame ;Drama
tt0116583;The Hunchback of Notre Dame ;Family
tt0120917;The Emperor's New Groove ;Adventure
tt0120917;The Emperor's New Groove ;Animation
tt0120917;The Emperor's New Groove ;Comedy
tt1764651;The Expendables 2 ;Action
tt1764651;The Expendables 2 ;Adventure
tt1764651;The Expendables 2 ;Thriller
tt0368891;National Treasure ;Action
tt0368891;National Treasure ;Adventure
tt0368891;National Treasure ;Comedy
tt0449010;Eragon ;Action
tt0449010;Eragon ;Adventure
tt0449010;Eragon ;Family
tt0386117;Where the Wild Things Are ;Adventure
tt0386117;Where the Wild Things Are ;Drama
tt0386117;Where the Wild Things Are ;Family
tt0848537;Epic ;Adventure
tt0848537;Epic ;Animation
tt0848537;Epic ;Family
tt1243957;The Tourist ;Action
tt1243957;The Tourist ;Romance
tt1243957;The Tourist ;Thriller
tt0146675;End of Days ;Action
tt0146675;End of Days ;Fantasy
tt0146675;End of Days ;Horror
tt0450259;Blood Diamond ;Adventure
tt0450259;Blood Diamond ;Drama
tt0450259;Blood Diamond ;Thriller
tt0993846;The Wolf of Wall Street ;Biography
tt0993846;The Wolf of Wall Street ;Comedy
tt0993846;The Wolf of Wall Street ;Crime
tt0112462;Batman Forever ;Action
tt0112462;Batman Forever ;Adventure
tt0112462;Batman Forever ;Fantasy
tt0120201;Starship Troopers ;Action
tt0120201;Starship Troopers ;Sci-Fi
tt0120201;Starship Troopers ;War
tt1371111;Cloud Atlas ;Drama
tt1371111;Cloud Atlas ;Sci-Fi
tt1219342;Legend of the Guardians: The Owls of Ga'Hoole ;Action
tt1219342;Legend of the Guardians: The Owls of Ga'Hoole ;Adventure
tt1219342;Legend of the Guardians: The Owls of Ga'Hoole ;Animation
tt0327554;Catwoman ;Action
tt0327554;Catwoman ;Crime
tt0327554;Catwoman ;Fantasy
tt1267297;Hercules ;Action
tt1267297;Hercules ;Adventure
tt0133240;Treasure Planet ;Adventure
tt0133240;Treasure Planet ;Animation
tt0133240;Treasure Planet ;Family
tt0457400;Land of the Lost ;Adventure
tt0457400;Land of the Lost ;Comedy
tt0457400;Land of the Lost ;Sci-Fi
tt2333784;The Expendables 3 ;Action
tt2333784;The Expendables 3 ;Adventure
tt2333784;The Expendables 3 ;Thriller
tt2058673;Point Break ;Action
tt2058673;Point Break ;Crime
tt2058673;Point Break ;Sport
tt0362165;Son of the Mask ;Comedy
tt0362165;Son of the Mask ;Family
tt0362165;Son of the Mask ;Fantasy
tt1390411;In the Heart of the Sea ;Action
tt1390411;In the Heart of the Sea ;Adventure
tt1390411;In the Heart of the Sea ;Biography
tt0180052;The Adventures of Pluto Nash ;Action
tt0180052;The Adventures of Pluto Nash ;Comedy
tt0180052;The Adventures of Pluto Nash ;Sci-Fi
tt0947810;Green Zone ;Action
tt0947810;Green Zone ;Drama
tt0947810;Green Zone ;Thriller
tt2452042;The Peanuts Movie ;Adventure
tt2452042;The Peanuts Movie ;Animation
tt2452042;The Peanuts Movie ;Comedy
tt0120176;The Spanish Prisoner ;Drama
tt0120176;The Spanish Prisoner ;Mystery
tt0120176;The Spanish Prisoner ;Thriller
tt0209163;The Mummy Returns ;Action
tt0209163;The Mummy Returns ;Adventure
tt0209163;The Mummy Returns ;Fantasy
tt0217505;Gangs of New York ;Crime
tt0217505;Gangs of New York ;Drama
tt1410063;The Flowers of War ;Drama
tt1410063;The Flowers of War ;History
tt1410063;The Flowers of War ;Romance
tt0423294;Surf's Up ;Animation
tt0423294;Surf's Up ;Comedy
tt0423294;Surf's Up ;Family
tt0327162;The Stepford Wives ;Comedy
tt0327162;The Stepford Wives ;Sci-Fi
tt0327162;The Stepford Wives ;Thriller
tt0265086;Black Hawk Down ;Drama
tt0265086;Black Hawk Down ;History
tt0265086;Black Hawk Down ;War
tt1790886;The Campaign ;Comedy
tt0119116;The Fifth Element ;Action
tt0119116;The Fifth Element ;Adventure
tt0119116;The Fifth Element ;Sci-Fi
tt1261945;Sex and the City 2 ;Comedy
tt1261945;Sex and the City 2 ;Drama
tt1261945;Sex and the City 2 ;Romance
tt0138749;The Road to El Dorado ;Adventure
tt0138749;The Road to El Dorado ;Animation
tt0138749;The Road to El Dorado ;Comedy
tt1667889;Ice Age: Continental Drift ;Adventure
tt1667889;Ice Age: Continental Drift ;Animation
tt1667889;Ice Age: Continental Drift ;Comedy
tt1661199;Cinderella ;Drama
tt1661199;Cinderella ;Family
tt1661199;Cinderella ;Fantasy
tt0380510;The Lovely Bones ;Drama
tt0380510;The Lovely Bones ;Fantasy
tt0380510;The Lovely Bones ;Thriller
tt0266543;Finding Nemo ;Adventure
tt0266543;Finding Nemo ;Animation
tt0266543;Finding Nemo ;Comedy
tt0167260;The Lord of the Rings: The Return of the King ;Action
tt0167260;The Lord of the Rings: The Return of the King ;Adventure
tt0167260;The Lord of the Rings: The Return of the King ;Drama
tt0167261;The Lord of the Rings: The Two Towers ;Action
tt0167261;The Lord of the Rings: The Two Towers ;Adventure
tt0167261;The Lord of the Rings: The Two Towers ;Drama
tt1121096;Seventh Son ;Action
tt1121096;Seventh Son ;Adventure
tt1121096;Seventh Son ;Fantasy
tt0146316;Lara Croft: Tomb Raider ;Action
tt0146316;Lara Croft: Tomb Raider ;Adventure
tt0146316;Lara Croft: Tomb Raider ;Fantasy
tt2209764;Transcendence ;Drama
tt2209764;Transcendence ;Mystery
tt2209764;Transcendence ;Romance
tt0163025;Jurassic Park III ;Action
tt0163025;Jurassic Park III ;Adventure
tt0163025;Jurassic Park III ;Sci-Fi
tt1318514;Rise of the Planet of the Apes ;Action
tt1318514;Rise of the Planet of the Apes ;Drama
tt1318514;Rise of the Planet of the Apes ;Sci-Fi
tt0416236;The Spiderwick Chronicles ;Adventure
tt0416236;The Spiderwick Chronicles ;Family
tt0416236;The Spiderwick Chronicles ;Fantasy
tt1606378;A Good Day to Die Hard ;Action
tt1606378;A Good Day to Die Hard ;Thriller
tt0318974;The Alamo ;Drama
tt0318974;The Alamo ;History
tt0318974;The Alamo ;War
tt0317705;The Incredibles ;Action
tt0317705;The Incredibles ;Adventure
tt0317705;The Incredibles ;Animation
tt0112760;Cutthroat Island ;Action
tt0112760;Cutthroat Island ;Adventure
tt0112760;Cutthroat Island ;Comedy
tt0814255;Percy Jackson & the Olympians: The Lightning Thief ;Adventure
tt0814255;Percy Jackson & the Olympians: The Lightning Thief ;Family
tt0814255;Percy Jackson & the Olympians: The Lightning Thief ;Fantasy
tt0119654;Men in Black ;Adventure
tt0119654;Men in Black ;Comedy
tt0119654;Men in Black ;Family
tt0120363;Toy Story 2 ;Adventure
tt0120363;Toy Story 2 ;Animation
tt0120363;Toy Story 2 ;Comedy
tt0477080;Unstoppable ;Action
tt0477080;Unstoppable ;Thriller
tt0266915;Rush Hour 2 ;Action
tt0266915;Rush Hour 2 ;Comedy
tt0266915;Rush Hour 2 ;Crime
tt0161081;What Lies Beneath ;Drama
tt0161081;What Lies Beneath ;Fantasy
tt0161081;What Lies Beneath ;Horror
tt0844471;Cloudy with a Chance of Meatballs ;Animation
tt0844471;Cloudy with a Chance of Meatballs ;Comedy
tt0844471;Cloudy with a Chance of Meatballs ;Family
tt1080016;Ice Age: Dawn of the Dinosaurs ;Action
tt1080016;Ice Age: Dawn of the Dinosaurs ;Adventure
tt1080016;Ice Age: Dawn of the Dinosaurs ;Animation
tt0359950;The Secret Life of Walter Mitty ;Adventure
tt0359950;The Secret Life of Walter Mitty ;Comedy
tt0359950;The Secret Life of Walter Mitty ;Drama
tt0160127;Charlie's Angels ;Action
tt0160127;Charlie's Angels ;Adventure
tt0160127;Charlie's Angels ;Comedy
tt0407887;The Departed ;Crime
tt0407887;The Departed ;Drama
tt0407887;The Departed ;Thriller
tt0120762;Mulan ;Adventure
tt0120762;Mulan ;Animation
tt0120762;Mulan ;Family
tt0942385;Tropic Thunder ;Action
tt0942385;Tropic Thunder ;Comedy
tt1568346;The Girl with the Dragon Tattoo ;Crime
tt1568346;The Girl with the Dragon Tattoo ;Drama
tt1568346;The Girl with the Dragon Tattoo ;Mystery
tt0112864;Die Hard with a Vengeance ;Action
tt0112864;Die Hard with a Vengeance ;Adventure
tt0112864;Die Hard with a Vengeance ;Thriller
tt0988045;Sherlock Holmes ;Action
tt0988045;Sherlock Holmes ;Adventure
tt0988045;Sherlock Holmes ;Crime
tt2638144;Ben-Hur ;Adventure
tt2638144;Ben-Hur ;Drama
tt2638144;Ben-Hur ;History
tt0230011;Atlantis: The Lost Empire ;Action
tt0230011;Atlantis: The Lost Empire ;Adventure
tt0230011;Atlantis: The Lost Empire ;Animation
tt2974918;Alvin and the Chipmunks: The Road Chip ;Adventure
tt2974918;Alvin and the Chipmunks: The Road Chip ;Animation
tt2974918;Alvin and the Chipmunks: The Road Chip ;Comedy
tt0985699;Valkyrie ;Drama
tt0985699;Valkyrie ;History
tt0985699;Valkyrie ;Thriller
tt0960144;You Don't Mess with the Zohan ;Action
tt0960144;You Don't Mess with the Zohan ;Comedy
tt2120120;Pixels ;Action
tt2120120;Pixels ;Animation
tt2120120;Pixels ;Comedy
tt0212720;A.I. Artificial Intelligence ;Adventure
tt0212720;A.I. Artificial Intelligence ;Drama
tt0212720;A.I. Artificial Intelligence ;Sci-Fi
tt0338094;The Haunted Mansion ;Comedy
tt0338094;The Haunted Mansion ;Family
tt0338094;The Haunted Mansion ;Fantasy
tt0118884;Contact ;Drama
tt0118884;Contact ;Mystery
tt0118884;Contact ;Sci-Fi
tt0164052;Hollow Man ;Action
tt0164052;Hollow Man ;Horror
tt0164052;Hollow Man ;Sci-Fi
tt0373926;The Interpreter ;Crime
tt0373926;The Interpreter ;Mystery
tt0373926;The Interpreter ;Thriller
tt1854564;Percy Jackson: Sea of Monsters ;Adventure
tt1854564;Percy Jackson: Sea of Monsters ;Family
tt1854564;Percy Jackson: Sea of Monsters ;Fantasy
tt0325703;Lara Croft Tomb Raider: The Cradle of Life ;Action
tt0325703;Lara Croft Tomb Raider: The Cradle of Life ;Adventure
tt0325703;Lara Croft Tomb Raider: The Cradle of Life ;Fantasy
tt3110958;Now You See Me 2 ;Action
tt3110958;Now You See Me 2 ;Adventure
tt3110958;Now You See Me 2 ;Comedy
tt0120053;The Saint ;Action
tt0120053;The Saint ;Adventure
tt0120053;The Saint ;Romance
tt0266987;Spy Game ;Action
tt0266987;Spy Game ;Crime
tt0266987;Spy Game ;Thriller
tt0183523;Mission to Mars ;Adventure
tt0183523;Mission to Mars ;Sci-Fi
tt0183523;Mission to Mars ;Thriller
tt1436562;Rio ;Adventure
tt1436562;Rio ;Animation
tt1436562;Rio ;Comedy
tt0182789;Bicentennial Man ;Comedy
tt0182789;Bicentennial Man ;Drama
tt0182789;Bicentennial Man ;Sci-Fi
tt0120461;Volcano ;Action
tt0120461;Volcano ;Drama
tt0120461;Volcano ;Sci-Fi
tt0118972;The Devil's Own ;Action
tt0118972;The Devil's Own ;Crime
tt0118972;The Devil's Own ;Drama
tt0267626;K-19: The Widowmaker ;Drama
tt0267626;K-19: The Widowmaker ;History
tt0267626;K-19: The Widowmaker ;Thriller
tt0082198;Conan the Barbarian ;Adventure
tt0082198;Conan the Barbarian ;Fantasy
tt0352248;Cinderella Man ;Biography
tt0352248;Cinderella Man ;Drama
tt0352248;Cinderella Man ;Sport
tt1041804;The Nutcracker in 3D ;Action
tt1041804;The Nutcracker in 3D ;Family
tt1041804;The Nutcracker in 3D ;Fantasy
tt0329575;Seabiscuit ;Drama
tt0329575;Seabiscuit ;History
tt0329575;Seabiscuit ;Sport
tt0117998;Twister ;Action
tt0117998;Twister ;Adventure
tt0117998;Twister ;Drama
tt0162222;Cast Away ;Adventure
tt0162222;Cast Away ;Drama
tt0162222;Cast Away ;Romance
tt0366548;Happy Feet ;Animation
tt0366548;Happy Feet ;Comedy
tt0366548;Happy Feet ;Family
tt0372183;The Bourne Supremacy ;Action
tt0372183;The Bourne Supremacy ;Mystery
tt0372183;The Bourne Supremacy ;Thriller
tt0118571;Air Force One ;Action
tt0118571;Air Force One ;Adventure
tt0118571;Air Force One ;Drama
tt0240772;Ocean's Eleven ;Crime
tt0240772;Ocean's Eleven ;Thriller
tt1509767;The Three Musketeers ;Action
tt1509767;The Three Musketeers ;Adventure
tt1509767;The Three Musketeers ;Romance
tt0837562;Hotel Transylvania ;Animation
tt0837562;Hotel Transylvania ;Comedy
tt0837562;Hotel Transylvania ;Family
tt0461770;Enchanted ;Animation
tt0461770;Enchanted ;Comedy
tt0461770;Enchanted ;Family
tt1599348;Safe House ;Action
tt1599348;Safe House ;Crime
tt1599348;Safe House ;Mystery
tt0211181;102 Dalmatians ;Adventure
tt0211181;102 Dalmatians ;Comedy
tt0211181;102 Dalmatians ;Family
tt0471042;Tower Heist ;Action
tt0471042;Tower Heist ;Comedy
tt0471042;Tower Heist ;Crime
tt0457939;The Holiday ;Comedy
tt0457939;The Holiday ;Romance
tt0120660;Enemy of the State ;Action
tt0120660;Enemy of the State ;Crime
tt0120660;Enemy of the State ;Drama
tt1230414;It's Complicated ;Comedy
tt1230414;It's Complicated ;Drama
tt1230414;It's Complicated ;Romance
tt0496806;Ocean's Thirteen ;Crime
tt0496806;Ocean's Thirteen ;Thriller
tt0400717;Open Season ;Adventure
tt0400717;Open Season ;Animation
tt0400717;Open Season ;Comedy
tt1840309;Divergent ;Adventure
tt1840309;Divergent ;Mystery
tt1840309;Divergent ;Sci-Fi
tt0215750;Enemy at the Gates ;Drama
tt0215750;Enemy at the Gates ;History
tt0215750;Enemy at the Gates ;War
tt0327850;The Rundown ;Action
tt0327850;The Rundown ;Adventure
tt0327850;The Rundown ;Comedy
tt0107362;Last Action Hero ;Action
tt0107362;Last Action Hero ;Adventure
tt0107362;Last Action Hero ;Comedy
tt0397535;Memoirs of a Geisha ;Drama
tt0397535;Memoirs of a Geisha ;Romance
tt0463985;The Fast and the Furious: Tokyo Drift ;Action
tt0463985;The Fast and the Furious: Tokyo Drift ;Crime
tt0463985;The Fast and the Furious: Tokyo Drift ;Thriller
tt1430607;Arthur Christmas ;Adventure
tt1430607;Arthur Christmas ;Animation
tt1430607;Arthur Christmas ;Comedy
tt0119643;Meet Joe Black ;Drama
tt0119643;Meet Joe Black ;Fantasy
tt0119643;Meet Joe Black ;Romance
tt0233469;Collateral Damage ;Action
tt0233469;Collateral Damage ;Drama
tt0233469;Collateral Damage ;Thriller
tt0078754;All That Jazz ;Comedy
tt0078754;All That Jazz ;Drama
tt0078754;All That Jazz ;Music
tt1667353;Mirror Mirror ;Adventure
tt1667353;Mirror Mirror ;Comedy
tt1667353;Mirror Mirror ;Drama
tt0446029;Scott Pilgrim vs. the World ;Action
tt0446029;Scott Pilgrim vs. the World ;Comedy
tt0446029;Scott Pilgrim vs. the World ;Fantasy
tt0298814;The Core ;Action
tt0298814;The Core ;Adventure
tt0298814;The Core ;Sci-Fi
tt0144528;Nutty Professor II: The Klumps ;Comedy
tt0144528;Nutty Professor II: The Klumps ;Romance
tt0144528;Nutty Professor II: The Klumps ;Sci-Fi
tt0267913;Scooby-Doo ;Adventure
tt0267913;Scooby-Doo ;Comedy
tt0267913;Scooby-Doo ;Mystery
tt1343727;Dredd ;Action
tt1343727;Dredd ;Sci-Fi
tt0389860;Click ;Comedy
tt0389860;Click ;Drama
tt0389860;Click ;Fantasy
tt0083767;Creepshow ;Comedy
tt0083767;Creepshow ;Fantasy
tt0083767;Creepshow ;Horror
tt1287468;Cats & Dogs: The Revenge of Kitty Galore ;Action
tt1287468;Cats & Dogs: The Revenge of Kitty Galore ;Comedy
tt1287468;Cats & Dogs: The Revenge of Kitty Galore ;Family
tt0489099;Jumper ;Action
tt0489099;Jumper ;Adventure
tt0489099;Jumper ;Sci-Fi
tt0411477;Hellboy II: The Golden Army ;Action
tt0411477;Hellboy II: The Golden Army ;Adventure
tt0411477;Hellboy II: The Golden Army ;Fantasy
tt0443706;Zodiac ;Crime
tt0443706;Zodiac ;Drama
tt0443706;Zodiac ;History
tt0216216;The 6th Day ;Action
tt0216216;The 6th Day ;Mystery
tt0216216;The 6th Day ;Sci-Fi
tt0315327;Bruce Almighty ;Comedy
tt0315327;Bruce Almighty ;Drama
tt1320253;The Expendables ;Action
tt1320253;The Expendables ;Adventure
tt1320253;The Expendables ;Thriller
tt0117060;Mission: Impossible ;Action
tt0117060;Mission: Impossible ;Adventure
tt0117060;Mission: Impossible ;Thriller
tt1392170;The Hunger Games ;Adventure
tt1392170;The Hunger Games ;Drama
tt1392170;The Hunger Games ;Sci-Fi
tt1411697;The Hangover Part II ;Comedy
tt0103776;Batman Returns ;Action
tt0327084;Over the Hedge ;Adventure
tt0327084;Over the Hedge ;Animation
tt0327084;Over the Hedge ;Comedy
tt0275847;Lilo & Stitch ;Adventure
tt0275847;Lilo & Stitch ;Animation
tt0275847;Lilo & Stitch ;Comedy
tt0413895;Charlotte's Web ;Comedy
tt0413895;Charlotte's Web ;Family
tt0413895;Charlotte's Web ;Fantasy
tt0120647;Deep Impact ;Action
tt0120647;Deep Impact ;Drama
tt0120647;Deep Impact ;Romance
tt1821694;RED 2 ;Action
tt1821694;RED 2 ;Comedy
tt1821694;RED 2 ;Crime
tt0398165;The Longest Yard ;Comedy
tt0398165;The Longest Yard ;Crime
tt0398165;The Longest Yard ;Sport
tt1615918;Alvin and the Chipmunks: Chipwrecked ;Adventure
tt1615918;Alvin and the Chipmunks: Chipwrecked ;Animation
tt1615918;Alvin and the Chipmunks: Chipwrecked ;Comedy
tt2191701;Grown Ups 2 ;Comedy
tt0425061;Get Smart ;Action
tt0425061;Get Smart ;Adventure
tt0425061;Get Smart ;Comedy
tt0337741;Something's Gotta Give ;Comedy
tt0337741;Something's Gotta Give ;Drama
tt0337741;Something's Gotta Give ;Romance
tt1130884;Shutter Island ;Mystery
tt1130884;Shutter Island ;Thriller
tt0369436;Four Christmases ;Comedy
tt0369436;Four Christmases ;Drama
tt0369436;Four Christmases ;Romance
tt0358082;Robots ;Adventure
tt0358082;Robots ;Animation
tt0358082;Robots ;Comedy
tt0119094;Face/Off ;Action
tt0119094;Face/Off ;Crime
tt0119094;Face/Off ;Sci-Fi
tt0960731;Bedtime Stories ;Comedy
tt0960731;Bedtime Stories ;Family
tt0960731;Bedtime Stories ;Fantasy
tt0257044;Road to Perdition ;Crime
tt0257044;Road to Perdition ;Drama
tt0257044;Road to Perdition ;Thriller
tt1564367;Just Go with It ;Comedy
tt1564367;Just Go with It ;Romance
tt0118880;Con Air ;Action
tt0118880;Con Air ;Crime
tt0118880;Con Air ;Thriller
tt1059786;Eagle Eye ;Action
tt1059786;Eagle Eye ;Mystery
tt1059786;Eagle Eye ;Thriller
tt0159365;Cold Mountain ;Adventure
tt0159365;Cold Mountain ;Drama
tt0159365;Cold Mountain ;History
tt1037705;The Book of Eli ;Action
tt1037705;The Book of Eli ;Adventure
tt1037705;The Book of Eli ;Drama
tt0119137;Flubber ;Comedy
tt0119137;Flubber ;Family
tt0119137;Flubber ;Sci-Fi
tt0171363;The Haunting ;Fantasy
tt0171363;The Haunting ;Horror
tt0171363;The Haunting ;Mystery
tt0117705;Space Jam ;Adventure
tt0117705;Space Jam ;Animation
tt0117705;Space Jam ;Comedy
tt0383216;The Pink Panther ;Adventure
tt0383216;The Pink Panther ;Comedy
tt0383216;The Pink Panther ;Crime
tt0970416;The Day the Earth Stood Still ;Drama
tt0970416;The Day the Earth Stood Still ;Sci-Fi
tt0970416;The Day the Earth Stood Still ;Thriller
tt0118883;Conspiracy Theory ;Action
tt0118883;Conspiracy Theory ;Crime
tt0118883;Conspiracy Theory ;Mystery
tt2713180;Fury ;Action
tt2713180;Fury ;Drama
tt2713180;Fury ;War
tt0120828;Six Days Seven Nights ;Action
tt0120828;Six Days Seven Nights ;Adventure
tt0120828;Six Days Seven Nights ;Comedy
tt1302067;Yogi Bear ;Adventure
tt1302067;Yogi Bear ;Animation
tt1302067;Yogi Bear ;Comedy
tt0166813;Spirit: Stallion of the Cimarron ;Adventure
tt0166813;Spirit: Stallion of the Cimarron ;Animation
tt0166813;Spirit: Stallion of the Cimarron ;Family
tt1222817;Zookeeper ;Comedy
tt1222817;Zookeeper ;Family
tt1222817;Zookeeper ;Romance
tt0120738;Lost in Space ;Action
tt0120738;Lost in Space ;Adventure
tt0120738;Lost in Space ;Family
tt0368008;The Manchurian Candidate ;Drama
tt0368008;The Manchurian Candidate ;Mystery
tt0368008;The Manchurian Candidate ;Sci-Fi
tt0119033;Déjà Vu ;Drama
tt0119033;Déjà Vu ;Romance
tt2510894;Hotel Transylvania 2 ;Animation
tt2510894;Hotel Transylvania 2 ;Comedy
tt2510894;Hotel Transylvania 2 ;Family
tt0120910;Fantasia 2000 ;Animation
tt0120910;Fantasia 2000 ;Family
tt0120910;Fantasia 2000 ;Fantasy
tt0268695;The Time Machine ;Action
tt0268695;The Time Machine ;Adventure
tt0268695;The Time Machine ;Sci-Fi
tt0120751;Mighty Joe Young ;Action
tt0120751;Mighty Joe Young ;Adventure
tt0120751;Mighty Joe Young ;Family
tt0244244;Swordfish ;Action
tt0244244;Swordfish ;Crime
tt0244244;Swordfish ;Thriller
tt0386140;The Legend of Zorro ;Action
tt0386140;The Legend of Zorro ;Adventure
tt0386140;The Legend of Zorro ;Western
tt0120889;What Dreams May Come ;Drama
tt0120889;What Dreams May Come ;Fantasy
tt0120889;What Dreams May Come ;Romance
tt0185431;Little Nicky ;Comedy
tt0185431;Little Nicky ;Fantasy
tt0355295;The Brothers Grimm ;Action
tt0355295;The Brothers Grimm ;Adventure
tt0355295;The Brothers Grimm ;Comedy
tt0116996;Mars Attacks! ;Action
tt0116996;Mars Attacks! ;Comedy
tt0116996;Mars Attacks! ;Sci-Fi
tt4291590;Evolution ;Drama
tt4291590;Evolution ;Horror
tt4291590;Evolution ;Mystery
tt0119051;The Edge ;Action
tt0119051;The Edge ;Adventure
tt0119051;The Edge ;Drama
tt0986263;Surrogates ;Action
tt0986263;Surrogates ;Sci-Fi
tt0986263;Surrogates ;Thriller
tt0146309;Thirteen Days ;Drama
tt0146309;Thirteen Days ;History
tt0146309;Thirteen Days ;Thriller
tt0116040;Daylight ;Action
tt0116040;Daylight ;Adventure
tt0116040;Daylight ;Drama
tt1762399;Walking with Dinosaurs 3D ;Adventure
tt1762399;Walking with Dinosaurs 3D ;Animation
tt1762399;Walking with Dinosaurs 3D ;Family
tt0185183;Battlefield Earth ;Action
tt0185183;Battlefield Earth ;Adventure
tt0185183;Battlefield Earth ;Sci-Fi
tt0318155;Looney Tunes: Back in Action ;Adventure
tt0318155;Looney Tunes: Back in Action ;Animation
tt0318155;Looney Tunes: Back in Action ;Comedy
tt0875034;Nine ;Drama
tt0875034;Nine ;Musical
tt0875034;Nine ;Romance
tt0300556;Timeline ;Action
tt0300556;Timeline ;Adventure
tt0300556;Timeline ;Sci-Fi
tt0119925;The Postman ;Action
tt0119925;The Postman ;Adventure
tt0119925;The Postman ;Drama
tt0120595;Babe: Pig in the City ;Adventure
tt0120595;Babe: Pig in the City ;Comedy
tt0120595;Babe: Pig in the City ;Drama
tt1618442;The Last Witch Hunter ;Action
tt1618442;The Last Witch Hunter ;Adventure
tt1618442;The Last Witch Hunter ;Fantasy
tt0199753;Red Planet ;Action
tt0199753;Red Planet ;Sci-Fi
tt0199753;Red Planet ;Thriller
tt0344854;Arthur and the Invisibles ;Adventure
tt0344854;Arthur and the Invisibles ;Animation
tt0344854;Arthur and the Invisibles ;Family
tt0765128;Oceans ;Documentary
tt0765128;Oceans ;Drama
tt0318081;A Sound of Thunder ;Action
tt0318081;A Sound of Thunder ;Adventure
tt0318081;A Sound of Thunder ;Horror
tt1921064;Pompeii ;Action
tt1921064;Pompeii ;Adventure
tt1921064;Pompeii ;Drama
tt4057916;Top Cat Begins ;Animation
tt4057916;Top Cat Begins ;Family
tt0268978;A Beautiful Mind ;Biography
tt0268978;A Beautiful Mind ;Drama
tt0110357;The Lion King ;Adventure
tt0110357;The Lion King ;Animation
tt0110357;The Lion King ;Drama
tt1397514;Journey 2: The Mysterious Island ;Action
tt1397514;Journey 2: The Mysterious Island ;Adventure
tt1397514;Journey 2: The Mysterious Island ;Comedy
tt1985966;Cloudy with a Chance of Meatballs 2 ;Animation
tt1985966;Cloudy with a Chance of Meatballs 2 ;Comedy
tt1985966;Cloudy with a Chance of Meatballs 2 ;Family
tt0289765;Red Dragon ;Crime
tt0289765;Red Dragon ;Drama
tt0289765;Red Dragon ;Thriller
tt0317648;Hidalgo ;Action
tt0317648;Hidalgo ;Adventure
tt0317648;Hidalgo ;Western
tt0810913;Jack and Jill ;Comedy
tt0322259;2 Fast 2 Furious ;Action
tt0322259;2 Fast 2 Furious ;Crime
tt0322259;2 Fast 2 Furious ;Thriller
tt1754656;The Little Prince ;Adventure
tt1754656;The Little Prince ;Animation
tt1754656;The Little Prince ;Drama
tt0427392;The Invasion ;Sci-Fi
tt0427392;The Invasion ;Thriller
tt0131704;The Adventures of Rocky & Bullwinkle ;Adventure
tt0131704;The Adventures of Rocky & Bullwinkle ;Animation
tt0131704;The Adventures of Rocky & Bullwinkle ;Comedy
tt2709768;The Secret Life of Pets ;Animation
tt2709768;The Secret Life of Pets ;Comedy
tt2709768;The Secret Life of Pets ;Family
tt0311429;The League of Extraordinary Gentlemen ;Action
tt0311429;The League of Extraordinary Gentlemen ;Adventure
tt0311429;The League of Extraordinary Gentlemen ;Fantasy
tt1690953;Despicable Me 2 ;Animation
tt1690953;Despicable Me 2 ;Comedy
tt1690953;Despicable Me 2 ;Family
tt0116629;Independence Day ;Action
tt0116629;Independence Day ;Adventure
tt0116629;Independence Day ;Sci-Fi
tt0119567;The Lost World: Jurassic Park ;Action
tt0119567;The Lost World: Jurassic Park ;Adventure
tt0119567;The Lost World: Jurassic Park ;Sci-Fi
tt0351283;Madagascar ;Adventure
tt0351283;Madagascar ;Animation
tt0351283;Madagascar ;Comedy
tt0206634;Children of Men ;Drama
tt0206634;Children of Men ;Sci-Fi
tt0206634;Children of Men ;Thriller
tt0120903;X-Men ;Action
tt0120903;X-Men ;Adventure
tt0120903;X-Men ;Sci-Fi
tt0493464;Wanted ;Action
tt0493464;Wanted ;Crime
tt0493464;Wanted ;Fantasy
tt0117500;The Rock ;Action
tt0117500;The Rock ;Adventure
tt0117500;The Rock ;Thriller
tt0438097;Ice Age: The Meltdown ;Action
tt0438097;Ice Age: The Meltdown ;Adventure
tt0438097;Ice Age: The Meltdown ;Animation
tt0343660;50 First Dates ;Comedy
tt0343660;50 First Dates ;Romance
tt0427327;Hairspray ;Comedy
tt0427327;Hairspray ;Drama
tt0427327;Hairspray ;Family
tt0204313;Exorcist: The Beginning ;Horror
tt0204313;Exorcist: The Beginning ;Mystery
tt0204313;Exorcist: The Beginning ;Thriller
tt0141369;Inspector Gadget ;Action
tt0141369;Inspector Gadget ;Adventure
tt0141369;Inspector Gadget ;Comedy
tt1670345;Now You See Me ;Crime
tt1670345;Now You See Me ;Mystery
tt1670345;Now You See Me ;Thriller
tt1375670;Grown Ups ;Comedy
tt0362227;The Terminal ;Comedy
tt0362227;The Terminal ;Drama
tt0785006;Hotel for Dogs ;Comedy
tt0785006;Hotel for Dogs ;Family
tt0190865;Vertical Limit ;Action
tt0190865;Vertical Limit ;Adventure
tt0190865;Vertical Limit ;Drama
tt0472062;Charlie Wilson's War ;Biography
tt0472062;Charlie Wilson's War ;Comedy
tt0472062;Charlie Wilson's War ;Drama
tt0307453;Shark Tale ;Adventure
tt0307453;Shark Tale ;Animation
tt0307453;Shark Tale ;Comedy
tt0443489;Dreamgirls ;Drama
tt0443489;Dreamgirls ;Music
tt0443489;Dreamgirls ;Musical
tt0377471;Be Cool ;Comedy
tt0377471;Be Cool ;Crime
tt0377471;Be Cool ;Music
tt0408306;Munich ;Drama
tt0408306;Munich ;History
tt0408306;Munich ;Thriller
tt0314353;Tears of the Sun ;Action
tt0314353;Tears of the Sun ;Drama
tt0314353;Tears of the Sun ;Thriller
tt1103153;Killers ;Action
tt1103153;Killers ;Comedy
tt1103153;Killers ;Romance
tt1638355;The Man from U.N.C.L.E. ;Action
tt1638355;The Man from U.N.C.L.E. ;Adventure
tt1638355;The Man from U.N.C.L.E. ;Comedy
tt0371246;Spanglish ;Comedy
tt0371246;Spanglish ;Drama
tt0371246;Spanglish ;Romance
tt0385880;Monster House ;Animation
tt0385880;Monster House ;Comedy
tt0385880;Monster House ;Family
tt0219965;Bandits ;Comedy
tt0219965;Bandits ;Crime
tt0219965;Bandits ;Drama
tt0113071;First Knight ;Action
tt0113071;First Knight ;Adventure
tt0113071;First Knight ;Romance
tt0166485;Anna and the King ;Drama
tt0166485;Anna and the King ;History
tt0166485;Anna and the King ;Romance
tt1253864;Immortals ;Action
tt1253864;Immortals ;Drama
tt1253864;Immortals ;Fantasy
tt0340163;Hostage ;Action
tt0340163;Hostage ;Crime
tt0340163;Hostage ;Drama
tt0120913;Titan A.E. ;Action
tt0120913;Titan A.E. ;Adventure
tt0120913;Titan A.E. ;Animation
tt0329717;Hollywood Homicide ;Action
tt0329717;Hollywood Homicide ;Comedy
tt0329717;Hollywood Homicide ;Crime
tt0120157;Soldier ;Action
tt0120157;Soldier ;Drama
tt0120157;Soldier ;Sci-Fi
tt0806203;Carriers ;Drama
tt0806203;Carriers ;Horror
tt0806203;Carriers ;Sci-Fi
tt0166276;Monkeybone ;Animation
tt0166276;Monkeybone ;Comedy
tt0166276;Monkeybone ;Fantasy
tt0377062;Flight of the Phoenix ;Action
tt0377062;Flight of the Phoenix ;Adventure
tt0377062;Flight of the Phoenix ;Drama
tt0217869;Unbreakable ;Drama
tt0217869;Unbreakable ;Mystery
tt0217869;Unbreakable ;Sci-Fi
tt2293640;Minions ;Action
tt2293640;Minions ;Animation
tt2293640;Minions ;Comedy
tt0978764;Sucker Punch ;Action
tt0978764;Sucker Punch ;Fantasy
tt0120832;Snake Eyes ;Crime
tt0120832;Snake Eyes ;Mystery
tt0120832;Snake Eyes ;Thriller
tt0120184;Sphere ;Drama
tt0120184;Sphere ;Mystery
tt0120184;Sphere ;Sci-Fi
tt1985949;The Angry Birds Movie ;Action
tt1985949;The Angry Birds Movie ;Animation
tt1985949;The Angry Birds Movie ;Comedy
tt0770752;Fool's Gold ;Action
tt0770752;Fool's Gold ;Adventure
tt0770752;Fool's Gold ;Comedy
tt1201167;Funny People ;Comedy
tt1201167;Funny People ;Drama
tt0431197;The Kingdom ;Action
tt0431197;The Kingdom ;Drama
tt0431197;The Kingdom ;Thriller
tt0415306;Talladega Nights: The Ballad of Ricky Bobby ;Action
tt0415306;Talladega Nights: The Ballad of Ricky Bobby ;Comedy
tt0415306;Talladega Nights: The Ballad of Ricky Bobby ;Sport
tt0240462;Dr. Dolittle 2 ;Comedy
tt0240462;Dr. Dolittle 2 ;Family
tt0240462;Dr. Dolittle 2 ;Fantasy
tt0112573;Braveheart ;Biography
tt0112573;Braveheart ;Drama
tt0112573;Braveheart ;History
tt0418763;Jarhead ;Action
tt0418763;Jarhead ;Drama
tt0418763;Jarhead ;War
tt0462538;The Simpsons Movie ;Adventure
tt0462538;The Simpsons Movie ;Animation
tt0462538;The Simpsons Movie ;Comedy
tt0268995;The Majestic ;Drama
tt0268995;The Majestic ;Romance
tt0132245;Driven ;Action
tt0132245;Driven ;Drama
tt0132245;Driven ;Sport
tt0338512;Two Brothers ;Adventure
tt0338512;Two Brothers ;Drama
tt0338512;Two Brothers ;Family
tt0368447;The Village ;Drama
tt0368447;The Village ;Mystery
tt0368447;The Village ;Romance
tt0118998;Doctor Dolittle ;Comedy
tt0118998;Doctor Dolittle ;Family
tt0118998;Doctor Dolittle ;Fantasy
tt0286106;Signs ;Drama
tt0286106;Signs ;Sci-Fi
tt0286106;Signs ;Thriller
tt0298148;Shrek 2 ;Adventure
tt0298148;Shrek 2 ;Animation
tt0298148;Shrek 2 ;Comedy
tt0317219;Cars ;Adventure
tt0317219;Cars ;Animation
tt0317219;Cars ;Comedy
tt0163187;Runaway Bride ;Comedy
tt0163187;Runaway Bride ;Romance
tt0295701;xXx ;Action
tt0295701;xXx ;Adventure
tt0295701;xXx ;Thriller
tt2279373;The SpongeBob Movie: Sponge Out of Water ;Adventure
tt2279373;The SpongeBob Movie: Sponge Out of Water ;Animation
tt2279373;The SpongeBob Movie: Sponge Out of Water ;Comedy
tt0117438;Ransom ;Crime
tt0117438;Ransom ;Thriller
tt0361748;Inglourious Basterds ;Adventure
tt0361748;Inglourious Basterds ;Drama
tt0361748;Inglourious Basterds ;War
tt0102057;Hook ;Adventure
tt0102057;Hook ;Comedy
tt0102057;Hook ;Family
tt0099423;Die Hard 2 ;Action
tt0099423;Die Hard 2 ;Thriller
tt0257076;S.W.A.T. ;Action
tt0257076;S.W.A.T. ;Adventure
tt0257076;S.W.A.T. ;Crime
tt0259711;Vanilla Sky ;Fantasy
tt0259711;Vanilla Sky ;Mystery
tt0259711;Vanilla Sky ;Romance
tt0452637;Lady in the Water ;Drama
tt0452637;Lady in the Water ;Fantasy
tt0452637;Lady in the Water ;Mystery
tt0370263;AVP: Alien vs. Predator ;Action
tt0370263;AVP: Alien vs. Predator ;Horror
tt0370263;AVP: Alien vs. Predator ;Sci-Fi
tt1231580;Alvin and the Chipmunks: The Squeakquel ;Animation
tt1231580;Alvin and the Chipmunks: The Squeakquel ;Comedy
tt1231580;Alvin and the Chipmunks: The Squeakquel ;Family
tt0277434;We Were Soldiers ;Action
tt0277434;We Were Soldiers ;Drama
tt0277434;We Were Soldiers ;History
tt2302755;Olympus Has Fallen ;Action
tt2302755;Olympus Has Fallen ;Thriller
tt0120844;Star Trek: Insurrection ;Action
tt0120844;Star Trek: Insurrection ;Adventure
tt0120844;Star Trek: Insurrection ;Sci-Fi
tt1217613;Battle Los Angeles ;Action
tt1217613;Battle Los Angeles ;Sci-Fi
tt0319061;Big Fish ;Adventure
tt0319061;Big Fish ;Drama
tt0319061;Big Fish ;Fantasy
tt0111742;Wolf ;Drama
tt0111742;Wolf ;Horror
tt0111742;Wolf ;Romance
tt1568911;War Horse ;Drama
tt1568911;War Horse ;War
tt2177771;The Monuments Men ;Drama
tt2177771;The Monuments Men ;War
tt0096754;The Abyss ;Adventure
tt0096754;The Abyss ;Drama
tt0096754;The Abyss ;Sci-Fi
tt1027718;Wall Street: Money Never Sleeps ;Drama
tt0829150;Dracula Untold ;Action
tt0829150;Dracula Untold ;Drama
tt0829150;Dracula Untold ;Fantasy
tt0133952;The Siege ;Action
tt0133952;The Siege ;Thriller
tt0486655;Stardust ;Adventure
tt0486655;Stardust ;Family
tt0486655;Stardust ;Fantasy
tt0120102;Seven Years in Tibet ;Adventure
tt0120102;Seven Years in Tibet ;Biography
tt0120102;Seven Years in Tibet ;Drama
tt1578275;The Dilemma ;Comedy
tt1578275;The Dilemma ;Drama
tt0280486;Bad Company ;Action
tt0280486;Bad Company ;Adventure
tt0280486;Bad Company ;Comedy
tt0419706;Doom ;Action
tt0419706;Doom ;Adventure
tt0419706;Doom ;Horror
tt0297181;I Spy ;Action
tt0297181;I Spy ;Adventure
tt0297181;I Spy ;Comedy
tt1496025;Underworld: Awakening ;Action
tt1496025;Underworld: Awakening ;Fantasy
tt1496025;Underworld: Awakening ;Horror
tt1336608;Rock of Ages ;Comedy
tt1336608;Rock of Ages ;Drama
tt1336608;Rock of Ages ;Musical
tt0251114;Hart's War ;Drama
tt0251114;Hart's War ;War
tt1448755;Killer Elite ;Action
tt1448755;Killer Elite ;Crime
tt1448755;Killer Elite ;Thriller
tt0246894;Rollerball ;Action
tt0246894;Rollerball ;Sci-Fi
tt0246894;Rollerball ;Sport
tt0308208;Ballistic: Ecks vs. Sever ;Action
tt0308208;Ballistic: Ecks vs. Sever ;Crime
tt0308208;Ballistic: Ecks vs. Sever ;Sci-Fi
tt0120696;Hard Rain ;Action
tt0120696;Hard Rain ;Crime
tt0120696;Hard Rain ;Drama
tt0181739;Osmosis Jones ;Action
tt0181739;Osmosis Jones ;Adventure
tt0181739;Osmosis Jones ;Animation
tt0884726;Legends of Oz: Dorothy's Return ;Adventure
tt0884726;Legends of Oz: Dorothy's Return ;Animation
tt0884726;Legends of Oz: Dorothy's Return ;Family
tt2717822;Blackhat ;Action
tt2717822;Blackhat ;Crime
tt2717822;Blackhat ;Drama
tt0346156;Sky Captain and the World of Tomorrow ;Action
tt0346156;Sky Captain and the World of Tomorrow ;Adventure
tt0346156;Sky Captain and the World of Tomorrow ;Mystery
tt0430912;Basic Instinct 2 ;Crime
tt0430912;Basic Instinct 2 ;Mystery
tt0430912;Basic Instinct 2 ;Thriller
tt1211956;Escape Plan ;Action
tt1211956;Escape Plan ;Crime
tt1211956;Escape Plan ;Mystery
tt1043726;The Legend of Hercules ;Action
tt1043726;The Legend of Hercules ;Adventure
tt1043726;The Legend of Hercules ;Fantasy
tt0164184;The Sum of All Fears ;Action
tt0164184;The Sum of All Fears ;Drama
tt0164184;The Sum of All Fears ;Thriller
tt1325004;The Twilight Saga: Eclipse ;Adventure
tt1325004;The Twilight Saga: Eclipse ;Drama
tt1325004;The Twilight Saga: Eclipse ;Fantasy
tt0227445;The Score ;Crime
tt0227445;The Score ;Drama
tt0227445;The Score ;Thriller
tt1323594;Despicable Me ;Animation
tt1323594;Despicable Me ;Comedy
tt1323594;Despicable Me ;Family
tt0113845;Money Train ;Action
tt0113845;Money Train ;Comedy
tt0113845;Money Train ;Crime
tt2637276;Ted 2 ;Comedy
tt1186830;Agora ;Adventure
tt1186830;Agora ;Drama
tt1186830;Agora ;History
tt0132347;Mystery Men ;Action
tt0132347;Mystery Men ;Comedy
tt0132347;Mystery Men ;Fantasy
tt0480687;Hall Pass ;Comedy
tt0480687;Hall Pass ;Romance
tt0140352;The Insider ;Biography
tt0140352;The Insider ;Drama
tt0140352;The Insider ;Thriller
tt2025690;The Finest Hours ;Action
tt2025690;The Finest Hours ;Drama
tt2025690;The Finest Hours ;History
tt0758774;Body of Lies ;Action
tt0758774;Body of Lies ;Drama
tt0758774;Body of Lies ;Thriller
tt0427152;Dinner for Schmucks ;Comedy
tt1611224;Abraham Lincoln: Vampire Hunter ;Action
tt1611224;Abraham Lincoln: Vampire Hunter ;Fantasy
tt1611224;Abraham Lincoln: Vampire Hunter ;Horror
tt0137494;Entrapment ;Action
tt0137494;Entrapment ;Crime
tt0137494;Entrapment ;Romance
tt0120902;The X Files ;Drama
tt0120902;The X Files ;Mystery
tt0120902;The X Files ;Sci-Fi
tt0462396;The Last Legion ;Action
tt0462396;The Last Legion ;Adventure
tt0462396;The Last Legion ;Fantasy
tt0120815;Saving Private Ryan ;Action
tt0120815;Saving Private Ryan ;Drama
tt0120815;Saving Private Ryan ;War
tt2369135;Need for Speed ;Action
tt2369135;Need for Speed ;Crime
tt2369135;Need for Speed ;Drama
tt0207201;What Women Want ;Comedy
tt0207201;What Women Want ;Fantasy
tt0207201;What Women Want ;Romance
tt0268380;Ice Age ;Adventure
tt0268380;Ice Age ;Animation
tt0268380;Ice Age ;Comedy
tt0285531;Dreamcatcher ;Drama
tt0285531;Dreamcatcher ;Horror
tt0285531;Dreamcatcher ;Sci-Fi
tt0443272;Lincoln ;Biography
tt0443272;Lincoln ;Drama
tt0443272;Lincoln ;History
tt0133093;The Matrix ;Action
tt0133093;The Matrix ;Sci-Fi
tt0112384;Apollo 13 ;Adventure
tt0112384;Apollo 13 ;Drama
tt0112384;Apollo 13 ;History
tt0304669;The Santa Clause 2 ;Comedy
tt0304669;The Santa Clause 2 ;Family
tt0304669;The Santa Clause 2 ;Fantasy
tt1707386;Les Misérables ;Drama
tt1707386;Les Misérables ;Musical
tt1707386;Les Misérables ;Romance
tt0128853;You've Got Mail ;Comedy
tt0128853;You've Got Mail ;Drama
tt0128853;You've Got Mail ;Romance
tt0838283;Step Brothers ;Comedy
tt0120746;The Mask of Zorro ;Action
tt0120746;The Mask of Zorro ;Adventure
tt0120746;The Mask of Zorro ;Comedy
tt1231583;Due Date ;Comedy
tt1231583;Due Date ;Drama
tt1809398;Unbroken ;Biography
tt1809398;Unbroken ;Drama
tt1809398;Unbroken ;Sport
tt0186566;Space Cowboys ;Action
tt0186566;Space Cowboys ;Adventure
tt0186566;Space Cowboys ;Thriller
tt0106582;Cliffhanger ;Action
tt0106582;Cliffhanger ;Adventure
tt0106582;Cliffhanger ;Thriller
tt0115759;Broken Arrow ;Action
tt0115759;Broken Arrow ;Crime
tt0115759;Broken Arrow ;Thriller
tt0219854;The Kid ;Comedy
tt0219854;The Kid ;Family
tt0219854;The Kid ;Fantasy
tt0469641;World Trade Center ;Drama
tt0469641;World Trade Center ;History
tt0469641;World Trade Center ;Thriller
tt0304415;Mona Lisa Smile ;Drama
tt1645170;The Dictator ;Comedy
tt1645170;The Dictator ;Romance
tt0120663;Eyes Wide Shut ;Drama
tt0120663;Eyes Wide Shut ;Mystery
tt0120663;Eyes Wide Shut ;Thriller
tt1823664;Annie ;Comedy
tt1823664;Annie ;Drama
tt1823664;Annie ;Family
tt2381941;Focus ;Comedy
tt2381941;Focus ;Crime
tt2381941;Focus ;Drama
tt1596350;This Means War ;Action
tt1596350;This Means War ;Comedy
tt1596350;This Means War ;Romance
tt0359013;Blade: Trinity ;Action
tt0359013;Blade: Trinity ;Adventure
tt0359013;Blade: Trinity ;Fantasy
tt0087985;Red Dawn ;Action
tt0087985;Red Dawn ;Drama
tt0087985;Red Dawn ;War
tt0119942;Primary Colors ;Comedy
tt0119942;Primary Colors ;Drama
tt1855325;Resident Evil: Retribution ;Action
tt1855325;Resident Evil: Retribution ;Horror
tt1855325;Resident Evil: Retribution ;Sci-Fi
tt0452608;Death Race ;Action
tt0452608;Death Race ;Sci-Fi
tt0452608;Death Race ;Thriller
tt0116908;The Long Kiss Goodnight ;Action
tt0116908;The Long Kiss Goodnight ;Crime
tt0116908;The Long Kiss Goodnight ;Drama
tt0228750;Proof of Life ;Action
tt0228750;Proof of Life ;Drama
tt0228750;Proof of Life ;Thriller
tt0406375;Zathura: A Space Adventure ;Action
tt0406375;Zathura: A Space Adventure ;Adventure
tt0406375;Zathura: A Space Adventure ;Comedy
tt0137523;Fight Club ;Drama
tt0758794;We Are Marshall ;Drama
tt0758794;We Are Marshall ;Sport
tt0102070;Hudson Hawk ;Action
tt0102070;Hudson Hawk ;Adventure
tt0102070;Hudson Hawk ;Comedy
tt0219952;Lucky Numbers ;Comedy
tt0219952;Lucky Numbers ;Crime
tt1418377;I, Frankenstein ;Action
tt1418377;I, Frankenstein ;Fantasy
tt1418377;I, Frankenstein ;Sci-Fi
tt0380599;Oliver Twist ;Crime
tt0380599;Oliver Twist ;Drama
tt0357277;Elektra ;Action
tt0357277;Elektra ;Crime
tt0357277;Elektra ;Fantasy
tt0458481;Sin City: A Dame to Kill For ;Action
tt0458481;Sin City: A Dame to Kill For ;Crime
tt0458481;Sin City: A Dame to Kill For ;Thriller
tt0156934;Random Hearts ;Drama
tt0156934;Random Hearts ;Mystery
tt0156934;Random Hearts ;Romance
tt2719848;Everest ;Adventure
tt2719848;Everest ;Biography
tt2719848;Everest ;Drama
tt0396171;Perfume: The Story of a Murderer ;Crime
tt0396171;Perfume: The Story of a Murderer ;Drama
tt0396171;Perfume: The Story of a Murderer ;Fantasy
tt0295178;Austin Powers in Goldmember ;Action
tt0295178;Austin Powers in Goldmember ;Comedy
tt0295178;Austin Powers in Goldmember ;Crime
tt0375568;Astro Boy ;Action
tt0375568;Astro Boy ;Animation
tt0375568;Astro Boy ;Comedy
tt0107290;Jurassic Park ;Adventure
tt0107290;Jurassic Park ;Sci-Fi
tt0107290;Jurassic Park ;Thriller
tt0111756;Wyatt Earp ;Adventure
tt0111756;Wyatt Earp ;Biography
tt0111756;Wyatt Earp ;Crime
tt0109444;Clear and Present Danger ;Action
tt0109444;Clear and Present Danger ;Crime
tt0109444;Clear and Present Danger ;Drama
tt3672840;Dragon Blade ;Action
tt3672840;Dragon Blade ;Adventure
tt3672840;Dragon Blade ;Drama
tt0430304;Littleman ;Comedy
tt0430304;Littleman ;Crime
tt0141926;U-571 ;Action
tt0141926;U-571 ;War
tt0112346;The American President ;Comedy
tt0112346;The American President ;Drama
tt0112346;The American President ;Romance
tt0811138;The Love Guru ;Comedy
tt0811138;The Love Guru ;Romance
tt0811138;The Love Guru ;Sport
tt0233142;3000 Miles to Graceland ;Action
tt0233142;3000 Miles to Graceland ;Comedy
tt0233142;3000 Miles to Graceland ;Crime
tt3460252;The Hateful Eight ;Crime
tt3460252;The Hateful Eight ;Drama
tt3460252;The Hateful Eight ;Mystery
tt0445934;Blades of Glory ;Comedy
tt0445934;Blades of Glory ;Sport
tt1411704;Hop ;Adventure
tt1411704;Hop ;Animation
tt1411704;Hop ;Comedy
tt0416449;300 ;Action
tt0416449;300 ;Drama
tt0416449;300 ;Fantasy
tt0290002;Meet the Fockers ;Comedy
tt0290002;Meet the Fockers ;Romance
tt0822832;Marley & Me ;Comedy
tt0822832;Marley & Me ;Drama
tt0822832;Marley & Me ;Family
tt0120689;The Green Mile ;Crime
tt0120689;The Green Mile ;Drama
tt0120689;The Green Mile ;Fantasy
tt0486946;Wild Hogs ;Action
tt0486946;Wild Hogs ;Adventure
tt0486946;Wild Hogs ;Comedy
tt0371606;Chicken Little ;Adventure
tt0371606;Chicken Little ;Animation
tt0371606;Chicken Little ;Comedy
tt2267998;Gone Girl ;Crime
tt2267998;Gone Girl ;Drama
tt2267998;Gone Girl ;Mystery
tt0258463;The Bourne Identity ;Action
tt0258463;The Bourne Identity ;Mystery
tt0258463;The Bourne Identity ;Thriller
tt0113189;GoldenEye ;Action
tt0113189;GoldenEye ;Adventure
tt0113189;GoldenEye ;Thriller
tt0144214;The General's Daughter ;Drama
tt0144214;The General's Daughter ;Mystery
tt0144214;The General's Daughter ;Thriller
tt0120382;The Truman Show ;Comedy
tt0120382;The Truman Show ;Drama
tt0120382;The Truman Show ;Sci-Fi
tt0120794;The Prince of Egypt ;Adventure
tt0120794;The Prince of Egypt ;Animation
tt0120794;The Prince of Egypt ;Biography
tt0317303;Daddy Day Care ;Comedy
tt0317303;Daddy Day Care ;Family
tt1272878;2 Guns ;Action
tt1272878;2 Guns ;Comedy
tt1272878;2 Guns ;Crime
tt0239395;Cats & Dogs ;Action
tt0239395;Cats & Dogs ;Comedy
tt0239395;Cats & Dogs ;Family
tt0317740;The Italian Job ;Action
tt0317740;The Italian Job ;Crime
tt0317740;The Italian Job ;Thriller
tt0313737;Two Weeks Notice ;Comedy
tt0313737;Two Weeks Notice ;Romance
tt0120587;Antz ;Adventure
tt0120587;Antz ;Animation
tt0120587;Antz ;Comedy
tt1078940;Couples Retreat ;Comedy
tt0099371;Days of Thunder ;Action
tt0099371;Days of Thunder ;Drama
tt0099371;Days of Thunder ;Sport
tt0452598;Cheaper by the Dozen 2 ;Adventure
tt0452598;Cheaper by the Dozen 2 ;Comedy
tt0452598;Cheaper by the Dozen 2 ;Family
tt4046784;The Scorch Trials ;Action
tt4046784;The Scorch Trials ;Sci-Fi
tt4046784;The Scorch Trials ;Thriller
tt0879870;Eat Pray Love ;Drama
tt0879870;Eat Pray Love ;Romance
tt0218967;The Family Man ;Comedy
tt0218967;The Family Man ;Drama
tt0218967;The Family Man ;Fantasy
tt1245526;RED ;Action
tt1245526;RED ;Comedy
tt1245526;RED ;Crime
tt0146838;Any Given Sunday ;Drama
tt0146838;Any Given Sunday ;Sport
tt0119314;The Horse Whisperer ;Drama
tt0119314;The Horse Whisperer ;Romance
tt0119314;The Horse Whisperer ;Western
tt0369339;Collateral ;Crime
tt0369339;Collateral ;Drama
tt0369339;Collateral ;Thriller
tt0277296;The Scorpion King ;Action
tt0277296;The Scorpion King ;Adventure
tt0277296;The Scorpion King ;Fantasy
tt0349710;Ladder 49 ;Action
tt0349710;Ladder 49 ;Drama
tt0349710;Ladder 49 ;Thriller
tt0790724;Jack Reacher ;Action
tt0790724;Jack Reacher ;Crime
tt0790724;Jack Reacher ;Mystery
tt0149261;Deep Blue Sea ;Action
tt0149261;Deep Blue Sea ;Sci-Fi
tt0149261;Deep Blue Sea ;Thriller
tt1477715;This Is It ;Documentary
tt1477715;This Is It ;Music
tt1598778;Contagion ;Drama
tt1598778;Contagion ;Thriller
tt0257568;Kangaroo Jack ;Action
tt0257568;Kangaroo Jack ;Adventure
tt0257568;Kangaroo Jack ;Comedy
tt0327597;Coraline ;Animation
tt0327597;Coraline ;Family
tt0327597;Coraline ;Fantasy
tt0949731;The Happening ;Sci-Fi
tt0949731;The Happening ;Thriller
tt0328107;Man on Fire ;Action
tt0328107;Man on Fire ;Crime
tt0328107;Man on Fire ;Drama
tt0393735;The Shaggy Dog ;Comedy
tt0393735;The Shaggy Dog ;Family
tt0393735;The Shaggy Dog ;Fantasy
tt0335438;Starsky & Hutch ;Comedy
tt0335438;Starsky & Hutch ;Crime
tt0116705;Jingle All the Way ;Comedy
tt0116705;Jingle All the Way ;Family
tt0167190;Hellboy ;Action
tt0167190;Hellboy ;Fantasy
tt0167190;Hellboy ;Horror
tt0120633;A Civil Action ;Drama
tt1623288;ParaNorman ;Adventure
tt1623288;ParaNorman ;Animation
tt1623288;ParaNorman ;Comedy
tt0119395;The Jackal ;Action
tt0119395;The Jackal ;Adventure
tt0119395;The Jackal ;Crime
tt0338337;Paycheck ;Action
tt0338337;Paycheck ;Mystery
tt0338337;Paycheck ;Sci-Fi
tt0118055;Up Close & Personal ;Drama
tt0118055;Up Close & Personal ;Romance
tt0420238;The Tale of Despereaux ;Adventure
tt0420238;The Tale of Despereaux ;Animation
tt0420238;The Tale of Despereaux ;Comedy
tt0290095;The Tuxedo ;Action
tt0290095;The Tuxedo ;Comedy
tt0290095;The Tuxedo ;Sci-Fi
tt0114781;Under Siege 2: Dark Territory ;Action
tt0114781;Under Siege 2: Dark Territory ;Thriller
tt1205537;Jack Ryan: Shadow Recruit ;Action
tt1205537;Jack Ryan: Shadow Recruit ;Drama
tt1205537;Jack Ryan: Shadow Recruit ;Thriller
tt2446980;Joy ;Biography
tt2446980;Joy ;Comedy
tt2446980;Joy ;Drama
tt3300542;London Has Fallen ;Action
tt3300542;London Has Fallen ;Crime
tt3300542;London Has Fallen ;Drama
tt0118583;Alien: Resurrection ;Action
tt0118583;Alien: Resurrection ;Horror
tt0118583;Alien: Resurrection ;Sci-Fi
tt0822854;Shooter ;Action
tt0822854;Shooter ;Crime
tt0822854;Shooter ;Drama
tt0787474;The Boxtrolls ;Adventure
tt0787474;The Boxtrolls ;Animation
tt0787474;The Boxtrolls ;Comedy
tt0120791;Practical Magic ;Comedy
tt0120791;Practical Magic ;Drama
tt0120791;Practical Magic ;Fantasy
tt1490017;The Lego Movie ;Action
tt1490017;The Lego Movie ;Adventure
tt1490017;The Lego Movie ;Animation
tt0385307;Miss Congeniality 2: Armed and Fabulous ;Action
tt0385307;Miss Congeniality 2: Armed and Fabulous ;Comedy
tt0385307;Miss Congeniality 2: Armed and Fabulous ;Crime
tt0253556;Reign of Fire ;Action
tt0253556;Reign of Fire ;Adventure
tt0253556;Reign of Fire ;Fantasy
tt1321870;Gangster Squad ;Action
tt1321870;Gangster Squad ;Crime
tt1321870;Gangster Squad ;Drama
tt1045778;Year One ;Adventure
tt1045778;Year One ;Comedy
tt1057500;Invictus ;Biography
tt1057500;Invictus ;Drama
tt1057500;Invictus ;History
tt0473705;State of Play ;Crime
tt0473705;State of Play ;Drama
tt0473705;State of Play ;Mystery
tt1135487;Duplicity ;Comedy
tt1135487;Duplicity ;Crime
tt1135487;Duplicity ;Romance
tt0120764;My Favorite Martian ;Comedy
tt0120764;My Favorite Martian ;Family
tt0120764;My Favorite Martian ;Sci-Fi
tt0443632;The Sentinel ;Action
tt0443632;The Sentinel ;Crime
tt0443632;The Sentinel ;Thriller
tt0762125;Planet 51 ;Adventure
tt0762125;Planet 51 ;Animation
tt0762125;Planet 51 ;Comedy
tt0253754;Star Trek: Nemesis ;Action
tt0253754;Star Trek: Nemesis ;Adventure
tt0253754;Star Trek: Nemesis ;Sci-Fi
tt0138524;Intolerable Cruelty ;Comedy
tt0138524;Intolerable Cruelty ;Crime
tt0138524;Intolerable Cruelty ;Romance
tt2083383;Trouble with the Curve ;Drama
tt2083383;Trouble with the Curve ;Sport
tt1226273;Edge of Darkness ;Crime
tt1226273;Edge of Darkness ;Drama
tt1226273;Edge of Darkness ;Mystery
tt0120004;The Relic ;Horror
tt0120004;The Relic ;Mystery
tt0120004;The Relic ;Sci-Fi
tt0289848;Analyze That ;Comedy
tt0289848;Analyze That ;Crime
tt1034331;Righteous Kill ;Action
tt1034331;Righteous Kill ;Crime
tt1034331;Righteous Kill ;Drama
tt0120749;Mercury Rising ;Action
tt0120749;Mercury Rising ;Crime
tt0120749;Mercury Rising ;Drama
tt0821642;The Soloist ;Biography
tt0821642;The Soloist ;Drama
tt0821642;The Soloist ;Music
tt0146984;The Legend of Bagger Vance ;Drama
tt0146984;The Legend of Bagger Vance ;Fantasy
tt0146984;The Legend of Bagger Vance ;Sport
tt0181875;Almost Famous ;Adventure
tt0181875;Almost Famous ;Comedy
tt0181875;Almost Famous ;Drama
tt0455499;Garfield 2 ;Animation
tt0455499;Garfield 2 ;Comedy
tt0455499;Garfield 2 ;Family
tt0329774;xXx: State of the Union ;Action
tt0329774;xXx: State of the Union ;Adventure
tt0329774;xXx: State of the Union ;Crime
tt0822847;Priest ;Action
tt0822847;Priest ;Fantasy
tt0822847;Priest ;Horror
tt0165982;Sinbad: Legend of the Seven Seas ;Adventure
tt0165982;Sinbad: Legend of the Seven Seas ;Animation
tt0165982;Sinbad: Legend of the Seven Seas ;Comedy
tt0119081;Event Horizon ;Horror
tt0119081;Event Horizon ;Sci-Fi
tt0119081;Event Horizon ;Thriller
tt0259288;Dragonfly ;Drama
tt0259288;Dragonfly ;Fantasy
tt0259288;Dragonfly ;Mystery
tt0387877;The Black Dahlia ;Crime
tt0387877;The Black Dahlia ;Drama
tt0387877;The Black Dahlia ;Mystery
tt0454824;Flyboys ;Action
tt0454824;Flyboys ;Adventure
tt0454824;Flyboys ;Drama
tt0272020;The Last Castle ;Action
tt0272020;The Last Castle ;Drama
tt0272020;The Last Castle ;Thriller
tt0134983;Supernova ;Horror
tt0134983;Supernova ;Sci-Fi
tt0134983;Supernova ;Thriller
tt1837709;Winter's Tale ;Drama
tt1837709;Winter's Tale ;Fantasy
tt1837709;Winter's Tale ;Mystery
tt1538403;The Mortal Instruments: City of Bones ;Fantasy
tt1538403;The Mortal Instruments: City of Bones ;Horror
tt1538403;The Mortal Instruments: City of Bones ;Mystery
tt0765476;Meet Dave ;Adventure
tt0765476;Meet Dave ;Comedy
tt0765476;Meet Dave ;Family
tt0382628;Dark Water ;Drama
tt0382628;Dark Water ;Horror
tt0382628;Dark Water ;Thriller
tt0131369;Edtv ;Comedy
tt0131369;Edtv ;Drama
tt0494238;Inkheart ;Adventure
tt0494238;Inkheart ;Family
tt0494238;Inkheart ;Fantasy
tt0831887;The Spirit ;Action
tt0831887;The Spirit ;Crime
tt0831887;The Spirit ;Fantasy
tt3045616;Mortdecai ;Action
tt3045616;Mortdecai ;Comedy
tt3045616;Mortdecai ;Mystery
tt0460780;In the Name of the King: A Dungeon Siege Tale ;Action
tt0460780;In the Name of the King: A Dungeon Siege Tale ;Adventure
tt0460780;In the Name of the King: A Dungeon Siege Tale ;Fantasy
tt0294357;Beyond Borders ;Adventure
tt0294357;Beyond Borders ;Drama
tt0294357;Beyond Borders ;Romance
tt4591310;Xi you ji zhi: Sun Wukong san da Baigu Jing ;Action
tt4591310;Xi you ji zhi: Sun Wukong san da Baigu Jing ;Adventure
tt4591310;Xi you ji zhi: Sun Wukong san da Baigu Jing ;Fantasy
tt0326905;The Great Raid ;Action
tt0326905;The Great Raid ;Drama
tt0326905;The Great Raid ;War
tt1431045;Deadpool ;Action
tt1431045;Deadpool ;Adventure
tt1431045;Deadpool ;Comedy
tt0120701;Holy Man ;Comedy
tt0120701;Holy Man ;Drama
tt2179136;American Sniper ;Action
tt2179136;American Sniper ;Biography
tt2179136;American Sniper ;Drama
tt1051904;Goosebumps ;Adventure
tt1051904;Goosebumps ;Comedy
tt1051904;Goosebumps ;Family
tt0425123;Just Like Heaven ;Comedy
tt0425123;Just Like Heaven ;Fantasy
tt0425123;Just Like Heaven ;Romance
tt0158622;The Flintstones in Viva Rock Vegas ;Comedy
tt0158622;The Flintstones in Viva Rock Vegas ;Family
tt0158622;The Flintstones in Viva Rock Vegas ;Romance
tt0095956;Rambo III ;Action
tt0095956;Rambo III ;Adventure
tt0095956;Rambo III ;Thriller
tt0379865;Leatherheads ;Comedy
tt0379865;Leatherheads ;Drama
tt0379865;Leatherheads ;Romance
tt2479478;The Ridiculous 6 ;Comedy
tt2479478;The Ridiculous 6 ;Western
tt1314228;Did You Hear About the Morgans? ;Comedy
tt1314228;Did You Hear About the Morgans? ;Drama
tt1314228;Did You Hear About the Morgans? ;Romance
tt2234155;The Internship ;Comedy
tt1220634;Resident Evil: Afterlife ;Action
tt1220634;Resident Evil: Afterlife ;Adventure
tt1220634;Resident Evil: Afterlife ;Horror
tt0485985;Red Tails ;Action
tt0485985;Red Tails ;Adventure
tt0485985;Red Tails ;Drama
tt0118971;The Devil's Advocate ;Drama
tt0118971;The Devil's Advocate ;Mystery
tt0118971;The Devil's Advocate ;Thriller
tt1232200;That's My Boy ;Comedy
tt0116136;DragonHeart ;Action
tt0116136;DragonHeart ;Adventure
tt0116136;DragonHeart ;Fantasy
tt0367479;After the Sunset ;Action
tt0367479;After the Sunset ;Comedy
tt0367479;After the Sunset ;Crime
tt1071875;Ghost Rider: Spirit of Vengeance ;Action
tt1071875;Ghost Rider: Spirit of Vengeance ;Fantasy
tt1071875;Ghost Rider: Spirit of Vengeance ;Thriller
tt0238112;Captain Corelli's Mandolin ;Drama
tt0238112;Captain Corelli's Mandolin ;Music
tt0238112;Captain Corelli's Mandolin ;Romance
tt0395699;The Pacifier ;Action
tt0395699;The Pacifier ;Comedy
tt0395699;The Pacifier ;Drama
tt0351977;Walking Tall ;Action
tt0351977;Walking Tall ;Crime
tt0109830;Forrest Gump ;Comedy
tt0109830;Forrest Gump ;Drama
tt0952640;Alvin and the Chipmunks ;Animation
tt0952640;Alvin and the Chipmunks ;Comedy
tt0952640;Alvin and the Chipmunks ;Family
tt0212338;Meet the Parents ;Comedy
tt0114148;Pocahontas ;Adventure
tt0114148;Pocahontas ;Animation
tt0114148;Pocahontas ;Drama
tt0078346;Superman ;Action
tt0078346;Superman ;Adventure
tt0078346;Superman ;Drama
tt0117218;The Nutty Professor ;Comedy
tt0117218;The Nutty Professor ;Romance
tt0117218;The Nutty Professor ;Sci-Fi
tt0386588;Hitch ;Comedy
tt0386588;Hitch ;Romance
tt0119190;George of the Jungle ;Action
tt0119190;George of the Jungle ;Adventure
tt0119190;George of the Jungle ;Comedy
tt0328828;American Wedding ;Comedy
tt0328828;American Wedding ;Romance
tt1535109;Captain Phillips ;Biography
tt1535109;Captain Phillips ;Drama
tt1535109;Captain Phillips ;Thriller
tt1279935;Date Night ;Comedy
tt1279935;Date Night ;Crime
tt1279935;Date Night ;Romance
tt0112642;Casper ;Comedy
tt0112642;Casper ;Family
tt0112642;Casper ;Fantasy
tt0455944;The Equalizer ;Action
tt0455944;The Equalizer ;Crime
tt0455944;The Equalizer ;Thriller
tt0252076;Maid in Manhattan ;Comedy
tt0252076;Maid in Manhattan ;Drama
tt0252076;Maid in Manhattan ;Romance
tt0112740;Crimson Tide ;Action
tt0112740;Crimson Tide ;Drama
tt0112740;Crimson Tide ;Thriller
tt0454921;The Pursuit of Happyness ;Biography
tt0454921;The Pursuit of Happyness ;Drama
tt0408790;Flightplan ;Drama
tt0408790;Flightplan ;Mystery
tt0408790;Flightplan ;Thriller
tt0109635;Disclosure ;Drama
tt0109635;Disclosure ;Thriller
tt0120632;City of Angels ;Drama
tt0120632;City of Angels ;Fantasy
tt0120632;City of Angels ;Romance
tt0266697;Kill Bill: Vol. 1 ;Action
tt0131325;Bowfinger ;Comedy
tt0378194;Kill Bill: Vol. 2 ;Action
tt0378194;Kill Bill: Vol. 2 ;Crime
tt0378194;Kill Bill: Vol. 2 ;Drama
tt0098439;Tango & Cash ;Action
tt0098439;Tango & Cash ;Comedy
tt0098439;Tango & Cash ;Crime
tt0104070;Death Becomes Her ;Comedy
tt0104070;Death Becomes Her ;Fantasy
tt0104070;Death Becomes Her ;Horror
tt0184894;Shanghai Noon ;Action
tt0184894;Shanghai Noon ;Adventure
tt0184894;Shanghai Noon ;Comedy
tt0116253;Executive Decision ;Action
tt0116253;Executive Decision ;Adventure
tt0116253;Executive Decision ;Thriller
tt1396218;Mr. Popper's Penguins ;Comedy
tt1396218;Mr. Popper's Penguins ;Family
tt1396218;Mr. Popper's Penguins ;Fantasy
tt0865556;The Forbidden Kingdom ;Action
tt0865556;The Forbidden Kingdom ;Adventure
tt0865556;The Forbidden Kingdom ;Fantasy
tt1621039;Free Birds ;Adventure
tt1621039;Free Birds ;Animation
tt1621039;Free Birds ;Comedy
tt0103644;Alien 3 ;Action
tt0103644;Alien 3 ;Horror
tt0103644;Alien 3 ;Sci-Fi
tt0116250;Evita ;Biography
tt0116250;Evita ;Drama
tt0116250;Evita ;History
tt0122690;Ronin ;Action
tt0122690;Ronin ;Adventure
tt0122690;Ronin ;Crime
tt0116409;The Ghost and the Darkness ;Adventure
tt0116409;The Ghost and the Darkness ;Drama
tt0116409;The Ghost and the Darkness ;Horror
tt1109624;Paddington ;Animation
tt1109624;Paddington ;Comedy
tt1109624;Paddington ;Family
tt1298649;The Watch ;Action
tt1298649;The Watch ;Comedy
tt1298649;The Watch ;Sci-Fi
tt0269347;The Hunted ;Action
tt0269347;The Hunted ;Crime
tt0269347;The Hunted ;Drama
tt0128278;Instinct ;Drama
tt0128278;Instinct ;Thriller
tt0338466;Stuck on You ;Comedy
tt0839980;Semi-Pro ;Comedy
tt0839980;Semi-Pro ;Sport
tt1430626;The Pirates! Band of Misfits ;Adventure
tt1430626;The Pirates! Band of Misfits ;Animation
tt1430626;The Pirates! Band of Misfits ;Comedy
tt0824747;Changeling ;Crime
tt0824747;Changeling ;Drama
tt0824747;Changeling ;Mystery
tt0115857;Chain Reaction ;Action
tt0115857;Chain Reaction ;Drama
tt0115857;Chain Reaction ;Sci-Fi
tt0116277;The Fan ;Action
tt0116277;The Fan ;Drama
tt0116277;The Fan ;Sport
tt0293508;The Phantom of the Opera ;Drama
tt0293508;The Phantom of the Opera ;Musical
tt0293508;The Phantom of the Opera ;Romance
tt0414055;Elizabeth: The Golden Age ;Biography
tt0414055;Elizabeth: The Golden Age ;Drama
tt0414055;Elizabeth: The Golden Age ;History
tt0402022;Æon Flux ;Action
tt0402022;Æon Flux ;Sci-Fi
tt0279111;Gods and Generals ;Drama
tt0279111;Gods and Generals ;History
tt0279111;Gods and Generals ;War
tt0120390;Turbulence ;Action
tt0120390;Turbulence ;Thriller
tt0780567;Imagine That ;Comedy
tt0780567;Imagine That ;Drama
tt0780567;Imagine That ;Family
tt2281587;Muppets Most Wanted ;Adventure
tt2281587;Muppets Most Wanted ;Comedy
tt2281587;Muppets Most Wanted ;Crime
tt0167456;Thunderbirds ;Action
tt0167456;Thunderbirds ;Adventure
tt0167456;Thunderbirds ;Comedy
tt1126591;Burlesque ;Drama
tt1126591;Burlesque ;Music
tt1126591;Burlesque ;Musical
tt0344510;A Very Long Engagement ;Drama
tt0344510;A Very Long Engagement ;Mystery
tt0344510;A Very Long Engagement ;Romance
tt0056193;Lolita ;Crime
tt0056193;Lolita ;Drama
tt0056193;Lolita ;Romance
tt0160184;Eye See You ;Crime
tt0160184;Eye See You ;Horror
tt0160184;Eye See You ;Mystery
tt0187738;Blade II ;Action
tt0187738;Blade II ;Horror
tt0187738;Blade II ;Sci-Fi
tt0814314;Seven Pounds ;Drama
tt0814314;Seven Pounds ;Romance
tt1308729;Bullet to the Head ;Action
tt1308729;Bullet to the Head ;Thriller
tt0099674;The Godfather: Part III ;Crime
tt0099674;The Godfather: Part III ;Drama
tt0368709;Elizabethtown ;Comedy
tt0368709;Elizabethtown ;Drama
tt0368709;Elizabethtown ;Romance
tt0463034;You, Me and Dupree ;Comedy
tt0463034;You, Me and Dupree ;Romance
tt0081573;Superman II ;Action
tt0081573;Superman II ;Adventure
tt0081573;Superman II ;Romance
tt0299930;Gigli ;Comedy
tt0299930;Gigli ;Crime
tt0299930;Gigli ;Romance
tt0405676;All the King's Men ;Drama
tt0405676;All the King's Men ;Thriller
tt0162650;Shaft ;Action
tt0162650;Shaft ;Crime
tt0162650;Shaft ;Thriller
tt0118617;Anastasia ;Adventure
tt0118617;Anastasia ;Animation
tt0118617;Anastasia ;Drama
tt0203009;Moulin Rouge! ;Drama
tt0203009;Moulin Rouge! ;Musical
tt0203009;Moulin Rouge! ;Romance
tt0249478;Domestic Disturbance ;Crime
tt0249478;Domestic Disturbance ;Mystery
tt0249478;Domestic Disturbance ;Thriller
tt1355683;Black Mass ;Biography
tt1355683;Black Mass ;Crime
tt1355683;Black Mass ;Drama
tt0418689;Flags of Our Fathers ;Drama
tt0418689;Flags of Our Fathers ;History
tt0418689;Flags of Our Fathers ;War
tt1197624;Law Abiding Citizen ;Crime
tt1197624;Law Abiding Citizen ;Drama
tt1197624;Law Abiding Citizen ;Thriller
tt0462322;Grindhouse ;Action
tt0462322;Grindhouse ;Horror
tt0462322;Grindhouse ;Thriller
tt0120603;Beloved ;Drama
tt0120603;Beloved ;History
tt0120603;Beloved ;Horror
tt0338216;Lucky You ;Drama
tt0338216;Lucky You ;Romance
tt0338216;Lucky You ;Sport
tt0264464;Catch Me If You Can ;Biography
tt0264464;Catch Me If You Can ;Crime
tt0264464;Catch Me If You Can ;Drama
tt1790885;Zero Dark Thirty ;Drama
tt1790885;Zero Dark Thirty ;History
tt1790885;Zero Dark Thirty ;Thriller
tt0452594;The Break-Up ;Comedy
tt0452594;The Break-Up ;Drama
tt0452594;The Break-Up ;Romance
tt0795421;Mamma Mia! ;Comedy
tt0795421;Mamma Mia! ;Family
tt0795421;Mamma Mia! ;Musical
tt0817230;Valentine's Day ;Comedy
tt0817230;Valentine's Day ;Romance
tt0377818;The Dukes of Hazzard ;Action
tt0377818;The Dukes of Hazzard ;Adventure
tt0377818;The Dukes of Hazzard ;Comedy
tt0120863;The Thin Red Line ;Drama
tt0120863;The Thin Red Line ;War
tt1488555;The Change-Up ;Comedy
tt1488555;The Change-Up ;Fantasy
tt0125664;Man on the Moon ;Biography
tt0125664;Man on the Moon ;Comedy
tt0125664;Man on the Moon ;Drama
tt0112641;Casino ;Biography
tt0112641;Casino ;Crime
tt0112641;Casino ;Drama
tt1179034;From Paris with Love ;Action
tt1179034;From Paris with Love ;Thriller
tt0245803;Bulletproof Monk ;Action
tt0245803;Bulletproof Monk ;Comedy
tt0245803;Bulletproof Monk ;Fantasy
tt0183505;Me, Myself & Irene ;Comedy
tt0414853;Barnyard ;Animation
tt0414853;Barnyard ;Comedy
tt0414853;Barnyard ;Family
tt0790604;Deck the Halls ;Comedy
tt0790604;Deck the Halls ;Family
tt1259571;The Twilight Saga: New Moon ;Adventure
tt1259571;The Twilight Saga: New Moon ;Drama
tt1259571;The Twilight Saga: New Moon ;Fantasy
tt0126029;Shrek ;Adventure
tt0126029;Shrek ;Animation
tt0126029;Shrek ;Comedy
tt1385826;The Adjustment Bureau ;Romance
tt1385826;The Adjustment Bureau ;Sci-Fi
tt1385826;The Adjustment Bureau ;Thriller
tt0102798;Robin Hood: Prince of Thieves ;Action
tt0102798;Robin Hood: Prince of Thieves ;Adventure
tt0102798;Robin Hood: Prince of Thieves ;Drama
tt0116695;Jerry Maguire ;Comedy
tt0116695;Jerry Maguire ;Drama
tt0116695;Jerry Maguire ;Romance
tt1637725;Ted ;Comedy
tt1637725;Ted ;Fantasy
tt0119822;As Good as It Gets ;Comedy
tt0119822;As Good as It Gets ;Drama
tt0119822;As Good as It Gets ;Romance
tt0129290;Patch Adams ;Biography
tt0129290;Patch Adams ;Comedy
tt0129290;Patch Adams ;Drama
tt1229340;Anchorman 2: The Legend Continues ;Comedy
tt0280590;Mr. Deeds ;Comedy
tt0280590;Mr. Deeds ;Romance
tt1650062;Super 8 ;Mystery
tt1650062;Super 8 ;Sci-Fi
tt1650062;Super 8 ;Thriller
tt0195685;Erin Brockovich ;Biography
tt0195685;Erin Brockovich ;Drama
tt0251127;How to Lose a Guy in 10 Days ;Comedy
tt0251127;How to Lose a Guy in 10 Days ;Romance
tt2294449;22 Jump Street ;Action
tt2294449;22 Jump Street ;Comedy
tt2294449;22 Jump Street ;Crime
tt0110148;Interview with the Vampire: The Vampire Chronicles ;Drama
tt0110148;Interview with the Vampire: The Vampire Chronicles ;Fantasy
tt0110148;Interview with the Vampire: The Vampire Chronicles ;Horror
tt1068680;Yes Man ;Comedy
tt1068680;Yes Man ;Romance
tt1489889;Central Intelligence ;Action
tt1489889;Central Intelligence ;Comedy
tt1489889;Central Intelligence ;Crime
tt0120686;Stepmom ;Comedy
tt0120686;Stepmom ;Drama
tt1528854;Daddy's Home ;Comedy
tt1528854;Daddy's Home ;Family
tt2180411;Into the Woods ;Adventure
tt2180411;Into the Woods ;Comedy
tt2180411;Into the Woods ;Drama
tt0454848;Inside Man ;Crime
tt0454848;Inside Man ;Drama
tt0454848;Inside Man ;Mystery
tt0120784;Payback ;Action
tt0120784;Payback ;Crime
tt0120784;Payback ;Drama
tt0112715;Congo ;Action
tt0112715;Congo ;Adventure
tt0112715;Congo ;Mystery
tt1389137;We Bought a Zoo ;Comedy
tt1389137;We Bought a Zoo ;Drama
tt1389137;We Bought a Zoo ;Family
tt0448011;Knowing ;Drama
tt0448011;Knowing ;Mystery
tt0448011;Knowing ;Sci-Fi
tt0427229;Failure to Launch ;Comedy
tt0427229;Failure to Launch ;Romance
tt0377109;The Ring Two ;Horror
tt0377109;The Ring Two ;Mystery
tt1570728;Crazy, Stupid, Love. ;Comedy
tt1570728;Crazy, Stupid, Love. ;Drama
tt1570728;Crazy, Stupid, Love. ;Romance
tt0356634;Garfield ;Animation
tt0356634;Garfield ;Comedy
tt0356634;Garfield ;Family
tt0388419;Christmas with the Kranks ;Comedy
tt0388419;Christmas with the Kranks ;Family
tt1210166;Moneyball ;Biography
tt1210166;Moneyball ;Drama
tt1210166;Moneyball ;Sport
tt0114069;Outbreak ;Action
tt0114069;Outbreak ;Drama
tt0114069;Outbreak ;Thriller
tt2024469;Non-Stop ;Action
tt2024469;Non-Stop ;Mystery
tt2024469;Non-Stop ;Thriller
tt1075417;Race to Witch Mountain ;Action
tt1075417;Race to Witch Mountain ;Adventure
tt1075417;Race to Witch Mountain ;Family
tt0434409;V for Vendetta ;Action
tt0434409;V for Vendetta ;Drama
tt0434409;V for Vendetta ;Thriller
tt0300471;Shanghai Knights ;Action
tt0300471;Shanghai Knights ;Adventure
tt0300471;Shanghai Knights ;Comedy
tt0381971;Curious George ;Adventure
tt0381971;Curious George ;Animation
tt0381971;Curious George ;Comedy
tt0400497;Herbie Fully Loaded ;Adventure
tt0400497;Herbie Fully Loaded ;Comedy
tt0400497;Herbie Fully Loaded ;Family
tt0260866;Don't Say a Word ;Crime
tt0260866;Don't Say a Word ;Drama
tt0260866;Don't Say a Word ;Mystery
tt1428538;Hansel & Gretel: Witch Hunters ;Action
tt1428538;Hansel & Gretel: Witch Hunters ;Fantasy
tt1428538;Hansel & Gretel: Witch Hunters ;Horror
tt0250797;Unfaithful ;Drama
tt0250797;Unfaithful ;Thriller
tt1464540;I Am Number Four ;Action
tt1464540;I Am Number Four ;Adventure
tt1464540;I Am Number Four ;Sci-Fi
tt0365737;Syriana ;Drama
tt0365737;Syriana ;Thriller
tt4172430;13 Hours ;Action
tt4172430;13 Hours ;Drama
tt4172430;13 Hours ;Thriller
tt2262227;The Book of Life ;Adventure
tt2262227;The Book of Life ;Animation
tt2262227;The Book of Life ;Comedy
tt0408345;Firewall ;Crime
tt0408345;Firewall ;Thriller
tt0118548;Absolute Power ;Action
tt0118548;Absolute Power ;Crime
tt0118548;Absolute Power ;Drama
tt0119173;G.I. Jane ;Action
tt0119173;G.I. Jane ;Drama
tt0119173;G.I. Jane ;War
tt0119174;The Game ;Drama
tt0119174;The Game ;Mystery
tt0119174;The Game ;Thriller
tt0384537;Silent Hill ;Adventure
tt0384537;Silent Hill ;Horror
tt0384537;Silent Hill ;Mystery
tt0191397;The Replacements ;Comedy
tt0191397;The Replacements ;Sport
tt1605630;American Reunion ;Comedy
tt0120768;The Negotiator ;Action
tt0120768;The Negotiator ;Crime
tt0120768;The Negotiator ;Drama
tt2106361;Into the Storm ;Action
tt2106361;Into the Storm ;Thriller
tt0109254;Beverly Hills Cop III ;Action
tt0109254;Beverly Hills Cop III ;Comedy
tt0109254;Beverly Hills Cop III ;Crime
tt0099700;Gremlins 2: The New Batch ;Comedy
tt0099700;Gremlins 2: The New Batch ;Fantasy
tt0099700;Gremlins 2: The New Batch ;Horror
tt1872194;The Judge ;Crime
tt1872194;The Judge ;Drama
tt0119874;The Peacemaker ;Action
tt0119874;The Peacemaker ;Thriller
tt0318627;Resident Evil: Apocalypse ;Action
tt0318627;Resident Evil: Apocalypse ;Horror
tt0318627;Resident Evil: Apocalypse ;Sci-Fi
tt0317198;Bridget Jones: The Edge of Reason ;Comedy
tt0317198;Bridget Jones: The Edge of Reason ;Drama
tt0317198;Bridget Jones: The Edge of Reason ;Romance
tt0313443;Out of Time ;Crime
tt0313443;Out of Time ;Drama
tt0313443;Out of Time ;Romance
tt0110725;On Deadly Ground ;Action
tt0110725;On Deadly Ground ;Adventure
tt0110725;On Deadly Ground ;Thriller
tt0424774;The Adventures of Sharkboy and Lavagirl 3-D ;Action
tt0424774;The Adventures of Sharkboy and Lavagirl 3-D ;Adventure
tt0424774;The Adventures of Sharkboy and Lavagirl 3-D ;Family
tt0163978;The Beach ;Adventure
tt0163978;The Beach ;Drama
tt0163978;The Beach ;Thriller
tt0350028;Raising Helen ;Comedy
tt0350028;Raising Helen ;Drama
tt0350028;Raising Helen ;Romance
tt1186367;Ninja Assassin ;Action
tt1186367;Ninja Assassin ;Crime
tt1186367;Ninja Assassin ;Thriller
tt0126916;For Love of the Game ;Drama
tt0126916;For Love of the Game ;Romance
tt0126916;For Love of the Game ;Sport
tt0117765;Striptease ;Comedy
tt0117765;Striptease ;Crime
tt0117765;Striptease ;Drama
tt1392197;Marmaduke ;Comedy
tt1392197;Marmaduke ;Family
tt1212419;Hereafter ;Drama
tt1212419;Hereafter ;Fantasy
tt0264935;Murder by Numbers ;Crime
tt0264935;Murder by Numbers ;Mystery
tt0264935;Murder by Numbers ;Thriller
tt0112401;Assassins ;Action
tt0112401;Assassins ;Crime
tt0112401;Assassins ;Thriller
tt0367959;Hannibal Rising ;Crime
tt0367959;Hannibal Rising ;Drama
tt0367959;Hannibal Rising ;Thriller
tt0160916;The Story of Us ;Comedy
tt0160916;The Story of Us ;Drama
tt0160916;The Story of Us ;Romance
tt1517260;The Host ;Action
tt1517260;The Host ;Adventure
tt1517260;The Host ;Romance
tt0264395;Basic ;Action
tt0264395;Basic ;Crime
tt0264395;Basic ;Drama
tt0309377;Blood Work ;Action
tt0309377;Blood Work ;Crime
tt0309377;Blood Work ;Drama
tt0963178;The International ;Action
tt0963178;The International ;Crime
tt0963178;The International ;Drama
tt0116225;Escape from L.A. ;Action
tt0116225;Escape from L.A. ;Adventure
tt0116225;Escape from L.A. ;Sci-Fi
tt0129167;The Iron Giant ;Action
tt0129167;The Iron Giant ;Adventure
tt0129167;The Iron Giant ;Animation
tt0362270;The Life Aquatic with Steve Zissou ;Adventure
tt0362270;The Life Aquatic with Steve Zissou ;Comedy
tt0362270;The Life Aquatic with Steve Zissou ;Drama
tt1124037;Free State of Jones ;Action
tt1124037;Free State of Jones ;Biography
tt1124037;Free State of Jones ;Drama
tt0289992;The Life of David Gale ;Crime
tt0289992;The Life of David Gale ;Drama
tt0289992;The Life of David Gale ;Thriller
tt0331933;Man of the House ;Action
tt0331933;Man of the House ;Comedy
tt2199571;Run All Night ;Action
tt2199571;Run All Night ;Crime
tt2199571;Run All Night ;Drama
tt0765443;Eastern Promises ;Crime
tt0765443;Eastern Promises ;Mystery
tt0765443;Eastern Promises ;Thriller
tt0378109;Into the Blue ;Action
tt0378109;Into the Blue ;Adventure
tt0378109;Into the Blue ;Crime
tt0151137;The Messenger: The Story of Joan of Arc ;Adventure
tt0151137;The Messenger: The Story of Joan of Arc ;Biography
tt0151137;The Messenger: The Story of Joan of Arc ;Drama
tt1240982;Your Highness ;Adventure
tt1240982;Your Highness ;Comedy
tt1240982;Your Highness ;Fantasy
tt1462041;Dream House ;Drama
tt1462041;Dream House ;Mystery
tt1462041;Dream House ;Thriller
tt0119592;Mad City ;Crime
tt0119592;Mad City ;Drama
tt0119592;Mad City ;Thriller
tt0109190;Baby's Day Out ;Adventure
tt0109190;Baby's Day Out ;Comedy
tt0109190;Baby's Day Out ;Crime
tt0114345;The Scarlet Letter ;Drama
tt0114345;The Scarlet Letter ;Romance
tt0977855;Fair Game ;Biography
tt0977855;Fair Game ;Drama
tt0977855;Fair Game ;Thriller
tt0421054;Domino ;Action
tt0421054;Domino ;Biography
tt0421054;Domino ;Crime
tt0113451;Jade ;Crime
tt0113451;Jade ;Drama
tt0113451;Jade ;Thriller
tt1034032;Gamer ;Action
tt1034032;Gamer ;Sci-Fi
tt1034032;Gamer ;Thriller
tt1559547;Beautiful Creatures ;Drama
tt1559547;Beautiful Creatures ;Fantasy
tt1559547;Beautiful Creatures ;Romance
tt0266452;Death to Smoochy ;Comedy
tt0266452;Death to Smoochy ;Crime
tt0266452;Death to Smoochy ;Drama
tt1608290;Zoolander 2 ;Comedy
tt0315824;The Big Bounce ;Comedy
tt0315824;The Big Bounce ;Crime
tt0181151;What Planet Are You From? ;Comedy
tt0181151;What Planet Are You From? ;Sci-Fi
tt1502404;Drive Angry ;Action
tt1502404;Drive Angry ;Fantasy
tt1502404;Drive Angry ;Thriller
tt0891592;Street Fighter: The Legend of Chun-Li ;Action
tt0891592;Street Fighter: The Legend of Chun-Li ;Crime
tt0891592;Street Fighter: The Legend of Chun-Li ;Drama
tt0267804;The One ;Action
tt0267804;The One ;Sci-Fi
tt0267804;The One ;Thriller
tt0098987;The Adventures of Ford Fairlane ;Action
tt0098987;The Adventures of Ford Fairlane ;Adventure
tt0098987;The Adventures of Ford Fairlane ;Comedy
tt1131729;Pirate Radio ;Comedy
tt1131729;Pirate Radio ;Drama
tt1131729;Pirate Radio ;Music
tt0181865;Traffic ;Crime
tt0181865;Traffic ;Drama
tt0181865;Traffic ;Thriller
tt0097576;Indiana Jones and the Last Crusade ;Action
tt0097576;Indiana Jones and the Last Crusade ;Adventure
tt0097576;Indiana Jones and the Last Crusade ;Fantasy
tt1781769;Anna Karenina ;Drama
tt1781769;Anna Karenina ;Romance
tt1823672;Chappie ;Action
tt1823672;Chappie ;Crime
tt1823672;Chappie ;Drama
tt0145681;The Bone Collector ;Crime
tt0145681;The Bone Collector ;Drama
tt0145681;The Bone Collector ;Mystery
tt0258000;Panic Room ;Crime
tt0258000;Panic Room ;Drama
tt0258000;Panic Room ;Thriller
tt0473553;The Tooth Fairy ;Horror
tt0473553;The Tooth Fairy ;Thriller
tt0120188;Three Kings ;Action
tt0120188;Three Kings ;Adventure
tt0120188;Three Kings ;Comedy
tt1014763;Child 44 ;Crime
tt1014763;Child 44 ;Drama
tt1014763;Child 44 ;Thriller
tt0250687;Rat Race ;Adventure
tt0250687;Rat Race ;Comedy
tt0272152;K-PAX ;Drama
tt0272152;K-PAX ;Mystery
tt0272152;K-PAX ;Sci-Fi
tt0035423;Kate & Leopold ;Comedy
tt0035423;Kate & Leopold ;Fantasy
tt0035423;Kate & Leopold ;Romance
tt0230030;Bedazzled ;Comedy
tt0230030;Bedazzled ;Fantasy
tt0230030;Bedazzled ;Romance
tt0087089;The Cotton Club ;Crime
tt0087089;The Cotton Club ;Drama
tt0087089;The Cotton Club ;Music
tt0381849;3:10 to Yuma ;Adventure
tt0381849;3:10 to Yuma ;Crime
tt0381849;3:10 to Yuma ;Drama
tt2446042;Taken 3 ;Action
tt2446042;Taken 3 ;Thriller
tt0120780;Out of Sight ;Crime
tt0120780;Out of Sight ;Drama
tt0120780;Out of Sight ;Romance
tt0115798;The Cable Guy ;Comedy
tt0115798;The Cable Guy ;Drama
tt0115798;The Cable Guy ;Thriller
tt0150433;Earth ;Drama
tt0150433;Earth ;Romance
tt0150433;Earth ;War
tt0099422;Dick Tracy ;Action
tt0099422;Dick Tracy ;Comedy
tt0099422;Dick Tracy ;Crime
tt0155267;The Thomas Crown Affair ;Crime
tt0155267;The Thomas Crown Affair ;Romance
tt0155267;The Thomas Crown Affair ;Thriller
tt0200027;Riding in Cars with Boys ;Biography
tt0200027;Riding in Cars with Boys ;Comedy
tt0200027;Riding in Cars with Boys ;Drama
tt0083944;First Blood ;Action
tt0083944;First Blood ;Adventure
tt0083944;First Blood ;Drama
tt0069293;Solaris ;Drama
tt0069293;Solaris ;Mystery
tt0069293;Solaris ;Sci-Fi
tt0308353;Happily N'Ever After ;Adventure
tt0308353;Happily N'Ever After ;Animation
tt0308353;Happily N'Ever After ;Comedy
tt0117002;Mary Reilly ;Drama
tt0117002;Mary Reilly ;Horror
tt0117002;Mary Reilly ;Romance
tt0119738;My Best Friend's Wedding ;Comedy
tt0119738;My Best Friend's Wedding ;Romance
tt0265029;America's Sweethearts ;Comedy
tt0265029;America's Sweethearts ;Romance
tt0278504;Insomnia ;Drama
tt0278504;Insomnia ;Mystery
tt0278504;Insomnia ;Thriller
tt0117731;Star Trek: First Contact ;Action
tt0117731;Star Trek: First Contact ;Adventure
tt0117731;Star Trek: First Contact ;Drama
tt1075747;Jonah Hex ;Action
tt1075747;Jonah Hex ;Drama
tt1075747;Jonah Hex ;Fantasy
tt0115956;Courage Under Fire ;Action
tt0115956;Courage Under Fire ;Drama
tt0115956;Courage Under Fire ;Mystery
tt0119528;Liar Liar ;Comedy
tt0119528;Liar Liar ;Fantasy
tt0119528;Liar Liar ;Romance
tt1355631;The Infiltrator ;Biography
tt1355631;The Infiltrator ;Crime
tt1355631;The Infiltrator ;Drama
tt0084132;Inchon ;Drama
tt0084132;Inchon ;History
tt0084132;Inchon ;War
tt0109813;The Flintstones ;Comedy
tt0109813;The Flintstones ;Family
tt0109813;The Flintstones ;Fantasy
tt1397280;Taken 2 ;Action
tt1397280;Taken 2 ;Crime
tt1397280;Taken 2 ;Thriller
tt0306047;Scary Movie 3 ;Comedy
tt0212346;Miss Congeniality ;Action
tt0212346;Miss Congeniality ;Comedy
tt0212346;Miss Congeniality ;Crime
tt0373051;Journey to the Center of the Earth ;Action
tt0373051;Journey to the Center of the Earth ;Adventure
tt0373051;Journey to the Center of the Earth ;Family
tt0368933;The Princess Diaries 2: Royal Engagement ;Comedy
tt0368933;The Princess Diaries 2: Royal Engagement ;Family
tt0368933;The Princess Diaries 2: Royal Engagement ;Romance
tt0107798;The Pelican Brief ;Crime
tt0107798;The Pelican Brief ;Drama
tt0107798;The Pelican Brief ;Mystery
tt0109446;The Client ;Crime
tt0109446;The Client ;Drama
tt0109446;The Client ;Mystery
tt0825232;The Bucket List ;Adventure
tt0825232;The Bucket List ;Comedy
tt0825232;The Bucket List ;Drama
tt0105112;Patriot Games ;Action
tt0105112;Patriot Games ;Thriller
tt0369735;Monster-in-Law ;Comedy
tt0369735;Monster-in-Law ;Romance
tt1392214;Prisoners ;Crime
tt1392214;Prisoners ;Drama
tt1392214;Prisoners ;Mystery
tt0139654;Training Day ;Crime
tt0139654;Training Day ;Drama
tt0139654;Training Day ;Thriller
tt0177789;Galaxy Quest ;Adventure
tt0177789;Galaxy Quest ;Comedy
tt0177789;Galaxy Quest ;Sci-Fi
tt0257106;Scary Movie 2 ;Comedy
tt1204342;The Muppets ;Adventure
tt1204342;The Muppets ;Comedy
tt1204342;The Muppets ;Family
tt0120611;Blade ;Action
tt0120611;Blade ;Horror
tt0393162;Coach Carter ;Drama
tt0393162;Coach Carter ;Sport
tt0264472;Changing Lanes ;Drama
tt0264472;Changing Lanes ;Thriller
tt0118615;Anaconda ;Action
tt0118615;Anaconda ;Adventure
tt0118615;Anaconda ;Horror
tt0200550;Coyote Ugly ;Comedy
tt0200550;Coyote Ugly ;Drama
tt0200550;Coyote Ugly ;Music
tt0314331;Love Actually ;Comedy
tt0314331;Love Actually ;Drama
tt0314331;Love Actually ;Romance
tt0120623;A Bug's Life ;Adventure
tt0120623;A Bug's Life ;Animation
tt0120623;A Bug's Life ;Comedy
tt0120681;From Hell ;Horror
tt0120681;From Hell ;Mystery
tt0120681;From Hell ;Thriller
tt0111255;The Specialist ;Action
tt0111255;The Specialist ;Crime
tt0111255;The Specialist ;Drama
tt0117918;Tin Cup ;Comedy
tt0117918;Tin Cup ;Drama
tt0117918;Tin Cup ;Romance
tt0063829;Yours, Mine and Ours ;Comedy
tt0063829;Yours, Mine and Ours ;Family
tt0384642;Kicking & Screaming ;Comedy
tt0384642;Kicking & Screaming ;Family
tt0384642;Kicking & Screaming ;Romance
tt0371724;The Hitchhiker's Guide to the Galaxy ;Adventure
tt0371724;The Hitchhiker's Guide to the Galaxy ;Comedy
tt0371724;The Hitchhiker's Guide to the Galaxy ;Sci-Fi
tt0396592;Fat Albert ;Comedy
tt0396592;Fat Albert ;Family
tt0396592;Fat Albert ;Fantasy
tt0432021;Resident Evil: Extinction ;Action
tt0432021;Resident Evil: Extinction ;Horror
tt0432021;Resident Evil: Extinction ;Sci-Fi
tt1086772;Blended ;Comedy
tt1086772;Blended ;Romance
tt0408985;Last Holiday ;Adventure
tt0408985;Last Holiday ;Comedy
tt0408985;Last Holiday ;Drama
tt0110997;The River Wild ;Action
tt0110997;The River Wild ;Adventure
tt0110997;The River Wild ;Crime
tt0113419;The Indian in the Cupboard ;Drama
tt0113419;The Indian in the Cupboard ;Family
tt0113419;The Indian in the Cupboard ;Fantasy
tt1615065;Savages ;Crime
tt1615065;Savages ;Drama
tt1615065;Savages ;Thriller
tt0337921;Cellular ;Action
tt0337921;Cellular ;Crime
tt0337921;Cellular ;Thriller
tt0274166;Johnny English ;Action
tt0274166;Johnny English ;Adventure
tt0274166;Johnny English ;Comedy
tt0429589;The Ant Bully ;Adventure
tt0429589;The Ant Bully ;Animation
tt0429589;The Ant Bully ;Comedy
tt0087182;Dune ;Action
tt0087182;Dune ;Adventure
tt0087182;Dune ;Sci-Fi
tt0445922;Across the Universe ;Drama
tt0445922;Across the Universe ;Fantasy
tt0445922;Across the Universe ;Musical
tt0959337;Revolutionary Road ;Drama
tt0959337;Revolutionary Road ;Romance
tt0450232;16 Blocks ;Action
tt0450232;16 Blocks ;Crime
tt0450232;16 Blocks ;Drama
tt0364970;Babylon A.D. ;Action
tt0364970;Babylon A.D. ;Adventure
tt0364970;Babylon A.D. ;Sci-Fi
tt0116421;The Glimmer Man ;Action
tt0116421;The Glimmer Man ;Comedy
tt0116421;The Glimmer Man ;Crime
tt0117108;Multiplicity ;Comedy
tt0117108;Multiplicity ;Romance
tt0117108;Multiplicity ;Sci-Fi
tt0775552;Aliens in the Attic ;Adventure
tt0775552;Aliens in the Attic ;Comedy
tt0775552;Aliens in the Attic ;Family
tt0237572;The Pledge ;Crime
tt0237572;The Pledge ;Drama
tt0237572;The Pledge ;Mystery
tt0395251;The Producers ;Comedy
tt0395251;The Producers ;Musical
tt0117331;The Phantom ;Action
tt0117331;The Phantom ;Adventure
tt0117331;The Phantom ;Comedy
tt0149624;All the Pretty Horses ;Drama
tt0149624;All the Pretty Horses ;Romance
tt0149624;All the Pretty Horses ;Western
tt0113987;Nixon ;Biography
tt0113987;Nixon ;Drama
tt0113987;Nixon ;History
tt1139328;The Ghost Writer ;Mystery
tt1139328;The Ghost Writer ;Thriller
tt0118956;Deep Rising ;Action
tt0118956;Deep Rising ;Adventure
tt0118956;Deep Rising ;Horror
tt1046997;Miracle at St. Anna ;Action
tt1046997;Miracle at St. Anna ;Crime
tt1046997;Miracle at St. Anna ;Drama
tt0473444;Curse of the Golden Flower ;Drama
tt0473444;Curse of the Golden Flower ;Romance
tt0814022;Bangkok Dangerous ;Action
tt0814022;Bangkok Dangerous ;Crime
tt0814022;Bangkok Dangerous ;Thriller
tt0246464;Big Trouble ;Comedy
tt0246464;Big Trouble ;Crime
tt0246464;Big Trouble ;Thriller
tt0484740;Love in the Time of Cholera ;Drama
tt0484740;Love in the Time of Cholera ;Romance
tt0120107;Shadow Conspiracy ;Action
tt0120107;Shadow Conspiracy ;Thriller
tt1634122;Johnny English Reborn ;Action
tt1634122;Johnny English Reborn ;Adventure
tt1634122;Johnny English Reborn ;Comedy
tt0249516;Foodfight! ;Action
tt0249516;Foodfight! ;Animation
tt0249516;Foodfight! ;Comedy
tt1024648;Argo ;Biography
tt1024648;Argo ;Drama
tt1024648;Argo ;History
tt0106977;The Fugitive ;Action
tt0106977;The Fugitive ;Adventure
tt0106977;The Fugitive ;Crime
tt1038919;The Bounty Hunter ;Action
tt1038919;The Bounty Hunter ;Comedy
tt1038919;The Bounty Hunter ;Romance
tt0117665;Sleepers ;Crime
tt0117665;Sleepers ;Drama
tt0117665;Sleepers ;Thriller
tt0089880;Rambo: First Blood Part II ;Action
tt0089880;Rambo: First Blood Part II ;Adventure
tt0089880;Rambo: First Blood Part II ;Thriller
tt0116731;The Juror ;Drama
tt0116731;The Juror ;Thriller
tt0032910;Pinocchio ;Animation
tt0032910;Pinocchio ;Family
tt0032910;Pinocchio ;Fantasy
tt0080855;Heaven's Gate ;Adventure
tt0080855;Heaven's Gate ;Drama
tt0080855;Heaven's Gate ;Western
tt0401855;Underworld: Evolution ;Action
tt0401855;Underworld: Evolution ;Adventure
tt0401855;Underworld: Evolution ;Fantasy
tt1976009;Victor Frankenstein ;Drama
tt1976009;Victor Frankenstein ;Horror
tt1976009;Victor Frankenstein ;Sci-Fi
tt0181536;Finding Forrester ;Drama
tt0191754;28 Days ;Comedy
tt0191754;28 Days ;Drama
tt0342258;Unleashed ;Action
tt0342258;Unleashed ;Crime
tt0342258;Unleashed ;Drama
tt0253867;The Sweetest Thing ;Comedy
tt0253867;The Sweetest Thing ;Romance
tt0106918;The Firm ;Drama
tt0106918;The Firm ;Mystery
tt0106918;The Firm ;Thriller
tt1438254;Charlie St. Cloud ;Drama
tt1438254;Charlie St. Cloud ;Fantasy
tt1438254;Charlie St. Cloud ;Romance
tt0472399;The Mechanic ;Action
tt0472399;The Mechanic ;Crime
tt0472399;The Mechanic ;Thriller
tt1232829;21 Jump Street ;Action
tt1232829;21 Jump Street ;Comedy
tt1232829;21 Jump Street ;Crime
tt0125439;Notting Hill ;Comedy
tt0125439;Notting Hill ;Drama
tt0125439;Notting Hill ;Romance
tt0120630;Chicken Run ;Adventure
tt0120630;Chicken Run ;Animation
tt0120630;Chicken Run ;Comedy
tt0343135;Along Came Polly ;Comedy
tt0343135;Along Came Polly ;Romance
tt0103859;Boomerang ;Comedy
tt0103859;Boomerang ;Drama
tt0103859;Boomerang ;Romance
tt2404463;The Heat ;Action
tt2404463;The Heat ;Comedy
tt2404463;The Heat ;Crime
tt0056937;Cleopatra ;Biography
tt0056937;Cleopatra ;Drama
tt0056937;Cleopatra ;History
tt1648179;Here Comes the Boom ;Action
tt1648179;Here Comes the Boom ;Comedy
tt1648179;Here Comes the Boom ;Sport
tt0257756;High Crimes ;Crime
tt0257756;High Crimes ;Drama
tt0257756;High Crimes ;Mystery
tt0117057;The Mirror Has Two Faces ;Comedy
tt0117057;The Mirror Has Two Faces ;Drama
tt0117057;The Mirror Has Two Faces ;Romance
tt0265349;The Mothman Prophecies ;Drama
tt0265349;The Mothman Prophecies ;Horror
tt0265349;The Mothman Prophecies ;Mystery
tt0889583;Brüno ;Comedy
tt0097742;Licence to Kill ;Action
tt0097742;Licence to Kill ;Adventure
tt0097742;Licence to Kill ;Thriller
tt1486185;Red Riding Hood ;Fantasy
tt1486185;Red Riding Hood ;Horror
tt1486185;Red Riding Hood ;Mystery
tt0179626;15 Minutes ;Action
tt0179626;15 Minutes ;Crime
tt0179626;15 Minutes ;Drama
tt0108255;Super Mario Bros. ;Adventure
tt0108255;Super Mario Bros. ;Comedy
tt0108255;Super Mario Bros. ;Family
tt0399295;Lord of War ;Crime
tt0399295;Lord of War ;Drama
tt0399295;Lord of War ;Thriller
tt0299977;Hero ;Action
tt0299977;Hero ;Adventure
tt0299977;Hero ;History
tt1598828;One for the Money ;Action
tt1598828;One for the Money ;Comedy
tt1598828;One for the Money ;Crime
tt2788710;The Interview ;Comedy
tt1032751;The Warrior's Way ;Action
tt1032751;The Warrior's Way ;Fantasy
tt1032751;The Warrior's Way ;Western
tt1149361;Micmacs ;Action
tt1149361;Micmacs ;Comedy
tt1149361;Micmacs ;Crime
tt0298203;8 Mile ;Drama
tt0298203;8 Mile ;Music
tt1220911;Animal Kingdom: Let's go Ape ;Adventure
tt1220911;Animal Kingdom: Let's go Ape ;Animation
tt1220911;Animal Kingdom: Let's go Ape ;Comedy
tt0183790;A Knight's Tale ;Action
tt0183790;A Knight's Tale ;Adventure
tt0183790;A Knight's Tale ;Romance
tt0288045;The Medallion ;Action
tt0288045;The Medallion ;Comedy
tt0288045;The Medallion ;Fantasy
tt0167404;The Sixth Sense ;Drama
tt0167404;The Sixth Sense ;Mystery
tt0167404;The Sixth Sense ;Thriller
tt1568338;Man on a Ledge ;Action
tt1568338;Man on a Ledge ;Crime
tt1568338;Man on a Ledge ;Thriller
tt1053810;The Big Year ;Comedy
tt0087538;The Karate Kid ;Action
tt0087538;The Karate Kid ;Drama
tt0087538;The Karate Kid ;Family
tt1800241;American Hustle ;Crime
tt1800241;American Hustle ;Drama
tt1041829;The Proposal ;Comedy
tt1041829;The Proposal ;Drama
tt1041829;The Proposal ;Romance
tt0150377;Double Jeopardy ;Crime
tt0150377;Double Jeopardy ;Mystery
tt0150377;Double Jeopardy ;Thriller
tt0096874;Back to the Future Part II ;Adventure
tt0096874;Back to the Future Part II ;Comedy
tt0096874;Back to the Future Part II ;Sci-Fi
tt2872732;Lucy ;Action
tt2872732;Lucy ;Sci-Fi
tt2872732;Lucy ;Thriller
tt2322441;Fifty Shades of Grey ;Drama
tt2322441;Fifty Shades of Grey ;Romance
tt0338459;Spy Kids 3-D: Game Over ;Action
tt0338459;Spy Kids 3-D: Game Over ;Adventure
tt0338459;Spy Kids 3-D: Game Over ;Comedy
tt0117913;A Time to Kill ;Crime
tt0117913;A Time to Kill ;Drama
tt0117913;A Time to Kill ;Thriller
tt0349205;Cheaper by the Dozen ;Comedy
tt0349205;Cheaper by the Dozen ;Family
tt1091191;Lone Survivor ;Action
tt1091191;Lone Survivor ;Biography
tt1091191;Lone Survivor ;Drama
tt0104694;A League of Their Own ;Comedy
tt0104694;A League of Their Own ;Drama
tt0104694;A League of Their Own ;Sport
tt3065204;The Conjuring 2 ;Horror
tt3065204;The Conjuring 2 ;Mystery
tt3065204;The Conjuring 2 ;Thriller
tt1285016;The Social Network ;Biography
tt1285016;The Social Network ;Drama
tt1001508;He's Just Not That Into You ;Comedy
tt1001508;He's Just Not That Into You ;Drama
tt1001508;He's Just Not That Into You ;Romance
tt0362120;Scary Movie 4 ;Comedy
tt0134084;Scream 3 ;Horror
tt0134084;Scream 3 ;Mystery
tt0099088;Back to the Future Part III ;Adventure
tt0099088;Back to the Future Part III ;Comedy
tt0099088;Back to the Future Part III ;Sci-Fi
tt2561572;Get Hard ;Comedy
tt2561572;Get Hard ;Crime
tt0103874;Bram Stoker's Dracula ;Fantasy
tt0103874;Bram Stoker's Dracula ;Horror
tt0103874;Bram Stoker's Dracula ;Romance
tt1135503;Julie & Julia ;Biography
tt1135503;Julie & Julia ;Drama
tt1135503;Julie & Julia ;Romance
tt0453562;42 ;Biography
tt0453562;42 ;Drama
tt0453562;42 ;Sport
tt0134119;The Talented Mr. Ripley ;Crime
tt0134119;The Talented Mr. Ripley ;Drama
tt0134119;The Talented Mr. Ripley ;Thriller
tt2096672;Dumb and Dumber To ;Comedy
tt0397313;Eight Below ;Adventure
tt0397313;Eight Below ;Drama
tt0397313;Eight Below ;Family
tt2361509;The Intern ;Comedy
tt2361509;The Intern ;Drama
tt2869728;Ride Along 2 ;Action
tt2869728;Ride Along 2 ;Comedy
tt0104691;The Last of the Mohicans ;Action
tt0104691;The Last of the Mohicans ;Adventure
tt0104691;The Last of the Mohicans ;Drama
tt0350258;Ray ;Biography
tt0350258;Ray ;Drama
tt0350258;Ray ;Music
tt0401792;Sin City ;Crime
tt0401792;Sin City ;Thriller
tt0443274;Vantage Point ;Crime
tt0443274;Vantage Point ;Drama
tt0443274;Vantage Point ;Mystery
tt1155056;I Love You, Man ;Comedy
tt1155056;I Love You, Man ;Romance
tt0256380;Shallow Hal ;Comedy
tt0256380;Shallow Hal ;Drama
tt0256380;Shallow Hal ;Fantasy
tt0102138;JFK ;Drama
tt0102138;JFK ;History
tt0102138;JFK ;Thriller
tt0421729;Big Momma's House 2 ;Comedy
tt0421729;Big Momma's House 2 ;Crime
tt0236493;The Mexican ;Adventure
tt0236493;The Mexican ;Comedy
tt0236493;The Mexican ;Crime
tt0974661;17 Again ;Comedy
tt0974661;17 Again ;Drama
tt0974661;17 Again ;Family
tt2203939;The Other Woman ;Comedy
tt2203939;The Other Woman ;Romance
tt1144884;The Final Destination ;Horror
tt3682448;Bridge of Spies ;Drama
tt3682448;Bridge of Spies ;History
tt3682448;Bridge of Spies ;Thriller
tt0159273;Behind Enemy Lines ;Action
tt0159273;Behind Enemy Lines ;Drama
tt0159273;Behind Enemy Lines ;Thriller
tt1226229;Get Him to the Greek ;Comedy
tt1226229;Get Him to the Greek ;Music
tt0358135;Shall We Dance ;Comedy
tt0358135;Shall We Dance ;Drama
tt0358135;Shall We Dance ;Romance
tt0122718;Small Soldiers ;Action
tt0122718;Small Soldiers ;Adventure
tt0122718;Small Soldiers ;Comedy
tt0120177;Spawn ;Action
tt0120177;Spawn ;Horror
tt0245844;The Count of Monte Cristo ;Action
tt0245844;The Count of Monte Cristo ;Adventure
tt0245844;The Count of Monte Cristo ;Drama
tt1189340;The Lincoln Lawyer ;Crime
tt1189340;The Lincoln Lawyer ;Drama
tt1189340;The Lincoln Lawyer ;Thriller
tt1401152;Unknown ;Action
tt1401152;Unknown ;Mystery
tt1401152;Unknown ;Thriller
tt0482571;The Prestige ;Drama
tt0482571;The Prestige ;Mystery
tt0482571;The Prestige ;Sci-Fi
tt2170439;Horrible Bosses 2 ;Comedy
tt2170439;Horrible Bosses 2 ;Crime
tt0765446;Escape from Planet Earth ;Adventure
tt0765446;Escape from Planet Earth ;Animation
tt0765446;Escape from Planet Earth ;Comedy
tt0472043;Apocalypto ;Action
tt0472043;Apocalypto ;Adventure
tt0472043;Apocalypto ;Drama
tt0093428;The Living Daylights ;Action
tt0093428;The Living Daylights ;Adventure
tt0093428;The Living Daylights ;Thriller
tt1424381;Predators ;Action
tt1424381;Predators ;Adventure
tt1424381;Predators ;Sci-Fi
tt0091396;Legal Eagles ;Comedy
tt0091396;Legal Eagles ;Crime
tt0091396;Legal Eagles ;Romance
tt0363988;Secret Window ;Mystery
tt0363988;Secret Window ;Thriller
tt0410297;The Lake House ;Drama
tt0410297;The Lake House ;Fantasy
tt0410297;The Lake House ;Romance
tt0397101;The Skeleton Key ;Horror
tt0397101;The Skeleton Key ;Mystery
tt0397101;The Skeleton Key ;Thriller
tt1462769;The Odd Life of Timothy Green ;Comedy
tt1462769;The Odd Life of Timothy Green ;Drama
tt1462769;The Odd Life of Timothy Green ;Family
tt0866439;Made of Honor ;Comedy
tt0866439;Made of Honor ;Romance
tt1742044;Jersey Boys ;Biography
tt1742044;Jersey Boys ;Drama
tt1742044;Jersey Boys ;Music
tt0119978;The Rainmaker ;Crime
tt0119978;The Rainmaker ;Drama
tt0119978;The Rainmaker ;Thriller
tt0348836;Gothika ;Horror
tt0348836;Gothika ;Mystery
tt0348836;Gothika ;Thriller
tt0118607;Amistad ;Drama
tt0118607;Amistad ;History
tt0104839;Medicine Man ;Adventure
tt0104839;Medicine Man ;Drama
tt0104839;Medicine Man ;Romance
tt0758730;Aliens vs. Predator: Requiem ;Action
tt0758730;Aliens vs. Predator: Requiem ;Horror
tt0758730;Aliens vs. Predator: Requiem ;Sci-Fi
tt0110989;Ri¢hie Ri¢h ;Comedy
tt0110989;Ri¢hie Ri¢h ;Family
tt0174480;Autumn in New York ;Drama
tt0174480;Autumn in New York ;Romance
tt0758766;Music and Lyrics ;Comedy
tt0758766;Music and Lyrics ;Music
tt0758766;Music and Lyrics ;Romance
tt1092026;Paul ;Adventure
tt1092026;Paul ;Comedy
tt1092026;Paul ;Sci-Fi
tt1694020;The Guilt Trip ;Comedy
tt1694020;The Guilt Trip ;Drama
tt1262416;Scream 4 ;Horror
tt1262416;Scream 4 ;Mystery
tt0134273;8MM ;Mystery
tt0134273;8MM ;Thriller
tt0101761;The Doors ;Biography
tt0101761;The Doors ;Drama
tt0101761;The Doors ;Music
tt1956620;Sex Tape ;Comedy
tt0162983;Hanging Up ;Comedy
tt0162983;Hanging Up ;Drama
tt1622979;Final Destination 5 ;Horror
tt0130121;Mickey Blue Eyes ;Comedy
tt0130121;Mickey Blue Eyes ;Crime
tt0130121;Mickey Blue Eyes ;Romance
tt0223897;Pay It Forward ;Drama
tt0332047;Fever Pitch ;Comedy
tt0332047;Fever Pitch ;Drama
tt0332047;Fever Pitch ;Romance
tt0817538;Drillbit Taylor ;Comedy
tt0817538;Drillbit Taylor ;Drama
tt2557490;A Million Ways to Die in the West ;Comedy
tt2557490;A Million Ways to Die in the West ;Western
tt0111143;The Shadow ;Action
tt0111143;The Shadow ;Adventure
tt0111143;The Shadow ;Crime
tt0477302;Extremely Loud & Incredibly Close ;Adventure
tt0477302;Extremely Loud & Incredibly Close ;Drama
tt0477302;Extremely Loud & Incredibly Close ;Mystery
tt1126618;Morning Glory ;Comedy
tt1126618;Morning Glory ;Drama
tt1126618;Morning Glory ;Romance
tt0430308;Get Rich or Die Tryin' ;Biography
tt0430308;Get Rich or Die Tryin' ;Crime
tt0430308;Get Rich or Die Tryin' ;Drama
tt0160009;The Art of War ;Action
tt0160009;The Art of War ;Adventure
tt0160009;The Art of War ;Crime
tt0294870;Rent ;Drama
tt0294870;Rent ;Musical
tt0294870;Rent ;Romance
tt0163983;Bless the Child ;Crime
tt0163983;Bless the Child ;Drama
tt0163983;Bless the Child ;Horror
tt0129280;The Out-of-Towners ;Comedy
tt0116654;The Island of Dr. Moreau ;Horror
tt0116654;The Island of Dr. Moreau ;Sci-Fi
tt0116654;The Island of Dr. Moreau ;Thriller
tt0246544;The Musketeer ;Action
tt0246544;The Musketeer ;Adventure
tt0246544;The Musketeer ;Romance
tt0467200;The Other Boleyn Girl ;Biography
tt0467200;The Other Boleyn Girl ;Drama
tt0467200;The Other Boleyn Girl ;History
tt0230838;Sweet November ;Drama
tt0230838;Sweet November ;Romance
tt0444682;The Reaping ;Horror
tt0444682;The Reaping ;Thriller
tt0070379;Mean Streets ;Crime
tt0070379;Mean Streets ;Drama
tt0070379;Mean Streets ;Romance
tt0110971;Renaissance Man ;Comedy
tt0110971;Renaissance Man ;Drama
tt1657507;Colombiana ;Action
tt1657507;Colombiana ;Crime
tt1657507;Colombiana ;Drama
tt0120800;The Magic Sword: Quest for Camelot ;Adventure
tt0120800;The Magic Sword: Quest for Camelot ;Animation
tt0120800;The Magic Sword: Quest for Camelot ;Comedy
tt0269095;City by the Sea ;Crime
tt0269095;City by the Sea ;Drama
tt0269095;City by the Sea ;Mystery
tt0132512;At First Sight ;Drama
tt0132512;At First Sight ;Romance
tt0329691;Torque ;Action
tt0329691;Torque ;Comedy
tt0329691;Torque ;Crime
tt0115907;City Hall ;Drama
tt0115907;City Hall ;Thriller
tt0114436;Showgirls ;Drama
tt0422720;Marie Antoinette ;Biography
tt0422720;Marie Antoinette ;Drama
tt0422720;Marie Antoinette ;History
tt0113552;Kiss of Death ;Action
tt0113552;Kiss of Death ;Crime
tt0113552;Kiss of Death ;Thriller
tt0208988;Get Carter ;Action
tt0208988;Get Carter ;Crime
tt0208988;Get Carter ;Drama
tt1649419;The Impossible ;Drama
tt1649419;The Impossible ;Thriller
tt0093278;Ishtar ;Action
tt0093278;Ishtar ;Adventure
tt0093278;Ishtar ;Comedy
tt0432283;Fantastic Mr. Fox ;Adventure
tt0432283;Fantastic Mr. Fox ;Animation
tt0432283;Fantastic Mr. Fox ;Comedy
tt0282687;Life or Something Like It ;Comedy
tt0282687;Life or Something Like It ;Romance
tt0104850;Memoirs of an Invisible Man ;Comedy
tt0104850;Memoirs of an Invisible Man ;Romance
tt0104850;Memoirs of an Invisible Man ;Sci-Fi
tt0211915;Amélie ;Comedy
tt0211915;Amélie ;Romance
tt0363282;New York Minute ;Comedy
tt0363282;New York Minute ;Crime
tt0363282;New York Minute ;Family
tt0375173;Alfie ;Comedy
tt0375173;Alfie ;Drama
tt0375173;Alfie ;Romance
tt1430615;Big Miracle ;Biography
tt1430615;Big Miracle ;Drama
tt1430615;Big Miracle ;Romance
tt0120646;The Deep End of the Ocean ;Drama
tt0295254;Feardotcom ;Crime
tt0295254;Feardotcom ;Horror
tt0295254;Feardotcom ;Thriller
tt0450405;Cirque du Freak: The Vampire's Assistant ;Action
tt0450405;Cirque du Freak: The Vampire's Assistant ;Adventure
tt0450405;Cirque du Freak: The Vampire's Assistant ;Fantasy
tt0266489;Duplex ;Comedy
tt1111948;Soul Men ;Comedy
tt1111948;Soul Men ;Drama
tt1111948;Soul Men ;Music
tt0081400;Raise the Titanic ;Action
tt0081400;Raise the Titanic ;Adventure
tt0081400;Raise the Titanic ;Drama
tt0176269;Universal Soldier: The Return ;Action
tt0176269;Universal Soldier: The Return ;Sci-Fi
tt1188729;Pandorum ;Action
tt1188729;Pandorum ;Horror
tt1188729;Pandorum ;Mystery
tt0160399;Impostor ;Drama
tt0160399;Impostor ;Mystery
tt0160399;Impostor ;Sci-Fi
tt0283160;Extreme Ops ;Action
tt0283160;Extreme Ops ;Adventure
tt0283160;Extreme Ops ;Thriller
tt0189192;Just Visiting ;Comedy
tt0189192;Just Visiting ;Fantasy
tt0189192;Just Visiting ;Sci-Fi
tt0448134;Sunshine ;Adventure
tt0448134;Sunshine ;Sci-Fi
tt0448134;Sunshine ;Thriller
tt0763831;A Thousand Words ;Comedy
tt0763831;A Thousand Words ;Drama
tt0361500;Delgo ;Adventure
tt0361500;Delgo ;Animation
tt0361500;Delgo ;Comedy
tt2515034;The Gunman ;Action
tt2515034;The Gunman ;Crime
tt2515034;The Gunman ;Drama
tt0457495;Alex Rider: Operation Stormbreaker ;Action
tt0457495;Alex Rider: Operation Stormbreaker ;Adventure
tt0457495;Alex Rider: Operation Stormbreaker ;Family
tt0486822;Disturbia ;Drama
tt0486822;Disturbia ;Mystery
tt0486822;Disturbia ;Thriller
tt0113243;Hackers ;Comedy
tt0113243;Hackers ;Crime
tt0113243;Hackers ;Drama
tt0455782;The Hunting Party ;Adventure
tt0455782;The Hunting Party ;Comedy
tt0455782;The Hunting Party ;Drama
tt0110074;The Hudsucker Proxy ;Comedy
tt0110074;The Hudsucker Proxy ;Fantasy
tt0913968;The Warlords ;Action
tt0913968;The Warlords ;Drama
tt0913968;The Warlords ;History
tt0374089;Nomad: The Warrior ;Drama
tt0374089;Nomad: The Warrior ;History
tt0374089;Nomad: The Warrior ;War
tt1706620;Snowpiercer ;Action
tt1706620;Snowpiercer ;Drama
tt1706620;Snowpiercer ;Sci-Fi
tt0961097;A Monster in Paris ;Adventure
tt0961097;A Monster in Paris ;Animation
tt0961097;A Monster in Paris ;Comedy
tt0357054;The Last Shot ;Comedy
tt0109506;The Crow ;Action
tt0109506;The Crow ;Drama
tt0109506;The Crow ;Fantasy
tt2631186;Baahubali: The Beginning ;Action
tt2631186;Baahubali: The Beginning ;Adventure
tt2631186;Baahubali: The Beginning ;Drama
tt0452694;The Time Traveler's Wife ;Drama
tt0452694;The Time Traveler's Wife ;Fantasy
tt0452694;The Time Traveler's Wife ;Romance
tt0490084;Because I Said So ;Comedy
tt0490084;Because I Said So ;Romance
tt1142977;Frankenweenie ;Animation
tt1142977;Frankenweenie ;Comedy
tt1142977;Frankenweenie ;Family
tt0379786;Serenity ;Action
tt0379786;Serenity ;Adventure
tt0379786;Serenity ;Sci-Fi
tt0312329;Against the Ropes ;Biography
tt0312329;Against the Ropes ;Drama
tt0312329;Against the Ropes ;Romance
tt0086393;Superman III ;Action
tt0086393;Superman III ;Comedy
tt0086393;Superman III ;Sci-Fi
tt1661382;Grudge Match ;Comedy
tt1661382;Grudge Match ;Sport
tt0425637;Red Cliff ;Action
tt0425637;Red Cliff ;Adventure
tt0425637;Red Cliff ;Drama
tt0256415;Sweet Home Alabama ;Comedy
tt0256415;Sweet Home Alabama ;Romance
tt1142988;The Ugly Truth ;Comedy
tt1142988;The Ugly Truth ;Romance
tt0117608;Sgt. Bilko ;Comedy
tt0287717;Spy Kids 2: Island of Lost Dreams ;Action
tt0287717;Spy Kids 2: Island of Lost Dreams ;Adventure
tt0287717;Spy Kids 2: Island of Lost Dreams ;Comedy
tt0111280;Star Trek: Generations ;Action
tt0111280;Star Trek: Generations ;Adventure
tt0111280;Star Trek: Generations ;Mystery
tt1462900;The Grandmaster ;Action
tt1462900;The Grandmaster ;Biography
tt1462900;The Grandmaster ;Drama
tt1067583;Water for Elephants ;Drama
tt1067583;Water for Elephants ;Romance
tt2911342;Dragon Nest: Warriors' Dawn ;Adventure
tt2911342;Dragon Nest: Warriors' Dawn ;Animation
tt2911342;Dragon Nest: Warriors' Dawn ;Family
tt0174856;The Hurricane ;Biography
tt0174856;The Hurricane ;Drama
tt0174856;The Hurricane ;Sport
tt0278435;Enough ;Crime
tt0278435;Enough ;Drama
tt0278435;Enough ;Thriller
tt0125022;Heartbreakers ;Comedy
tt0125022;Heartbreakers ;Crime
tt0125022;Heartbreakers ;Romance
tt3450650;Paul Blart: Mall Cop 2 ;Action
tt3450650;Paul Blart: Mall Cop 2 ;Comedy
tt3450650;Paul Blart: Mall Cop 2 ;Crime
tt0225071;Angel Eyes ;Drama
tt0225071;Angel Eyes ;Romance
tt0279889;Joe Somebody ;Comedy
tt0279889;Joe Somebody ;Drama
tt0142688;The Ninth Gate ;Mystery
tt0142688;The Ninth Gate ;Thriller
tt0116259;Extreme Measures ;Crime
tt0116259;Extreme Measures ;Drama
tt0116259;Extreme Measures ;Mystery
tt0202470;Rock Star ;Drama
tt0202470;Rock Star ;Music
tt0929632;Precious ;Drama
tt0118158;White Squall ;Adventure
tt0118158;White Squall ;Drama
tt0084787;The Thing ;Horror
tt0084787;The Thing ;Mystery
tt0084787;The Thing ;Sci-Fi
tt1411250;Riddick ;Action
tt1411250;Riddick ;Sci-Fi
tt1411250;Riddick ;Thriller
tt0119210;Switchback ;Crime
tt0119210;Switchback ;Mystery
tt0119210;Switchback ;Thriller
tt0193560;Texas Rangers ;Action
tt0193560;Texas Rangers ;Adventure
tt0193560;Texas Rangers ;Drama
tt0970411;City of Ember ;Adventure
tt0970411;City of Ember ;Family
tt0970411;City of Ember ;Fantasy
tt1560747;The Master ;Drama
tt0437954;Virgin Territory ;Adventure
tt0437954;Virgin Territory ;Comedy
tt0437954;Virgin Territory ;History
tt0469903;The Express ;Biography
tt0469903;The Express ;Drama
tt0469903;The Express ;Sport
tt2304933;The 5th Wave ;Action
tt2304933;The 5th Wave ;Adventure
tt2304933;The 5th Wave ;Sci-Fi
tt3076658;Creed ;Drama
tt3076658;Creed ;Sport
tt0840361;The Town ;Crime
tt0840361;The Town ;Drama
tt0840361;The Town ;Thriller
tt1586265;What to Expect When You're Expecting ;Comedy
tt1586265;What to Expect When You're Expecting ;Drama
tt1586265;What to Expect When You're Expecting ;Romance
tt0887883;Burn After Reading ;Comedy
tt0887883;Burn After Reading ;Drama
tt0410377;Nim's Island ;Adventure
tt0410377;Nim's Island ;Comedy
tt0410377;Nim's Island ;Family
tt1979320;Rush ;Action
tt1979320;Rush ;Biography
tt1979320;Rush ;Drama
tt0175880;Magnolia ;Drama
tt1385867;Cop Out ;Action
tt1385867;Cop Out ;Comedy
tt1385867;Cop Out ;Crime
tt1292566;How to Be Single ;Comedy
tt1292566;How to Be Single ;Romance
tt1564349;Dolphin Tale ;Drama
tt1564349;Dolphin Tale ;Family
tt1099212;Twilight ;Drama
tt1099212;Twilight ;Fantasy
tt1099212;Twilight ;Romance
tt0251160;John Q ;Crime
tt0251160;John Q ;Drama
tt0251160;John Q ;Thriller
tt0181316;Blue Streak ;Action
tt0181316;Blue Streak ;Comedy
tt0181316;Blue Streak ;Crime
tt1723121;We're the Millers ;Comedy
tt1723121;We're the Millers ;Crime
tt0972558;Obitaemyy ostrov ;Action
tt0972558;Obitaemyy ostrov ;Adventure
tt0972558;Obitaemyy ostrov ;Sci-Fi
tt0118771;Breakdown ;Action
tt0118771;Breakdown ;Crime
tt0118771;Breakdown ;Drama
tt0086006;Never Say Never Again ;Action
tt0086006;Never Say Never Again ;Adventure
tt0086006;Never Say Never Again ;Thriller
tt1231587;Hot Tub Time Machine ;Comedy
tt1231587;Hot Tub Time Machine ;Sci-Fi
tt2978462;Dolphin Tale 2 ;Drama
tt2978462;Dolphin Tale 2 ;Family
tt0184858;Reindeer Games ;Action
tt0184858;Reindeer Games ;Adventure
tt0184858;Reindeer Games ;Crime
tt0266465;A Man Apart ;Action
tt0266465;A Man Apart ;Crime
tt0266465;A Man Apart ;Drama
tt1243974;Aloha ;Comedy
tt1243974;Aloha ;Drama
tt1243974;Aloha ;Romance
tt0116410;Ghosts of Mississippi ;Drama
tt0116410;Ghosts of Mississippi ;History
tt0120834;Snow Falling on Cedars ;Drama
tt0120834;Snow Falling on Cedars ;Mystery
tt0120834;Snow Falling on Cedars ;Romance
tt1161864;The Rite ;Drama
tt1161864;The Rite ;Horror
tt1161864;The Rite ;Mystery
tt0119177;Gattaca ;Drama
tt0119177;Gattaca ;Sci-Fi
tt0119177;Gattaca ;Thriller
tt0141399;Isn't She Great ;Biography
tt0141399;Isn't She Great ;Comedy
tt0141399;Isn't She Great ;Romance
tt0482603;Space Chimps ;Adventure
tt0482603;Space Chimps ;Animation
tt0482603;Space Chimps ;Comedy
tt0325537;Head of State ;Comedy
tt1119646;The Hangover ;Comedy
tt2888046;Ip Man 3 ;Action
tt2888046;Ip Man 3 ;Biography
tt2888046;Ip Man 3 ;Drama
tt0145660;Austin Powers: The Spy Who Shagged Me ;Action
tt0145660;Austin Powers: The Spy Who Shagged Me ;Adventure
tt0145660;Austin Powers: The Spy Who Shagged Me ;Comedy
tt0096895;Batman ;Action
tt0096895;Batman ;Adventure
tt1316616;There Be Dragons ;Biography
tt1316616;There Be Dragons ;Drama
tt1316616;There Be Dragons ;War
tt0104714;Lethal Weapon 3 ;Action
tt0104714;Lethal Weapon 3 ;Crime
tt0104714;Lethal Weapon 3 ;Thriller
tt0878804;The Blind Side ;Biography
tt0878804;The Blind Side ;Drama
tt0878804;The Blind Side ;Sport
tt0227538;Spy Kids ;Action
tt0227538;Spy Kids ;Adventure
tt0227538;Spy Kids ;Comedy
tt1499658;Horrible Bosses ;Comedy
tt1499658;Horrible Bosses ;Crime
tt1403865;True Grit ;Adventure
tt1403865;True Grit ;Drama
tt1403865;True Grit ;Western
tt0458352;The Devil Wears Prada ;Comedy
tt0458352;The Devil Wears Prada ;Drama
tt0458352;The Devil Wears Prada ;Romance
tt0079945;Star Trek: The Motion Picture ;Adventure
tt0079945;Star Trek: The Motion Picture ;Mystery
tt0079945;Star Trek: The Motion Picture ;Sci-Fi
tt2024432;Identity Thief ;Comedy
tt2024432;Identity Thief ;Crime
tt0101540;Cape Fear ;Crime
tt0101540;Cape Fear ;Thriller
tt0478087;21 ;Crime
tt0478087;21 ;Drama
tt0478087;21 ;Thriller
tt3152624;Trainwreck ;Comedy
tt3152624;Trainwreck ;Romance
tt0372237;Guess Who ;Comedy
tt0372237;Guess Who ;Romance
tt0116209;The English Patient ;Drama
tt0116209;The English Patient ;Romance
tt0116209;The English Patient ;War
tt0119488;L.A. Confidential ;Crime
tt0119488;L.A. Confidential ;Drama
tt0119488;L.A. Confidential ;Mystery
tt0405325;Sky High ;Adventure
tt0405325;Sky High ;Comedy
tt0405325;Sky High ;Family
tt0119360;In & Out ;Comedy
tt0114508;Species ;Action
tt0114508;Species ;Horror
tt0114508;Species ;Sci-Fi
tt0087800;A Nightmare on Elm Street ;Horror
tt0209958;The Cell ;Horror
tt0209958;The Cell ;Sci-Fi
tt0209958;The Cell ;Thriller
tt0120744;The Man in the Iron Mask ;Action
tt0120744;The Man in the Iron Mask ;Adventure
tt1028576;Secretariat ;Biography
tt1028576;Secretariat ;Drama
tt1028576;Secretariat ;Family
tt0453556;TMNT ;Action
tt0453556;TMNT ;Adventure
tt0453556;TMNT ;Animation
tt0316465;Radio ;Biography
tt0316465;Radio ;Drama
tt0316465;Radio ;Sport
tt1632708;Friends with Benefits ;Comedy
tt1632708;Friends with Benefits ;Romance
tt4438848;Neighbors 2: Sorority Rising ;Comedy
tt2140373;Saving Mr. Banks ;Biography
tt2140373;Saving Mr. Banks ;Comedy
tt2140373;Saving Mr. Banks ;Drama
tt0104797;Malcolm X ;Biography
tt0104797;Malcolm X ;Drama
tt0104797;Malcolm X ;History
tt1758830;This Is 40 ;Comedy
tt0976238;Old Dogs ;Comedy
tt0976238;Old Dogs ;Family
tt0834001;Underworld: Rise of the Lycans ;Action
tt0834001;Underworld: Rise of the Lycans ;Adventure
tt0834001;Underworld: Rise of the Lycans ;Fantasy
tt0762114;License to Wed ;Comedy
tt0762114;License to Wed ;Romance
tt0437863;The Benchwarmers ;Comedy
tt0437863;The Benchwarmers ;Romance
tt0437863;The Benchwarmers ;Sport
tt0417001;Must Love Dogs ;Comedy
tt0417001;Must Love Dogs ;Romance
tt0119008;Donnie Brasco ;Biography
tt0119008;Donnie Brasco ;Crime
tt0119008;Donnie Brasco ;Drama
tt0120804;Resident Evil ;Action
tt0120804;Resident Evil ;Horror
tt0120804;Resident Evil ;Sci-Fi
tt0084516;Poltergeist ;Fantasy
tt0084516;Poltergeist ;Horror
tt0335245;The Ladykillers ;Comedy
tt0335245;The Ladykillers ;Crime
tt0335245;The Ladykillers ;Thriller
tt0467197;Max Payne ;Action
tt0467197;Max Payne ;Crime
tt0467197;Max Payne ;Drama
tt1637688;In Time ;Action
tt1637688;In Time ;Sci-Fi
tt1637688;In Time ;Thriller
tt1212436;The Back-up Plan ;Comedy
tt1212436;The Back-up Plan ;Romance
tt0491152;Something Borrowed ;Comedy
tt0491152;Something Borrowed ;Drama
tt0491152;Something Borrowed ;Romance
tt0265087;Black Knight ;Adventure
tt0265087;Black Knight ;Comedy
tt0265087;Black Knight ;Fantasy
tt0074174;The Bad News Bears ;Comedy
tt0074174;The Bad News Bears ;Drama
tt0074174;The Bad News Bears ;Family
tt0111301;Street Fighter ;Action
tt0111301;Street Fighter ;Adventure
tt0111301;Street Fighter ;Comedy
tt0253474;The Pianist ;Biography
tt0253474;The Pianist ;Drama
tt0253474;The Pianist ;War
tt0762121;The Nativity Story ;Drama
tt0762121;The Nativity Story ;Family
tt0762121;The Nativity Story ;Fantasy
tt0397065;House of Wax ;Horror
tt0376541;Closer ;Drama
tt0376541;Closer ;Romance
tt1616195;J. Edgar ;Biography
tt1616195;J. Edgar ;Crime
tt1616195;J. Edgar ;Drama
tt0790686;Mirrors ;Horror
tt0790686;Mirrors ;Mystery
tt0238546;Queen of the Damned ;Drama
tt0238546;Queen of the Damned ;Fantasy
tt0238546;Queen of the Damned ;Horror
tt0100403;Predator 2 ;Action
tt0100403;Predator 2 ;Horror
tt0100403;Predator 2 ;Sci-Fi
tt0880578;Untraceable ;Crime
tt0880578;Untraceable ;Drama
tt0880578;Untraceable ;Thriller
tt0124298;Blast from the Past ;Comedy
tt0124298;Blast from the Past ;Drama
tt0124298;Blast from the Past ;Romance
tt0080745;Flash Gordon ;Action
tt0080745;Flash Gordon ;Adventure
tt0080745;Flash Gordon ;Sci-Fi
tt0300051;Jersey Girl ;Comedy
tt0300051;Jersey Girl ;Drama
tt0300051;Jersey Girl ;Romance
tt1712170;Alex Cross ;Action
tt1712170;Alex Cross ;Crime
tt1712170;Alex Cross ;Mystery
tt0119668;Midnight in the Garden of Good and Evil ;Crime
tt0119668;Midnight in the Garden of Good and Evil ;Drama
tt0119668;Midnight in the Garden of Good and Evil ;Mystery
tt3276924;Heist ;Action
tt3276924;Heist ;Crime
tt3276924;Heist ;Thriller
tt1415283;Nanny McPhee Returns ;Comedy
tt1415283;Nanny McPhee Returns ;Family
tt1415283;Nanny McPhee Returns ;Fantasy
tt0104427;Hoffa ;Biography
tt0104427;Hoffa ;Crime
tt0104427;Hoffa ;Drama
tt0443701;The X Files: I Want to Believe ;Drama
tt0443701;The X Files: I Want to Believe ;Mystery
tt0443701;The X Files: I Want to Believe ;Sci-Fi
tt0327679;Ella Enchanted ;Comedy
tt0327679;Ella Enchanted ;Family
tt0327679;Ella Enchanted ;Fantasy
tt3322364;Concussion ;Biography
tt3322364;Concussion ;Drama
tt3322364;Concussion ;Sport
tt1600195;Abduction ;Action
tt1600195;Abduction ;Mystery
tt1600195;Abduction ;Thriller
tt0361089;Valiant ;Adventure
tt0361089;Valiant ;Animation
tt0361089;Valiant ;Comedy
tt0185014;Wonder Boys ;Comedy
tt0185014;Wonder Boys ;Drama
tt0426592;Superhero Movie ;Action
tt0426592;Superhero Movie ;Comedy
tt0426592;Superhero Movie ;Sci-Fi
tt1235522;Broken City ;Crime
tt1235522;Broken City ;Drama
tt1235522;Broken City ;Thriller
tt0257516;Cursed ;Comedy
tt0257516;Cursed ;Horror
tt1547234;Premium Rush ;Action
tt1547234;Premium Rush ;Crime
tt1547234;Premium Rush ;Thriller
tt2967224;Hot Pursuit ;Action
tt2967224;Hot Pursuit ;Comedy
tt2967224;Hot Pursuit ;Crime
tt0240510;The Four Feathers ;Adventure
tt0240510;The Four Feathers ;Drama
tt0240510;The Four Feathers ;Romance
tt1904996;Parker ;Action
tt1904996;Parker ;Crime
tt1904996;Parker ;Romance
tt0360201;Wimbledon ;Comedy
tt0360201;Wimbledon ;Romance
tt0360201;Wimbledon ;Sport
tt0492389;Furry Vengeance ;Comedy
tt0492389;Furry Vengeance ;Family
tt1438173;Bait ;Action
tt1438173;Bait ;Horror
tt1438173;Bait ;Sci-Fi
tt0085811;Krull ;Action
tt0085811;Krull ;Adventure
tt0085811;Krull ;Fantasy
tt0891527;Lions for Lambs ;Drama
tt0891527;Lions for Lambs ;Thriller
tt0891527;Lions for Lambs ;War
tt0099587;Flight of the Intruder ;Action
tt0099587;Flight of the Intruder ;Drama
tt0099587;Flight of the Intruder ;Thriller
tt0841046;Walk Hard: The Dewey Cox Story ;Comedy
tt0841046;Walk Hard: The Dewey Cox Story ;Music
tt0120824;The Shipping News ;Drama
tt0244000;American Outlaws ;Action
tt0244000;American Outlaws ;Western
tt0962736;The Young Victoria ;Biography
tt0962736;The Young Victoria ;Drama
tt0962736;The Young Victoria ;History
tt0365929;Whiteout ;Action
tt0365929;Whiteout ;Crime
tt0365929;Whiteout ;Mystery
tt0478304;The Tree of Life ;Drama
tt0478304;The Tree of Life ;Fantasy
tt0120724;Knock Off ;Action
tt0120724;Knock Off ;Comedy
tt0120724;Knock Off ;Thriller
tt1742334;Sabotage ;Action
tt1742334;Sabotage ;Crime
tt1742334;Sabotage ;Drama
tt0304711;The Order ;Action
tt0304711;The Order ;Mystery
tt0304711;The Order ;Thriller
tt0450314;Punisher: War Zone ;Action
tt0450314;Punisher: War Zone ;Crime
tt0450314;Punisher: War Zone ;Drama
tt0383060;Zoom ;Action
tt0383060;Zoom ;Adventure
tt0383060;Zoom ;Family
tt3488710;The Walk ;Adventure
tt3488710;The Walk ;Biography
tt3488710;The Walk ;Drama
tt0120479;Warriors of Virtue ;Action
tt0120479;Warriors of Virtue ;Adventure
tt0120479;Warriors of Virtue ;Fantasy
tt0401445;A Good Year ;Comedy
tt0401445;A Good Year ;Drama
tt0401445;A Good Year ;Romance
tt0105211;Radio Flyer ;Drama
tt0106469;Blood In, Blood Out ;Crime
tt0106469;Blood In, Blood Out ;Drama
tt0120152;Smilla's Sense of Snow ;Action
tt0120152;Smilla's Sense of Snow ;Drama
tt0120152;Smilla's Sense of Snow ;Sci-Fi
tt0280665;Femme Fatale ;Crime
tt0280665;Femme Fatale ;Drama
tt0280665;Femme Fatale ;Mystery
tt0081059;Lion of the Desert ;Biography
tt0081059;Lion of the Desert ;Drama
tt0081059;Lion of the Desert ;History
tt0113362;The Horseman on the Roof ;Adventure
tt0113362;The Horseman on the Roof ;Drama
tt0113362;The Horseman on the Roof ;Romance
tt0134154;Ride with the Devil ;Drama
tt0134154;Ride with the Devil ;Romance
tt0134154;Ride with the Devil ;War
tt1164999;Biutiful ;Drama
tt0416496;Bandidas ;Action
tt0416496;Bandidas ;Comedy
tt0416496;Bandidas ;Crime
tt0490087;Black Water Transit ;Crime
tt0490087;Black Water Transit ;Drama
tt1790864;The Maze Runner ;Action
tt1790864;The Maze Runner ;Mystery
tt1790864;The Maze Runner ;Sci-Fi
tt2358925;Unfinished Business ;Comedy
tt0106226;The Age of Innocence ;Drama
tt0106226;The Age of Innocence ;Romance
tt0414993;The Fountain ;Drama
tt0414993;The Fountain ;Sci-Fi
tt0163579;Chill Factor ;Action
tt0163579;Chill Factor ;Adventure
tt0163579;Chill Factor ;Comedy
tt1656186;Stolen ;Action
tt1656186;Stolen ;Crime
tt1656186;Stolen ;Drama
tt0876563;Ponyo ;Adventure
tt0876563;Ponyo ;Animation
tt0876563;Ponyo ;Family
tt2726560;The Longest Ride ;Drama
tt2726560;The Longest Ride ;Romance
tt0138304;The Astronaut's Wife ;Drama
tt0138304;The Astronaut's Wife ;Sci-Fi
tt0138304;The Astronaut's Wife ;Thriller
tt0167203;I Dreamed of Africa ;Adventure
tt0167203;I Dreamed of Africa ;Drama
tt0167203;I Dreamed of Africa ;Romance
tt1540128;Playing for Keeps ;Comedy
tt1540128;Playing for Keeps ;Romance
tt1540128;Playing for Keeps ;Sport
tt2304771;Mandela: Long Walk to Freedom ;Biography
tt2304771;Mandela: Long Walk to Freedom ;Drama
tt2304771;Mandela: Long Walk to Freedom ;History
tt0082979;Reds ;Biography
tt0082979;Reds ;Drama
tt0082979;Reds ;History
tt0104257;A Few Good Men ;Drama
tt0104257;A Few Good Men ;Thriller
tt0242445;Exit Wounds ;Action
tt0242445;Exit Wounds ;Comedy
tt0242445;Exit Wounds ;Crime
tt0208003;Big Momma's House ;Action
tt0208003;Big Momma's House ;Comedy
tt0208003;Big Momma's House ;Crime
tt3148834;Thunder and the House of Magic ;Adventure
tt3148834;Thunder and the House of Magic ;Animation
tt3148834;Thunder and the House of Magic ;Comedy
tt1093357;The Darkest Hour ;Action
tt1093357;The Darkest Hour ;Adventure
tt1093357;The Darkest Hour ;Horror
tt1800741;Step Up Revolution ;Drama
tt1800741;Step Up Revolution ;Music
tt1800741;Step Up Revolution ;Romance
tt0417148;Snakes on a Plane ;Action
tt0417148;Snakes on a Plane ;Adventure
tt0417148;Snakes on a Plane ;Crime
tt0204626;The Watcher ;Crime
tt0204626;The Watcher ;Horror
tt0204626;The Watcher ;Mystery
tt0330793;The Punisher ;Action
tt0330793;The Punisher ;Crime
tt0330793;The Punisher ;Drama
tt0380389;Goal! The Dream Begins ;Drama
tt0380389;Goal! The Dream Begins ;Romance
tt0380389;Goal! The Dream Begins ;Sport
tt1656190;Safe ;Action
tt1656190;Safe ;Crime
tt1656190;Safe ;Thriller
tt0120797;Pushing Tin ;Comedy
tt0120797;Pushing Tin ;Drama
tt0120797;Pushing Tin ;Romance
tt0086190;Star Wars: Episode VI - Return of the Jedi ;Action
tt0086190;Star Wars: Episode VI - Return of the Jedi ;Adventure
tt0086190;Star Wars: Episode VI - Return of the Jedi ;Fantasy
tt0483607;Doomsday ;Action
tt0483607;Doomsday ;Sci-Fi
tt0483607;Doomsday ;Thriller
tt0976051;The Reader ;Drama
tt0976051;The Reader ;Romance
tt1655460;Wanderlust ;Comedy
tt0319343;Elf ;Comedy
tt0319343;Elf ;Family
tt0319343;Elf ;Fantasy
tt0117333;Phenomenon ;Drama
tt0117333;Phenomenon ;Fantasy
tt0117333;Phenomenon ;Romance
tt0281373;Snow Dogs ;Adventure
tt0281373;Snow Dogs ;Comedy
tt0281373;Snow Dogs ;Family
tt0096061;Scrooged ;Comedy
tt0096061;Scrooged ;Drama
tt0096061;Scrooged ;Fantasy
tt0457510;Nacho Libre ;Comedy
tt0457510;Nacho Libre ;Family
tt0457510;Nacho Libre ;Sport
tt1478338;Bridesmaids ;Comedy
tt1478338;Bridesmaids ;Romance
tt1245492;This Is the End ;Comedy
tt1245492;This Is the End ;Fantasy
tt0145531;Stigmata ;Horror
tt0203019;Men of Honor ;Biography
tt0203019;Men of Honor ;Drama
tt1135084;Takers ;Action
tt1135084;Takers ;Crime
tt1135084;Takers ;Thriller
tt1931435;The Big Wedding ;Comedy
tt1464174;Big Mommas: Like Father, Like Son ;Action
tt1464174;Big Mommas: Like Father, Like Son ;Comedy
tt1464174;Big Mommas: Like Father, Like Son ;Crime
tt0945513;Source Code ;Mystery
tt0945513;Source Code ;Sci-Fi
tt0945513;Source Code ;Thriller
tt0106246;Alive ;Adventure
tt0106246;Alive ;Biography
tt0106246;Alive ;Drama
tt0481369;The Number 23 ;Mystery
tt0481369;The Number 23 ;Thriller
tt1981107;The Young and Prodigious T.S. Spivet ;Action
tt1981107;The Young and Prodigious T.S. Spivet ;Adventure
tt1981107;The Young and Prodigious T.S. Spivet ;Drama
tt0078723;1941 ;Action
tt0078723;1941 ;Comedy
tt0078723;1941 ;War
tt0418647;Dreamer: Inspired by a True Story ;Drama
tt0418647;Dreamer: Inspired by a True Story ;Family
tt0418647;Dreamer: Inspired by a True Story ;Sport
tt0399146;A History of Violence ;Crime
tt0399146;A History of Violence ;Drama
tt0399146;A History of Violence ;Thriller
tt0388482;Transporter 2 ;Action
tt0388482;Transporter 2 ;Crime
tt0388482;Transporter 2 ;Thriller
tt0114214;The Quick and the Dead ;Action
tt0114214;The Quick and the Dead ;Thriller
tt0114214;The Quick and the Dead ;Western
tt0323033;Laws of Attraction ;Comedy
tt0323033;Laws of Attraction ;Romance
tt0163988;Bringing Out the Dead ;Drama
tt0163988;Bringing Out the Dead ;Thriller
tt1053424;Repo Men ;Action
tt1053424;Repo Men ;Crime
tt1053424;Repo Men ;Sci-Fi
tt0372873;Dragon Wars: D-War ;Action
tt0372873;Dragon Wars: D-War ;Drama
tt0372873;Dragon Wars: D-War ;Fantasy
tt0115725;Bogus ;Comedy
tt0115725;Bogus ;Family
tt0115725;Bogus ;Fantasy
tt0790628;The Incredible Burt Wonderstone ;Comedy
tt0118829;Cats Don't Dance ;Animation
tt0118829;Cats Don't Dance ;Comedy
tt0118829;Cats Don't Dance ;Family
tt0150216;Cradle Will Rock ;Drama
tt0452624;The Good German ;Drama
tt0452624;The Good German ;Mystery
tt0452624;The Good German ;Thriller
tt0306892;George and the Dragon ;Action
tt0306892;George and the Dragon ;Adventure
tt0306892;George and the Dragon ;Comedy
tt0078788;Apocalypse Now ;Drama
tt0078788;Apocalypse Now ;War
tt1322312;Going the Distance ;Comedy
tt1322312;Going the Distance ;Romance
tt0113862;Mr. Holland's Opus ;Drama
tt0113862;Mr. Holland's Opus ;Music
tt3014866;Criminal ;Action
tt3014866;Criminal ;Crime
tt3014866;Criminal ;Drama
tt0089755;Out of Africa ;Biography
tt0089755;Out of Africa ;Drama
tt0089755;Out of Africa ;Romance
tt1907668;Flight ;Drama
tt1907668;Flight ;Thriller
tt0079574;Moonraker ;Action
tt0079574;Moonraker ;Adventure
tt0079574;Moonraker ;Sci-Fi
tt2278388;The Grand Budapest Hotel ;Adventure
tt2278388;The Grand Budapest Hotel ;Comedy
tt2278388;The Grand Budapest Hotel ;Crime
tt0252501;Hearts in Atlantis ;Drama
tt0252501;Hearts in Atlantis ;Mystery
tt0099052;Arachnophobia ;Comedy
tt0099052;Arachnophobia ;Fantasy
tt0099052;Arachnophobia ;Horror
tt0186151;Frequency ;Crime
tt0186151;Frequency ;Drama
tt0186151;Frequency ;Mystery
tt1524930;Vacation ;Adventure
tt1524930;Vacation ;Comedy
tt0113161;Get Shorty ;Comedy
tt0113161;Get Shorty ;Crime
tt0113161;Get Shorty ;Thriller
tt0299658;Chicago ;Comedy
tt0299658;Chicago ;Crime
tt0299658;Chicago ;Musical
tt0142342;Big Daddy ;Comedy
tt0142342;Big Daddy ;Drama
tt0252866;American Pie 2 ;Comedy
tt0114709;Toy Story ;Adventure
tt0114709;Toy Story ;Animation
tt0114709;Toy Story ;Comedy
tt0111257;Speed ;Action
tt0111257;Speed ;Adventure
tt0111257;Speed ;Crime
tt1606389;The Vow ;Drama
tt1606389;The Vow ;Romance
tt1244659;Extraordinary Measures ;Drama
tt0210945;Remember the Titans ;Biography
tt0210945;Remember the Titans ;Drama
tt0210945;Remember the Titans ;Sport
tt0099810;The Hunt for Red October ;Action
tt0099810;The Hunt for Red October ;Adventure
tt0099810;The Hunt for Red October ;Thriller
tt1327773;Lee Daniels' The Butler ;Biography
tt1327773;Lee Daniels' The Butler ;Drama
tt0364725;Dodgeball: A True Underdog Story ;Comedy
tt0364725;Dodgeball: A True Underdog Story ;Sport
tt0101272;The Addams Family ;Comedy
tt0101272;The Addams Family ;Fantasy
tt0112281;Ace Ventura: When Nature Calls ;Adventure
tt0112281;Ace Ventura: When Nature Calls ;Comedy
tt0247638;The Princess Diaries ;Comedy
tt0247638;The Princess Diaries ;Family
tt0247638;The Princess Diaries ;Romance
tt0116313;The First Wives Club ;Comedy
tt0114369;Se7en ;Crime
tt0114369;Se7en ;Drama
tt0114369;Se7en ;Mystery
tt1136608;District 9 ;Action
tt1136608;District 9 ;Sci-Fi
tt1136608;District 9 ;Thriller
tt0345950;The SpongeBob SquarePants Movie ;Adventure
tt0345950;The SpongeBob SquarePants Movie ;Animation
tt0345950;The SpongeBob SquarePants Movie ;Comedy
tt0327056;Mystic River ;Crime
tt0327056;Mystic River ;Drama
tt0327056;Mystic River ;Mystery
tt0405159;Million Dollar Baby ;Drama
tt0405159;Million Dollar Baby ;Sport
tt0122933;Analyze This ;Comedy
tt0122933;Analyze This ;Crime
tt0332280;The Notebook ;Drama
tt0332280;The Notebook ;Romance
tt0988595;27 Dresses ;Comedy
tt0988595;27 Dresses ;Romance
tt1114677;Hannah Montana: The Movie ;Comedy
tt1114677;Hannah Montana: The Movie ;Drama
tt1114677;Hannah Montana: The Movie ;Family
tt0213203;Rugrats in Paris: The Movie ;Adventure
tt0213203;Rugrats in Paris: The Movie ;Animation
tt0213203;Rugrats in Paris: The Movie ;Comedy
tt0102713;The Prince of Tides ;Drama
tt0102713;The Prince of Tides ;Romance
tt0110322;Legends of the Fall ;Drama
tt0110322;Legends of the Fall ;Romance
tt0110322;Legends of the Fall ;War
tt1193138;Up in the Air ;Drama
tt1193138;Up in the Air ;Romance
tt0257360;About Schmidt ;Comedy
tt0257360;About Schmidt ;Drama
tt1588173;Warm Bodies ;Comedy
tt1588173;Warm Bodies ;Horror
tt1588173;Warm Bodies ;Romance
tt1276104;Looper ;Action
tt1276104;Looper ;Crime
tt1276104;Looper ;Drama
tt0231775;Down to Earth ;Comedy
tt0231775;Down to Earth ;Fantasy
tt0112431;Babe ;Comedy
tt0112431;Babe ;Drama
tt0112431;Babe ;Family
tt1535438;Hope Springs ;Comedy
tt1535438;Hope Springs ;Drama
tt1535438;Hope Springs ;Romance
tt0800039;Forgetting Sarah Marshall ;Comedy
tt0800039;Forgetting Sarah Marshall ;Drama
tt0800039;Forgetting Sarah Marshall ;Romance
tt0430105;Four Brothers ;Action
tt0430105;Four Brothers ;Crime
tt0430105;Four Brothers ;Drama
tt0871426;Baby Mama ;Comedy
tt0871426;Baby Mama ;Romance
tt0119313;Hope Floats ;Drama
tt0119313;Hope Floats ;Romance
tt0901476;Bride Wars ;Comedy
tt0901476;Bride Wars ;Romance
tt0364751;Without a Paddle ;Adventure
tt0364751;Without a Paddle ;Comedy
tt0364751;Without a Paddle ;Mystery
tt0337563;13 Going on 30 ;Comedy
tt0337563;13 Going on 30 ;Fantasy
tt0337563;13 Going on 30 ;Romance
tt1605783;Midnight in Paris ;Comedy
tt1605783;Midnight in Paris ;Fantasy
tt1605783;Midnight in Paris ;Romance
tt1821658;The Nut Job ;Adventure
tt1821658;The Nut Job ;Animation
tt1821658;The Nut Job ;Comedy
tt0221027;Blow ;Biography
tt0221027;Blow ;Crime
tt0221027;Blow ;Drama
tt0139462;Message in a Bottle ;Drama
tt0139462;Message in a Bottle ;Romance
tt0098382;Star Trek V: The Final Frontier ;Action
tt0098382;Star Trek V: The Final Frontier ;Adventure
tt0098382;Star Trek V: The Final Frontier ;Sci-Fi
tt0308506;Like Mike ;Comedy
tt0308506;Like Mike ;Family
tt0308506;Like Mike ;Fantasy
tt0110622;Naked Gun 33 1/3: The Final Insult ;Comedy
tt0110622;Naked Gun 33 1/3: The Final Insult ;Crime
tt0090264;A View to a Kill ;Action
tt0090264;A View to a Kill ;Adventure
tt0090264;A View to a Kill ;Thriller
tt0312004;The Curse of the Were-Rabbit ;Animation
tt0312004;The Curse of the Were-Rabbit ;Comedy
tt0312004;The Curse of the Were-Rabbit ;Family
tt0431308;P.S. I Love You ;Drama
tt0431308;P.S. I Love You ;Romance
tt0376105;Racing Stripes ;Adventure
tt0376105;Racing Stripes ;Comedy
tt0376105;Racing Stripes ;Drama
tt0783233;Atonement ;Drama
tt0783233;Atonement ;Mystery
tt0783233;Atonement ;Romance
tt0892318;Letters to Juliet ;Comedy
tt0892318;Letters to Juliet ;Drama
tt0892318;Letters to Juliet ;Romance
tt0096933;Black Rain ;Action
tt0096933;Black Rain ;Crime
tt0096933;Black Rain ;Thriller
tt0383010;The Three Stooges ;Comedy
tt0121164;Corpse Bride ;Animation
tt0121164;Corpse Bride ;Drama
tt0121164;Corpse Bride ;Family
tt0385726;Glory Road ;Biography
tt0385726;Glory Road ;Drama
tt0385726;Glory Road ;Sport
tt3397884;Sicario ;Action
tt3397884;Sicario ;Crime
tt3397884;Sicario ;Drama
tt1798684;Southpaw ;Drama
tt1798684;Southpaw ;Sport
tt1127180;Drag Me to Hell ;Horror
tt1127180;Drag Me to Hell ;Thriller
tt1655441;The Age of Adaline ;Drama
tt1655441;The Age of Adaline ;Fantasy
tt1655441;The Age of Adaline ;Romance
tt0327137;Secondhand Lions ;Comedy
tt0327137;Secondhand Lions ;Drama
tt0327137;Secondhand Lions ;Family
tt1193631;Step Up 3D ;Drama
tt1193631;Step Up 3D ;Music
tt1193631;Step Up 3D ;Romance
tt0300532;Blue Crush ;Drama
tt0300532;Blue Crush ;Romance
tt0300532;Blue Crush ;Sport
tt0420223;Stranger Than Fiction ;Comedy
tt0420223;Stranger Than Fiction ;Drama
tt0420223;Stranger Than Fiction ;Fantasy
tt0389722;30 Days of Night ;Horror
tt1259521;The Cabin in the Woods ;Fantasy
tt1259521;The Cabin in the Woods ;Horror
tt1259521;The Cabin in the Woods ;Mystery
tt1073498;Meet the Spartans ;Comedy
tt0095631;Midnight Run ;Action
tt0095631;Midnight Run ;Comedy
tt0095631;Midnight Run ;Crime
tt0093894;The Running Man ;Action
tt0093894;The Running Man ;Crime
tt0093894;The Running Man ;Sci-Fi
tt0091419;Little Shop of Horrors ;Comedy
tt0091419;Little Shop of Horrors ;Horror
tt0091419;Little Shop of Horrors ;Musical
tt0993842;Hanna ;Action
tt0993842;Hanna ;Drama
tt0993842;Hanna ;Thriller
tt0119707;Mortal Kombat: Annihilation ;Action
tt0119707;Mortal Kombat: Annihilation ;Adventure
tt0119707;Mortal Kombat: Annihilation ;Fantasy
tt1583420;Larry Crowne ;Comedy
tt1583420;Larry Crowne ;Drama
tt1583420;Larry Crowne ;Romance
tt1939659;Carrie ;Drama
tt1939659;Carrie ;Fantasy
tt1939659;Carrie ;Horror
tt0446046;Take the Lead ;Drama
tt0446046;Take the Lead ;Music
tt0421206;Gridiron Gang ;Crime
tt0421206;Gridiron Gang ;Drama
tt0421206;Gridiron Gang ;Sport
tt0161083;What's the Worst That Could Happen? ;Comedy
tt0161083;What's the Worst That Could Happen? ;Crime
tt0472033;9 ;Action
tt0472033;9 ;Adventure
tt0472033;9 ;Animation
tt2053463;Side Effects ;Crime
tt2053463;Side Effects ;Drama
tt2053463;Side Effects ;Thriller
tt0337697;The Prince and Me ;Comedy
tt0337697;The Prince and Me ;Family
tt0337697;The Prince and Me ;Romance
tt1449283;Winnie the Pooh ;Adventure
tt1449283;Winnie the Pooh ;Animation
tt1449283;Winnie the Pooh ;Comedy
tt0329028;Dumb and Dumberer: When Harry Met Lloyd ;Comedy
tt0118798;Bulworth ;Comedy
tt0118798;Bulworth ;Drama
tt0118798;Bulworth ;Romance
tt2473602;Get on Up ;Biography
tt2473602;Get on Up ;Drama
tt2473602;Get on Up ;Music
tt0120776;One True Thing ;Drama
tt0114857;Virtuosity ;Action
tt0114857;Virtuosity ;Crime
tt0114857;Virtuosity ;Sci-Fi
tt0465624;My Super Ex-Girlfriend ;Comedy
tt0465624;My Super Ex-Girlfriend ;Romance
tt0465624;My Super Ex-Girlfriend ;Sci-Fi
tt2377322;Deliver Us from Evil ;Horror
tt2377322;Deliver Us from Evil ;Mystery
tt2377322;Deliver Us from Evil ;Thriller
tt0881320;Sanctum ;Adventure
tt0881320;Sanctum ;Drama
tt0881320;Sanctum ;Thriller
tt0361841;Little Black Book ;Comedy
tt0361841;Little Black Book ;Drama
tt0361841;Little Black Book ;Romance
tt1195478;The Five-Year Engagement ;Comedy
tt1195478;The Five-Year Engagement ;Romance
tt0339412;Mr 3000 ;Comedy
tt0339412;Mr 3000 ;Drama
tt0339412;Mr 3000 ;Romance
tt1458175;The Next Three Days ;Crime
tt1458175;The Next Three Days ;Drama
tt1458175;The Next Three Days ;Romance
tt0370032;Ultraviolet ;Action
tt0370032;Ultraviolet ;Horror
tt0370032;Ultraviolet ;Sci-Fi
tt0398712;Assault on Precinct 13 ;Action
tt0398712;Assault on Precinct 13 ;Crime
tt0398712;Assault on Precinct 13 ;Drama
tt0120008;The Replacement Killers ;Action
tt0120008;The Replacement Killers ;Crime
tt0120008;The Replacement Killers ;Thriller
tt0116320;Fled ;Action
tt0116320;Fled ;Adventure
tt0116320;Fled ;Crime
tt0271367;Eight Legged Freaks ;Action
tt0271367;Eight Legged Freaks ;Comedy
tt0271367;Eight Legged Freaks ;Horror
tt0758752;Love & Other Drugs ;Comedy
tt0758752;Love & Other Drugs ;Drama
tt0758752;Love & Other Drugs ;Romance
tt0411061;88 Minutes ;Crime
tt0411061;88 Minutes ;Drama
tt0411061;88 Minutes ;Mystery
tt0395972;North Country ;Drama
tt0327247;The Whole Ten Yards ;Comedy
tt0327247;The Whole Ten Yards ;Crime
tt0327247;The Whole Ten Yards ;Thriller
tt1017460;Splice ;Drama
tt1017460;Splice ;Horror
tt1017460;Splice ;Sci-Fi
tt0091225;Howard the Duck ;Action
tt0091225;Howard the Duck ;Adventure
tt0091225;Howard the Duck ;Comedy
tt0482572;Pride and Glory ;Crime
tt0482572;Pride and Glory ;Drama
tt0482572;Pride and Glory ;Thriller
tt0402901;The Cave ;Adventure
tt0402901;The Cave ;Horror
tt0402901;The Cave ;Thriller
tt0318283;Alex & Emma ;Comedy
tt0318283;Alex & Emma ;Romance
tt0324554;Wicker Park ;Drama
tt0324554;Wicker Park ;Mystery
tt0324554;Wicker Park ;Romance
tt1438176;Fright Night ;Comedy
tt1438176;Fright Night ;Horror
tt0402399;The New World ;Biography
tt0402399;The New World ;Drama
tt0402399;The New World ;History
tt0131646;Wing Commander ;Action
tt0131646;Wing Commander ;Adventure
tt0131646;Wing Commander ;Sci-Fi
tt0120710;In Dreams ;Drama
tt0120710;In Dreams ;Fantasy
tt0120710;In Dreams ;Thriller
tt1098327;Dragonball: Evolution ;Action
tt1098327;Dragonball: Evolution ;Adventure
tt1098327;Dragonball: Evolution ;Fantasy
tt1549920;The Last Stand ;Action
tt1549920;The Last Stand ;Crime
tt1549920;The Last Stand ;Thriller
tt0335121;Godsend ;Drama
tt0335121;Godsend ;Horror
tt0335121;Godsend ;Sci-Fi
tt0360139;Chasing Liberty ;Comedy
tt0360139;Chasing Liberty ;Romance
tt0844993;Hoodwinked Too! Hood vs. Evil ;Animation
tt0844993;Hoodwinked Too! Hood vs. Evil ;Comedy
tt0844993;Hoodwinked Too! Hood vs. Evil ;Family
tt0350261;An Unfinished Life ;Drama
tt1054606;The Imaginarium of Doctor Parnassus ;Adventure
tt1054606;The Imaginarium of Doctor Parnassus ;Fantasy
tt1054606;The Imaginarium of Doctor Parnassus ;Mystery
tt1423894;Barney's Version ;Comedy
tt1423894;Barney's Version ;Drama
tt2364841;Runner Runner ;Crime
tt2364841;Runner Runner ;Thriller
tt0218817;Antitrust ;Action
tt0218817;Antitrust ;Crime
tt0218817;Antitrust ;Drama
tt0097441;Glory ;Drama
tt0097441;Glory ;History
tt0097441;Glory ;War
tt0087843;Once Upon a Time in America ;Crime
tt0087843;Once Upon a Time in America ;Drama
tt2101341;Dead Man Down ;Action
tt2101341;Dead Man Down ;Crime
tt2101341;Dead Man Down ;Drama
tt0379889;The Merchant of Venice ;Drama
tt0379889;The Merchant of Venice ;Romance
tt0281820;The Good Thief ;Action
tt0281820;The Good Thief ;Crime
tt0281820;The Good Thief ;Drama
tt0403016;Supercross ;Action
tt0403016;Supercross ;Drama
tt0403016;Supercross ;Romance
tt0482546;Miss Potter ;Biography
tt0482546;Miss Potter ;Drama
tt0482546;Miss Potter ;Romance
tt0417976;The Promise ;Action
tt0417976;The Promise ;Drama
tt0417976;The Promise ;Fantasy
tt0398913;DOA: Dead or Alive ;Action
tt0398913;DOA: Dead or Alive ;Adventure
tt0443680;The Assassination of Jesse James by the Coward Robert Ford ;Biography
tt0443680;The Assassination of Jesse James by the Coward Robert Ford ;Crime
tt0443680;The Assassination of Jesse James by the Coward Robert Ford ;Drama
tt1772230;1911 ;Action
tt1772230;1911 ;Adventure
tt1772230;1911 ;Drama
tt1264904;Little Nicholas ;Comedy
tt1264904;Little Nicholas ;Family
tt2231253;Wild Card ;Action
tt2231253;Wild Card ;Crime
tt2231253;Wild Card ;Drama
tt1586752;Machine Gun Preacher ;Action
tt1586752;Machine Gun Preacher ;Biography
tt1586752;Machine Gun Preacher ;Crime
tt1620449;Animals United ;Animation
tt1620449;Animals United ;Comedy
tt1620449;Animals United ;Family
tt0438859;The Color of Freedom ;Biography
tt0438859;The Color of Freedom ;Drama
tt0438859;The Color of Freedom ;History
tt2814362;United Passions ;Drama
tt2814362;United Passions ;History
tt2814362;United Passions ;Sport
tt2095649;Grace of Monaco ;Biography
tt2095649;Grace of Monaco ;Drama
tt2095649;Grace of Monaco ;Romance
tt4075322;A Warrior's Tail ;Adventure
tt4075322;A Warrior's Tail ;Animation
tt4075322;A Warrior's Tail ;Fantasy
tt0265651;Ripley's Game ;Crime
tt0265651;Ripley's Game ;Drama
tt0265651;Ripley's Game ;Mystery
tt1700841;Sausage Party ;Adventure
tt1700841;Sausage Party ;Animation
tt1700841;Sausage Party ;Comedy
tt2848292;Pitch Perfect 2 ;Comedy
tt2848292;Pitch Perfect 2 ;Music
tt0358273;Walk the Line ;Biography
tt0358273;Walk the Line ;Drama
tt0358273;Walk the Line ;Music
tt0171433;Keeping the Faith ;Comedy
tt0171433;Keeping the Faith ;Drama
tt0171433;Keeping the Faith ;Romance
tt0118755;The Borrowers ;Adventure
tt0118755;The Borrowers ;Comedy
tt0118755;The Borrowers ;Family
tt0870111;Frost/Nixon ;Drama
tt0270288;Confessions of a Dangerous Mind ;Biography
tt0270288;Confessions of a Dangerous Mind ;Comedy
tt0270288;Confessions of a Dangerous Mind ;Crime
tt0261289;Serving Sara ;Comedy
tt0261289;Serving Sara ;Romance
tt2702724;The Boss ;Comedy
tt0092804;Cry Freedom ;Biography
tt0092804;Cry Freedom ;Drama
tt0092804;Cry Freedom ;History
tt0140397;Mumford ;Comedy
tt0140397;Mumford ;Drama
tt0387575;Seed of Chucky ;Comedy
tt0387575;Seed of Chucky ;Fantasy
tt0387575;Seed of Chucky ;Horror
tt0366627;The Jacket ;Drama
tt0366627;The Jacket ;Mystery
tt0366627;The Jacket ;Sci-Fi
tt0103639;Aladdin ;Adventure
tt0103639;Aladdin ;Animation
tt0103639;Aladdin ;Comedy
tt1398426;Straight Outta Compton ;Biography
tt1398426;Straight Outta Compton ;Crime
tt1398426;Straight Outta Compton ;Drama
tt0087469;Indiana Jones and the Temple of Doom ;Action
tt0087469;Indiana Jones and the Temple of Doom ;Adventure
tt0134067;The Rugrats Movie ;Adventure
tt0134067;The Rugrats Movie ;Animation
tt0134067;The Rugrats Movie ;Comedy
tt0164334;Along Came a Spider ;Crime
tt0164334;Along Came a Spider ;Drama
tt0164334;Along Came a Spider ;Thriller
tt4136084;Florence Foster Jenkins ;Biography
tt4136084;Florence Foster Jenkins ;Comedy
tt4136084;Florence Foster Jenkins ;Drama
tt0285823;Once Upon a Time in Mexico ;Action
tt0285823;Once Upon a Time in Mexico ;Crime
tt0285823;Once Upon a Time in Mexico ;Thriller
tt0095016;Die Hard ;Action
tt0095016;Die Hard ;Thriller
tt0430922;Role Models ;Comedy
tt1596363;The Big Short ;Biography
tt1596363;The Big Short ;Comedy
tt1596363;The Big Short ;Drama
tt1127896;Taking Woodstock ;Comedy
tt1127896;Taking Woodstock ;Drama
tt1127896;Taking Woodstock ;Music
tt0349825;Miracle ;Biography
tt0349825;Miracle ;Drama
tt0349825;Miracle ;History
tt0363547;Dawn of the Dead ;Action
tt0363547;Dawn of the Dead ;Horror
tt0363547;Dawn of the Dead ;Thriller
tt0209475;The Wedding Planner ;Comedy
tt0209475;The Wedding Planner ;Romance
tt2668134;Harlock: Space Pirate ;Adventure
tt2668134;Harlock: Space Pirate ;Animation
tt2668134;Harlock: Space Pirate ;Sci-Fi
tt0265666;The Royal Tenenbaums ;Comedy
tt0265666;The Royal Tenenbaums ;Drama
tt0309698;Identity ;Mystery
tt0309698;Identity ;Thriller
tt1204975;Last Vegas ;Comedy
tt1204975;Last Vegas ;Romance
tt0082398;For Your Eyes Only ;Action
tt0082398;For Your Eyes Only ;Adventure
tt0082398;For Your Eyes Only ;Thriller
tt0240890;Serendipity ;Comedy
tt0240890;Serendipity ;Romance
tt0111438;Timecop ;Action
tt0111438;Timecop ;Crime
tt0111438;Timecop ;Sci-Fi
tt0196229;Zoolander ;Comedy
tt1702439;Safe Haven ;Drama
tt1702439;Safe Haven ;Romance
tt1702439;Safe Haven ;Thriller
tt0107120;Hocus Pocus ;Comedy
tt0107120;Hocus Pocus ;Family
tt0107120;Hocus Pocus ;Fantasy
tt0481141;No Reservations ;Comedy
tt0481141;No Reservations ;Drama
tt0481141;No Reservations ;Romance
tt1250777;Kick-Ass ;Action
tt1250777;Kick-Ass ;Comedy
tt1622547;30 Minutes or Less ;Action
tt1622547;30 Minutes or Less ;Comedy
tt1622547;30 Minutes or Less ;Crime
tt0219653;Dracula 2000 ;Action
tt0219653;Dracula 2000 ;Fantasy
tt0219653;Dracula 2000 ;Horror
tt1698641;Alexander and the Terrible, Horrible, No Good, Very Bad Day ;Comedy
tt1698641;Alexander and the Terrible, Horrible, No Good, Very Bad Day ;Family
tt0414387;Pride & Prejudice ;Drama
tt0414387;Pride & Prejudice ;Romance
tt0083658;Blade Runner ;Sci-Fi
tt0083658;Blade Runner ;Thriller
tt0114287;Rob Roy ;Adventure
tt0114287;Rob Roy ;Biography
tt2172934;3 Days to Kill ;Action
tt2172934;3 Days to Kill ;Drama
tt2172934;3 Days to Kill ;Thriller
tt0498399;We Own the Night ;Crime
tt0498399;We Own the Night ;Drama
tt0498399;We Own the Night ;Thriller
tt0160484;Lost Souls ;Drama
tt0160484;Lost Souls ;Horror
tt0160484;Lost Souls ;Thriller
tt0301727;Winged Migration ;Documentary
tt0397078;Just My Luck ;Comedy
tt0397078;Just My Luck ;Fantasy
tt0397078;Just My Luck ;Romance
tt0134618;Mystery, Alaska ;Comedy
tt0134618;Mystery, Alaska ;Drama
tt0134618;Mystery, Alaska ;Sport
tt1273678;The Spy Next Door ;Action
tt1273678;The Spy Next Door ;Comedy
tt1273678;The Spy Next Door ;Family
tt0120133;A Simple Wish ;Comedy
tt0120133;A Simple Wish ;Family
tt0120133;A Simple Wish ;Fantasy
tt0228333;Ghosts of Mars ;Action
tt0228333;Ghosts of Mars ;Horror
tt0228333;Ghosts of Mars ;Sci-Fi
tt1018765;Our Brand Is Crisis ;Comedy
tt1018765;Our Brand Is Crisis ;Drama
tt1374989;Pride and Prejudice and Zombies ;Action
tt1374989;Pride and Prejudice and Zombies ;Horror
tt1374989;Pride and Prejudice and Zombies ;Romance
tt0119485;Kundun ;Biography
tt0119485;Kundun ;Drama
tt0119485;Kundun ;History
tt0455538;How to Lose Friends & Alienate People ;Comedy
tt0455538;How to Lose Friends & Alienate People ;Drama
tt0455538;How to Lose Friends & Alienate People ;Romance
tt1650554;Kick-Ass 2 ;Action
tt1650554;Kick-Ass 2 ;Comedy
tt1650554;Kick-Ass 2 ;Crime
tt0395119;Captain Alatriste: The Spanish Musketeer ;Adventure
tt0395119;Captain Alatriste: The Spanish Musketeer ;Drama
tt0395119;Captain Alatriste: The Spanish Musketeer ;History
tt1430612;Brick Mansions ;Action
tt1430612;Brick Mansions ;Crime
tt1430612;Brick Mansions ;Drama
tt0086034;Octopussy ;Action
tt0086034;Octopussy ;Adventure
tt0086034;Octopussy ;Thriller
tt0478311;Knocked Up ;Comedy
tt0478311;Knocked Up ;Romance
tt1078588;My Sister's Keeper ;Drama
tt0494652;Welcome Home, Roscoe Jenkins ;Comedy
tt0494652;Welcome Home, Roscoe Jenkins ;Drama
tt0494652;Welcome Home, Roscoe Jenkins ;Romance
tt0087892;A Passage to India ;Adventure
tt0087892;A Passage to India ;Drama
tt0087892;A Passage to India ;History
tt0465551;Notes on a Scandal ;Crime
tt0465551;Notes on a Scandal ;Drama
tt0465551;Notes on a Scandal ;Romance
tt0804522;Rendition ;Drama
tt0804522;Rendition ;Thriller
tt0102975;Star Trek VI: The Undiscovered Country ;Action
tt0102975;Star Trek VI: The Undiscovered Country ;Adventure
tt0102975;Star Trek VI: The Undiscovered Country ;Sci-Fi
tt0279778;Divine Secrets of the Ya-Ya Sisterhood ;Drama
tt0119468;Kiss the Girls ;Crime
tt0119468;Kiss the Girls ;Drama
tt0119468;Kiss the Girls ;Mystery
tt0080455;The Blues Brothers ;Action
tt0080455;The Blues Brothers ;Comedy
tt0080455;The Blues Brothers ;Crime
tt1018785;The Sisterhood of the Traveling Pants 2 ;Comedy
tt1018785;The Sisterhood of the Traveling Pants 2 ;Drama
tt1018785;The Sisterhood of the Traveling Pants 2 ;Family
tt1710396;Joyful Noise ;Comedy
tt1710396;Joyful Noise ;Music
tt0276751;About a Boy ;Comedy
tt0276751;About a Boy ;Drama
tt0276751;About a Boy ;Romance
tt0139414;Lake Placid ;Action
tt0139414;Lake Placid ;Comedy
tt0139414;Lake Placid ;Horror
tt0425210;Lucky Number Slevin ;Crime
tt0425210;Lucky Number Slevin ;Drama
tt0425210;Lucky Number Slevin ;Mystery
tt0086197;The Right Stuff ;Adventure
tt0086197;The Right Stuff ;Drama
tt0086197;The Right Stuff ;History
tt1521197;Anonymous ;Drama
tt1521197;Anonymous ;History
tt1521197;Anonymous ;Thriller
tt0088323;The NeverEnding Story ;Adventure
tt0088323;The NeverEnding Story ;Drama
tt0088323;The NeverEnding Story ;Family
tt0118929;Dark City ;Action
tt0118929;Dark City ;Drama
tt0118929;Dark City ;Fantasy
tt0864761;The Duchess ;Biography
tt0864761;The Duchess ;Drama
tt0864761;The Duchess ;History
tt0089908;Return to Oz ;Adventure
tt0089908;Return to Oz ;Family
tt0089908;Return to Oz ;Fantasy
tt0120769;The Newton Boys ;Action
tt0120769;The Newton Boys ;Crime
tt0120769;The Newton Boys ;Drama
tt0795351;Case 39 ;Horror
tt0795351;Case 39 ;Mystery
tt0795351;Case 39 ;Thriller
tt0324127;Suspect Zero ;Crime
tt0324127;Suspect Zero ;Drama
tt0324127;Suspect Zero ;Mystery
tt0415965;Martian Child ;Comedy
tt0415965;Martian Child ;Drama
tt0415965;Martian Child ;Family
tt1517489;Spy Kids: All the Time in the World in 4D ;Action
tt1517489;Spy Kids: All the Time in the World in 4D ;Adventure
tt1517489;Spy Kids: All the Time in the World in 4D ;Comedy
tt2241351;Money Monster ;Crime
tt2241351;Money Monster ;Drama
tt2241351;Money Monster ;Thriller
tt0227984;Formula 51 ;Action
tt0227984;Formula 51 ;Comedy
tt0227984;Formula 51 ;Crime
tt0155711;Flawless ;Comedy
tt0155711;Flawless ;Crime
tt0155711;Flawless ;Drama
tt0297284;Mindhunters ;Crime
tt0297284;Mindhunters ;Horror
tt0297284;Mindhunters ;Mystery
tt0486674;What Just Happened ;Comedy
tt0486674;What Just Happened ;Drama
tt0340376;The Statement ;Drama
tt0340376;The Statement ;Thriller
tt0475331;The Magic Flute ;Drama
tt0475331;The Magic Flute ;Musical
tt0475331;The Magic Flute ;Romance
tt1114740;Paul Blart: Mall Cop ;Action
tt1114740;Paul Blart: Mall Cop ;Comedy
tt1114740;Paul Blart: Mall Cop ;Crime
tt0322330;Freaky Friday ;Comedy
tt0322330;Freaky Friday ;Family
tt0322330;Freaky Friday ;Fantasy
tt0405422;The 40-Year-Old Virgin ;Comedy
tt0405422;The 40-Year-Old Virgin ;Romance
tt0138097;Shakespeare in Love ;Comedy
tt0138097;Shakespeare in Love ;Drama
tt0138097;Shakespeare in Love ;Romance
tt0365907;A Walk Among the Tombstones ;Crime
tt0365907;A Walk Among the Tombstones ;Drama
tt0365907;A Walk Among the Tombstones ;Mystery
tt0099938;Kindergarten Cop ;Action
tt0099938;Kindergarten Cop ;Comedy
tt0099938;Kindergarten Cop ;Crime
tt0910936;Pineapple Express ;Action
tt0910936;Pineapple Express ;Comedy
tt0910936;Pineapple Express ;Crime
tt0120631;Ever After: A Cinderella Story ;Comedy
tt0120631;Ever After: A Cinderella Story ;Drama
tt0120631;Ever After: A Cinderella Story ;Romance
tt0316356;Open Range ;Drama
tt0316356;Open Range ;Romance
tt0316356;Open Range ;Western
tt0099582;Flatliners ;Drama
tt0099582;Flatliners ;Horror
tt0099582;Flatliners ;Sci-Fi
tt0075784;A Bridge Too Far ;Drama
tt0075784;A Bridge Too Far ;History
tt0075784;A Bridge Too Far ;War
tt0421239;Red Eye ;Mystery
tt0421239;Red Eye ;Thriller
tt0309593;Final Destination 2 ;Horror
tt0309593;Final Destination 2 ;Thriller
tt0190590;O Brother, Where Art Thou? ;Adventure
tt0190590;O Brother, Where Art Thou? ;Comedy
tt0190590;O Brother, Where Art Thou? ;Crime
tt1038686;Legion ;Action
tt1038686;Legion ;Fantasy
tt1038686;Legion ;Horror
tt1980209;Pain & Gain ;Comedy
tt1980209;Pain & Gain ;Crime
tt1980209;Pain & Gain ;Drama
tt0385267;In Good Company ;Comedy
tt0385267;In Good Company ;Drama
tt0385267;In Good Company ;Romance
tt0157472;Clockstoppers ;Action
tt0157472;Clockstoppers ;Adventure
tt0157472;Clockstoppers ;Comedy
tt0090022;Silverado ;Action
tt0090022;Silverado ;Crime
tt0090022;Silverado ;Drama
tt0765010;Brothers ;Drama
tt0765010;Brothers ;Thriller
tt0358349;Agent Cody Banks 2: Destination London ;Action
tt0358349;Agent Cody Banks 2: Destination London ;Adventure
tt0358349;Agent Cody Banks 2: Destination London ;Comedy
tt1598822;New Year's Eve ;Comedy
tt1598822;New Year's Eve ;Romance
tt0218922;Original Sin ;Drama
tt0218922;Original Sin ;Mystery
tt0218922;Original Sin ;Romance
tt1486192;The Raven ;Crime
tt1486192;The Raven ;Mystery
tt1486192;The Raven ;Thriller
tt0361925;Welcome to Mooseport ;Comedy
tt0361925;Welcome to Mooseport ;Romance
tt0110027;Highlander: The Final Dimension ;Action
tt0110027;Highlander: The Final Dimension ;Fantasy
tt0110027;Highlander: The Final Dimension ;Romance
tt0115710;Blood and Wine ;Crime
tt0115710;Blood and Wine ;Drama
tt0115710;Blood and Wine ;Thriller
tt0119227;Snow White: A Tale of Terror ;Fantasy
tt0119227;Snow White: A Tale of Terror ;Horror
tt0256524;The Curse of the Jade Scorpion ;Comedy
tt0256524;The Curse of the Jade Scorpion ;Crime
tt0256524;The Curse of the Jade Scorpion ;Mystery
tt1137470;Accidental Love ;Comedy
tt1137470;Accidental Love ;Romance
tt0116322;Flipper ;Adventure
tt0116322;Flipper ;Family
tt2140379;Self/less ;Action
tt2140379;Self/less ;Mystery
tt2140379;Self/less ;Sci-Fi
tt0387131;The Constant Gardener ;Drama
tt0387131;The Constant Gardener ;Mystery
tt0387131;The Constant Gardener ;Romance
tt0335345;The Passion of the Christ ;Drama
tt0107614;Mrs. Doubtfire ;Comedy
tt0107614;Mrs. Doubtfire ;Drama
tt0107614;Mrs. Doubtfire ;Family
tt0095953;Rain Man ;Drama
tt1205489;Gran Torino ;Drama
tt1175491;W. ;Biography
tt1175491;W. ;Drama
tt1175491;W. ;History
tt0936501;Taken ;Action
tt0936501;Taken ;Thriller
tt1972779;The Best of Me ;Drama
tt1972779;The Best of Me ;Romance
tt0103855;The Bodyguard ;Action
tt0103855;The Bodyguard ;Drama
tt0103855;The Bodyguard ;Music
tt0108052;Schindler's List ;Biography
tt0108052;Schindler's List ;Drama
tt0108052;Schindler's List ;History
tt1454029;The Help ;Drama
tt1837703;The Fifth Estate ;Biography
tt1837703;The Fifth Estate ;Drama
tt1837703;The Fifth Estate ;Thriller
tt0331632;Scooby-Doo 2: Monsters Unleashed ;Adventure
tt0331632;Scooby-Doo 2: Monsters Unleashed ;Comedy
tt0331632;Scooby-Doo 2: Monsters Unleashed ;Family
tt1224378;Viy ;Adventure
tt1224378;Viy ;Fantasy
tt1224378;Viy ;Mystery
tt0329101;Freddy vs. Jason ;Action
tt0329101;Freddy vs. Jason ;Horror
tt0329101;Freddy vs. Jason ;Thriller
tt2967008;The Face of an Angel ;Drama
tt0268397;Jimmy Neutron: Boy Genius ;Action
tt0268397;Jimmy Neutron: Boy Genius ;Adventure
tt0268397;Jimmy Neutron: Boy Genius ;Animation
tt1060277;Cloverfield ;Action
tt1060277;Cloverfield ;Adventure
tt1060277;Cloverfield ;Horror
tt0103060;Teenage Mutant Ninja Turtles II: The Secret of the Ooze ;Action
tt0103060;Teenage Mutant Ninja Turtles II: The Secret of the Ooze ;Adventure
tt0103060;Teenage Mutant Ninja Turtles II: The Secret of the Ooze ;Comedy
tt0094226;The Untouchables ;Crime
tt0094226;The Untouchables ;Drama
tt0094226;The Untouchables ;Thriller
tt0477348;No Country for Old Men ;Crime
tt0477348;No Country for Old Men ;Drama
tt0477348;No Country for Old Men ;Thriller
tt1408253;Ride Along ;Action
tt1408253;Ride Along ;Comedy
tt1408253;Ride Along ;Crime
tt0243155;Bridget Jones's Diary ;Comedy
tt0243155;Bridget Jones's Diary ;Drama
tt0243155;Bridget Jones's Diary ;Romance
tt0241303;Chocolat ;Drama
tt0241303;Chocolat ;Romance
tt0333780;Legally Blonde 2: Red, White & Blonde ;Comedy
tt1047540;Parental Guidance ;Comedy
tt1047540;Parental Guidance ;Family
tt1411238;No Strings Attached ;Comedy
tt1411238;No Strings Attached ;Romance
tt0108358;Tombstone ;Action
tt0108358;Tombstone ;Biography
tt0108358;Tombstone ;Drama
tt0165929;Romeo Must Die ;Action
tt0165929;Romeo Must Die ;Crime
tt0165929;Romeo Must Die ;Thriller
tt0075005;The Omen ;Fantasy
tt0075005;The Omen ;Horror
tt0075005;The Omen ;Mystery
tt0414982;Final Destination 3 ;Horror
tt1327194;The Lucky One ;Drama
tt1327194;The Lucky One ;Romance
tt0398808;Bridge to Terabithia ;Adventure
tt0398808;Bridge to Terabithia ;Drama
tt0398808;Bridge to Terabithia ;Family
tt0308644;Finding Neverland ;Biography
tt0308644;Finding Neverland ;Drama
tt0308644;Finding Neverland ;Family
tt2609758;A Madea Christmas ;Comedy
tt2609758;A Madea Christmas ;Drama
tt1601913;The Grey ;Action
tt1601913;The Grey ;Adventure
tt1601913;The Grey ;Drama
tt0382077;Hide and Seek ;Drama
tt0382077;Hide and Seek ;Horror
tt0382077;Hide and Seek ;Mystery
tt0357413;Anchorman: The Legend of Ron Burgundy ;Comedy
tt0099685;Goodfellas ;Biography
tt0099685;Goodfellas ;Crime
tt0099685;Goodfellas ;Drama
tt0313911;Agent Cody Banks ;Action
tt0313911;Agent Cody Banks ;Adventure
tt0313911;Agent Cody Banks ;Comedy
tt0396752;Nanny McPhee ;Comedy
tt0396752;Nanny McPhee ;Family
tt0396752;Nanny McPhee ;Fantasy
tt0086250;Scarface ;Crime
tt0086250;Scarface ;Drama
tt0119807;Nothing to Lose ;Action
tt0119807;Nothing to Lose ;Adventure
tt0119807;Nothing to Lose ;Comedy
tt0093389;The Last Emperor ;Biography
tt0093389;The Last Emperor ;Drama
tt0093389;The Last Emperor ;History
tt1524137;Contraband ;Action
tt1524137;Contraband ;Crime
tt1524137;Contraband ;Drama
tt0119695;Money Talks ;Action
tt0119695;Money Talks ;Comedy
tt0119695;Money Talks ;Crime
tt0469494;There Will Be Blood ;Drama
tt0282120;The Wild Thornberrys Movie ;Adventure
tt0282120;The Wild Thornberrys Movie ;Animation
tt0282120;The Wild Thornberrys Movie ;Comedy
tt0337711;Rugrats Go Wild ;Adventure
tt0337711;Rugrats Go Wild ;Animation
tt0337711;Rugrats Go Wild ;Comedy
tt0279493;Undercover Brother ;Action
tt0279493;Undercover Brother ;Comedy
tt0403508;The Sisterhood of the Traveling Pants ;Comedy
tt0403508;The Sisterhood of the Traveling Pants ;Drama
tt0403508;The Sisterhood of the Traveling Pants ;Family
tt0271027;Kiss of the Dragon ;Action
tt0271027;Kiss of the Dragon ;Crime
tt0271027;Kiss of the Dragon ;Drama
tt0852713;The House Bunny ;Comedy
tt0852713;The House Bunny ;Romance
tt0388500;Beauty Shop ;Comedy
tt1647668;Million Dollar Arm ;Biography
tt1647668;Million Dollar Arm ;Drama
tt1647668;Million Dollar Arm ;Sport
tt0435651;The Giver ;Drama
tt0435651;The Giver ;Romance
tt0435651;The Giver ;Sci-Fi
tt0286788;What a Girl Wants ;Comedy
tt0286788;What a Girl Wants ;Drama
tt0286788;What a Girl Wants ;Family
tt0301470;Jeepers Creepers II ;Horror
tt0452625;Good Luck Chuck ;Comedy
tt0452625;Good Luck Chuck ;Romance
tt0306685;Cradle 2 the Grave ;Action
tt0306685;Cradle 2 the Grave ;Crime
tt0306685;Cradle 2 the Grave ;Drama
tt0274558;The Hours ;Drama
tt0274558;The Hours ;Romance
tt0454945;She's the Man ;Comedy
tt0454945;She's the Man ;Romance
tt0453451;Mr. Bean's Holiday ;Comedy
tt0453451;Mr. Bean's Holiday ;Family
tt0366174;Anacondas: The Hunt for the Blood Orchid ;Action
tt0366174;Anacondas: The Hunt for the Blood Orchid ;Adventure
tt0366174;Anacondas: The Hunt for the Blood Orchid ;Horror
tt1747958;Blood Ties ;Crime
tt1747958;Blood Ties ;Drama
tt1747958;Blood Ties ;Thriller
tt0426931;August Rush ;Drama
tt0426931;August Rush ;Music
tt0127536;Elizabeth ;Biography
tt0127536;Elizabeth ;Drama
tt0127536;Elizabeth ;History
tt0144120;Bride of Chucky ;Comedy
tt0144120;Bride of Chucky ;Fantasy
tt0144120;Bride of Chucky ;Horror
tt0066473;Tora! Tora! Tora! ;Action
tt0066473;Tora! Tora! Tora! ;Drama
tt0066473;Tora! Tora! Tora! ;History
tt0120185;Spice World ;Comedy
tt0120185;Spice World ;Family
tt0120185;Spice World ;Music
tt1366344;The Sitter ;Comedy
tt1153706;Dance Flick ;Action
tt1153706;Dance Flick ;Comedy
tt1153706;Dance Flick ;Music
tt0111161;The Shawshank Redemption ;Crime
tt0111161;The Shawshank Redemption ;Drama
tt0231402;Crocodile Dundee in Los Angeles ;Adventure
tt0231402;Crocodile Dundee in Los Angeles ;Comedy
tt0231402;Crocodile Dundee in Los Angeles ;Crime
tt0116778;Kingpin ;Comedy
tt0116778;Kingpin ;Sport
tt2039393;The Gambler ;Crime
tt2039393;The Gambler ;Drama
tt2039393;The Gambler ;Thriller
tt1322269;August: Osage County ;Drama
tt0396652;Ice Princess ;Comedy
tt0396652;Ice Princess ;Drama
tt0396652;Ice Princess ;Family
tt0391304;A Lot Like Love ;Comedy
tt0391304;A Lot Like Love ;Drama
tt0391304;A Lot Like Love ;Romance
tt1083452;Eddie the Eagle ;Biography
tt1083452;Eddie the Eagle ;Comedy
tt1083452;Eddie the Eagle ;Drama
tt0124718;He Got Game ;Drama
tt0124718;He Got Game ;Sport
tt0112883;Don Juan DeMarco ;Comedy
tt0112883;Don Juan DeMarco ;Drama
tt0112883;Don Juan DeMarco ;Romance
tt0989757;Dear John ;Drama
tt0989757;Dear John ;Romance
tt0989757;Dear John ;War
tt0480255;The Losers ;Action
tt0480255;The Losers ;Crime
tt0480255;The Losers ;Drama
tt1270761;Don't Be Afraid of the Dark ;Fantasy
tt1270761;Don't Be Afraid of the Dark ;Horror
tt1270761;Don't Be Afraid of the Dark ;Thriller
tt0499556;War ;Action
tt0499556;War ;Crime
tt0499556;War ;Thriller
tt0272338;Punch-Drunk Love ;Comedy
tt0272338;Punch-Drunk Love ;Drama
tt0272338;Punch-Drunk Love ;Romance
tt0356150;EuroTrip ;Comedy
tt0297162;Half Past Dead ;Action
tt0297162;Half Past Dead ;Crime
tt0297162;Half Past Dead ;Thriller
tt0488658;Unaccompanied Minors ;Adventure
tt0488658;Unaccompanied Minors ;Comedy
tt0488658;Unaccompanied Minors ;Family
tt0094799;Bright Lights, Big City ;Drama
tt0115472;The Adventures of Pinocchio ;Adventure
tt0115472;The Adventures of Pinocchio ;Family
tt0115472;The Adventures of Pinocchio ;Fantasy
tt0388980;The Greatest Game Ever Played ;Drama
tt0388980;The Greatest Game Ever Played ;History
tt0388980;The Greatest Game Ever Played ;Sport
tt0362478;The Box ;Drama
tt0362478;The Box ;Fantasy
tt0362478;The Box ;Mystery
tt0963794;The Ruins ;Horror
tt0156841;The Next Best Thing ;Comedy
tt0156841;The Next Best Thing ;Drama
tt0156841;The Next Best Thing ;Romance
tt0872230;My Soul to Take ;Horror
tt0872230;My Soul to Take ;Mystery
tt0872230;My Soul to Take ;Thriller
tt0265208;The Girl Next Door ;Comedy
tt0265208;The Girl Next Door ;Drama
tt0265208;The Girl Next Door ;Romance
tt0117011;Maximum Risk ;Action
tt0117011;Maximum Risk ;Crime
tt0117011;Maximum Risk ;Mystery
tt0265808;Stealing Harvard ;Comedy
tt0265808;Stealing Harvard ;Crime
tt3569230;Legend ;Biography
tt3569230;Legend ;Crime
tt3569230;Legend ;Drama
tt0787475;Hot Rod ;Comedy
tt1633356;Shark Night 3D ;Horror
tt1633356;Shark Night 3D ;Thriller
tt0145653;Angela's Ashes ;Drama
tt2223990;Draft Day ;Drama
tt2223990;Draft Day ;Sport
tt0089489;Lifeforce ;Action
tt0089489;Lifeforce ;Horror
tt0089489;Lifeforce ;Sci-Fi
tt0968264;The Conspirator ;Crime
tt0968264;The Conspirator ;Drama
tt0968264;The Conspirator ;History
tt0355702;Lords of Dogtown ;Biography
tt0355702;Lords of Dogtown ;Drama
tt0355702;Lords of Dogtown ;Sport
tt2006295;The 33 ;Biography
tt2006295;The 33 ;Drama
tt2006295;The 33 ;History
tt0090728;Big Trouble in Little China ;Action
tt0090728;Big Trouble in Little China ;Adventure
tt0090728;Big Trouble in Little China ;Comedy
tt1986843;A Perfect Plan ;Comedy
tt1986843;A Perfect Plan ;Romance
tt1291584;Warrior ;Drama
tt1291584;Warrior ;Sport
tt0117039;Michael Collins ;Biography
tt0117039;Michael Collins ;Drama
tt0117039;Michael Collins ;Thriller
tt0107007;Gettysburg ;Drama
tt0107007;Gettysburg ;History
tt0107007;Gettysburg ;War
tt0489281;Stop-Loss ;Drama
tt0489281;Stop-Loss ;War
tt0267248;Abandon ;Drama
tt0267248;Abandon ;Music
tt0267248;Abandon ;Mystery
tt0120620;Brokedown Palace ;Drama
tt0120620;Brokedown Palace ;Mystery
tt0120620;Brokedown Palace ;Thriller
tt0431021;The Possession ;Horror
tt0431021;The Possession ;Thriller
tt0117104;Mrs. Winterbourne ;Comedy
tt0117104;Mrs. Winterbourne ;Drama
tt0117104;Mrs. Winterbourne ;Romance
tt0999913;Straw Dogs ;Action
tt0999913;Straw Dogs ;Drama
tt0999913;Straw Dogs ;Thriller
tt0462338;The Hoax ;Comedy
tt0462338;The Hoax ;Drama
tt0102984;Stone Cold ;Action
tt0102984;Stone Cold ;Crime
tt0102984;Stone Cold ;Drama
tt0898367;The Road ;Adventure
tt0898367;The Road ;Drama
tt0088103;Sheena ;Adventure
tt0088103;Sheena ;Fantasy
tt0373416;Underclassman ;Action
tt0373416;Underclassman ;Comedy
tt0373416;Underclassman ;Crime
tt0239949;Say It Isn't So ;Comedy
tt0239949;Say It Isn't So ;Romance
tt0412080;The World's Fastest Indian ;Biography
tt0412080;The World's Fastest Indian ;Drama
tt0412080;The World's Fastest Indian ;Sport
tt0114614;Tank Girl ;Action
tt0114614;Tank Girl ;Comedy
tt0114614;Tank Girl ;Sci-Fi
tt0388183;King's Ransom ;Comedy
tt0388183;King's Ransom ;Crime
tt0861689;Blindness ;Drama
tt0861689;Blindness ;Mystery
tt0861689;Blindness ;Sci-Fi
tt0383222;BloodRayne ;Action
tt0383222;BloodRayne ;Adventure
tt0383222;BloodRayne ;Fantasy
tt1692486;Carnage ;Comedy
tt1692486;Carnage ;Drama
tt0373450;Where the Truth Lies ;Crime
tt0373450;Where the Truth Lies ;Drama
tt0373450;Where the Truth Lies ;Mystery
tt1792647;Cirque du Soleil: Worlds Away ;Fantasy
tt0119934;Without Limits ;Biography
tt0119934;Without Limits ;Drama
tt0119934;Without Limits ;Sport
tt1175506;Me and Orson Welles ;Drama
tt1924396;The Best Offer ;Crime
tt1924396;The Best Offer ;Drama
tt1924396;The Best Offer ;Mystery
tt1095217;Bad Lieutenant: Port of Call New Orleans ;Crime
tt1095217;Bad Lieutenant: Port of Call New Orleans ;Drama
tt1230204;A Turtle's Tale: Sammy's Adventures ;Adventure
tt1230204;A Turtle's Tale: Sammy's Adventures ;Animation
tt1230204;A Turtle's Tale: Sammy's Adventures ;Family
tt1440232;Little White Lies ;Comedy
tt1440232;Little White Lies ;Drama
tt1125929;Love Ranch ;Comedy
tt1125929;Love Ranch ;Drama
tt1125929;Love Ranch ;Romance
tt1239462;The True Story of Puss'N Boots ;Adventure
tt1239462;The True Story of Puss'N Boots ;Animation
tt1239462;The True Story of Puss'N Boots ;Comedy
tt1272051;Space Dogs ;Adventure
tt1272051;Space Dogs ;Animation
tt1272051;Space Dogs ;Comedy
tt2193215;The Counselor ;Crime
tt2193215;The Counselor ;Drama
tt2193215;The Counselor ;Thriller
tt1233301;Ironclad ;Action
tt1233301;Ironclad ;Adventure
tt1233301;Ironclad ;History
tt0066549;Waterloo ;Action
tt0066549;Waterloo ;Drama
tt0066549;Waterloo ;History
tt2952602;Kung Fu Killer ;Action
tt2952602;Kung Fu Killer ;Drama
tt1946381;Red Sky ;Action
tt1946381;Red Sky ;Thriller
tt0094947;Dangerous Liaisons ;Drama
tt0094947;Dangerous Liaisons ;Romance
tt0337692;On the Road ;Adventure
tt0337692;On the Road ;Drama
tt0092007;Star Trek IV: The Voyage Home ;Adventure
tt0092007;Star Trek IV: The Voyage Home ;Comedy
tt0092007;Star Trek IV: The Voyage Home ;Sci-Fi
tt0479143;Rocky Balboa ;Drama
tt0479143;Rocky Balboa ;Sport
tt0120082;Scream 2 ;Horror
tt0120082;Scream 2 ;Mystery
tt2140037;Jane Got a Gun ;Action
tt2140037;Jane Got a Gun ;Drama
tt2140037;Jane Got a Gun ;Western
tt2239832;Think Like a Man Too ;Comedy
tt2239832;Think Like a Man Too ;Romance
tt0190138;The Whole Nine Yards ;Comedy
tt0190138;The Whole Nine Yards ;Crime
tt0087277;Footloose ;Drama
tt0087277;Footloose ;Music
tt0087277;Footloose ;Romance
tt0302886;Old School ;Comedy
tt0101889;The Fisher King ;Comedy
tt0101889;The Fisher King ;Drama
tt0101889;The Fisher King ;Fantasy
tt0130018;I Still Know What You Did Last Summer ;Horror
tt0130018;I Still Know What You Did Last Summer ;Mystery
tt0122459;Return to Me ;Comedy
tt0122459;Return to Me ;Drama
tt0122459;Return to Me ;Romance
tt1007028;Zack and Miri Make a Porno ;Comedy
tt1007028;Zack and Miri Make a Porno ;Romance
tt0171580;Nurse Betty ;Comedy
tt0171580;Nurse Betty ;Crime
tt0171580;Nurse Betty ;Drama
tt1234548;The Men Who Stare at Goats ;Comedy
tt1234548;The Men Who Stare at Goats ;War
tt0238948;Double Take ;Action
tt0238948;Double Take ;Comedy
tt0238948;Double Take ;Crime
tt0172493;Girl, Interrupted ;Biography
tt0172493;Girl, Interrupted ;Drama
tt0335559;Win a Date with Tad Hamilton! ;Comedy
tt0335559;Win a Date with Tad Hamilton! ;Romance
tt0158811;Muppets from Space ;Adventure
tt0158811;Muppets from Space ;Comedy
tt0158811;Muppets from Space ;Family
tt0078504;The Wiz ;Adventure
tt0078504;The Wiz ;Family
tt0078504;The Wiz ;Fantasy
tt0217756;Ready to Rumble ;Comedy
tt0217756;Ready to Rumble ;Sport
tt0196857;Play It to the Bone ;Comedy
tt0196857;Play It to the Bone ;Drama
tt0196857;Play It to the Bone ;Sport
tt1742650;I Don't Know How She Does It ;Comedy
tt1742650;I Don't Know How She Does It ;Romance
tt0464154;Piranha 3D ;Comedy
tt0464154;Piranha 3D ;Horror
tt0363473;Beyond the Sea ;Biography
tt0363473;Beyond the Sea ;Drama
tt0363473;Beyond the Sea ;Music
tt0120645;Meet the Deedles ;Comedy
tt0120645;Meet the Deedles ;Family
tt0112389;The Princess and the Cobbler ;Action
tt0112389;The Princess and the Cobbler ;Adventure
tt0112389;The Princess and the Cobbler ;Animation
tt0356443;The Bridge of San Luis Rey ;Drama
tt0356443;The Bridge of San Luis Rey ;Romance
tt1433108;Faster ;Action
tt1433108;Faster ;Crime
tt1433108;Faster ;Drama
tt0347149;Howl's Moving Castle ;Adventure
tt0347149;Howl's Moving Castle ;Animation
tt0347149;Howl's Moving Castle ;Family
tt1156398;Zombieland ;Adventure
tt1156398;Zombieland ;Comedy
tt1156398;Zombieland ;Horror
tt0120484;The Waterboy ;Comedy
tt0120484;The Waterboy ;Sport
tt0080684;Star Wars: Episode V - The Empire Strikes Back ;Action
tt0080684;Star Wars: Episode V - The Empire Strikes Back ;Adventure
tt0080684;Star Wars: Episode V - The Empire Strikes Back ;Fantasy
tt0112442;Bad Boys ;Action
tt0112442;Bad Boys ;Comedy
tt0112442;Bad Boys ;Crime
tt0102510;The Naked Gun 2½: The Smell of Fear ;Comedy
tt0102510;The Naked Gun 2½: The Smell of Fear ;Crime
tt0195714;Final Destination ;Horror
tt0195714;Final Destination ;Thriller
tt1124035;The Ides of March ;Drama
tt0134847;Pitch Black ;Horror
tt0134847;Pitch Black ;Sci-Fi
tt0244970;Someone Like You... ;Comedy
tt0244970;Someone Like You... ;Romance
tt1798709;Her ;Drama
tt1798709;Her ;Romance
tt1798709;Her ;Sci-Fi
tt0206314;Joy Ride ;Mystery
tt0206314;Joy Ride ;Thriller
tt1376213;The Adventurer: The Curse of the Midas Box ;Adventure
tt1376213;The Adventurer: The Curse of the Midas Box ;Family
tt1376213;The Adventurer: The Curse of the Midas Box ;Fantasy
tt0149691;Anywhere But Here ;Comedy
tt0149691;Anywhere But Here ;Drama
tt0198386;The Crew ;Comedy
tt0198386;The Crew ;Crime
tt1506999;Haywire ;Action
tt1506999;Haywire ;Thriller
tt0093300;Jaws: The Revenge ;Adventure
tt0093300;Jaws: The Revenge ;Horror
tt0093300;Jaws: The Revenge ;Thriller
tt0116999;Marvin's Room ;Drama
tt1091751;The Longshots ;Biography
tt1091751;The Longshots ;Comedy
tt1091751;The Longshots ;Drama
tt0172396;The End of the Affair ;Drama
tt0172396;The End of the Affair ;Romance
tt0102005;Harley Davidson and the Marlboro Man ;Action
tt0102005;Harley Davidson and the Marlboro Man ;Crime
tt0102005;Harley Davidson and the Marlboro Man ;Drama
tt0478134;In the Valley of Elah ;Crime
tt0478134;In the Valley of Elah ;Drama
tt0478134;In the Valley of Elah ;Mystery
tt1035736;Coco Before Chanel ;Biography
tt1035736;Coco Before Chanel ;Drama
tt2271563;Forsaken ;Drama
tt2271563;Forsaken ;Western
tt1179258;Chéri ;Comedy
tt1179258;Chéri ;Drama
tt1179258;Chéri ;Romance
tt0241025;Vanity Fair ;Drama
tt1403130;Bodyguards and Assassins ;Action
tt1403130;Bodyguards and Assassins ;Drama
tt1403130;Bodyguards and Assassins ;History
tt0450385;1408 ;Fantasy
tt0450385;1408 ;Horror
tt0094012;Spaceballs ;Adventure
tt0094012;Spaceballs ;Comedy
tt0094012;Spaceballs ;Sci-Fi
tt3007512;The Water Diviner ;Drama
tt3007512;The Water Diviner ;War
tt0099653;Ghost ;Drama
tt0099653;Ghost ;Fantasy
tt0099653;Ghost ;Romance
tt0129387;There's Something About Mary ;Comedy
tt0129387;There's Something About Mary ;Romance
tt0111070;The Santa Clause ;Comedy
tt0111070;The Santa Clause ;Drama
tt0111070;The Santa Clause ;Family
tt0265662;The Rookie ;Drama
tt0265662;The Rookie ;Family
tt0265662;The Rookie ;Sport
tt0492956;The Game Plan ;Comedy
tt0492956;The Game Plan ;Family
tt0492956;The Game Plan ;Sport
tt0112579;The Bridges of Madison County ;Drama
tt0112579;The Bridges of Madison County ;Romance
tt0255798;The Animal ;Comedy
tt0255798;The Animal ;Sci-Fi
tt0083987;Gandhi ;Biography
tt0083987;Gandhi ;Drama
tt0083987;Gandhi ;History
tt2980648;The Hundred-Foot Journey ;Comedy
tt2980648;The Hundred-Foot Journey ;Drama
tt0113957;The Net ;Action
tt0113957;The Net ;Crime
tt0113957;The Net ;Drama
tt0277027;I Am Sam ;Drama
tt3210686;Son of God ;Biography
tt3210686;Son of God ;Drama
tt3210686;Son of God ;History
tt0320691;Underworld ;Action
tt0320691;Underworld ;Fantasy
tt0320691;Underworld ;Thriller
tt0398017;Derailed ;Drama
tt0398017;Derailed ;Thriller
tt1130080;The Informant! ;Comedy
tt1130080;The Informant! ;Crime
tt1130080;The Informant! ;Drama
tt0108101;Shadowlands ;Biography
tt0108101;Shadowlands ;Drama
tt0108101;Shadowlands ;Romance
tt0367652;Deuce Bigalow: European Gigolo ;Comedy
tt2387559;Delivery Man ;Comedy
tt2387559;Delivery Man ;Drama
tt1995390;Our Kind of Traitor ;Thriller
tt0239948;Saving Silverman ;Comedy
tt0239948;Saving Silverman ;Crime
tt0239948;Saving Silverman ;Romance
tt2023453;Diary of a Wimpy Kid: Dog Days ;Comedy
tt2023453;Diary of a Wimpy Kid: Dog Days ;Family
tt0162677;Summer of Sam ;Crime
tt0162677;Summer of Sam ;Drama
tt0162677;Summer of Sam ;Romance
tt0261392;Jay and Silent Bob Strike Back ;Comedy
tt0221218;The Glass House ;Crime
tt0221218;The Glass House ;Drama
tt0221218;The Glass House ;Mystery
tt0475290;Hail, Caesar! ;Comedy
tt0475290;Hail, Caesar! ;Mystery
tt0236348;Josie and the Pussycats ;Comedy
tt0236348;Josie and the Pussycats ;Music
tt2312718;Homefront ;Action
tt2312718;Homefront ;Crime
tt2312718;Homefront ;Drama
tt0192255;The Little Vampire ;Adventure
tt0192255;The Little Vampire ;Comedy
tt0192255;The Little Vampire ;Family
tt0356721;I Heart Huckabees ;Comedy
tt0107978;RoboCop 3 ;Action
tt0107978;RoboCop 3 ;Crime
tt0107978;RoboCop 3 ;Sci-Fi
tt0263728;Megiddo: The Omega Code 2 ;Action
tt0263728;Megiddo: The Omega Code 2 ;Adventure
tt0263728;Megiddo: The Omega Code 2 ;Fantasy
tt0065611;Darling Lili ;Comedy
tt0065611;Darling Lili ;Drama
tt0065611;Darling Lili ;Musical
tt0160236;Dudley Do-Right ;Comedy
tt0160236;Dudley Do-Right ;Family
tt0160236;Dudley Do-Right ;Romance
tt2938956;The Transporter Refueled ;Action
tt2938956;The Transporter Refueled ;Crime
tt2938956;The Transporter Refueled ;Thriller
tt0375920;The Libertine ;Drama
tt0375920;The Libertine ;Romance
tt0389557;Black Book ;Drama
tt0389557;Black Book ;Thriller
tt0389557;Black Book ;War
tt0424205;Joyeux Noel ;Drama
tt0424205;Joyeux Noel ;History
tt0424205;Joyeux Noel ;Music
tt2097307;Hit and Run ;Action
tt2097307;Hit and Run ;Comedy
tt2097307;Hit and Run ;Romance
tt0951216;Mad Money ;Comedy
tt0951216;Mad Money ;Crime
tt0951216;Mad Money ;Thriller
tt1726592;Before I Go to Sleep ;Drama
tt1726592;Before I Go to Sleep ;Mystery
tt1726592;Before I Go to Sleep ;Thriller
tt0076740;Sorcerer ;Adventure
tt0076740;Sorcerer ;Drama
tt0076740;Sorcerer ;Thriller
tt1423995;Stone ;Drama
tt1423995;Stone ;Thriller
tt0796335;Molière ;Comedy
tt0796335;Molière ;History
tt1206543;Out of the Furnace ;Crime
tt1206543;Out of the Furnace ;Drama
tt1206543;Out of the Furnace ;Thriller
tt0465538;Michael Clayton ;Crime
tt0465538;Michael Clayton ;Drama
tt0465538;Michael Clayton ;Mystery
tt0117119;My Fellow Americans ;Adventure
tt0117119;My Fellow Americans ;Comedy
tt0137363;Arlington Road ;Crime
tt0137363;Arlington Road ;Drama
tt0137363;Arlington Road ;Thriller
tt1634003;Underdogs ;Adventure
tt1634003;Underdogs ;Animation
tt1634003;Underdogs ;Family
tt1859650;To Rome with Love ;Comedy
tt1859650;To Rome with Love ;Romance
tt0083943;Firefox ;Action
tt0083943;Firefox ;Adventure
tt0083943;Firefox ;Thriller
tt0158983;South Park: Bigger Longer & Uncut ;Animation
tt0158983;South Park: Bigger Longer & Uncut ;Comedy
tt0158983;South Park: Bigger Longer & Uncut ;Fantasy
tt0795368;Death at a Funeral ;Comedy
tt0108308;Teenage Mutant Ninja Turtles III ;Action
tt0108308;Teenage Mutant Ninja Turtles III ;Adventure
tt0108308;Teenage Mutant Ninja Turtles III ;Comedy
tt0180734;Hardball ;Drama
tt0180734;Hardball ;Sport
tt1045658;Silver Linings Playbook ;Comedy
tt1045658;Silver Linings Playbook ;Drama
tt1045658;Silver Linings Playbook ;Romance
tt0463998;Freedom Writers ;Biography
tt0463998;Freedom Writers ;Crime
tt0463998;Freedom Writers ;Drama
tt1405500;For Colored Girls ;Drama
tt0293662;The Transporter ;Action
tt0293662;The Transporter ;Crime
tt0293662;The Transporter ;Thriller
tt1023111;Never Back Down ;Action
tt1023111;Never Back Down ;Drama
tt1023111;Never Back Down ;Sport
tt0144814;The Rage: Carrie 2 ;Horror
tt0144814;The Rage: Carrie 2 ;Sci-Fi
tt0144814;The Rage: Carrie 2 ;Thriller
tt1176740;Away We Go ;Comedy
tt1176740;Away We Go ;Drama
tt1176740;Away We Go ;Romance
tt1027862;Swing Vote ;Comedy
tt1027862;Swing Vote ;Drama
tt0179098;Moonlight Mile ;Drama
tt0179098;Moonlight Mile ;Romance
tt1340800;Tinker Tailor Soldier Spy ;Drama
tt1340800;Tinker Tailor Soldier Spy ;Mystery
tt1340800;Tinker Tailor Soldier Spy ;Thriller
tt0143746;Molly ;Comedy
tt0143746;Molly ;Drama
tt0143746;Molly ;Romance
tt1321860;The Beaver ;Drama
tt0083642;The Best Little Whorehouse in Texas ;Comedy
tt0083642;The Best Little Whorehouse in Texas ;Musical
tt0120907;eXistenZ ;Horror
tt0120907;eXistenZ ;Sci-Fi
tt0120907;eXistenZ ;Thriller
tt0082971;Raiders of the Lost Ark ;Action
tt0082971;Raiders of the Lost Ark ;Adventure
tt0104431;Home Alone 2: Lost in New York ;Adventure
tt0104431;Home Alone 2: Lost in New York ;Comedy
tt0104431;Home Alone 2: Lost in New York ;Family
tt0075860;Close Encounters of the Third Kind ;Drama
tt0075860;Close Encounters of the Third Kind ;Sci-Fi
tt0454919;Pulse ;Drama
tt0454919;Pulse ;Horror
tt0454919;Pulse ;Sci-Fi
tt0092644;Beverly Hills Cop II ;Action
tt0092644;Beverly Hills Cop II ;Comedy
tt0092644;Beverly Hills Cop II ;Crime
tt0305669;Bringing Down the House ;Comedy
tt0102926;The Silence of the Lambs ;Crime
tt0102926;The Silence of the Lambs ;Drama
tt0102926;The Silence of the Lambs ;Horror
tt0105793;Wayne's World ;Comedy
tt0105793;Wayne's World ;Music
tt1116184;Jackass 3D ;Action
tt1116184;Jackass 3D ;Comedy
tt1116184;Jackass 3D ;Documentary
tt0077766;Jaws 2 ;Adventure
tt0077766;Jaws 2 ;Horror
tt0077766;Jaws 2 ;Thriller
tt1014775;Beverly Hills Chihuahua ;Adventure
tt1014775;Beverly Hills Chihuahua ;Comedy
tt1014775;Beverly Hills Chihuahua ;Drama
tt1457767;The Conjuring ;Horror
tt1457767;The Conjuring ;Mystery
tt1457767;The Conjuring ;Thriller
tt0368578;Are We There Yet? ;Adventure
tt0368578;Are We There Yet? ;Comedy
tt0368578;Are We There Yet? ;Family
tt2103254;Tammy ;Comedy
tt0332379;School of Rock ;Comedy
tt0332379;School of Rock ;Music
tt0113855;Mortal Kombat ;Action
tt0113855;Mortal Kombat ;Adventure
tt0113855;Mortal Kombat ;Fantasy
tt0381707;White Chicks ;Comedy
tt0381707;White Chicks ;Crime
tt1033575;The Descendants ;Comedy
tt1033575;The Descendants ;Drama
tt0311289;Holes ;Adventure
tt0311289;Holes ;Comedy
tt0311289;Holes ;Drama
tt1294226;The Last Song ;Drama
tt1294226;The Last Song ;Family
tt1294226;The Last Song ;Music
tt2024544;12 Years a Slave ;Biography
tt2024544;12 Years a Slave ;Drama
tt2024544;12 Years a Slave ;History
tt0303933;Drumline ;Comedy
tt0303933;Drumline ;Drama
tt0303933;Drumline ;Music
tt1391137;Why Did I Get Married Too? ;Comedy
tt1391137;Why Did I Get Married Too? ;Drama
tt1391137;Why Did I Get Married Too? ;Romance
tt0099487;Edward Scissorhands ;Fantasy
tt0099487;Edward Scissorhands ;Romance
tt2674426;Me Before You ;Drama
tt2674426;Me Before You ;Romance
tt2215285;Madea's Witness Protection ;Comedy
tt2215285;Madea's Witness Protection ;Crime
tt2215285;Madea's Witness Protection ;Drama
tt0067116;The French Connection ;Action
tt0067116;The French Connection ;Crime
tt0067116;The French Connection ;Drama
tt4651520;Bad Moms ;Comedy
tt0466342;Date Movie ;Comedy
tt0466342;Date Movie ;Romance
tt0280030;Return to Never Land ;Adventure
tt0280030;Return to Never Land ;Animation
tt0280030;Return to Never Land ;Family
tt1020072;Selma ;Biography
tt1020072;Selma ;Drama
tt1020072;Selma ;History
tt0283426;The Jungle Book 2 ;Adventure
tt0283426;The Jungle Book 2 ;Animation
tt0283426;The Jungle Book 2 ;Family
tt0357507;Boogeyman ;Drama
tt0357507;Boogeyman ;Horror
tt0357507;Boogeyman ;Mystery
tt0477071;Premonition ;Drama
tt0477071;Premonition ;Mystery
tt0477071;Premonition ;Thriller
tt0220099;The Tigger Movie ;Animation
tt0220099;The Tigger Movie ;Comedy
tt0220099;The Tigger Movie ;Drama
tt1148204;Orphan ;Horror
tt1148204;Orphan ;Mystery
tt1148204;Orphan ;Thriller
tt3369806;Max ;Adventure
tt3369806;Max ;Family
tt0799949;Epic Movie ;Adventure
tt0799949;Epic Movie ;Comedy
tt1895587;Spotlight ;Biography
tt1895587;Spotlight ;Crime
tt1895587;Spotlight ;Drama
tt0947802;Lakeview Terrace ;Crime
tt0947802;Lakeview Terrace ;Drama
tt0947802;Lakeview Terrace ;Thriller
tt0433386;The Grudge 2 ;Horror
tt0433386;The Grudge 2 ;Thriller
tt0120703;How Stella Got Her Groove Back ;Comedy
tt0120703;How Stella Got Her Groove Back ;Drama
tt0120703;How Stella Got Her Groove Back ;Romance
tt0101452;Bill & Ted's Bogus Journey ;Adventure
tt0101452;Bill & Ted's Bogus Journey ;Comedy
tt0101452;Bill & Ted's Bogus Journey ;Fantasy
tt0483726;Man of the Year ;Comedy
tt0483726;Man of the Year ;Drama
tt0483726;Man of the Year ;Romance
tt0078869;The Black Hole ;Action
tt0078869;The Black Hole ;Sci-Fi
tt1440728;The American ;Crime
tt1440728;The American ;Drama
tt1440728;The American ;Thriller
tt0120094;Selena ;Biography
tt0120094;Selena ;Drama
tt0120094;Selena ;Music
tt1666186;Vampires Suck ;Comedy
tt0449467;Babel ;Drama
tt1371150;This Is Where I Leave You ;Comedy
tt1371150;This Is Where I Leave You ;Drama
tt0918927;Doubt ;Drama
tt0918927;Doubt ;Mystery
tt0372588;Team America: World Police ;Action
tt0372588;Team America: World Police ;Comedy
tt1572315;Texas Chainsaw 3D ;Horror
tt1572315;Texas Chainsaw 3D ;Thriller
tt0112722;Copycat ;Crime
tt0112722;Copycat ;Drama
tt0112722;Copycat ;Mystery
tt0795461;Scary Movie 5 ;Comedy
tt0064782;Paint Your Wagon ;Comedy
tt0064782;Paint Your Wagon ;Drama
tt0064782;Paint Your Wagon ;Musical
tt1013753;Milk ;Biography
tt1013753;Milk ;Drama
tt1013753;Milk ;History
tt3231054;Risen ;Action
tt3231054;Risen ;Adventure
tt3231054;Risen ;Drama
tt0288477;Ghost Ship ;Horror
tt1268799;A Very Harold & Kumar 3D Christmas ;Adventure
tt1268799;A Very Harold & Kumar 3D Christmas ;Comedy
tt0120890;Wild Things ;Crime
tt0120890;Wild Things ;Drama
tt0120890;Wild Things ;Mystery
tt0814335;The Stepfather ;Crime
tt0814335;The Stepfather ;Thriller
tt1226753;The Debt ;Drama
tt1226753;The Debt ;Thriller
tt0146882;High Fidelity ;Comedy
tt0146882;High Fidelity ;Drama
tt0146882;High Fidelity ;Music
tt0479968;One Missed Call ;Horror
tt0479968;One Missed Call ;Mystery
tt0116260;Eye for an Eye ;Crime
tt0116260;Eye for an Eye ;Drama
tt0116260;Eye for an Eye ;Thriller
tt0200465;The Bank Job ;Crime
tt0200465;The Bank Job ;Drama
tt0200465;The Bank Job ;Romance
tt0338013;Eternal Sunshine of the Spotless Mind ;Drama
tt0338013;Eternal Sunshine of the Spotless Mind ;Fantasy
tt0338013;Eternal Sunshine of the Spotless Mind ;Romance
tt1414382;You Again ;Comedy
tt1414382;You Again ;Family
tt1414382;You Again ;Romance
tt0421073;Street Kings ;Action
tt0421073;Street Kings ;Crime
tt0421073;Street Kings ;Drama
tt1213663;The World's End ;Action
tt1213663;The World's End ;Comedy
tt1213663;The World's End ;Sci-Fi
tt0479500;Nancy Drew ;Comedy
tt0479500;Nancy Drew ;Crime
tt0479500;Nancy Drew ;Family
tt0433362;Daybreakers ;Action
tt0433362;Daybreakers ;Horror
tt0433362;Daybreakers ;Sci-Fi
tt0815236;She's Out of My League ;Comedy
tt0815236;She's Out of My League ;Romance
tt1067774;Monte Carlo ;Adventure
tt1067774;Monte Carlo ;Comedy
tt1067774;Monte Carlo ;Family
tt0441796;Stay Alive ;Horror
tt0441796;Stay Alive ;Thriller
tt0102744;Quigley Down Under ;Action
tt0102744;Quigley Down Under ;Adventure
tt0102744;Quigley Down Under ;Drama
tt1213012;Alpha and Omega ;Adventure
tt1213012;Alpha and Omega ;Animation
tt1213012;Alpha and Omega ;Comedy
tt0475944;The Covenant ;Action
tt0475944;The Covenant ;Fantasy
tt0475944;The Covenant ;Horror
tt0430634;Stick It ;Comedy
tt0430634;Stick It ;Drama
tt0430634;Stick It ;Sport
tt1100119;Shorts ;Comedy
tt1100119;Shorts ;Family
tt1100119;Shorts ;Fantasy
tt0114681;To Die For ;Comedy
tt0114681;To Die For ;Crime
tt0114681;To Die For ;Drama
tt3531824;Nerve ;Adventure
tt3531824;Nerve ;Crime
tt3531824;Nerve ;Mystery
tt0800308;Appaloosa ;Crime
tt0800308;Appaloosa ;Drama
tt0800308;Appaloosa ;Western
tt0120877;Vampires ;Action
tt0120877;Vampires ;Horror
tt0120877;Vampires ;Thriller
tt0054215;Psycho ;Horror
tt0054215;Psycho ;Mystery
tt0054215;Psycho ;Thriller
tt1046163;My Best Friend's Girl ;Comedy
tt1046163;My Best Friend's Girl ;Romance
tt2318092;Endless Love ;Drama
tt2318092;Endless Love ;Romance
tt0791304;Georgia Rule ;Comedy
tt0791304;Georgia Rule ;Drama
tt0083254;Under the Rainbow ;Comedy
tt0089457;Ladyhawke ;Adventure
tt0089457;Ladyhawke ;Comedy
tt0089457;Ladyhawke ;Drama
tt0124879;Simon Birch ;Comedy
tt0124879;Simon Birch ;Drama
tt0124879;Simon Birch ;Family
tt0490204;Reign Over Me ;Drama
tt0758758;Into the Wild ;Adventure
tt0758758;Into the Wild ;Biography
tt0758758;Into the Wild ;Drama
tt0462519;School for Scoundrels ;Comedy
tt0938330;Silent Hill: Revelation 3D ;Adventure
tt0938330;Silent Hill: Revelation 3D ;Drama
tt0938330;Silent Hill: Revelation 3D ;Horror
tt0116367;From Dusk Till Dawn ;Crime
tt0116367;From Dusk Till Dawn ;Fantasy
tt0116367;From Dusk Till Dawn ;Horror
tt0407121;Pooh's Heffalump Movie ;Animation
tt0407121;Pooh's Heffalump Movie ;Family
tt0407121;Pooh's Heffalump Movie ;Fantasy
tt0113321;Home for the Holidays ;Comedy
tt0113321;Home for the Holidays ;Drama
tt0113321;Home for the Holidays ;Romance
tt0373074;Kung Fu Hustle ;Action
tt0373074;Kung Fu Hustle ;Comedy
tt0373074;Kung Fu Hustle ;Crime
tt0276033;The Country Bears ;Comedy
tt0276033;The Country Bears ;Family
tt0276033;The Country Bears ;Music
tt0419887;The Kite Runner ;Drama
tt0315733;21 Grams ;Drama
tt0338325;Paparazzi ;Action
tt0338325;Paparazzi ;Crime
tt0338325;Paparazzi ;Drama
tt0295289;A Guy Thing ;Comedy
tt0295289;A Guy Thing ;Romance
tt0217630;Loser ;Comedy
tt0217630;Loser ;Romance
tt1232207;Capitalism: A Love Story ;Crime
tt1232207;Capitalism: A Love Story ;Documentary
tt1232207;Capitalism: A Love Story ;News
tt0059245;The Greatest Story Ever Told ;Biography
tt0059245;The Greatest Story Ever Told ;Drama
tt0059245;The Greatest Story Ever Told ;History
tt1741273;Secret in Their Eyes ;Crime
tt1741273;Secret in Their Eyes ;Drama
tt1741273;Secret in Their Eyes ;Mystery
tt1213644;Disaster Movie ;Comedy
tt0913354;Armored ;Action
tt0913354;Armored ;Crime
tt0913354;Armored ;Thriller
tt0120483;The Man Who Knew Too Little ;Action
tt0120483;The Man Who Knew Too Little ;Comedy
tt0120483;The Man Who Knew Too Little ;Crime
tt0770703;What's Your Number? ;Comedy
tt0770703;What's Your Number? ;Romance
tt1592525;Lockout ;Action
tt1592525;Lockout ;Adventure
tt1592525;Lockout ;Sci-Fi
tt0326856;Envy ;Comedy
tt1121931;Crank: High Voltage ;Action
tt1121931;Crank: High Voltage ;Crime
tt1121931;Crank: High Voltage ;Sci-Fi
tt0109348;Bullets Over Broadway ;Comedy
tt0109348;Bullets Over Broadway ;Crime
tt0430431;One Night with the King ;Biography
tt0430431;One Night with the King ;Drama
tt0430431;One Night with the King ;History
tt0258068;The Quiet American ;Drama
tt0258068;The Quiet American ;Mystery
tt0258068;The Quiet American ;Romance
tt0384680;The Weather Man ;Comedy
tt0384680;The Weather Man ;Drama
tt0281322;Undisputed ;Action
tt0281322;Undisputed ;Crime
tt0281322;Undisputed ;Drama
tt0995039;Ghost Town ;Comedy
tt0995039;Ghost Town ;Drama
tt0995039;Ghost Town ;Fantasy
tt1160368;12 Rounds ;Action
tt1160368;12 Rounds ;Crime
tt1160368;12 Rounds ;Thriller
tt1228987;Let Me In ;Drama
tt1228987;Let Me In ;Fantasy
tt1228987;Let Me In ;Horror
tt0109015;3 Ninjas Kick Back ;Action
tt0109015;3 Ninjas Kick Back ;Comedy
tt0109015;3 Ninjas Kick Back ;Family
tt0799934;Be Kind Rewind ;Comedy
tt0413015;Mrs Henderson Presents ;Comedy
tt0413015;Mrs Henderson Presents ;Drama
tt0413015;Mrs Henderson Presents ;Music
tt1712261;Triple 9 ;Action
tt1712261;Triple 9 ;Crime
tt1712261;Triple 9 ;Drama
tt0118954;Deconstructing Harry ;Comedy
tt0144640;Three to Tango ;Comedy
tt0144640;Three to Tango ;Romance
tt2503944;Burnt ;Comedy
tt2503944;Burnt ;Drama
tt0098625;We're No Angels ;Comedy
tt0098625;We're No Angels ;Crime
tt0116242;Everyone Says I Love You ;Comedy
tt0116242;Everyone Says I Love You ;Musical
tt0116242;Everyone Says I Love You ;Romance
tt0804461;Death Sentence ;Action
tt0804461;Death Sentence ;Crime
tt0804461;Death Sentence ;Thriller
tt0780511;Everybody's Fine ;Adventure
tt0780511;Everybody's Fine ;Drama
tt0270846;Superbabies: Baby Geniuses 2 ;Comedy
tt0270846;Superbabies: Baby Geniuses 2 ;Family
tt0270846;Superbabies: Baby Geniuses 2 ;Sci-Fi
tt0399327;The Man ;Action
tt0399327;The Man ;Comedy
tt0399327;The Man ;Crime
tt0462229;Code Name: The Cleaner ;Action
tt0462229;Code Name: The Cleaner ;Comedy
tt0462229;Code Name: The Cleaner ;Crime
tt0345074;Connie and Carla ;Comedy
tt0345074;Connie and Carla ;Crime
tt0345074;Connie and Carla ;Music
tt0065054;Sweet Charity ;Comedy
tt0065054;Sweet Charity ;Drama
tt0065054;Sweet Charity ;Music
tt1791528;Inherent Vice ;Comedy
tt1791528;Inherent Vice ;Crime
tt1791528;Inherent Vice ;Drama
tt0763304;Doogal ;Adventure
tt0763304;Doogal ;Animation
tt0763304;Doogal ;Comedy
tt1532958;Battle of the Year ;Drama
tt1532958;Battle of the Year ;Music
tt1190617;An American Carol ;Comedy
tt1190617;An American Carol ;Fantasy
tt2002718;Machete Kills ;Action
tt2002718;Machete Kills ;Comedy
tt2002718;Machete Kills ;Crime
tt0310357;Willard ;Drama
tt0310357;Willard ;Horror
tt0310357;Willard ;Sci-Fi
tt0489282;Strange Wilderness ;Adventure
tt0489282;Strange Wilderness ;Comedy
tt0151568;Topsy-Turvy ;Biography
tt0151568;Topsy-Turvy ;Comedy
tt0151568;Topsy-Turvy ;Drama
tt1810683;Little Boy ;Drama
tt1810683;Little Boy ;War
tt1571222;A Dangerous Method ;Biography
tt1571222;A Dangerous Method ;Drama
tt1571222;A Dangerous Method ;Thriller
tt0405296;A Scanner Darkly ;Animation
tt0405296;A Scanner Darkly ;Drama
tt0405296;A Scanner Darkly ;Mystery
tt1629757;Chasing Mavericks ;Biography
tt1629757;Chasing Mavericks ;Drama
tt1629757;Chasing Mavericks ;Sport
tt0369226;Alone in the Dark ;Horror
tt0369226;Alone in the Dark ;Sci-Fi
tt0976222;Bandslam ;Comedy
tt0976222;Bandslam ;Drama
tt0976222;Bandslam ;Family
tt0337876;Birth ;Drama
tt0337876;Birth ;Mystery
tt0337876;Birth ;Romance
tt2937898;A Most Violent Year ;Action
tt2937898;A Most Violent Year ;Crime
tt2937898;A Most Violent Year ;Drama
tt1092082;Passchendaele ;Drama
tt1092082;Passchendaele ;History
tt1092082;Passchendaele ;Romance
tt1054588;Flash of Genius ;Biography
tt1054588;Flash of Genius ;Drama
tt0368794;I'm Not There. ;Biography
tt0368794;I'm Not There. ;Drama
tt0368794;I'm Not There. ;Music
tt1366365;The Cold Light of Day ;Action
tt1366365;The Cold Light of Day ;Thriller
tt0844286;The Brothers Bloom ;Adventure
tt0844286;The Brothers Bloom ;Comedy
tt0844286;The Brothers Bloom ;Drama
tt0383028;Synecdoche, New York ;Comedy
tt0383028;Synecdoche, New York ;Drama
tt0383028;Synecdoche, New York ;Romance
tt0119698;Princess Mononoke ;Adventure
tt0119698;Princess Mononoke ;Animation
tt0119698;Princess Mononoke ;Fantasy
tt0310778;Bon voyage ;Comedy
tt0310778;Bon voyage ;Drama
tt0310778;Bon voyage ;Mystery
tt0080492;Can't Stop the Music ;Biography
tt0080492;Can't Stop the Music ;Comedy
tt0080492;Can't Stop the Music ;Musical
tt0421238;The Proposition ;Crime
tt0421238;The Proposition ;Drama
tt0421238;The Proposition ;Western
tt3719896;Courage ;Biography
tt3719896;Courage ;Drama
tt3719896;Courage ;Sport
tt0266747;Marci X ;Comedy
tt0266747;Marci X ;Music
tt0238380;Equilibrium ;Action
tt0238380;Equilibrium ;Drama
tt0238380;Equilibrium ;Sci-Fi
tt0889588;The Children of Huang Shi ;Drama
tt0889588;The Children of Huang Shi ;War
tt0138946;The Yards ;Crime
tt0138946;The Yards ;Drama
tt0138946;The Yards ;Romance
tt1520498;The Oogieloves in the Big Balloon Adventure ;Adventure
tt1520498;The Oogieloves in the Big Balloon Adventure ;Family
tt1520498;The Oogieloves in the Big Balloon Adventure ;Fantasy
tt3707106;By the Sea ;Drama
tt3707106;By the Sea ;Romance
tt0348121;Steamboy ;Action
tt0348121;Steamboy ;Adventure
tt0348121;Steamboy ;Animation
tt0354595;The Game of Their Lives ;Drama
tt0354595;The Game of Their Lives ;History
tt0354595;The Game of Their Lives ;Sport
tt1175709;All Good Things ;Crime
tt1175709;All Good Things ;Drama
tt1175709;All Good Things ;Mystery
tt0110944;Rapa Nui ;Action
tt0110944;Rapa Nui ;Adventure
tt0110944;Rapa Nui ;Drama
tt0940709;CJ7 ;Comedy
tt0940709;CJ7 ;Family
tt0940709;CJ7 ;Sci-Fi
tt0120882;Les couloirs du temps: Les visiteurs II ;Comedy
tt0120882;Les couloirs du temps: Les visiteurs II ;Family
tt0120882;Les couloirs du temps: Les visiteurs II ;Fantasy
tt1013860;Dylan Dog: Dead of Night ;Action
tt1013860;Dylan Dog: Dead of Night ;Comedy
tt1013860;Dylan Dog: Dead of Night ;Crime
tt0274711;People I Know ;Crime
tt0274711;People I Know ;Drama
tt0274711;People I Know ;Mystery
tt1274300;The Tempest ;Comedy
tt1274300;The Tempest ;Drama
tt1274300;The Tempest ;Fantasy
tt3319920;Regression ;Crime
tt3319920;Regression ;Drama
tt3319920;Regression ;Mystery
tt1128219;The Touch ;Romance
tt1128219;The Touch ;Short
tt0882978;Three Kingdoms: Resurrection of the Dragon ;Action
tt0882978;Three Kingdoms: Resurrection of the Dragon ;Drama
tt0882978;Three Kingdoms: Resurrection of the Dragon ;History
tt0489664;Shattered ;Crime
tt0489664;Shattered ;Drama
tt0489664;Shattered ;Thriller
tt1488181;Zambezia ;Adventure
tt1488181;Zambezia ;Animation
tt1488181;Zambezia ;Comedy
tt3037162;Ramanujan ;Biography
tt3037162;Ramanujan ;Drama
tt3037162;Ramanujan ;History
tt1134666;Dwegons and Leprechauns ;Animation
tt1781827;Hands of Stone ;Action
tt1781827;Hands of Stone ;Biography
tt1781827;Hands of Stone ;Drama
tt3247714;Survivor ;Action
tt3247714;Survivor ;Crime
tt3247714;Survivor ;Thriller
tt2005374;The Frozen Ground ;Crime
tt2005374;The Frozen Ground ;Drama
tt2005374;The Frozen Ground ;Mystery
tt0446755;The Painted Veil ;Drama
tt0446755;The Painted Veil ;Romance
tt0765432;The Baader Meinhof Complex ;Action
tt0765432;The Baader Meinhof Complex ;Biography
tt0765432;The Baader Meinhof Complex ;Crime
tt0099348;Dances with Wolves ;Adventure
tt0099348;Dances with Wolves ;Drama
tt0099348;Dances with Wolves ;Western
tt1284575;Bad Teacher ;Comedy
tt0098273;Sea of Love ;Crime
tt0098273;Sea of Love ;Drama
tt0098273;Sea of Love ;Mystery
tt0356470;A Cinderella Story ;Comedy
tt0356470;A Cinderella Story ;Family
tt0356470;A Cinderella Story ;Romance
tt0117571;Scream ;Horror
tt0117571;Scream ;Mystery
tt0245674;Thir13en Ghosts ;Horror
tt0081505;The Shining ;Drama
tt0081505;The Shining ;Horror
tt0088763;Back to the Future ;Adventure
tt0088763;Back to the Future ;Comedy
tt0088763;Back to the Future ;Sci-Fi
tt0185371;House on Haunted Hill ;Horror
tt0185371;House on Haunted Hill ;Mystery
tt0185371;House on Haunted Hill ;Thriller
tt1385912;I Can Do Bad All by Myself ;Comedy
tt1385912;I Can Do Bad All by Myself ;Drama
tt4280822;Fight Valley ;Action
tt4280822;Fight Valley ;Drama
tt0889573;The Switch ;Comedy
tt0889573;The Switch ;Drama
tt0889573;The Switch ;Romance
tt0305711;Just Married ;Comedy
tt0305711;Just Married ;Romance
tt1270262;The Devil's Double ;Biography
tt1270262;The Devil's Double ;Drama
tt1270262;The Devil's Double ;Thriller
tt0205461;Thomas and the Magic Railroad ;Adventure
tt0205461;Thomas and the Magic Railroad ;Comedy
tt0205461;Thomas and the Magic Railroad ;Drama
tt0455407;The Crazies ;Horror
tt0455407;The Crazies ;Thriller
tt0245429;Spirited Away ;Adventure
tt0245429;Spirited Away ;Animation
tt0245429;Spirited Away ;Family
tt3341072;Firestorm ;Action
tt3341072;Firestorm ;Crime
tt3341072;Firestorm ;Thriller
tt0086993;The Bounty ;Action
tt0086993;The Bounty ;Adventure
tt0086993;The Bounty ;Drama
tt0816442;The Book Thief ;Drama
tt0816442;The Book Thief ;War
tt1135985;Sex Drive ;Adventure
tt1135985;Sex Drive ;Comedy
tt1135985;Sex Drive ;Romance
tt1216492;Leap Year ;Comedy
tt1216492;Leap Year ;Romance
tt0058085;The Fall of the Roman Empire ;Drama
tt0058085;The Fall of the Roman Empire ;History
tt0058085;The Fall of the Roman Empire ;War
tt0810922;Take Me Home Tonight ;Comedy
tt0810922;Take Me Home Tonight ;Drama
tt0810922;Take Me Home Tonight ;Romance
tt1870529;Won't Back Down ;Drama
tt0107719;The Nutcracker ;Family
tt0107719;The Nutcracker ;Fantasy
tt0107719;The Nutcracker ;Music
tt0116745;Kansas City ;Crime
tt0116745;Kansas City ;Drama
tt0116745;Kansas City ;Music
tt4193394;Indignation ;Drama
tt0384806;The Amityville Horror ;Drama
tt0384806;The Amityville Horror ;Horror
tt0384806;The Amityville Horror ;Mystery
tt0268126;Adaptation. ;Comedy
tt0268126;Adaptation. ;Drama
tt0418819;Land of the Dead ;Horror
tt2957680;Out of Inferno ;Action
tt0120669;Fear and Loathing in Las Vegas ;Adventure
tt0120669;Fear and Loathing in Las Vegas ;Comedy
tt0120669;Fear and Loathing in Las Vegas ;Drama
tt1058017;The Invention of Lying ;Comedy
tt1058017;The Invention of Lying ;Fantasy
tt1058017;The Invention of Lying ;Romance
tt2004420;Neighbors ;Comedy
tt0110475;The Mask ;Action
tt0110475;The Mask ;Comedy
tt0110475;The Mask ;Crime
tt0094737;Big ;Comedy
tt0094737;Big ;Drama
tt0094737;Big ;Family
tt0443453;Borat: Cultural Learnings of America for Make Benefit Glorious Nation of Kazakhstan ;Comedy
tt0250494;Legally Blonde ;Comedy
tt0250494;Legally Blonde ;Romance
tt0088170;Star Trek III: The Search for Spock ;Action
tt0088170;Star Trek III: The Search for Spock ;Adventure
tt0088170;Star Trek III: The Search for Spock ;Sci-Fi
tt0404032;The Exorcism of Emily Rose ;Drama
tt0404032;The Exorcism of Emily Rose ;Horror
tt0404032;The Exorcism of Emily Rose ;Thriller
tt0205000;Deuce Bigalow: Male Gigolo ;Comedy
tt0205000;Deuce Bigalow: Male Gigolo ;Romance
tt2467046;Left Behind ;Action
tt2467046;Left Behind ;Drama
tt2467046;Left Behind ;Fantasy
tt0356680;The Family Stone ;Comedy
tt0356680;The Family Stone ;Drama
tt0356680;The Family Stone ;Romance
tt0337579;Barbershop 2: Back in Business ;Comedy
tt0337579;Barbershop 2: Back in Business ;Drama
tt0307987;Bad Santa ;Comedy
tt0307987;Bad Santa ;Crime
tt0307987;Bad Santa ;Drama
tt0118655;Austin Powers: International Man of Mystery ;Comedy
tt0118655;Austin Powers: International Man of Mystery ;Crime
tt3760922;My Big Fat Greek Wedding 2 ;Comedy
tt3760922;My Big Fat Greek Wedding 2 ;Family
tt3760922;My Big Fat Greek Wedding 2 ;Romance
tt1650043;Diary of a Wimpy Kid: Rodrick Rules ;Comedy
tt1650043;Diary of a Wimpy Kid: Rodrick Rules ;Family
tt0093773;Predator ;Action
tt0093773;Predator ;Horror
tt0093773;Predator ;Sci-Fi
tt0086879;Amadeus ;Biography
tt0086879;Amadeus ;Drama
tt0086879;Amadeus ;History
tt0926129;Prom Night ;Horror
tt0926129;Prom Night ;Mystery
tt0377092;Mean Girls ;Comedy
tt0328589;Under the Tuscan Sun ;Comedy
tt0328589;Under the Tuscan Sun ;Drama
tt0328589;Under the Tuscan Sun ;Romance
tt0280707;Gosford Park ;Drama
tt0280707;Gosford Park ;Mystery
tt0091738;Peggy Sue Got Married ;Comedy
tt0091738;Peggy Sue Got Married ;Drama
tt0091738;Peggy Sue Got Married ;Fantasy
tt2562232;Birdman or (The Unexpected Virtue of Ignorance) ;Comedy
tt2562232;Birdman or (The Unexpected Virtue of Ignorance) ;Drama
tt2562232;Birdman or (The Unexpected Virtue of Ignorance) ;Romance
tt2334873;Blue Jasmine ;Drama
tt0475276;United 93 ;Drama
tt0475276;United 93 ;History
tt0475276;United 93 ;Thriller
tt0322589;Honey ;Drama
tt0322589;Honey ;Music
tt0322589;Honey ;Romance
tt0117723;Spy Hard ;Action
tt0117723;Spy Hard ;Comedy
tt0080749;The Fog ;Fantasy
tt0080749;The Fog ;Horror
tt1596346;Soul Surfer ;Biography
tt1596346;Soul Surfer ;Drama
tt1596346;Soul Surfer ;Family
tt0065528;Catch-22 ;Comedy
tt0065528;Catch-22 ;Drama
tt0065528;Catch-22 ;War
tt1197628;Observe and Report ;Comedy
tt1197628;Observe and Report ;Crime
tt1197628;Observe and Report ;Drama
tt0087078;Conan the Destroyer ;Action
tt0087078;Conan the Destroyer ;Adventure
tt0087078;Conan the Destroyer ;Fantasy
tt0081398;Raging Bull ;Biography
tt0081398;Raging Bull ;Drama
tt0081398;Raging Bull ;Sport
tt0899106;Love Happens ;Drama
tt0899106;Love Happens ;Romance
tt0090357;Young Sherlock Holmes ;Adventure
tt0090357;Young Sherlock Holmes ;Fantasy
tt0090357;Young Sherlock Holmes ;Mystery
tt1016075;Fame ;Comedy
tt1016075;Fame ;Drama
tt1016075;Fame ;Musical
tt1542344;127 Hours ;Adventure
tt1542344;127 Hours ;Biography
tt1542344;127 Hours ;Drama
tt0196216;Small Time Crooks ;Comedy
tt0196216;Small Time Crooks ;Crime
tt0210616;Center Stage ;Drama
tt0210616;Center Stage ;Music
tt0210616;Center Stage ;Romance
tt2279339;Love the Coopers ;Comedy
tt0337917;Catch That Kid ;Comedy
tt0337917;Catch That Kid ;Crime
tt0264796;Life as a House ;Drama
tt2080374;Steve Jobs ;Biography
tt2080374;Steve Jobs ;Drama
tt1032815;I Love You, Beth Cooper ;Comedy
tt1032815;I Love You, Beth Cooper ;Romance
tt0403702;Youth in Revolt ;Comedy
tt0403702;Youth in Revolt ;Drama
tt0403702;Youth in Revolt ;Romance
tt0082648;The Legend of the Lone Ranger ;Action
tt0082648;The Legend of the Lone Ranger ;Adventure
tt0082648;The Legend of the Lone Ranger ;Western
tt0236784;The Tailor of Panama ;Drama
tt0236784;The Tailor of Panama ;Thriller
tt0082085;Blow Out ;Mystery
tt0082085;Blow Out ;Thriller
tt2167202;Getaway ;Action
tt2167202;Getaway ;Crime
tt2167202;Getaway ;Thriller
tt0119349;The Ice Storm ;Drama
tt2465146;And So It Goes ;Comedy
tt2465146;And So It Goes ;Drama
tt2465146;And So It Goes ;Romance
tt0098519;Troop Beverly Hills ;Adventure
tt0098519;Troop Beverly Hills ;Comedy
tt0340012;Being Julia ;Comedy
tt0340012;Being Julia ;Drama
tt0340012;Being Julia ;Romance
tt0091635;9½ Weeks ;Drama
tt0091635;9½ Weeks ;Romance
tt0082288;Dragonslayer ;Action
tt0082288;Dragonslayer ;Adventure
tt0082288;Dragonslayer ;Fantasy
tt0824758;The Last Station ;Biography
tt0824758;The Last Station ;Drama
tt0824758;The Last Station ;Romance
tt0109707;Ed Wood ;Biography
tt0109707;Ed Wood ;Comedy
tt0109707;Ed Wood ;Drama
tt1967545;Labor Day ;Drama
tt0416044;Mongol: The Rise of Genghis Khan ;Adventure
tt0416044;Mongol: The Rise of Genghis Khan ;Biography
tt0416044;Mongol: The Rise of Genghis Khan ;Drama
tt1032755;RocknRolla ;Action
tt1032755;RocknRolla ;Crime
tt1032755;RocknRolla ;Thriller
tt0084316;Megaforce ;Action
tt0084316;Megaforce ;Sci-Fi
tt0116477;Hamlet ;Drama
tt1071812;Mao's Last Dancer ;Biography
tt1071812;Mao's Last Dancer ;Drama
tt1071812;Mao's Last Dancer ;Music
tt2649554;Midnight Special ;Adventure
tt2649554;Midnight Special ;Drama
tt2649554;Midnight Special ;Sci-Fi
tt0313792;Anything Else ;Comedy
tt0313792;Anything Else ;Romance
tt2058107;The Railway Man ;Biography
tt2058107;The Railway Man ;Drama
tt2058107;The Railway Man ;Romance
tt1149362;The White Ribbon ;Drama
tt1149362;The White Ribbon ;Mystery
tt4517738;Restoration ;Horror
tt0092240;The Wraith ;Action
tt0092240;The Wraith ;Horror
tt0092240;The Wraith ;Romance
tt0235737;The Salton Sea ;Crime
tt0235737;The Salton Sea ;Drama
tt0235737;The Salton Sea ;Mystery
tt2172935;Metallica Through the Never ;Music
tt0865554;The Informers ;Crime
tt0865554;The Informers ;Drama
tt0865554;The Informers ;Thriller
tt1024744;I Come with the Rain ;Thriller
tt0120775;One Man's Hero ;Action
tt0120775;One Man's Hero ;Drama
tt0120775;One Man's Hero ;History
tt0088993;Day of the Dead ;Horror
tt3212232;I Am Wrath ;Action
tt3212232;I Am Wrath ;Crime
tt3212232;I Am Wrath ;Drama
tt0386741;Renaissance ;Action
tt0386741;Renaissance ;Animation
tt0386741;Renaissance ;Sci-Fi
tt0089893;Red Sonja ;Action
tt0089893;Red Sonja ;Adventure
tt0089893;Red Sonja ;Fantasy
tt1748179;Red Lights ;Drama
tt1748179;Red Lights ;Horror
tt1748179;Red Lights ;Mystery
tt0829482;Superbad ;Comedy
tt1142800;Madea Goes to Jail ;Comedy
tt1142800;Madea Goes to Jail ;Crime
tt1142800;Madea Goes to Jail ;Drama
tt1403241;Wolves ;Action
tt1403241;Wolves ;Horror
tt1023481;Step Up 2: The Streets ;Drama
tt1023481;Step Up 2: The Streets ;Music
tt1023481;Step Up 2: The Streets ;Musical
tt0443536;Hoodwinked! ;Action
tt0443536;Hoodwinked! ;Animation
tt0443536;Hoodwinked! ;Comedy
tt0395169;Hotel Rwanda ;Drama
tt0395169;Hotel Rwanda ;History
tt0395169;Hotel Rwanda ;War
tt0465494;Hitman ;Action
tt0465494;Hitman ;Crime
tt0465494;Hitman ;Drama
tt1425922;Black Nativity ;Drama
tt1425922;Black Nativity ;Family
tt1425922;Black Nativity ;Music
tt1085492;The Prince ;Action
tt1085492;The Prince ;Thriller
tt0164003;City of Ghosts ;Crime
tt0164003;City of Ghosts ;Drama
tt0164003;City of Ghosts ;Thriller
tt0230600;The Others ;Fantasy
tt0230600;The Others ;Horror
tt0230600;The Others ;Thriller
tt0090605;Aliens ;Action
tt0090605;Aliens ;Adventure
tt0090605;Aliens ;Sci-Fi
tt0058385;My Fair Lady ;Drama
tt0058385;My Fair Lady ;Family
tt0058385;My Fair Lady ;Musical
tt0119345;I Know What You Did Last Summer ;Horror
tt0119345;I Know What You Did Last Summer ;Mystery
tt0119345;I Know What You Did Last Summer ;Thriller
tt1924435;Let's Be Cops ;Comedy
tt0375063;Sideways ;Adventure
tt0375063;Sideways ;Comedy
tt0375063;Sideways ;Drama
tt0486551;Beerfest ;Comedy
tt0077651;Halloween ;Horror
tt0077651;Halloween ;Thriller
tt0326900;Good Boy! ;Comedy
tt0326900;Good Boy! ;Drama
tt0326900;Good Boy! ;Family
tt2083355;The Best Man Holiday ;Comedy
tt2083355;The Best Man Holiday ;Drama
tt0475394;Smokin' Aces ;Action
tt0475394;Smokin' Aces ;Crime
tt0475394;Smokin' Aces ;Drama
tt1477076;Saw 3D: The Final Chapter ;Horror
tt1477076;Saw 3D: The Final Chapter ;Mystery
tt0243736;40 Days and 40 Nights ;Comedy
tt0243736;40 Days and 40 Nights ;Romance
tt0120770;A Night at the Roxbury ;Comedy
tt0120770;A Night at the Roxbury ;Music
tt0120770;A Night at the Roxbury ;Romance
tt1152398;Beastly ;Drama
tt1152398;Beastly ;Fantasy
tt1152398;Beastly ;Romance
tt0454841;The Hills Have Eyes ;Horror
tt0325258;Dickie Roberts: Former Child Star ;Comedy
tt2097298;McFarland, USA ;Biography
tt2097298;McFarland, USA ;Drama
tt2097298;McFarland, USA ;Sport
tt0979434;Lottery Ticket ;Comedy
tt0466856;ATL ;Comedy
tt0466856;ATL ;Crime
tt0466856;ATL ;Drama
tt1981677;Pitch Perfect ;Comedy
tt1981677;Pitch Perfect ;Music
tt1981677;Pitch Perfect ;Romance
tt0234829;Summer Catch ;Comedy
tt0234829;Summer Catch ;Drama
tt0234829;Summer Catch ;Romance
tt0120324;A Simple Plan ;Crime
tt0120324;A Simple Plan ;Drama
tt0120324;A Simple Plan ;Thriller
tt0283632;They ;Horror
tt0283632;They ;Mystery
tt0283632;They ;Thriller
tt0462395;Larry the Cable Guy: Health Inspector ;Comedy
tt0462395;Larry the Cable Guy: Health Inspector ;Romance
tt0159421;The Adventures of Elmo in Grouchland ;Adventure
tt0159421;The Adventures of Elmo in Grouchland ;Comedy
tt0159421;The Adventures of Elmo in Grouchland ;Family
tt1210042;Brooklyn's Finest ;Crime
tt1210042;Brooklyn's Finest ;Drama
tt1210042;Brooklyn's Finest ;Thriller
tt0056800;55 Days at Peking ;Action
tt0056800;55 Days at Peking ;Adventure
tt0056800;55 Days at Peking ;Drama
tt1288558;Evil Dead ;Horror
tt0865559;My Life in Ruins ;Comedy
tt0865559;My Life in Ruins ;Romance
tt0465142;American Dreamz ;Comedy
tt0465142;American Dreamz ;Music
tt0094074;Superman IV: The Quest for Peace ;Action
tt0094074;Superman IV: The Quest for Peace ;Adventure
tt0094074;Superman IV: The Quest for Peace ;Family
tt0770810;How She Move ;Drama
tt0404390;Running Scared ;Action
tt0404390;Running Scared ;Crime
tt0404390;Running Scared ;Drama
tt0375104;Bobby Jones: Stroke of Genius ;Biography
tt0375104;Bobby Jones: Stroke of Genius ;Drama
tt0375104;Bobby Jones: Stroke of Genius ;Romance
tt0091934;Shanghai Surprise ;Adventure
tt0091934;Shanghai Surprise ;Crime
tt0091934;Shanghai Surprise ;Drama
tt0443543;The Illusionist ;Drama
tt0443543;The Illusionist ;Mystery
tt0443543;The Illusionist ;Romance
tt0083001;Roar ;Adventure
tt0083001;Roar ;Horror
tt0083001;Roar ;Thriller
tt0312549;Veronica Guerin ;Biography
tt0312549;Veronica Guerin ;Crime
tt0312549;Veronica Guerin ;Drama
tt2515030;Escobar: Paradise Lost ;Crime
tt2515030;Escobar: Paradise Lost ;Drama
tt2515030;Escobar: Paradise Lost ;Romance
tt0405336;Southland Tales ;Comedy
tt0405336;Southland Tales ;Mystery
tt0405336;Southland Tales ;Sci-Fi
tt0944834;Dragon Hunters ;Adventure
tt0944834;Dragon Hunters ;Animation
tt0944834;Dragon Hunters ;Family
tt0075909;Damnation Alley ;Sci-Fi
tt1433822;The Apparition ;Horror
tt1433822;The Apparition ;Thriller
tt0102492;My Girl ;Comedy
tt0102492;My Girl ;Drama
tt0102492;My Girl ;Family
tt0422295;Fur: An Imaginary Portrait of Diane Arbus ;Biography
tt0422295;Fur: An Imaginary Portrait of Diane Arbus ;Drama
tt0422295;Fur: An Imaginary Portrait of Diane Arbus ;Romance
tt0094291;Wall Street ;Crime
tt0094291;Wall Street ;Drama
tt0114388;Sense and Sensibility ;Drama
tt0114388;Sense and Sensibility ;Romance
tt0416508;Becoming Jane ;Biography
tt0416508;Becoming Jane ;Drama
tt0416508;Becoming Jane ;Romance
tt0815244;Sydney White ;Comedy
tt0815244;Sydney White ;Romance
tt0315983;House of Sand and Fog ;Drama
tt0097165;Dead Poets Society ;Comedy
tt0097165;Dead Poets Society ;Drama
tt0109686;Dumb & Dumber ;Comedy
tt0098635;When Harry Met Sally... ;Comedy
tt0098635;When Harry Met Sally... ;Drama
tt0098635;When Harry Met Sally... ;Romance
tt0084855;The Verdict ;Drama
tt0215129;Road Trip ;Comedy
tt0139699;Varsity Blues ;Comedy
tt0139699;Varsity Blues ;Drama
tt0139699;Varsity Blues ;Romance
tt1655442;The Artist ;Comedy
tt1655442;The Artist ;Drama
tt1655442;The Artist ;Romance
tt1139668;The Unborn ;Drama
tt1139668;The Unborn ;Fantasy
tt1139668;The Unborn ;Horror
tt1748122;Moonrise Kingdom ;Adventure
tt1748122;Moonrise Kingdom ;Comedy
tt1748122;Moonrise Kingdom ;Drama
tt0420294;The Texas Chainsaw Massacre: The Beginning ;Horror
tt1002563;The Young Messiah ;Drama
tt0295427;The Master of Disguise ;Comedy
tt0295427;The Master of Disguise ;Family
tt0457430;Pan's Labyrinth ;Drama
tt0457430;Pan's Labyrinth ;Fantasy
tt0457430;Pan's Labyrinth ;War
tt0250720;See Spot Run ;Action
tt0250720;See Spot Run ;Comedy
tt0250720;See Spot Run ;Crime
tt0255819;Baby Boy ;Crime
tt0255819;Baby Boy ;Drama
tt0255819;Baby Boy ;Romance
tt1265990;The Roommate ;Drama
tt1265990;The Roommate ;Horror
tt1265990;The Roommate ;Thriller
tt0245686;Joe Dirt ;Adventure
tt0245686;Joe Dirt ;Comedy
tt0245686;Joe Dirt ;Drama
tt0101764;Double Impact ;Action
tt0101764;Double Impact ;Crime
tt0425112;Hot Fuzz ;Action
tt0425112;Hot Fuzz ;Comedy
tt0425112;Hot Fuzz ;Mystery
tt0430770;The Women ;Comedy
tt0430770;The Women ;Drama
tt0497465;Vicky Cristina Barcelona ;Drama
tt0497465;Vicky Cristina Barcelona ;Romance
tt0837106;Arn: The Knight Templar ;Action
tt0837106;Arn: The Knight Templar ;Adventure
tt0837106;Arn: The Knight Templar ;Drama
tt0204175;Boys and Girls ;Comedy
tt0204175;Boys and Girls ;Drama
tt0204175;Boys and Girls ;Romance
tt0283139;White Oleander ;Drama
tt1131734;Jennifer's Body ;Comedy
tt1131734;Jennifer's Body ;Fantasy
tt1131734;Jennifer's Body ;Horror
tt0186045;Drowning Mona ;Comedy
tt0186045;Drowning Mona ;Crime
tt0186045;Drowning Mona ;Mystery
tt0093818;Radio Days ;Comedy
tt1403981;Remember Me ;Drama
tt1403981;Remember Me ;Romance
tt0319524;How to Deal ;Comedy
tt0319524;How to Deal ;Drama
tt0319524;How to Deal ;Romance
tt0095687;My Stepmother Is an Alien ;Comedy
tt0095687;My Stepmother Is an Alien ;Romance
tt0095687;My Stepmother Is an Alien ;Sci-Fi
tt0107818;Philadelphia ;Drama
tt0139809;The Thirteenth Floor ;Mystery
tt0139809;The Thirteenth Floor ;Sci-Fi
tt0139809;The Thirteenth Floor ;Thriller
tt0380277;The Cookout ;Comedy
tt0079550;Meteor ;Action
tt0079550;Meteor ;Drama
tt0079550;Meteor ;Sci-Fi
tt0134630;Duets ;Comedy
tt0134630;Duets ;Drama
tt0134630;Duets ;Music
tt0278823;Hollywood Ending ;Comedy
tt0278823;Hollywood Ending ;Romance
tt0165710;Detroit Rock City ;Comedy
tt0165710;Detroit Rock City ;Music
tt0091203;Highlander ;Action
tt0091203;Highlander ;Adventure
tt0091203;Highlander ;Fantasy
tt0469623;Things We Lost in the Fire ;Drama
tt0120207;Steel ;Action
tt0120207;Steel ;Crime
tt0120207;Steel ;Sci-Fi
tt1951181;The Immigrant ;Drama
tt1951181;The Immigrant ;Romance
tt0384686;The White Countess ;Drama
tt0384686;The White Countess ;History
tt0384686;The White Countess ;Romance
tt1924429;Trance ;Crime
tt1924429;Trance ;Drama
tt1924429;Trance ;Mystery
tt0367085;Soul Plane ;Comedy
tt1064932;Welcome to the Sticks ;Comedy
tt1064932;Welcome to the Sticks ;Romance
tt0436364;Good ;Drama
tt0436364;Good ;Romance
tt0436364;Good ;War
tt1191111;Enter the Void ;Drama
tt1191111;Enter the Void ;Fantasy
tt1545106;Vamps ;Comedy
tt1545106;Vamps ;Horror
tt1545106;Vamps ;Romance
tt1028532;Hachi: A Dog's Tale ;Drama
tt1028532;Hachi: A Dog's Tale ;Family
tt2249221;Zulu ;Crime
tt2249221;Zulu ;Drama
tt2249221;Zulu ;Thriller
tt2398231;The Homesman ;Drama
tt2398231;The Homesman ;Western
tt0247444;Juwanna Mann ;Comedy
tt0247444;Juwanna Mann ;Drama
tt0247444;Juwanna Mann ;Romance
tt0273435;Ararat ;Drama
tt0273435;Ararat ;War
tt0206113;Madison ;Drama
tt0206113;Madison ;Sport
tt0376196;Slow Burn ;Drama
tt0376196;Slow Burn ;Mystery
tt0376196;Slow Burn ;Thriller
tt0281364;Wasabi ;Action
tt0281364;Wasabi ;Comedy
tt0281364;Wasabi ;Crime
tt0439815;Slither ;Comedy
tt0439815;Slither ;Horror
tt0439815;Slither ;Sci-Fi
tt0086960;Beverly Hills Cop ;Action
tt0086960;Beverly Hills Cop ;Comedy
tt0086960;Beverly Hills Cop ;Crime
tt0099785;Home Alone ;Comedy
tt0099785;Home Alone ;Family
tt0094137;3 Men and a Baby ;Comedy
tt0094137;3 Men and a Baby ;Drama
tt0094137;3 Men and a Baby ;Family
tt0084805;Tootsie ;Comedy
tt0084805;Tootsie ;Drama
tt0084805;Tootsie ;Romance
tt0092099;Top Gun ;Action
tt0092099;Top Gun ;Drama
tt0092099;Top Gun ;Romance
tt0190332;Crouching Tiger, Hidden Dragon ;Action
tt0190332;Crouching Tiger, Hidden Dragon ;Drama
tt0190332;Crouching Tiger, Hidden Dragon ;Romance
tt0169547;American Beauty ;Drama
tt1504320;The King's Speech ;Biography
tt1504320;The King's Speech ;Drama
tt1504320;The King's Speech ;History
tt0096320;Twins ;Comedy
tt0096320;Twins ;Crime
tt0954990;The Yellow Handkerchief ;Drama
tt0954990;The Yellow Handkerchief ;Romance
tt0088939;The Color Purple ;Drama
tt1153040;Tidal Wave ;Action
tt1153040;Tidal Wave ;Comedy
tt1153040;Tidal Wave ;Drama
tt2084970;The Imitation Game ;Biography
tt2084970;The Imitation Game ;Drama
tt2084970;The Imitation Game ;Thriller
tt0081375;Private Benjamin ;Comedy
tt0081375;Private Benjamin ;War
tt0080549;Coal Miner's Daughter ;Biography
tt0080549;Coal Miner's Daughter ;Drama
tt0080549;Coal Miner's Daughter ;Music
tt1196141;Diary of a Wimpy Kid ;Comedy
tt1196141;Diary of a Wimpy Kid ;Family
tt2023587;Mama ;Fantasy
tt2023587;Mama ;Horror
tt0085995;National Lampoon's Vacation ;Adventure
tt0085995;National Lampoon's Vacation ;Comedy
tt3063516;Bad Grandpa ;Comedy
tt0436697;The Queen ;Biography
tt0436697;The Queen ;Drama
tt0094721;Beetlejuice ;Comedy
tt0094721;Beetlejuice ;Fantasy
tt0906108;Why Did I Get Married? ;Comedy
tt0906108;Why Did I Get Married? ;Drama
tt0110367;Little Women ;Drama
tt0110367;Little Women ;Family
tt0110367;Little Women ;Romance
tt1596365;The Woman in Black ;Drama
tt1596365;The Woman in Black ;Fantasy
tt1596365;The Woman in Black ;Horror
tt0455857;When a Stranger Calls ;Horror
tt0455857;When a Stranger Calls ;Thriller
tt0265298;Big Fat Liar ;Adventure
tt0265298;Big Fat Liar ;Comedy
tt0265298;Big Fat Liar ;Family
tt0077416;The Deer Hunter ;Drama
tt0077416;The Deer Hunter ;War
tt0120885;Wag the Dog ;Comedy
tt0120885;Wag the Dog ;Drama
tt0306841;The Lizzie McGuire Movie ;Adventure
tt0306841;The Lizzie McGuire Movie ;Comedy
tt0306841;The Lizzie McGuire Movie ;Family
tt0882977;Snitch ;Action
tt0882977;Snitch ;Drama
tt0882977;Snitch ;Thriller
tt3850590;Krampus ;Comedy
tt3850590;Krampus ;Fantasy
tt3850590;Krampus ;Horror
tt0133751;The Faculty ;Horror
tt0133751;The Faculty ;Mystery
tt0133751;The Faculty ;Sci-Fi
tt0108551;What's Love Got to Do with It ;Biography
tt0108551;What's Love Got to Do with It ;Drama
tt0108551;What's Love Got to Do with It ;Music
tt0118887;Cop Land ;Crime
tt0118887;Cop Land ;Drama
tt0118887;Cop Land ;Thriller
tt0277371;Not Another Teen Movie ;Comedy
tt1855199;End of Watch ;Crime
tt1855199;End of Watch ;Drama
tt1855199;End of Watch ;Thriller
tt0192614;The Skulls ;Action
tt0192614;The Skulls ;Crime
tt0192614;The Skulls ;Drama
tt2980516;The Theory of Everything ;Biography
tt2980516;The Theory of Everything ;Drama
tt2980516;The Theory of Everything ;Romance
tt0328099;Malibu's Most Wanted ;Comedy
tt0328099;Malibu's Most Wanted ;Crime
tt0198021;Where the Heart Is ;Comedy
tt0198021;Where the Heart Is ;Drama
tt0198021;Where the Heart Is ;Romance
tt0056172;Lawrence of Arabia ;Adventure
tt0056172;Lawrence of Arabia ;Biography
tt0056172;Lawrence of Arabia ;Drama
tt1311067;Halloween II ;Horror
tt2305051;Wild ;Adventure
tt2305051;Wild ;Biography
tt2305051;Wild ;Drama
tt0844708;The Last House on the Left ;Crime
tt0844708;The Last House on the Left ;Horror
tt0844708;The Last House on the Left ;Thriller
tt0372532;The Wedding Date ;Comedy
tt0372532;The Wedding Date ;Romance
tt0220506;Halloween: Resurrection ;Comedy
tt0220506;Halloween: Resurrection ;Horror
tt0220506;Halloween: Resurrection ;Thriller
tt0093779;The Princess Bride ;Adventure
tt0093779;The Princess Bride ;Family
tt0093779;The Princess Bride ;Fantasy
tt0427309;The Great Debaters ;Biography
tt0427309;The Great Debaters ;Drama
tt0780504;Drive ;Crime
tt0780504;Drive ;Drama
tt0361467;Confessions of a Teenage Drama Queen ;Comedy
tt0361467;Confessions of a Teenage Drama Queen ;Family
tt0361467;Confessions of a Teenage Drama Queen ;Music
tt0120772;The Object of My Affection ;Comedy
tt0120772;The Object of My Affection ;Drama
tt0120772;The Object of My Affection ;Romance
tt0463854;28 Weeks Later ;Drama
tt0463854;28 Weeks Later ;Horror
tt0463854;28 Weeks Later ;Sci-Fi
tt2247476;When the Game Stands Tall ;Drama
tt2247476;When the Game Stands Tall ;Family
tt2247476;When the Game Stands Tall ;Sport
tt0317132;Because of Winn-Dixie ;Comedy
tt0317132;Because of Winn-Dixie ;Drama
tt0317132;Because of Winn-Dixie ;Family
tt0199725;Love & Basketball ;Drama
tt0199725;Love & Basketball ;Romance
tt0199725;Love & Basketball ;Sport
tt0119229;Grosse Pointe Blank ;Action
tt0119229;Grosse Pointe Blank ;Comedy
tt0119229;Grosse Pointe Blank ;Crime
tt0881891;All About Steve ;Comedy
tt0881891;All About Steve ;Romance
tt0229260;Book of Shadows: Blair Witch 2 ;Adventure
tt0229260;Book of Shadows: Blair Witch 2 ;Fantasy
tt0229260;Book of Shadows: Blair Witch 2 ;Horror
tt0115963;The Craft ;Drama
tt0115963;The Craft ;Fantasy
tt0115963;The Craft ;Horror
tt0416320;Match Point ;Drama
tt0416320;Match Point ;Romance
tt0416320;Match Point ;Thriller
tt0493949;Ramona and Beezus ;Adventure
tt0493949;Ramona and Beezus ;Comedy
tt0493949;Ramona and Beezus ;Family
tt0107943;The Remains of the Day ;Drama
tt0107943;The Remains of the Day ;Romance
tt0118749;Boogie Nights ;Drama
tt0107711;Nowhere to Run ;Action
tt0107711;Nowhere to Run ;Crime
tt0107711;Nowhere to Run ;Drama
tt0434215;Flicka ;Adventure
tt0434215;Flicka ;Drama
tt0434215;Flicka ;Family
tt0800069;The Hills Have Eyes II ;Horror
tt0192731;Urban Legends: Final Cut ;Horror
tt0192731;Urban Legends: Final Cut ;Mystery
tt0192731;Urban Legends: Final Cut ;Thriller
tt0283084;Tuck Everlasting ;Drama
tt0283084;Tuck Everlasting ;Family
tt0283084;Tuck Everlasting ;Fantasy
tt0419946;The Marine ;Action
tt0419946;The Marine ;Drama
tt0419946;The Marine ;Thriller
tt4139124;Keanu ;Action
tt4139124;Keanu ;Comedy
tt1555064;Country Strong ;Drama
tt1555064;Country Strong ;Music
tt0134619;Disturbing Behavior ;Horror
tt0134619;Disturbing Behavior ;Mystery
tt0134619;Disturbing Behavior ;Sci-Fi
tt1817273;The Place Beyond the Pines ;Crime
tt1817273;The Place Beyond the Pines ;Drama
tt1817273;The Place Beyond the Pines ;Thriller
tt2402157;The November Man ;Action
tt2402157;The November Man ;Crime
tt2402157;The November Man ;Thriller
tt0120662;Eye of the Beholder ;Drama
tt0120662;Eye of the Beholder ;Mystery
tt0120662;Eye of the Beholder ;Thriller
tt0887912;The Hurt Locker ;Drama
tt0887912;The Hurt Locker ;History
tt0887912;The Hurt Locker ;Thriller
tt0087262;Firestarter ;Action
tt0087262;Firestarter ;Horror
tt0087262;Firestarter ;Sci-Fi
tt1764234;Killing Them Softly ;Crime
tt1764234;Killing Them Softly ;Thriller
tt1972571;A Most Wanted Man ;Crime
tt1972571;A Most Wanted Man ;Drama
tt1972571;A Most Wanted Man ;Thriller
tt0240515;Freddy Got Fingered ;Comedy
tt0475998;The Pirates Who Don't Do Anything: A VeggieTales Movie ;Adventure
tt0475998;The Pirates Who Don't Do Anything: A VeggieTales Movie ;Animation
tt0475998;The Pirates Who Don't Do Anything: A VeggieTales Movie ;Comedy
tt0892375;U2 3D ;Documentary
tt0892375;U2 3D ;Music
tt0144964;Highlander: Endgame ;Action
tt0144964;Highlander: Endgame ;Adventure
tt0144964;Highlander: Endgame ;Fantasy
tt0417225;Idlewild ;Crime
tt0417225;Idlewild ;Drama
tt0417225;Idlewild ;Musical
tt1563738;One Day ;Drama
tt1563738;One Day ;Romance
tt1172233;Whip It ;Drama
tt1172233;Whip It ;Sport
tt0211465;Knockaround Guys ;Crime
tt0211465;Knockaround Guys ;Drama
tt0211465;Knockaround Guys ;Thriller
tt0310910;Confidence ;Crime
tt0310910;Confidence ;Thriller
tt0164108;The Muse ;Comedy
tt0352277;De-Lovely ;Biography
tt0352277;De-Lovely ;Drama
tt0352277;De-Lovely ;Music
tt0097965;New York Stories ;Comedy
tt0097965;New York Stories ;Drama
tt0097965;New York Stories ;Romance
tt0120598;Barney's Great Adventure ;Adventure
tt0120598;Barney's Great Adventure ;Family
tt1258972;The Man with the Iron Fists ;Action
tt0119304;Home Fries ;Comedy
tt0119304;Home Fries ;Drama
tt0119304;Home Fries ;Romance
tt0195778;Here on Earth ;Drama
tt0195778;Here on Earth ;Romance
tt0088846;Brazil ;Drama
tt0088846;Brazil ;Sci-Fi
tt0361696;Raise Your Voice ;Family
tt0361696;Raise Your Voice ;Music
tt0361696;Raise Your Voice ;Romance
tt0118715;The Big Lebowski ;Comedy
tt0118715;The Big Lebowski ;Crime
tt0462200;Black Snake Moan ;Drama
tt0462200;Black Snake Moan ;Music
tt0279331;Dark Blue ;Crime
tt0279331;Dark Blue ;Drama
tt0279331;Dark Blue ;Romance
tt0829459;A Mighty Heart ;Biography
tt0829459;A Mighty Heart ;Drama
tt0829459;A Mighty Heart ;History
tt0202402;Whatever It Takes ;Comedy
tt0202402;Whatever It Takes ;Drama
tt0202402;Whatever It Takes ;Romance
tt0285462;Boat Trip ;Comedy
tt0278500;The Importance of Being Earnest ;Comedy
tt0278500;The Importance of Being Earnest ;Drama
tt0278500;The Importance of Being Earnest ;Romance
tt0140340;The Love Letter ;Fantasy
tt0140340;The Love Letter ;Romance
tt0453494;Hoot ;Adventure
tt0453494;Hoot ;Comedy
tt0453494;Hoot ;Family
tt0780536;In Bruges ;Comedy
tt0780536;In Bruges ;Crime
tt0780536;In Bruges ;Drama
tt1699755;Peeples ;Comedy
tt1699755;Peeples ;Romance
tt1031969;The Rocker ;Comedy
tt1031969;The Rocker ;Music
tt1142433;Post Grad ;Comedy
tt1142433;Post Grad ;Romance
tt2091473;Promised Land ;Drama
tt1178663;Whatever Works ;Comedy
tt1178663;Whatever Works ;Romance
tt0163676;The In Crowd ;Drama
tt0163676;The In Crowd ;Mystery
tt0163676;The In Crowd ;Thriller
tt0419294;Three Burials ;Adventure
tt0419294;Three Burials ;Crime
tt0419294;Three Burials ;Drama
tt0120716;Jakob the Liar ;Drama
tt0120716;Jakob the Liar ;War
tt0373469;Kiss Kiss Bang Bang ;Comedy
tt0373469;Kiss Kiss Bang Bang ;Crime
tt0373469;Kiss Kiss Bang Bang ;Mystery
tt0138510;Idle Hands ;Comedy
tt0138510;Idle Hands ;Fantasy
tt0138510;Idle Hands ;Horror
tt0166924;Mulholland Drive ;Drama
tt0166924;Mulholland Drive ;Mystery
tt0166924;Mulholland Drive ;Thriller
tt0397044;Blood and Chocolate ;Drama
tt0397044;Blood and Chocolate ;Fantasy
tt0397044;Blood and Chocolate ;Horror
tt1182350;You Will Meet a Tall Dark Stranger ;Comedy
tt1182350;You Will Meet a Tall Dark Stranger ;Drama
tt1182350;You Will Meet a Tall Dark Stranger ;Romance
tt1334260;Never Let Me Go ;Drama
tt1334260;Never Let Me Go ;Romance
tt1334260;Never Let Me Go ;Sci-Fi
tt0800241;Transsiberian ;Crime
tt0800241;Transsiberian ;Drama
tt0800241;Transsiberian ;Mystery
tt0090848;The Clan of the Cave Bear ;Adventure
tt0090848;The Clan of the Cave Bear ;Drama
tt0090848;The Clan of the Cave Bear ;Fantasy
tt0142201;Crazy in Alabama ;Comedy
tt0142201;Crazy in Alabama ;Crime
tt0142201;Crazy in Alabama ;Drama
tt0808279;Funny Games ;Crime
tt0808279;Funny Games ;Drama
tt0808279;Funny Games ;Horror
tt3153582;Listening ;Drama
tt3153582;Listening ;Sci-Fi
tt3153582;Listening ;Thriller
tt0165773;Felicia's Journey ;Drama
tt0165773;Felicia's Journey ;Thriller
tt0017136;Metropolis ;Drama
tt0017136;Metropolis ;Sci-Fi
tt0414852;District B13 ;Action
tt0414852;District B13 ;Crime
tt0414852;District B13 ;Thriller
tt0114660;Things to Do in Denver When You're Dead ;Crime
tt0114660;Things to Do in Denver When You're Dead ;Drama
tt3508840;The Assassin ;Action
tt3508840;The Assassin ;Drama
tt0252299;Buffalo Soldiers ;Comedy
tt0252299;Buffalo Soldiers ;Crime
tt0252299;Buffalo Soldiers ;Drama
tt0376968;The Return ;Drama
tt0376968;The Return ;Mystery
tt0376968;The Return ;Thriller
tt0785035;Ong-bak 2 ;Action
tt1020558;Centurion ;Action
tt1020558;Centurion ;Adventure
tt1020558;Centurion ;Drama
tt0117653;Silent Trigger ;Action
tt0117653;Silent Trigger ;Drama
tt0117653;Silent Trigger ;Thriller
tt0805570;The Midnight Meat Train ;Fantasy
tt0805570;The Midnight Meat Train ;Horror
tt0805570;The Midnight Meat Train ;Mystery
tt1551641;Winnie Mandela ;Biography
tt1551641;Winnie Mandela ;Drama
tt1551641;Winnie Mandela ;History
tt1535612;The Son of No One ;Crime
tt1535612;The Son of No One ;Drama
tt1535612;The Son of No One ;Thriller
tt0252223;All the Queen's Men ;Action
tt0252223;All the Queen's Men ;Comedy
tt0252223;All the Queen's Men ;Drama
tt0484111;The Good Night ;Comedy
tt0484111;The Good Night ;Drama
tt0484111;The Good Night ;Fantasy
tt0469640;Bathory: Countess of Blood ;Biography
tt0469640;Bathory: Countess of Blood ;Drama
tt0469640;Bathory: Countess of Blood ;Fantasy
tt1487931;Khumba ;Adventure
tt1487931;Khumba ;Animation
tt1487931;Khumba ;Family
tt1971325;Automata ;Action
tt1971325;Automata ;Sci-Fi
tt1971325;Automata ;Thriller
tt0406728;Dungeons & Dragons: Wrath of the Dragon God ;Action
tt0406728;Dungeons & Dragons: Wrath of the Dragon God ;Adventure
tt0406728;Dungeons & Dragons: Wrath of the Dragon God ;Fantasy
tt3856124;Chiamatemi Francesco - Il Papa della gente ;Biography
tt1075419;Shinjuku Incident ;Action
tt1075419;Shinjuku Incident ;Crime
tt1075419;Shinjuku Incident ;Drama
tt0210217;Pandaemonium ;Biography
tt0210217;Pandaemonium ;Drama
tt0107048;Groundhog Day ;Comedy
tt0107048;Groundhog Day ;Fantasy
tt0107048;Groundhog Day ;Romance
tt2268016;Magic Mike XXL ;Comedy
tt2268016;Magic Mike XXL ;Drama
tt2268016;Magic Mike XXL ;Music
tt0117509;Romeo + Juliet ;Drama
tt0117509;Romeo + Juliet ;Romance
tt1668200;Sarah's Key ;Drama
tt1668200;Sarah's Key ;War
tt2584018;Freedom ;Drama
tt2584018;Freedom ;Family
tt2584018;Freedom ;Music
tt0105695;Unforgiven ;Drama
tt0105695;Unforgiven ;Western
tt0342735;Manderlay ;Drama
tt1010048;Slumdog Millionaire ;Drama
tt1010048;Slumdog Millionaire ;Romance
tt0093010;Fatal Attraction ;Drama
tt0093010;Fatal Attraction ;Romance
tt0093010;Fatal Attraction ;Thriller
tt0100405;Pretty Woman ;Comedy
tt0100405;Pretty Woman ;Romance
tt0092493;Crocodile Dundee II ;Action
tt0092493;Crocodile Dundee II ;Adventure
tt0092493;Crocodile Dundee II ;Comedy
tt2503954;Broken Horses ;Action
tt2503954;Broken Horses ;Crime
tt2503954;Broken Horses ;Drama
tt0096969;Born on the Fourth of July ;Biography
tt0096969;Born on the Fourth of July ;Drama
tt0096969;Born on the Fourth of July ;War
tt0106611;Cool Runnings ;Adventure
tt0106611;Cool Runnings ;Comedy
tt0106611;Cool Runnings ;Family
tt1179891;My Bloody Valentine ;Horror
tt1179891;My Bloody Valentine ;Thriller
tt0775539;Stomp the Yard ;Drama
tt0775539;Stomp the Yard ;Music
tt0775539;Stomp the Yard ;Romance
tt0076752;The Spy Who Loved Me ;Action
tt0076752;The Spy Who Loved Me ;Adventure
tt0076752;The Spy Who Loved Me ;Sci-Fi
tt0146336;Urban Legend ;Horror
tt0146336;Urban Legend ;Mystery
tt0146336;Urban Legend ;Thriller
tt1885265;Good Deeds ;Comedy
tt1885265;Good Deeds ;Drama
tt1885265;Good Deeds ;Romance
tt0103247;White Fang ;Adventure
tt0103247;White Fang ;Drama
tt0167427;Superstar ;Comedy
tt0167427;Superstar ;Romance
tt1007029;The Iron Lady ;Biography
tt1007029;The Iron Lady ;Drama
tt1007029;The Iron Lady ;History
tt0298388;Jonah: A VeggieTales Movie ;Adventure
tt0298388;Jonah: A VeggieTales Movie ;Animation
tt0298388;Jonah: A VeggieTales Movie ;Comedy
tt0107840;Poetic Justice ;Drama
tt0107840;Poetic Justice ;Romance
tt0278295;All About the Benjamins ;Action
tt0278295;All About the Benjamins ;Comedy
tt0278295;All About the Benjamins ;Crime
tt0114825;Vampire in Brooklyn ;Comedy
tt0114825;Vampire in Brooklyn ;Fantasy
tt0114825;Vampire in Brooklyn ;Horror
tt0076009;Exorcist II: The Heretic ;Horror
tt0429573;An American Haunting ;Horror
tt0429573;An American Haunting ;Mystery
tt0429573;An American Haunting ;Thriller
tt0270980;My Boss's Daughter ;Comedy
tt0270980;My Boss's Daughter ;Romance
tt0971209;A Perfect Getaway ;Adventure
tt0971209;A Perfect Getaway ;Mystery
tt0971209;A Perfect Getaway ;Thriller
tt1305583;Our Family Wedding ;Comedy
tt1305583;Our Family Wedding ;Romance
tt0118301;Dead Man on Campus ;Comedy
tt0120857;Tea with Mussolini ;Comedy
tt0120857;Tea with Mussolini ;Drama
tt0120857;Tea with Mussolini ;War
tt0117894;Thinner ;Fantasy
tt0117894;Thinner ;Horror
tt0076451;New York, New York ;Drama
tt0076451;New York, New York ;Music
tt0076451;New York, New York ;Musical
tt0109504;Crooklyn ;Comedy
tt0109504;Crooklyn ;Drama
tt0770772;I Think I Love My Wife ;Comedy
tt0770772;I Think I Love My Wife ;Drama
tt0770772;I Think I Love My Wife ;Romance
tt0211443;Jason X ;Action
tt0211443;Jason X ;Horror
tt0211443;Jason X ;Sci-Fi
tt0308055;Bobby ;Drama
tt0308055;Bobby ;History
tt0192111;Head Over Heels ;Comedy
tt0192111;Head Over Heels ;Mystery
tt0192111;Head Over Heels ;Romance
tt1663143;Fun Size ;Adventure
tt1663143;Fun Size ;Comedy
tt0401383;The Diving Bell and the Butterfly ;Biography
tt0401383;The Diving Bell and the Butterfly ;Drama
tt0404203;Little Children ;Drama
tt0404203;Little Children ;Romance
tt0176783;Gossip ;Drama
tt0176783;Gossip ;Mystery
tt0176783;Gossip ;Thriller
tt0120613;A Walk on the Moon ;Drama
tt0437232;Catch a Fire ;Biography
tt0437232;Catch a Fire ;Drama
tt0437232;Catch a Fire ;History
tt0218619;Soul Survivors ;Drama
tt0218619;Soul Survivors ;Horror
tt0218619;Soul Survivors ;Mystery
tt0113463;Jefferson in Paris ;Biography
tt0113463;Jefferson in Paris ;Drama
tt0113463;Jefferson in Paris ;History
tt0808244;Easy Virtue ;Comedy
tt0808244;Easy Virtue ;Romance
tt0077296;Caravans ;Action
tt0077296;Caravans ;Adventure
tt0077296;Caravans ;History
tt2473794;Mr. Turner ;Biography
tt2473794;Mr. Turner ;Drama
tt2473794;Mr. Turner ;History
tt1156143;Wild Grass ;Drama
tt1156143;Wild Grass ;Romance
tt0280653;Amen. ;Biography
tt0280653;Amen. ;Crime
tt0280653;Amen. ;Drama
tt1460743;Reign of Assassins ;Action
tt0981072;The Lucky Ones ;Comedy
tt0981072;The Lucky Ones ;Drama
tt0981072;The Lucky Ones ;War
tt0466893;Margaret ;Drama
tt1185266;Stan Helsing ;Comedy
tt1185266;Stan Helsing ;Horror
tt0817177;Flipped ;Comedy
tt0817177;Flipped ;Drama
tt0817177;Flipped ;Romance
tt0388795;Brokeback Mountain ;Drama
tt0388795;Brokeback Mountain ;Romance
tt0112697;Clueless ;Comedy
tt0112697;Clueless ;Romance
tt0297884;Far from Heaven ;Drama
tt0297884;Far from Heaven ;Romance
tt2637294;Hot Tub Time Machine 2 ;Comedy
tt2637294;Hot Tub Time Machine 2 ;Sci-Fi
tt0180073;Quills ;Biography
tt0180073;Quills ;Drama
tt1931533;Seven Psychopaths ;Comedy
tt1931533;Seven Psychopaths ;Crime
tt0182000;The Caveman's Valentine ;Crime
tt0182000;The Caveman's Valentine ;Drama
tt0182000;The Caveman's Valentine ;Music
tt0363163;Downfall ;Biography
tt0363163;Downfall ;Drama
tt0363163;Downfall ;History
tt0369702;The Sea Inside ;Biography
tt0369702;The Sea Inside ;Drama
tt0369702;The Sea Inside ;Romance
tt1441395;Under the Skin ;Drama
tt1441395;Under the Skin ;Horror
tt1441395;Under the Skin ;Sci-Fi
tt0093105;Good Morning, Vietnam ;Biography
tt0093105;Good Morning, Vietnam ;Comedy
tt0093105;Good Morning, Vietnam ;Drama
tt1584131;The Last Godfather ;Comedy
tt1702443;Justin Bieber: Never Say Never ;Documentary
tt1702443;Justin Bieber: Never Say Never ;Music
tt0947798;Black Swan ;Drama
tt0947798;Black Swan ;Thriller
tt0071562;The Godfather: Part II ;Crime
tt0071562;The Godfather: Part II ;Drama
tt0206275;Save the Last Dance ;Drama
tt0206275;Save the Last Dance ;Music
tt0206275;Save the Last Dance ;Romance
tt0095742;A Nightmare on Elm Street 4: The Dream Master ;Fantasy
tt0095742;A Nightmare on Elm Street 4: The Dream Master ;Horror
tt0095742;A Nightmare on Elm Street 4: The Dream Master ;Thriller
tt4257926;Miracles from Heaven ;Drama
tt0242423;Dude, Where's My Car? ;Comedy
tt0242423;Dude, Where's My Car? ;Mystery
tt0096487;Young Guns ;Action
tt0096487;Young Guns ;Crime
tt0096487;Young Guns ;Drama
tt2170593;St. Vincent ;Comedy
tt2170593;St. Vincent ;Drama
tt1826590;About Last Night ;Comedy
tt1826590;About Last Night ;Romance
tt0147800;10 Things I Hate About You ;Comedy
tt0147800;10 Things I Hate About You ;Drama
tt0147800;10 Things I Hate About You ;Romance
tt0241760;The New Guy ;Comedy
tt0107659;Loaded Weapon 1 ;Action
tt0107659;Loaded Weapon 1 ;Comedy
tt0107659;Loaded Weapon 1 ;Crime
tt4052882;The Shallows ;Drama
tt4052882;The Shallows ;Horror
tt4052882;The Shallows ;Thriller
tt0289879;The Butterfly Effect ;Sci-Fi
tt0289879;The Butterfly Effect ;Thriller
tt0184907;Snow Day ;Adventure
tt0184907;Snow Day ;Comedy
tt0184907;Snow Day ;Family
tt0937375;This Christmas ;Comedy
tt0937375;This Christmas ;Drama
tt0937375;This Christmas ;Romance
tt0118665;Baby Geniuses ;Comedy
tt0118665;Baby Geniuses ;Crime
tt0118665;Baby Geniuses ;Family
tt0120609;The Big Hit ;Action
tt0120609;The Big Hit ;Comedy
tt0120609;The Big Hit ;Crime
tt0116493;Harriet the Spy ;Comedy
tt0116493;Harriet the Spy ;Drama
tt0116493;Harriet the Spy ;Family
tt0099253;Child's Play 2 ;Fantasy
tt0099253;Child's Play 2 ;Horror
tt2011159;No Good Deed ;Crime
tt2011159;No Good Deed ;Thriller
tt0884328;The Mist ;Horror
tt0470752;Ex Machina ;Drama
tt0470752;Ex Machina ;Mystery
tt0470752;Ex Machina ;Sci-Fi
tt0120601;Being John Malkovich ;Comedy
tt0120601;Being John Malkovich ;Drama
tt0120601;Being John Malkovich ;Fantasy
tt0269341;Two Can Play That Game ;Comedy
tt0269341;Two Can Play That Game ;Romance
tt2183034;Earth to Echo ;Adventure
tt2183034;Earth to Echo ;Family
tt2183034;Earth to Echo ;Sci-Fi
tt0250224;Crazy/Beautiful ;Drama
tt0250224;Crazy/Beautiful ;Romance
tt0498380;Letters from Iwo Jima ;Drama
tt0498380;Letters from Iwo Jima ;History
tt0498380;Letters from Iwo Jima ;War
tt0469263;The Astronaut Farmer ;Adventure
tt0469263;The Astronaut Farmer ;Drama
tt0469263;The Astronaut Farmer ;Sci-Fi
tt0120531;Woo ;Comedy
tt0120531;Woo ;Romance
tt3170832;Room ;Drama
tt0120654;Dirty Work ;Comedy
tt0111127;Serial Mom ;Comedy
tt0111127;Serial Mom ;Crime
tt0111127;Serial Mom ;Thriller
tt0144168;Dick ;Comedy
tt0172726;Light It Up ;Drama
tt0172726;Light It Up ;Thriller
tt0120577;54 ;Drama
tt0120577;54 ;Music
tt0258470;Bubble Boy ;Adventure
tt0258470;Bubble Boy ;Comedy
tt0258470;Bubble Boy ;Romance
tt0188453;Birthday Girl ;Comedy
tt0188453;Birthday Girl ;Crime
tt0188453;Birthday Girl ;Thriller
tt1711425;21 & Over ;Comedy
tt0401711;Paris, je t'aime ;Comedy
tt0401711;Paris, je t'aime ;Drama
tt0401711;Paris, je t'aime ;Romance
tt0416185;Resurrecting the Champ ;Drama
tt0416185;Resurrecting the Champ ;Sport
tt1814621;Admission ;Comedy
tt1814621;Admission ;Drama
tt1814621;Admission ;Romance
tt0191636;The Widow of Saint-Pierre ;Drama
tt0191636;The Widow of Saint-Pierre ;Romance
tt1352824;Chloe ;Drama
tt1352824;Chloe ;Mystery
tt1352824;Chloe ;Romance
tt0116269;Faithful ;Comedy
tt0116269;Faithful ;Crime
tt0116269;Faithful ;Drama
tt0419749;Find Me Guilty ;Biography
tt0419749;Find Me Guilty ;Comedy
tt0419749;Find Me Guilty ;Crime
tt1659337;The Perks of Being a Wallflower ;Drama
tt1659337;The Perks of Being a Wallflower ;Romance
tt0104215;Excessive Force ;Action
tt0420609;Infamous ;Biography
tt0420609;Infamous ;Crime
tt0420609;Infamous ;Drama
tt0218378;The Claim ;Drama
tt0218378;The Claim ;Romance
tt0218378;The Claim ;Western
tt1524575;The Vatican Tapes ;Horror
tt1524575;The Vatican Tapes ;Thriller
tt1478964;Attack the Block ;Action
tt1478964;Attack the Block ;Comedy
tt1478964;Attack the Block ;Sci-Fi
tt1714209;In the Land of Blood and Honey ;Drama
tt1714209;In the Land of Blood and Honey ;Romance
tt1714209;In the Land of Blood and Honey ;War
tt1911644;The Call ;Crime
tt1911644;The Call ;Thriller
tt4939066;Operation Chromite ;Action
tt4939066;Operation Chromite ;Drama
tt4939066;Operation Chromite ;History
tt0305396;The Crocodile Hunter: Collision Course ;Action
tt0305396;The Crocodile Hunter: Collision Course ;Adventure
tt0305396;The Crocodile Hunter: Collision Course ;Comedy
tt1045772;I Love You Phillip Morris ;Biography
tt1045772;I Love You Phillip Morris ;Comedy
tt1045772;I Love You Phillip Morris ;Crime
tt0082484;Quest for Fire ;Adventure
tt0082484;Quest for Fire ;Drama
tt0082484;Quest for Fire ;History
tt0168786;Antwone Fisher ;Biography
tt0168786;Antwone Fisher ;Drama
tt0283530;The Emperor's Club ;Drama
tt0108399;True Romance ;Action
tt0108399;True Romance ;Crime
tt0108399;True Romance ;Drama
tt1216520;Womb ;Drama
tt1216520;Womb ;Romance
tt1216520;Womb ;Sci-Fi
tt0104348;Glengarry Glen Ross ;Crime
tt0104348;Glengarry Glen Ross ;Drama
tt0104348;Glengarry Glen Ross ;Mystery
tt0954947;The Killer Inside Me ;Crime
tt0954947;The Killer Inside Me ;Drama
tt0954947;The Killer Inside Me ;Thriller
tt0083722;Cat People ;Fantasy
tt0083722;Cat People ;Horror
tt0083722;Cat People ;Thriller
tt1232783;Sorority Row ;Horror
tt1232783;Sorority Row ;Mystery
tt0029442;The Prisoner of Zenda ;Adventure
tt0029442;The Prisoner of Zenda ;Drama
tt0029442;The Prisoner of Zenda ;Romance
tt0805564;Lars and the Real Girl ;Comedy
tt0805564;Lars and the Real Girl ;Drama
tt0805564;Lars and the Real Girl ;Romance
tt0914798;The Boy in the Striped Pajamas ;Drama
tt0914798;The Boy in the Striped Pajamas ;War
tt0168629;Dancer in the Dark ;Crime
tt0168629;Dancer in the Dark ;Drama
tt0168629;Dancer in the Dark ;Musical
tt0119843;Oscar and Lucinda ;Drama
tt0119843;Oscar and Lucinda ;Romance
tt0116378;The Funeral ;Crime
tt0116378;The Funeral ;Drama
tt1294213;Solitary Man ;Comedy
tt1294213;Solitary Man ;Drama
tt1294213;Solitary Man ;Romance
tt0985694;Machete ;Action
tt0985694;Machete ;Crime
tt0985694;Machete ;Thriller
tt1194417;Casino Jack ;Biography
tt1194417;Casino Jack ;Comedy
tt1194417;Casino Jack ;Crime
tt0095489;The Land Before Time ;Adventure
tt0095489;The Land Before Time ;Animation
tt0095489;The Land Before Time ;Family
tt0386064;Tae Guk Gi: The Brotherhood of War ;Action
tt0386064;Tae Guk Gi: The Brotherhood of War ;Drama
tt0386064;Tae Guk Gi: The Brotherhood of War ;War
tt0473102;The Perfect Game ;Comedy
tt0473102;The Perfect Game ;Drama
tt0473102;The Perfect Game ;Family
tt0070047;The Exorcist ;Horror
tt0073195;Jaws ;Adventure
tt0073195;Jaws ;Drama
tt0073195;Jaws ;Thriller
tt0163651;American Pie ;Comedy
tt1816518;Ernest & Celestine ;Animation
tt1816518;Ernest & Celestine ;Comedy
tt1816518;Ernest & Celestine ;Crime
tt0091129;The Golden Child ;Action
tt0091129;The Golden Child ;Adventure
tt0091129;The Golden Child ;Comedy
tt1621045;Think Like a Man ;Comedy
tt1621045;Think Like a Man ;Romance
tt0303714;Barbershop ;Comedy
tt0303714;Barbershop ;Drama
tt0084726;Star Trek II: The Wrath of Khan ;Action
tt0084726;Star Trek II: The Wrath of Khan ;Adventure
tt0084726;Star Trek II: The Wrath of Khan ;Sci-Fi
tt0109040;Ace Ventura: Pet Detective ;Comedy
tt0086567;WarGames ;Sci-Fi
tt0086567;WarGames ;Thriller
tt0090329;Witness ;Crime
tt0090329;Witness ;Drama
tt0090329;Witness ;Romance
tt1591479;Act of Valor ;Action
tt1591479;Act of Valor ;Adventure
tt1591479;Act of Valor ;Drama
tt0462590;Step Up ;Crime
tt0462590;Step Up ;Drama
tt0462590;Step Up ;Music
tt0115641;Beavis and Butt-Head Do America ;Adventure
tt0115641;Beavis and Butt-Head Do America ;Animation
tt0115641;Beavis and Butt-Head Do America ;Comedy
tt0119396;Jackie Brown ;Crime
tt0119396;Jackie Brown ;Thriller
tt0481536;Harold & Kumar Escape from Guantanamo Bay ;Adventure
tt0481536;Harold & Kumar Escape from Guantanamo Bay ;Comedy
tt1706593;Chronicle ;Drama
tt1706593;Chronicle ;Sci-Fi
tt1706593;Chronicle ;Thriller
tt0086619;Yentl ;Drama
tt0086619;Yentl ;Musical
tt0086619;Yentl ;Romance
tt0081633;Time Bandits ;Adventure
tt0081633;Time Bandits ;Comedy
tt0081633;Time Bandits ;Fantasy
tt0275022;Crossroads ;Comedy
tt0275022;Crossroads ;Drama
tt1636826;Project X ;Comedy
tt1636826;Project X ;Crime
tt0066206;Patton ;Biography
tt0066206;Patton ;Drama
tt0066206;Patton ;War
tt0265459;One Hour Photo ;Drama
tt0265459;One Hour Photo ;Thriller
tt1082868;Quarantine ;Horror
tt1082868;Quarantine ;Sci-Fi
tt1082868;Quarantine ;Thriller
tt0406759;The Eye ;Horror
tt0406759;The Eye ;Mystery
tt0359517;Johnson Family Vacation ;Comedy
tt0278488;How High ;Comedy
tt0278488;How High ;Fantasy
tt0104940;The Muppet Christmas Carol ;Comedy
tt0104940;The Muppet Christmas Carol ;Drama
tt0104940;The Muppet Christmas Carol ;Family
tt0120679;Frida ;Biography
tt0120679;Frida ;Drama
tt0120679;Frida ;Romance
tt2215719;Katy Perry: Part of Me ;Documentary
tt2215719;Katy Perry: Part of Me ;Music
tt2582846;The Fault in Our Stars ;Drama
tt2582846;The Fault in Our Stars ;Romance
tt0128442;Rounders ;Crime
tt0128442;Rounders ;Drama
tt2784678;Top Five ;Comedy
tt2784678;Top Five ;Romance
tt0079758;Prophecy ;Horror
tt0079758;Prophecy ;Sci-Fi
tt0164181;Stir of Echoes ;Horror
tt0164181;Stir of Echoes ;Mystery
tt0164181;Stir of Echoes ;Thriller
tt2431286;Philomena ;Biography
tt2431286;Philomena ;Drama
tt0365885;The Upside of Anger ;Comedy
tt0365885;The Upside of Anger ;Drama
tt0077269;The Boys from Brazil ;Drama
tt0077269;The Boys from Brazil ;Thriller
tt0429591;Aquamarine ;Comedy
tt0429591;Aquamarine ;Family
tt0429591;Aquamarine ;Fantasy
tt3622592;Paper Towns ;Drama
tt3622592;Paper Towns ;Mystery
tt3622592;Paper Towns ;Romance
tt0332712;My Baby's Daddy ;Comedy
tt1821549;Nebraska ;Adventure
tt1821549;Nebraska ;Comedy
tt1821549;Nebraska ;Drama
tt0114608;Tales from the Crypt: Demon Knight ;Action
tt0114608;Tales from the Crypt: Demon Knight ;Fantasy
tt0114608;Tales from the Crypt: Demon Knight ;Horror
tt0273799;Max Keeble's Big Move ;Comedy
tt0273799;Max Keeble's Big Move ;Crime
tt0273799;Max Keeble's Big Move ;Family
tt1625346;Young Adult ;Comedy
tt1625346;Young Adult ;Drama
tt0479884;Crank ;Action
tt0479884;Crank ;Crime
tt0479884;Crank ;Thriller
tt0119326;How to Be a Player ;Comedy
tt0120722;Living Out Loud ;Comedy
tt0120722;Living Out Loud ;Drama
tt0120722;Living Out Loud ;Romance
tt1407061;Just Wright ;Comedy
tt1407061;Just Wright ;Romance
tt1407061;Just Wright ;Sport
tt1084950;Rachel Getting Married ;Drama
tt1084950;Rachel Getting Married ;Romance
tt0082934;The Postman Always Rings Twice ;Crime
tt0082934;The Postman Always Rings Twice ;Drama
tt0082934;The Postman Always Rings Twice ;Romance
tt0335119;Girl with a Pearl Earring ;Biography
tt0335119;Girl with a Pearl Earring ;Drama
tt0335119;Girl with a Pearl Earring ;Romance
tt0082096;Das Boot ;Adventure
tt0082096;Das Boot ;Drama
tt0082096;Das Boot ;Thriller
tt0279781;Sorority Boys ;Comedy
tt2194499;About Time ;Drama
tt2194499;About Time ;Fantasy
tt2194499;About Time ;Romance
tt0385004;House of Flying Daggers ;Action
tt0385004;House of Flying Daggers ;Adventure
tt0385004;House of Flying Daggers ;Drama
tt1764183;Arbitrage ;Drama
tt1764183;Arbitrage ;Thriller
tt2436386;Project Almanac ;Sci-Fi
tt2436386;Project Almanac ;Thriller
tt1042877;Cadillac Records ;Biography
tt1042877;Cadillac Records ;Drama
tt1042877;Cadillac Records ;Music
tt0156323;Screwed ;Comedy
tt0156323;Screwed ;Crime
tt0106950;Fortress ;Action
tt0106950;Fortress ;Crime
tt0106950;Fortress ;Sci-Fi
tt0470765;For Your Consideration ;Comedy
tt0120533;Celebrity ;Comedy
tt0120533;Celebrity ;Drama
tt0439289;Running with Scissors ;Comedy
tt0439289;Running with Scissors ;Drama
tt0339034;From Justin to Kelly ;Comedy
tt0339034;From Justin to Kelly ;Musical
tt0339034;From Justin to Kelly ;Romance
tt0116414;Girl 6 ;Comedy
tt0116414;Girl 6 ;Drama
tt0199626;In the Cut ;Mystery
tt0199626;In the Cut ;Thriller
tt1103275;Two Lovers ;Drama
tt1103275;Two Lovers ;Romance
tt0253200;Last Orders ;Drama
tt0468492;The Host ;Comedy
tt0468492;The Host ;Drama
tt0468492;The Host ;Horror
tt0082958;The Pursuit of D.B. Cooper ;Adventure
tt0082958;The Pursuit of D.B. Cooper ;Crime
tt0082958;The Pursuit of D.B. Cooper ;Thriller
tt0129332;Ravenous ;Fantasy
tt0129332;Ravenous ;Horror
tt0129332;Ravenous ;Thriller
tt0423977;Charlie Bartlett ;Comedy
tt0423977;Charlie Bartlett ;Drama
tt0423977;Charlie Bartlett ;Romance
tt2358891;The Great Beauty ;Drama
tt0238924;The Dangerous Lives of Altar Boys ;Comedy
tt0238924;The Dangerous Lives of Altar Boys ;Drama
tt1682180;Stoker ;Drama
tt1682180;Stoker ;Thriller
tt0212712;2046 ;Drama
tt0212712;2046 ;Romance
tt0212712;2046 ;Sci-Fi
tt0804505;Married Life ;Crime
tt0804505;Married Life ;Drama
tt0804505;Married Life ;Romance
tt0361715;Duma ;Adventure
tt0361715;Duma ;Drama
tt0361715;Duma ;Family
tt1235796;Ondine ;Drama
tt1235796;Ondine ;Mystery
tt1235796;Ondine ;Romance
tt0222851;Brother ;Crime
tt0222851;Brother ;Drama
tt0222851;Brother ;Thriller
tt0271259;Welcome to Collinwood ;Comedy
tt0271259;Welcome to Collinwood ;Crime
tt0118901;Critical Care ;Comedy
tt0118901;Critical Care ;Drama
tt0815178;The Life Before Her Eyes ;Drama
tt0815178;The Life Before Her Eyes ;Mystery
tt0815178;The Life Before Her Eyes ;Thriller
tt1730687;Darling Companion ;Comedy
tt1730687;Darling Companion ;Drama
tt1730687;Darling Companion ;Romance
tt0399095;Trade ;Crime
tt0399095;Trade ;Drama
tt0399095;Trade ;Thriller
tt0367082;Fateless ;Drama
tt0367082;Fateless ;Romance
tt0367082;Fateless ;War
tt0120618;Breakfast of Champions ;Comedy
tt1428556;A Woman, a Gun and a Noodle Shop ;Comedy
tt1428556;A Woman, a Gun and a Noodle Shop ;Drama
tt0284978;Cypher ;Mystery
tt0284978;Cypher ;Romance
tt0284978;Cypher ;Sci-Fi
tt1124052;City of Life and Death ;Drama
tt1124052;City of Life and Death ;History
tt1124052;City of Life and Death ;War
tt1876517;Legend of Kung Fu Rabbit ;Action
tt1876517;Legend of Kung Fu Rabbit ;Adventure
tt1876517;Legend of Kung Fu Rabbit ;Animation
tt1477109;Space Battleship Yamato ;Action
tt1477109;Space Battleship Yamato ;Adventure
tt1477109;Space Battleship Yamato ;Drama
tt1486193;5 Days of War ;Action
tt1486193;5 Days of War ;Drama
tt1486193;5 Days of War ;War
tt1187064;Triangle ;Fantasy
tt1187064;Triangle ;Mystery
tt1187064;Triangle ;Thriller
tt3453052;10 Days in a Madhouse ;Drama
tt1929263;Heaven Is for Real ;Biography
tt1929263;Heaven Is for Real ;Drama
tt0208092;Snatch ;Comedy
tt0208092;Snatch ;Crime
tt2598580;Dancin' It's On ;Family
tt2598580;Dancin' It's On ;Musical
tt0098084;Pet Sematary ;Fantasy
tt0098084;Pet Sematary ;Horror
tt0107474;Madadayo ;Drama
tt1034302;The Cry of the Owl ;Drama
tt1034302;The Cry of the Owl ;Thriller
tt3682770;A Tale of Three Cities ;Drama
tt0087363;Gremlins ;Comedy
tt0087363;Gremlins ;Fantasy
tt0087363;Gremlins ;Horror
tt0076759;Star Wars: Episode IV - A New Hope ;Action
tt0076759;Star Wars: Episode IV - A New Hope ;Adventure
tt0076759;Star Wars: Episode IV - A New Hope ;Fantasy
tt1860213;Dirty Grandpa ;Comedy
tt0059113;Doctor Zhivago ;Drama
tt0059113;Doctor Zhivago ;Romance
tt0059113;Doctor Zhivago ;War
tt1921149;Trash ;Adventure
tt1921149;Trash ;Crime
tt1921149;Trash ;Drama
tt0962726;High School Musical 3: Senior Year ;Comedy
tt0962726;High School Musical 3: Senior Year ;Drama
tt0962726;High School Musical 3: Senior Year ;Family
tt0964517;The Fighter ;Biography
tt0964517;The Fighter ;Drama
tt0964517;The Fighter ;Sport
tt0493430;Jackass Number Two ;Action
tt0493430;Jackass Number Two ;Comedy
tt0493430;Jackass Number Two ;Documentary
tt0104952;My Cousin Vinny ;Comedy
tt0104952;My Cousin Vinny ;Crime
tt1355630;If I Stay ;Drama
tt1355630;If I Stay ;Fantasy
tt1355630;If I Stay ;Music
tt2968804;Drive Hard ;Action
tt2968804;Drive Hard ;Comedy
tt2968804;Drive Hard ;Crime
tt0097815;Major League ;Comedy
tt0097815;Major League ;Sport
tt0964587;St. Trinian's ;Comedy
tt0183649;Phone Booth ;Crime
tt0183649;Phone Booth ;Thriller
tt0281358;A Walk to Remember ;Drama
tt0281358;A Walk to Remember ;Romance
tt0112818;Dead Man Walking ;Crime
tt0112818;Dead Man Walking ;Drama
tt0139134;Cruel Intentions ;Drama
tt0139134;Cruel Intentions ;Romance
tt1233227;Saw VI ;Horror
tt1233227;Saw VI ;Mystery
tt0082517;History of the World: Part I ;Comedy
tt0416212;The Secret Life of Bees ;Drama
tt0250310;Corky Romano ;Comedy
tt0250310;Corky Romano ;Crime
tt0105217;Raising Cain ;Crime
tt0105217;Raising Cain ;Drama
tt0105217;Raising Cain ;Thriller
tt0077531;F.I.S.T. ;Drama
tt0091276;Invaders from Mars ;Horror
tt0091276;Invaders from Mars ;Sci-Fi
tt2381111;Brooklyn ;Drama
tt2381111;Brooklyn ;Romance
tt0072684;Barry Lyndon ;Adventure
tt0072684;Barry Lyndon ;Drama
tt0072684;Barry Lyndon ;History
tt0253798;Out Cold ;Comedy
tt0253798;Out Cold ;Sport
tt0213790;The Ladies Man ;Comedy
tt1441951;Quartet ;Comedy
tt1441951;Quartet ;Drama
tt0246989;Tomcats ;Comedy
tt0264616;Frailty ;Crime
tt0264616;Frailty ;Drama
tt0264616;Frailty ;Thriller
tt2404425;Woman in Gold ;Biography
tt2404425;Woman in Gold ;Drama
tt2404425;Woman in Gold ;History
tt0362269;Kinsey ;Biography
tt0362269;Kinsey ;Drama
tt0106308;Army of Darkness ;Comedy
tt0106308;Army of Darkness ;Fantasy
tt0106308;Army of Darkness ;Horror
tt0240900;Slackers ;Comedy
tt0240900;Slackers ;Romance
tt0108550;What's Eating Gilbert Grape ;Drama
tt0108550;What's Eating Gilbert Grape ;Romance
tt0377992;The Visual Bible: The Gospel of John ;Biography
tt0377992;The Visual Bible: The Gospel of John ;Drama
tt0377992;The Visual Bible: The Gospel of John ;History
tt0383694;Vera Drake ;Crime
tt0383694;Vera Drake ;Drama
tt0280720;The Guru ;Comedy
tt0280720;The Guru ;Music
tt0280720;The Guru ;Romance
tt0114113;The Perez Family ;Comedy
tt0114113;The Perez Family ;Drama
tt0114113;The Perez Family ;Romance
tt2042568;Inside Llewyn Davis ;Drama
tt2042568;Inside Llewyn Davis ;Music
tt0184791;O ;Drama
tt0184791;O ;Romance
tt0184791;O ;Thriller
tt0102782;Return to the Blue Lagoon ;Adventure
tt0102782;Return to the Blue Lagoon ;Drama
tt0102782;Return to the Blue Lagoon ;Romance
tt0066090;The Molly Maguires ;Drama
tt0066090;The Molly Maguires ;History
tt0368222;Romance & Cigarettes ;Comedy
tt0368222;Romance & Cigarettes ;Musical
tt0368222;Romance & Cigarettes ;Romance
tt0424908;Copying Beethoven ;Biography
tt0424908;Copying Beethoven ;Drama
tt0424908;Copying Beethoven ;Music
tt1233192;Brighton Rock ;Crime
tt1233192;Brighton Rock ;Drama
tt1233192;Brighton Rock ;Thriller
tt1132626;Saw V ;Horror
tt1132626;Saw V ;Mystery
tt0065895;Machine Gun McCain ;Crime
tt0065895;Machine Gun McCain ;Drama
tt0065895;Machine Gun McCain ;Thriller
tt1592873;LOL ;Comedy
tt1592873;LOL ;Drama
tt1592873;LOL ;Romance
tt0382765;Jindabyne ;Crime
tt0382765;Jindabyne ;Drama
tt0382765;Jindabyne ;Mystery
tt0449999;Kabhi Alvida Naa Kehna ;Drama
tt0122541;An Ideal Husband ;Comedy
tt0122541;An Ideal Husband ;Romance
tt1709143;The Last Days on Mars ;Horror
tt1709143;The Last Days on Mars ;Sci-Fi
tt1709143;The Last Days on Mars ;Thriller
tt0273517;Darkness ;Horror
tt0062622;2001: A Space Odyssey ;Adventure
tt0062622;2001: A Space Odyssey ;Mystery
tt0062622;2001: A Space Odyssey ;Sci-Fi
tt0083866;E.T. the Extra-Terrestrial ;Family
tt0083866;E.T. the Extra-Terrestrial ;Sci-Fi
tt0419843;In the Land of Women ;Comedy
tt0419843;In the Land of Women ;Drama
tt0419843;In the Land of Women ;Romance
tt0313300;The Blue Butterfly ;Adventure
tt0313300;The Blue Butterfly ;Drama
tt0108320;There Goes My Baby ;Comedy
tt0108320;There Goes My Baby ;Drama
tt1573072;Housefull ;Comedy
tt0473700;September Dawn ;Drama
tt0473700;September Dawn ;History
tt0473700;September Dawn ;Romance
tt1566501;For Greater Glory: The True Story of Cristiada ;Drama
tt1566501;For Greater Glory: The True Story of Cristiada ;History
tt1566501;For Greater Glory: The True Story of Cristiada ;War
tt3547740;La Famille Bélier ;Comedy
tt3547740;La Famille Bélier ;Drama
tt3547740;La Famille Bélier ;Music
tt0119217;Good Will Hunting ;Drama
tt3658772;Misconduct ;Drama
tt3658772;Misconduct ;Thriller
tt0489270;Saw III ;Horror
tt0489270;Saw III ;Mystery
tt0083131;Stripes ;Action
tt0083131;Stripes ;Comedy
tt0083131;Stripes ;War
tt0204946;Bring It On ;Comedy
tt0204946;Bring It On ;Sport
tt4094724;The Purge: Election Year ;Action
tt4094724;The Purge: Election Year ;Horror
tt4094724;The Purge: Election Year ;Sci-Fi
tt0160862;She's All That ;Comedy
tt0160862;She's All That ;Romance
tt0890870;Saw IV ;Horror
tt0890870;Saw IV ;Mystery
tt0375210;White Noise ;Drama
tt0375210;White Noise ;Horror
tt0375210;White Noise ;Mystery
tt0455612;Madea's Family Reunion ;Comedy
tt0455612;Madea's Family Reunion ;Drama
tt0455612;Madea's Family Reunion ;Romance
tt0090863;The Color of Money ;Drama
tt0090863;The Color of Money ;Sport
tt0056197;The Longest Day ;Action
tt0056197;The Longest Day ;Drama
tt0056197;The Longest Day ;History
tt0104868;The Mighty Ducks ;Comedy
tt0104868;The Mighty Ducks ;Drama
tt0104868;The Mighty Ducks ;Family
tt0391198;The Grudge ;Horror
tt0391198;The Grudge ;Mystery
tt0391198;The Grudge ;Thriller
tt0116483;Happy Gilmore ;Comedy
tt0116483;Happy Gilmore ;Sport
tt0263488;Jeepers Creepers ;Horror
tt0263488;Jeepers Creepers ;Mystery
tt0096928;Bill & Ted's Excellent Adventure ;Adventure
tt0096928;Bill & Ted's Excellent Adventure ;Comedy
tt0096928;Bill & Ted's Excellent Adventure ;Music
tt0063385;Oliver! ;Drama
tt0063385;Oliver! ;Family
tt0063385;Oliver! ;Musical
tt1412386;The Best Exotic Marigold Hotel ;Comedy
tt1412386;The Best Exotic Marigold Hotel ;Drama
tt0265632;Recess: School's Out ;Animation
tt0265632;Recess: School's Out ;Comedy
tt0265632;Recess: School's Out ;Family
tt0089530;Mad Max Beyond Thunderdome ;Action
tt0089530;Mad Max Beyond Thunderdome ;Adventure
tt0089530;Mad Max Beyond Thunderdome ;Sci-Fi
tt0088944;Commando ;Action
tt0088944;Commando ;Adventure
tt0088944;Commando ;Thriller
tt3882082;The Boy ;Horror
tt3882082;The Boy ;Mystery
tt3882082;The Boy ;Thriller
tt1314655;Devil ;Horror
tt1314655;Devil ;Mystery
tt1314655;Devil ;Thriller
tt0293815;Friday After Next ;Comedy
tt0293815;Friday After Next ;Drama
tt3195644;Insidious: Chapter 3 ;Fantasy
tt3195644;Insidious: Chapter 3 ;Horror
tt3195644;Insidious: Chapter 3 ;Thriller
tt0089461;The Last Dragon ;Action
tt0089461;The Last Dragon ;Comedy
tt0089461;The Last Dragon ;Drama
tt0104692;The Lawnmower Man ;Horror
tt0104692;The Lawnmower Man ;Sci-Fi
tt0981227;Nick and Norah's Infinite Playlist ;Comedy
tt0981227;Nick and Norah's Infinite Playlist ;Drama
tt0981227;Nick and Norah's Infinite Playlist ;Music
tt0120655;Dogma ;Adventure
tt0120655;Dogma ;Comedy
tt0120655;Dogma ;Drama
tt0280460;The Banger Sisters ;Comedy
tt0280460;The Banger Sisters ;Drama
tt0086491;Twilight Zone: The Movie ;Fantasy
tt0086491;Twilight Zone: The Movie ;Horror
tt0086491;Twilight Zone: The Movie ;Sci-Fi
tt0098206;Road House ;Action
tt0098206;Road House ;Thriller
tt0110399;A Low Down Dirty Shame ;Action
tt0110399;A Low Down Dirty Shame ;Comedy
tt0110399;A Low Down Dirty Shame ;Crime
tt0283026;Swimfan ;Drama
tt0283026;Swimfan ;Thriller
tt0424993;Employee of the Month ;Comedy
tt0424993;Employee of the Month ;Romance
tt0127723;Can't Hardly Wait ;Comedy
tt0127723;Can't Hardly Wait ;Romance
tt0086066;The Outsiders ;Crime
tt0086066;The Outsiders ;Drama
tt2788732;Pete's Dragon ;Adventure
tt2788732;Pete's Dragon ;Family
tt2788732;Pete's Dragon ;Fantasy
tt0085407;The Dead Zone ;Horror
tt0085407;The Dead Zone ;Sci-Fi
tt0085407;The Dead Zone ;Thriller
tt2752772;Sinister 2 ;Horror
tt2752772;Sinister 2 ;Mystery
tt2752772;Sinister 2 ;Thriller
tt1876451;Sparkle ;Drama
tt1876451;Sparkle ;Music
tt0242998;Valentine ;Horror
tt0242998;Valentine ;Mystery
tt0242998;Valentine ;Thriller
tt1220198;The Fourth Kind ;Mystery
tt1220198;The Fourth Kind ;Sci-Fi
tt1220198;The Fourth Kind ;Thriller
tt0420087;A Prairie Home Companion ;Comedy
tt0420087;A Prairie Home Companion ;Drama
tt0420087;A Prairie Home Companion ;Music
tt0107079;Sugar Hill ;Drama
tt0107079;Sugar Hill ;Thriller
tt0089348;Invasion U.S.A. ;Action
tt0089348;Invasion U.S.A. ;Thriller
tt0403455;Roll Bounce ;Comedy
tt0403455;Roll Bounce ;Drama
tt0403455;Roll Bounce ;Music
tt0128445;Rushmore ;Comedy
tt0128445;Rushmore ;Drama
tt1564585;Skyline ;Action
tt1564585;Skyline ;Sci-Fi
tt1564585;Skyline ;Thriller
tt2555736;The Second Best Exotic Marigold Hotel ;Comedy
tt2555736;The Second Best Exotic Marigold Hotel ;Drama
tt0846308;Kit Kittredge: An American Girl ;Drama
tt0846308;Kit Kittredge: An American Girl ;Family
tt0380623;The Perfect Man ;Comedy
tt0380623;The Perfect Man ;Family
tt0380623;The Perfect Man ;Romance
tt0100168;Mo' Better Blues ;Drama
tt0100168;Mo' Better Blues ;Music
tt0100168;Mo' Better Blues ;Romance
tt0240468;Kung Pow: Enter the Fist ;Action
tt0240468;Kung Pow: Enter the Fist ;Comedy
tt0100814;Tremors ;Comedy
tt0100814;Tremors ;Horror
tt0100814;Tremors ;Sci-Fi
tt0295700;Wrong Turn ;Horror
tt0295700;Wrong Turn ;Thriller
tt0081071;The Long Riders ;Western
tt0142192;The Corruptor ;Action
tt0142192;The Corruptor ;Crime
tt0142192;The Corruptor ;Drama
tt1935179;Mud ;Drama
tt0499554;Reno 911!: Miami ;Comedy
tt0499554;Reno 911!: Miami ;Crime
tt2515086;One Direction: This Is Us ;Documentary
tt2515086;One Direction: This Is Us ;Music
tt1092633;The Goods: Live Hard, Sell Hard ;Comedy
tt0314166;Hey Arnold! The Movie ;Adventure
tt0314166;Hey Arnold! The Movie ;Animation
tt0314166;Hey Arnold! The Movie ;Comedy
tt1655420;My Week with Marilyn ;Biography
tt1655420;My Week with Marilyn ;Drama
tt0365485;The Matador ;Comedy
tt0365485;The Matador ;Crime
tt0365485;The Matador ;Drama
tt0119572;Love Jones ;Drama
tt0119572;Love Jones ;Romance
tt4178092;The Gift ;Mystery
tt4178092;The Gift ;Thriller
tt0399862;End of the Spear ;Adventure
tt0399862;End of the Spear ;Drama
tt0192071;Get Over It ;Comedy
tt0192071;Get Over It ;Romance
tt0151804;Office Space ;Comedy
tt0157503;Drop Dead Gorgeous ;Comedy
tt0157503;Drop Dead Gorgeous ;Romance
tt0157503;Drop Dead Gorgeous ;Thriller
tt1126590;Big Eyes ;Biography
tt1126590;Big Eyes ;Crime
tt1126590;Big Eyes ;Drama
tt0124198;Very Bad Things ;Comedy
tt0124198;Very Bad Things ;Crime
tt0124198;Very Bad Things ;Thriller
tt0368975;Sleepover ;Comedy
tt0368975;Sleepover ;Romance
tt0086984;Body Double ;Mystery
tt0086984;Body Double ;Thriller
tt1470023;MacGruber ;Action
tt1470023;MacGruber ;Comedy
tt1470023;MacGruber ;Romance
tt0301199;Dirty Pretty Things ;Crime
tt0301199;Dirty Pretty Things ;Drama
tt0301199;Dirty Pretty Things ;Thriller
tt1333125;Movie 43 ;Comedy
tt0785007;Over Her Dead Body ;Comedy
tt0785007;Over Her Dead Body ;Fantasy
tt0785007;Over Her Dead Body ;Romance
tt1307068;Seeking a Friend for the End of the World ;Adventure
tt1307068;Seeking a Friend for the End of the World ;Comedy
tt1307068;Seeking a Friend for the End of the World ;Drama
tt1477837;Cedar Rapids ;Comedy
tt0120586;American History X ;Crime
tt0120586;American History X ;Drama
tt1748227;The Collection ;Action
tt1748227;The Collection ;Horror
tt1748227;The Collection ;Thriller
tt0350194;Teacher's Pet ;Animation
tt0350194;Teacher's Pet ;Comedy
tt0350194;Teacher's Pet ;Family
tt0120802;The Red Violin ;Drama
tt0120802;The Red Violin ;Music
tt0120802;The Red Violin ;Mystery
tt0166896;The Straight Story ;Biography
tt0166896;The Straight Story ;Drama
tt0231448;Deuces Wild ;Action
tt0231448;Deuces Wild ;Crime
tt0231448;Deuces Wild ;Drama
tt2170299;Bad Words ;Comedy
tt2170299;Bad Words ;Drama
tt0425413;Run, Fatboy, Run ;Comedy
tt0425413;Run, Fatboy, Run ;Romance
tt0425413;Run, Fatboy, Run ;Sport
tt0082507;Heartbeeps ;Comedy
tt0082507;Heartbeeps ;Sci-Fi
tt2883434;Black or White ;Drama
tt0279286;On the Line ;Comedy
tt0279286;On the Line ;Family
tt0279286;On the Line ;Romance
tt0462504;Rescue Dawn ;Adventure
tt0462504;Rescue Dawn ;Biography
tt0462504;Rescue Dawn ;Drama
tt1772288;Danny Collins ;Comedy
tt1772288;Danny Collins ;Drama
tt1772288;Danny Collins ;Music
tt1588334;Jeff, Who Lives at Home ;Comedy
tt1588334;Jeff, Who Lives at Home ;Drama
tt1226236;I Am Love ;Drama
tt1226236;I Am Love ;Romance
tt1985017;Atlas Shrugged II: The Strike ;Drama
tt1985017;Atlas Shrugged II: The Strike ;Mystery
tt1985017;Atlas Shrugged II: The Strike ;Sci-Fi
tt0107983;Romeo Is Bleeding ;Action
tt0107983;Romeo Is Bleeding ;Crime
tt0107983;Romeo Is Bleeding ;Drama
tt0165854;The Limey ;Crime
tt0165854;The Limey ;Drama
tt0165854;The Limey ;Mystery
tt0375679;Crash ;Crime
tt0375679;Crash ;Drama
tt0375679;Crash ;Thriller
tt0200720;The House of Mirth ;Drama
tt0200720;The House of Mirth ;Romance
tt0093483;Malone ;Action
tt0093483;Malone ;Drama
tt0093483;Malone ;Thriller
tt0438315;Peaceful Warrior ;Drama
tt0438315;Peaceful Warrior ;Romance
tt0438315;Peaceful Warrior ;Sport
tt1411664;Bucky Larson: Born to Be a Star ;Comedy
tt0215545;Bamboozled ;Comedy
tt0215545;Bamboozled ;Drama
tt0215545;Bamboozled ;Music
tt3387542;The Forest ;Horror
tt3387542;The Forest ;Mystery
tt3387542;The Forest ;Thriller
tt0083113;Sphinx ;Adventure
tt0083113;Sphinx ;Mystery
tt0083113;Sphinx ;Thriller
tt1791682;While We're Young ;Comedy
tt1791682;While We're Young ;Drama
tt1554091;A Better Life ;Drama
tt1554091;A Better Life ;Romance
tt0278731;Spider ;Drama
tt0278731;Spider ;Mystery
tt0278731;Spider ;Thriller
tt0171356;Gun Shy ;Comedy
tt0171356;Gun Shy ;Crime
tt0171356;Gun Shy ;Romance
tt0309912;Nicholas Nickleby ;Drama
tt0309912;Nicholas Nickleby ;Romance
tt1491044;The Iceman ;Biography
tt1491044;The Iceman ;Crime
tt1491044;The Iceman ;Drama
tt0432637;Krrish ;Action
tt0432637;Krrish ;Adventure
tt0432637;Krrish ;Romance
tt0173716;Cecil B. DeMented ;Comedy
tt0173716;Cecil B. DeMented ;Crime
tt0173716;Cecil B. DeMented ;Thriller
tt1726669;Killer Joe ;Crime
tt1726669;Killer Joe ;Drama
tt1726669;Killer Joe ;Romance
tt1285309;The Joneses ;Comedy
tt1285309;The Joneses ;Drama
tt0285861;Owning Mahowny ;Crime
tt0285861;Owning Mahowny ;Drama
tt0285861;Owning Mahowny ;Thriller
tt0784972;The Brothers Solomon ;Comedy
tt0765120;My Blueberry Nights ;Drama
tt0765120;My Blueberry Nights ;Romance
tt0120709;Illuminata ;Drama
tt0291502;Swept Away ;Comedy
tt0291502;Swept Away ;Romance
tt0884224;War, Inc. ;Action
tt0884224;War, Inc. ;Comedy
tt0884224;War, Inc. ;Thriller
tt0286112;Shaolin Soccer ;Action
tt0286112;Shaolin Soccer ;Comedy
tt0286112;Shaolin Soccer ;Sport
tt0330099;The Brown Bunny ;Drama
tt0120018;The Swindle ;Comedy
tt0120018;The Swindle ;Crime
tt0120018;The Swindle ;Thriller
tt2752688;Rosewater ;Biography
tt2752688;Rosewater ;Drama
tt0129923;The Chambermaid on the Titanic ;Drama
tt0129923;The Chambermaid on the Titanic ;Romance
tt1372686;Coriolanus ;Drama
tt1372686;Coriolanus ;Thriller
tt1372686;Coriolanus ;War
tt0373024;Imaginary Heroes ;Comedy
tt0373024;Imaginary Heroes ;Drama
tt0253126;High Heels and Low Lifes ;Action
tt0253126;High Heels and Low Lifes ;Comedy
tt0253126;High Heels and Low Lifes ;Drama
tt1262981;World's Greatest Dad ;Comedy
tt1262981;World's Greatest Dad ;Drama
tt0464196;Severance ;Comedy
tt0464196;Severance ;Horror
tt0464196;Severance ;Thriller
tt0443496;Edmond ;Drama
tt0443496;Edmond ;Thriller
tt1183923;Welcome to the Rileys ;Drama
tt0110857;Police Academy: Mission to Moscow ;Comedy
tt0110857;Police Academy: Mission to Moscow ;Crime
tt1210039;Blood Done Sign My Name ;Drama
tt2553908;Cinco de Mayo, La Batalla ;Drama
tt2553908;Cinco de Mayo, La Batalla ;History
tt2553908;Cinco de Mayo, La Batalla ;War
tt2113659;Elsa & Fred ;Comedy
tt2113659;Elsa & Fred ;Drama
tt2113659;Elsa & Fred ;Romance
tt0118577;An Alan Smithee Film: Burn Hollywood Burn ;Comedy
tt1007018;The Open Road ;Comedy
tt1007018;The Open Road ;Drama
tt1247662;The Good Guy ;Comedy
tt1247662;The Good Guy ;Romance
tt1220220;Motherhood ;Comedy
tt1220220;Motherhood ;Drama
tt1128071;Free Style ;Drama
tt2325977;Strangerland ;Drama
tt2325977;Strangerland ;Mystery
tt2325977;Strangerland ;Thriller
tt1210071;The Janky Promoters ;Comedy
tt1210071;The Janky Promoters ;Crime
tt1210071;The Janky Promoters ;Music
tt0887719;Blonde Ambition ;Comedy
tt0887719;Blonde Ambition ;Romance
tt0488604;The Oxford Murders ;Crime
tt0488604;The Oxford Murders ;Mystery
tt0488604;The Oxford Murders ;Thriller
tt1320291;The Reef ;Horror
tt1320291;The Reef ;Thriller
tt0349416;Eulogy ;Comedy
tt0349416;Eulogy ;Drama
tt0496436;White Noise 2: The Light ;Drama
tt0496436;White Noise 2: The Light ;Fantasy
tt0496436;White Noise 2: The Light ;Horror
tt1568139;You Got Served: Beat the World ;Drama
tt1568139;You Got Served: Beat the World ;Music
tt1097643;Fifty Dead Men Walking ;Drama
tt1097643;Fifty Dead Men Walking ;Thriller
tt2722786;Jungle Shuffle ;Adventure
tt2722786;Jungle Shuffle ;Animation
tt0479341;Adam Resurrected ;Drama
tt0479341;Adam Resurrected ;War
tt3074732;Of Horses and Men ;Comedy
tt3074732;Of Horses and Men ;Drama
tt3074732;Of Horses and Men ;Romance
tt1319716;It's a Wonderful Afterlife ;Comedy
tt1319716;It's a Wonderful Afterlife ;Drama
tt1319716;It's a Wonderful Afterlife ;Horror
tt1147687;The Devil's Tomb ;Action
tt1147687;The Devil's Tomb ;Horror
tt1147687;The Devil's Tomb ;Sci-Fi
tt0213985;Partition ;Drama
tt0213985;Partition ;Romance
tt1070781;Good Intentions ;Comedy
tt0901487;The Good, the Bad, the Weird ;Action
tt0901487;The Good, the Bad, the Weird ;Adventure
tt0901487;The Good, the Bad, the Weird ;Comedy
tt1913166;Nurse 3D ;Horror
tt1913166;Nurse 3D ;Thriller
tt1376195;Gunless ;Action
tt1376195;Gunless ;Comedy
tt1376195;Gunless ;Drama
tt1091722;Adventureland ;Comedy
tt1091722;Adventureland ;Drama
tt1091722;Adventureland ;Romance
tt0343996;The Lost City ;Drama
tt0343996;The Lost City ;Romance
tt0195945;Next Friday ;Comedy
tt2923316;American Heist ;Action
tt2923316;American Heist ;Crime
tt2923316;American Heist ;Drama
tt0062512;You Only Live Twice ;Action
tt0062512;You Only Live Twice ;Adventure
tt0062512;You Only Live Twice ;Thriller
tt2556874;Plastic ;Action
tt2556874;Plastic ;Comedy
tt2556874;Plastic ;Crime
tt1602620;Amour ;Drama
tt1602620;Amour ;Romance
tt0095889;Poltergeist III ;Horror
tt0095889;Poltergeist III ;Thriller
tt1612319;Re-Kill ;Action
tt1612319;Re-Kill ;Horror
tt0057193;It's a Mad, Mad, Mad, Mad World ;Action
tt0057193;It's a Mad, Mad, Mad, Mad World ;Adventure
tt0057193;It's a Mad, Mad, Mad, Mad World ;Comedy
tt0441909;Volver ;Comedy
tt0441909;Volver ;Crime
tt0441909;Volver ;Drama
tt0082509;Heavy Metal ;Adventure
tt0082509;Heavy Metal ;Animation
tt0082509;Heavy Metal ;Fantasy
tt1161418;Gentlemen Broncos ;Adventure
tt1161418;Gentlemen Broncos ;Comedy
tt1161418;Gentlemen Broncos ;Sci-Fi
tt0114279;Richard III ;Drama
tt0114279;Richard III ;War
tt1694021;Into the Grizzly Maze ;Action
tt1694021;Into the Grizzly Maze ;Horror
tt1694021;Into the Grizzly Maze ;Thriller
tt1198101;Kites ;Action
tt1198101;Kites ;Drama
tt1198101;Kites ;Romance
tt1527186;Melancholia ;Drama
tt1527186;Melancholia ;Sci-Fi
tt0803061;Red Dog ;Biography
tt0803061;Red Dog ;Comedy
tt0803061;Red Dog ;Drama
tt2176013;Jab Tak Hai Jaan ;Drama
tt2176013;Jab Tak Hai Jaan ;Romance
tt0078748;Alien ;Horror
tt0078748;Alien ;Sci-Fi
tt0072271;The Texas Chain Saw Massacre ;Horror
tt0072271;The Texas Chain Saw Massacre ;Thriller
tt1017451;The Runaways ;Biography
tt1017451;The Runaways ;Drama
tt1017451;The Runaways ;Music
tt0067093;Fiddler on the Roof ;Drama
tt0067093;Fiddler on the Roof ;Family
tt0067093;Fiddler on the Roof ;Musical
tt0059800;Thunderball ;Action
tt0059800;Thunderball ;Adventure
tt0059800;Thunderball ;Thriller
tt1701990;Detention ;Comedy
tt1701990;Detention ;Horror
tt1701990;Detention ;Sci-Fi
tt1405810;Loose Cannons ;Comedy
tt1405810;Loose Cannons ;Drama
tt1405810;Loose Cannons ;Romance
tt0117603;Set It Off ;Action
tt0117603;Set It Off ;Crime
tt0117603;Set It Off ;Drama
tt0168501;The Best Man ;Comedy
tt0168501;The Best Man ;Drama
tt0094862;Child's Play ;Fantasy
tt0094862;Child's Play ;Horror
tt0386032;Sicko ;Documentary
tt0386032;Sicko ;Drama
tt2975578;The Purge: Anarchy ;Action
tt2975578;The Purge: Anarchy ;Horror
tt2975578;The Purge: Anarchy ;Sci-Fi
tt0186975;Down to You ;Comedy
tt0186975;Down to You ;Drama
tt0186975;Down to You ;Romance
tt0366551;Harold & Kumar Go to White Castle ;Adventure
tt0366551;Harold & Kumar Go to White Castle ;Comedy
tt0208874;The Contender ;Drama
tt0208874;The Contender ;Thriller
tt0181984;Boiler Room ;Crime
tt0181984;Boiler Room ;Drama
tt0181984;Boiler Room ;Thriller
tt0086465;Trading Places ;Comedy
tt0454082;Black Christmas ;Horror
tt0349169;Breakin' All the Rules ;Comedy
tt0349169;Breakin' All the Rules ;Romance
tt0097499;Henry V ;Action
tt0097499;Henry V ;Biography
tt0097499;Henry V ;Drama
tt0775529;The Savages ;Comedy
tt0775529;The Savages ;Drama
tt0323572;Chasing Papi ;Comedy
tt0323572;Chasing Papi ;Romance
tt0202677;The Way of the Gun ;Action
tt0202677;The Way of the Gun ;Crime
tt0202677;The Way of the Gun ;Drama
tt0280760;Igby Goes Down ;Comedy
tt0280760;Igby Goes Down ;Drama
tt0110759;PCU ;Comedy
tt0482629;The Ultimate Gift ;Drama
tt0482629;The Ultimate Gift ;Family
tt0482629;The Ultimate Gift ;Romance
tt0087451;The Ice Pirates ;Action
tt0087451;The Ice Pirates ;Adventure
tt0087451;The Ice Pirates ;Comedy
tt0441007;Gracie ;Biography
tt0441007;Gracie ;Drama
tt0441007;Gracie ;Sport
tt0427968;Trust the Man ;Comedy
tt0427968;Trust the Man ;Drama
tt0427968;Trust the Man ;Romance
tt1104733;Hamlet 2 ;Comedy
tt1104733;Hamlet 2 ;Music
tt0120879;Velvet Goldmine ;Drama
tt0120879;Velvet Goldmine ;Music
tt5215952;The Wailing ;Fantasy
tt5215952;The Wailing ;Horror
tt5215952;The Wailing ;Mystery
tt1922612;Glee: The 3D Concert Movie ;Documentary
tt1922612;Glee: The 3D Concert Movie ;Music
tt0290879;The Legend of Suriyothai ;Action
tt0290879;The Legend of Suriyothai ;Adventure
tt0290879;The Legend of Suriyothai ;Drama
tt0100827;Two Evil Eyes ;Horror
tt3202120;Barbecue ;Comedy
tt0286261;All or Nothing ;Drama
tt1185344;Princess Kaiulani ;Drama
tt0420835;Opal Dream ;Drama
tt0420835;Opal Dream ;Family
tt0920458;Flame and Citron ;Drama
tt0920458;Flame and Citron ;History
tt0920458;Flame and Citron ;Thriller
tt0434424;Undiscovered ;Comedy
tt0434424;Undiscovered ;Music
tt0434424;Undiscovered ;Romance
tt1259574;Red Riding: In the Year of Our Lord 1974 ;Crime
tt1259574;Red Riding: In the Year of Our Lord 1974 ;Drama
tt1259574;Red Riding: In the Year of Our Lord 1974 ;Mystery
tt1183672;The Girl on the Train ;Drama
tt1068678;Veronika Decides to Die ;Drama
tt1068678;Veronika Decides to Die ;Romance
tt0090555;Crocodile Dundee ;Adventure
tt0090555;Crocodile Dundee ;Comedy
tt1679332;Ultramarines: A Warhammer 40,000 Movie ;Action
tt1679332;Ultramarines: A Warhammer 40,000 Movie ;Animation
tt1679332;Ultramarines: A Warhammer 40,000 Movie ;Fantasy
tt0325596;The I Inside ;Mystery
tt0325596;The I Inside ;Sci-Fi
tt0325596;The I Inside ;Thriller
tt1418646;Beneath Hill 60 ;Drama
tt1418646;Beneath Hill 60 ;History
tt1418646;Beneath Hill 60 ;War
tt1661420;Polisse ;Crime
tt1661420;Polisse ;Drama
tt0211933;Awake ;Crime
tt0211933;Awake ;Mystery
tt0211933;Awake ;Thriller
tt1641841;Skin Trade ;Action
tt1641841;Skin Trade ;Crime
tt1641841;Skin Trade ;Thriller
tt0093437;The Lost Boys ;Comedy
tt0093437;The Lost Boys ;Fantasy
tt0093437;The Lost Boys ;Horror
tt1263670;Crazy Heart ;Drama
tt1263670;Crazy Heart ;Music
tt1263670;Crazy Heart ;Romance
tt0079826;The Rose ;Drama
tt0079826;The Rose ;Music
tt0079826;The Rose ;Romance
tt1171222;Baggage Claim ;Comedy
tt0062711;Barbarella ;Adventure
tt0062711;Barbarella ;Comedy
tt0062711;Barbarella ;Fantasy
tt0099816;Shipwrecked ;Adventure
tt0099816;Shipwrecked ;Family
tt0126886;Election ;Comedy
tt0126886;Election ;Drama
tt0433416;The Namesake ;Drama
tt1666801;The DUFF ;Comedy
tt0118589;Glitter ;Drama
tt0118589;Glitter ;Music
tt0118589;Glitter ;Romance
tt1457765;The Haunting in Connecticut 2: Ghosts of Georgia ;Drama
tt1457765;The Haunting in Connecticut 2: Ghosts of Georgia ;Horror
tt1457765;The Haunting in Connecticut 2: Ghosts of Georgia ;Mystery
tt0387596;Silmido ;Action
tt0387596;Silmido ;Drama
tt0810784;Bright Star ;Biography
tt0810784;Bright Star ;Drama
tt0810784;Bright Star ;Romance
tt1188996;My Name Is Khan ;Adventure
tt1188996;My Name Is Khan ;Drama
tt1188996;My Name Is Khan ;Thriller
tt2017038;All Is Lost ;Action
tt2017038;All Is Lost ;Adventure
tt2017038;All Is Lost ;Drama
tt0164085;Limbo ;Adventure
tt0164085;Limbo ;Drama
tt0164085;Limbo ;Thriller
tt0795434;Namastey London ;Comedy
tt0795434;Namastey London ;Drama
tt0795434;Namastey London ;Romance
tt0460989;The Wind That Shakes the Barley ;Drama
tt0460989;The Wind That Shakes the Barley ;War
tt2178470;Yeh Jawaani Hai Deewani ;Comedy
tt2178470;Yeh Jawaani Hai Deewani ;Drama
tt2178470;Yeh Jawaani Hai Deewani ;Musical
tt0043949;Quo Vadis ;Biography
tt0043949;Quo Vadis ;Drama
tt0043949;Quo Vadis ;History
tt0963194;Repo! The Genetic Opera ;Horror
tt0963194;Repo! The Genetic Opera ;Musical
tt0963194;Repo! The Genetic Opera ;Sci-Fi
tt0493264;Valley of the Wolves: Iraq ;Action
tt0493264;Valley of the Wolves: Iraq ;Adventure
tt0110912;Pulp Fiction ;Crime
tt0110912;Pulp Fiction ;Drama
tt0079588;The Muppet Movie ;Adventure
tt0079588;The Muppet Movie ;Comedy
tt0079588;The Muppet Movie ;Family
tt2872718;Nightcrawler ;Crime
tt2872718;Nightcrawler ;Drama
tt2872718;Nightcrawler ;Thriller
tt0331953;Club Dread ;Comedy
tt0331953;Club Dread ;Horror
tt0331953;Club Dread ;Thriller
tt0059742;The Sound of Music ;Biography
tt0059742;The Sound of Music ;Drama
tt0059742;The Sound of Music ;Family
tt0088161;Splash ;Comedy
tt0088161;Splash ;Fantasy
tt0088161;Splash ;Romance
tt0449059;Little Miss Sunshine ;Comedy
tt0449059;Little Miss Sunshine ;Drama
tt0092005;Stand by Me ;Adventure
tt0092005;Stand by Me ;Drama
tt0289043;28 Days Later... ;Drama
tt0289043;28 Days Later... ;Horror
tt0289043;28 Days Later... ;Sci-Fi
tt0365957;You Got Served ;Drama
tt0365957;You Got Served ;Music
tt0079116;Escape from Alcatraz ;Biography
tt0079116;Escape from Alcatraz ;Crime
tt0079116;Escape from Alcatraz ;Drama
tt0297037;Brown Sugar ;Comedy
tt0297037;Brown Sugar ;Drama
tt0297037;Brown Sugar ;Music
tt0117891;A Thin Line Between Love and Hate ;Comedy
tt0117891;A Thin Line Between Love and Hate ;Crime
tt0117891;A Thin Line Between Love and Hate ;Drama
tt1306980;50/50 ;Comedy
tt1306980;50/50 ;Drama
tt1306980;50/50 ;Romance
tt0482599;Shutter ;Horror
tt0482599;Shutter ;Mystery
tt0482599;Shutter ;Thriller
tt1800246;That Awkward Moment ;Comedy
tt1800246;That Awkward Moment ;Romance
tt0082763;Modern Problems ;Comedy
tt0082763;Modern Problems ;Fantasy
tt0082763;Modern Problems ;Sci-Fi
tt4254584;Kicks ;Adventure
tt0107616;Much Ado About Nothing ;Comedy
tt0107616;Much Ado About Nothing ;Drama
tt0107616;Much Ado About Nothing ;Romance
tt0064757;On Her Majesty's Secret Service ;Action
tt0064757;On Her Majesty's Secret Service ;Adventure
tt0064757;On Her Majesty's Secret Service ;Thriller
tt0111686;New Nightmare ;Fantasy
tt0111686;New Nightmare ;Horror
tt0111686;New Nightmare ;Mystery
tt0164114;Drive Me Crazy ;Comedy
tt0164114;Drive Me Crazy ;Drama
tt0164114;Drive Me Crazy ;Romance
tt0437800;Akeelah and the Bee ;Drama
tt0120693;Half Baked ;Comedy
tt0120693;Half Baked ;Crime
tt1095174;New in Town ;Comedy
tt1095174;New in Town ;Romance
tt0144084;American Psycho ;Crime
tt0144084;American Psycho ;Drama
tt0279113;The Good Girl ;Drama
tt0279113;The Good Girl ;Romance
tt0479647;Bon Cop Bad Cop ;Action
tt0479647;Bon Cop Bad Cop ;Comedy
tt0479647;Bon Cop Bad Cop ;Crime
tt1300851;The Boondock Saints II: All Saints Day ;Action
tt1300851;The Boondock Saints II: All Saints Day ;Crime
tt1300851;The Boondock Saints II: All Saints Day ;Thriller
tt0896923;The City of Your Final Destination ;Drama
tt0896923;The City of Your Final Destination ;Romance
tt2390361;Enough Said ;Comedy
tt2390361;Enough Said ;Drama
tt2390361;Enough Said ;Romance
tt1282140;Easy A ;Comedy
tt1282140;Easy A ;Romance
tt0110137;The Inkwell ;Comedy
tt0110137;The Inkwell ;Drama
tt0110137;The Inkwell ;Romance
tt0189998;Shadow of the Vampire ;Drama
tt0189998;Shadow of the Vampire ;Horror
tt1604171;Prom ;Comedy
tt1604171;Prom ;Drama
tt0117283;The Pallbearer ;Comedy
tt0117283;The Pallbearer ;Romance
tt0165831;Held Up ;Comedy
tt0206420;Woman on Top ;Comedy
tt0206420;Woman on Top ;Fantasy
tt0206420;Woman on Top ;Romance
tt0104454;Howards End ;Drama
tt0104454;Howards End ;Romance
tt2401878;Anomalisa ;Animation
tt2401878;Anomalisa ;Comedy
tt2401878;Anomalisa ;Drama
tt1431181;Another Year ;Comedy
tt1431181;Another Year ;Drama
tt0283832;8 Women ;Comedy
tt0283832;8 Women ;Crime
tt0283832;8 Women ;Musical
tt0102915;Showdown in Little Tokyo ;Action
tt0102915;Showdown in Little Tokyo ;Comedy
tt0102915;Showdown in Little Tokyo ;Crime
tt0118863;Clay Pigeons ;Comedy
tt0118863;Clay Pigeons ;Crime
tt0804497;It's Kind of a Funny Story ;Comedy
tt0804497;It's Kind of a Funny Story ;Drama
tt0804497;It's Kind of a Funny Story ;Romance
tt1371155;Made in Dagenham ;Biography
tt1371155;Made in Dagenham ;Comedy
tt1371155;Made in Dagenham ;Drama
tt0829098;When Did You Last See Your Father? ;Biography
tt0829098;When Did You Last See Your Father? ;Drama
tt0119937;Prefontaine ;Biography
tt0119937;Prefontaine ;Drama
tt0119937;Prefontaine ;Romance
tt0086582;The Wicked Lady ;Adventure
tt0086582;The Wicked Lady ;Drama
tt0485601;The Secret of Kells ;Adventure
tt0485601;The Secret of Kells ;Animation
tt0485601;The Secret of Kells ;Family
tt1980929;Begin Again ;Drama
tt1980929;Begin Again ;Music
tt0398027;Down in the Valley ;Drama
tt0398027;Down in the Valley ;Romance
tt0398027;Down in the Valley ;Thriller
tt0283503;Brooklyn Rules ;Crime
tt0283503;Brooklyn Rules ;Drama
tt2241676;Restless ;Drama
tt2241676;Restless ;Romance
tt0314676;The Singing Detective ;Comedy
tt0314676;The Singing Detective ;Crime
tt0314676;The Singing Detective ;Musical
tt0119494;The Land Girls ;Drama
tt0119494;The Land Girls ;Romance
tt0119494;The Land Girls ;War
tt0457572;Fido ;Comedy
tt0457572;Fido ;Drama
tt0457572;Fido ;Horror
tt0373445;The Wendell Baker Story ;Comedy
tt0373445;The Wendell Baker Story ;Drama
tt0373445;The Wendell Baker Story ;Romance
tt1235189;Wild Target ;Action
tt1235189;Wild Target ;Comedy
tt1235189;Wild Target ;Crime
tt0964539;Pathology ;Crime
tt0964539;Pathology ;Horror
tt0964539;Pathology ;Thriller
tt0360323;10th & Wolf ;Crime
tt0360323;10th & Wolf ;Drama
tt0360323;10th & Wolf ;Thriller
tt0342272;Dear Wendy ;Comedy
tt0342272;Dear Wendy ;Crime
tt0342272;Dear Wendy ;Drama
tt2494384;Aloft ;Drama
tt0094625;Akira ;Action
tt0094625;Akira ;Animation
tt0094625;Akira ;Sci-Fi
tt0473188;The Death and Life of Bobby Z ;Action
tt0473188;The Death and Life of Bobby Z ;Crime
tt0473188;The Death and Life of Bobby Z ;Thriller
tt0460505;The Rocket: The Legend of Rocket Richard ;Biography
tt0460505;The Rocket: The Legend of Rocket Richard ;Drama
tt0460505;The Rocket: The Legend of Rocket Richard ;Sport
tt2112277;Swelter ;Action
tt2112277;Swelter ;Crime
tt2112277;Swelter ;Drama
tt2102502;My Lucky Star ;Action
tt2102502;My Lucky Star ;Adventure
tt2102502;My Lucky Star ;Comedy
tt0421994;Imagine Me & You ;Comedy
tt0421994;Imagine Me & You ;Drama
tt0421994;Imagine Me & You ;Romance
tt4196848;Mr. Church ;Drama
tt0324133;Swimming Pool ;Crime
tt0324133;Swimming Pool ;Drama
tt0324133;Swimming Pool ;Mystery
tt2628316;Green Street 3: Never Back Down ;Action
tt2628316;Green Street 3: Never Back Down ;Drama
tt0094764;The Blood of Heroes ;Action
tt0094764;The Blood of Heroes ;Sci-Fi
tt0094764;The Blood of Heroes ;Sport
tt4060866;Code of Honor ;Action
tt0097239;Driving Miss Daisy ;Comedy
tt0097239;Driving Miss Daisy ;Drama
tt0097239;Driving Miss Daisy ;Family
tt0120169;Soul Food ;Comedy
tt0120169;Soul Food ;Drama
tt0113326;Rumble in the Bronx ;Action
tt0113326;Rumble in the Bronx ;Comedy
tt2936180;Far from Men ;Drama
tt2936180;Far from Men ;War
tt2936180;Far from Men ;Western
tt0427944;Thank You for Smoking ;Comedy
tt0427944;Thank You for Smoking ;Drama
tt0498353;Hostel: Part II ;Horror
tt1174732;An Education ;Drama
tt0338427;Shopgirl ;Drama
tt0338427;Shopgirl ;Romance
tt0087428;The Hotel New Hampshire ;Comedy
tt0087428;The Hotel New Hampshire ;Drama
tt0087428;The Hotel New Hampshire ;Romance
tt0272207;Narc ;Crime
tt0272207;Narc ;Drama
tt0272207;Narc ;Mystery
tt0263734;Men with Brooms ;Comedy
tt0263734;Men with Brooms ;Drama
tt0263734;Men with Brooms ;Romance
tt1001562;Witless Protection ;Comedy
tt1001562;Witless Protection ;Crime
tt0410454;The Work and the Glory ;Drama
tt0410454;The Work and the Glory ;Romance
tt1225822;Extract ;Comedy
tt1225822;Extract ;Crime
tt1225822;Extract ;Romance
tt0319829;Masked and Anonymous ;Comedy
tt0319829;Masked and Anonymous ;Drama
tt0319829;Masked and Anonymous ;Music
tt0269329;Alias Betty ;Comedy
tt0269329;Alias Betty ;Crime
tt0269329;Alias Betty ;Drama
tt0345061;Code 46 ;Drama
tt0345061;Code 46 ;Romance
tt0345061;Code 46 ;Sci-Fi
tt1772422;Outside Bet ;Comedy
tt1602098;Albert Nobbs ;Drama
tt2147225;Black November ;Action
tt2147225;Black November ;Crime
tt2147225;Black November ;Drama
tt0833553;Ta Ra Rum Pum ;Comedy
tt0833553;Ta Ra Rum Pum ;Family
tt0833553;Ta Ra Rum Pum ;Romance
tt0808417;Persepolis ;Animation
tt0808417;Persepolis ;Biography
tt0808417;Persepolis ;Drama
tt1085779;The Hole ;Adventure
tt1085779;The Hole ;Fantasy
tt1085779;The Hole ;Thriller
tt1063669;The Wave ;Drama
tt1063669;The Wave ;Thriller
tt1974419;The Neon Demon ;Horror
tt1974419;The Neon Demon ;Thriller
tt1289406;Harry Brown ;Action
tt1289406;Harry Brown ;Crime
tt1289406;Harry Brown ;Drama
tt0203408;The Omega Code ;Action
tt0203408;The Omega Code ;Adventure
tt0203408;The Omega Code ;Fantasy
tt0467406;Juno ;Comedy
tt0467406;Juno ;Drama
tt0467406;Juno ;Romance
tt3488328;Pound of Flesh ;Action
tt3488328;Pound of Flesh ;Thriller
tt0066995;Diamonds Are Forever ;Action
tt0066995;Diamonds Are Forever ;Adventure
tt0066995;Diamonds Are Forever ;Thriller
tt0068646;The Godfather ;Crime
tt0068646;The Godfather ;Drama
tt0085549;Flashdance ;Drama
tt0085549;Flashdance ;Music
tt0085549;Flashdance ;Romance
tt1022603;500 Days of Summer ;Comedy
tt1022603;500 Days of Summer ;Drama
tt1022603;500 Days of Summer ;Romance
tt0107822;The Piano ;Drama
tt0107822;The Piano ;Music
tt0107822;The Piano ;Romance
tt1915581;Magic Mike ;Comedy
tt1915581;Magic Mike ;Drama
tt0282209;Darkness Falls ;Horror
tt0282209;Darkness Falls ;Mystery
tt0282209;Darkness Falls ;Thriller
tt0070328;Live and Let Die ;Action
tt0070328;Live and Let Die ;Adventure
tt0070328;Live and Let Die ;Thriller
tt0156812;My Dog Skip ;Drama
tt0156812;My Dog Skip ;Family
tt0156812;My Dog Skip ;Sport
tt0832266;Definitely, Maybe ;Comedy
tt0832266;Definitely, Maybe ;Drama
tt0832266;Definitely, Maybe ;Romance
tt1640484;Jumping the Broom ;Comedy
tt1640484;Jumping the Broom ;Drama
tt0433383;Good Night, and Good Luck. ;Biography
tt0433383;Good Night, and Good Luck. ;Drama
tt0433383;Good Night, and Good Luck. ;History
tt0379725;Capote ;Biography
tt0379725;Capote ;Crime
tt0379725;Capote ;Drama
tt0112851;Desperado ;Action
tt0112851;Desperado ;Crime
tt0112851;Desperado ;Thriller
tt0074812;Logan's Run ;Action
tt0074812;Logan's Run ;Adventure
tt0074812;Logan's Run ;Sci-Fi
tt0071807;The Man with the Golden Gun ;Action
tt0071807;The Man with the Golden Gun ;Adventure
tt0071807;The Man with the Golden Gun ;Thriller
tt0094612;Action Jackson ;Action
tt0094612;Action Jackson ;Comedy
tt0094612;Action Jackson ;Crime
tt0435625;The Descent ;Adventure
tt0435625;The Descent ;Horror
tt0435625;The Descent ;Thriller
tt0245280;Michael Jordan to the Max ;Documentary
tt0245280;Michael Jordan to the Max ;Sport
tt2752758;Devil's Due ;Horror
tt2752758;Devil's Due ;Mystery
tt0116324;Flirting with Disaster ;Comedy
tt0395584;The Devil's Rejects ;Crime
tt0395584;The Devil's Rejects ;Horror
tt3850214;Dope ;Comedy
tt3850214;Dope ;Crime
tt3850214;Dope ;Drama
tt0160401;In Too Deep ;Crime
tt0160401;In Too Deep ;Drama
tt0160401;In Too Deep ;Thriller
tt0251736;House of 1000 Corpses ;Horror
tt0072626;Alien Zone ;Horror
tt1019452;A Serious Man ;Comedy
tt1019452;A Serious Man ;Drama
tt1194263;Get Low ;Drama
tt1194263;Get Low ;Mystery
tt0098622;Warlock ;Action
tt0098622;Warlock ;Fantasy
tt0098622;Warlock ;Horror
tt3125324;Beyond the Lights ;Drama
tt3125324;Beyond the Lights ;Music
tt1315981;A Single Man ;Drama
tt1315981;A Single Man ;Romance
tt0095497;The Last Temptation of Christ ;Drama
tt0125971;Outside Providence ;Comedy
tt0125971;Outside Providence ;Drama
tt0125971;Outside Providence ;Romance
tt0361411;Bride & Prejudice ;Comedy
tt0361411;Bride & Prejudice ;Drama
tt0361411;Bride & Prejudice ;Musical
tt0252444;Rabbit-Proof Fence ;Adventure
tt0252444;Rabbit-Proof Fence ;Biography
tt0252444;Rabbit-Proof Fence ;Drama
tt0785077;Who's Your Caddy? ;Comedy
tt0785077;Who's Your Caddy? ;Sport
tt0105459;Split Second ;Action
tt0105459;Split Second ;Crime
tt0105459;Split Second ;Horror
tt0250371;The Other Side of Heaven ;Adventure
tt0250371;The Other Side of Heaven ;Biography
tt0250371;The Other Side of Heaven ;Drama
tt0420332;Veer-Zaara ;Drama
tt0420332;Veer-Zaara ;Musical
tt0420332;Veer-Zaara ;Romance
tt1012804;Redbelt ;Drama
tt1012804;Redbelt ;Sport
tt1336617;Cyrus ;Comedy
tt1336617;Cyrus ;Drama
tt1336617;Cyrus ;Romance
tt0160216;A Dog of Flanders ;Drama
tt0160216;A Dog of Flanders ;Family
tt0298744;Auto Focus ;Biography
tt0298744;Auto Focus ;Crime
tt0298744;Auto Focus ;Drama
tt0432402;Factory Girl ;Biography
tt0432402;Factory Girl ;Drama
tt1242460;We Need to Talk About Kevin ;Drama
tt1242460;We Need to Talk About Kevin ;Thriller
tt2739338;The Christmas Candle ;Drama
tt2739338;The Christmas Candle ;Family
tt1034324;The Mighty Macs ;Drama
tt1034324;The Mighty Macs ;Sport
tt0085868;Losin' It ;Comedy
tt0085868;Losin' It ;Drama
tt0085868;Losin' It ;Family
tt1121977;Mother and Child ;Drama
tt1121977;Mother and Child ;Romance
tt0076175;March or Die ;Adventure
tt0076175;March or Die ;Drama
tt0076175;March or Die ;Romance
tt0108500;Les visiteurs ;Comedy
tt0108500;Les visiteurs ;Fantasy
tt0108500;Les visiteurs ;Sci-Fi
tt1421051;Somewhere ;Comedy
tt1421051;Somewhere ;Drama
tt1220628;I Hope They Serve Beer in Hell ;Comedy
tt0118836;Chairman of the Board ;Comedy
tt1403177;Hesher ;Drama
tt2402105;Dom Hemingway ;Comedy
tt2402105;Dom Hemingway ;Crime
tt2402105;Dom Hemingway ;Drama
tt0302674;Gerry ;Adventure
tt0302674;Gerry ;Drama
tt0302674;Gerry ;Mystery
tt0301390;The Heart of Me ;Drama
tt0301390;The Heart of Me ;Romance
tt1658801;Freeheld ;Biography
tt1658801;Freeheld ;Drama
tt1658801;Freeheld ;Romance
tt1361313;The Extra Man ;Comedy
tt2328813;Hard to Be a God ;Drama
tt2328813;Hard to Be a God ;Sci-Fi
tt1106860;Ca$h ;Comedy
tt1106860;Ca$h ;Crime
tt1106860;Ca$h ;Thriller
tt0419256;Wah-Wah ;Drama
tt0144117;The Boondock Saints ;Action
tt0144117;The Boondock Saints ;Crime
tt0144117;The Boondock Saints ;Thriller
tt3469440;Z Storm ;Action
tt3469440;Z Storm ;Crime
tt1756851;Twixt ;Comedy
tt1756851;Twixt ;Fantasy
tt1756851;Twixt ;Horror
tt2243621;Snow Queen ;Adventure
tt2243621;Snow Queen ;Animation
tt2243621;Snow Queen ;Family
tt4061848;Alpha and Omega 4: The Legend of the Saw Toothed Cave ;Action
tt4061848;Alpha and Omega 4: The Legend of the Saw Toothed Cave ;Adventure
tt4061848;Alpha and Omega 4: The Legend of the Saw Toothed Cave ;Animation
tt0089767;Pale Rider ;Western
tt0942903;Stargate: The Ark of Truth ;Action
tt0942903;Stargate: The Ark of Truth ;Adventure
tt0942903;Stargate: The Ark of Truth ;Drama
tt0106677;Dazed and Confused ;Comedy
tt0810900;High School Musical 2 ;Comedy
tt0810900;High School Musical 2 ;Drama
tt0810900;High School Musical 2 ;Family
tt4412528;Two Lovers and a Bear ;Drama
tt4412528;Two Lovers and a Bear ;Romance
tt3687310;Criminal Activities ;Crime
tt3687310;Criminal Activities ;Drama
tt3687310;Criminal Activities ;Thriller
tt0130444;Aimee & Jaguar ;Biography
tt0130444;Aimee & Jaguar ;Drama
tt0130444;Aimee & Jaguar ;Romance
tt0406650;The Chumscrubber ;Comedy
tt0406650;The Chumscrubber ;Drama
tt0323939;Shade ;Crime
tt0323939;Shade ;Thriller
tt1582507;House at the End of the Street ;Drama
tt1582507;House at the End of the Street ;Horror
tt1582507;House at the End of the Street ;Thriller
tt1255953;Incendies ;Drama
tt1255953;Incendies ;Mystery
tt1255953;Incendies ;War
tt0323807;Remember Me, My Love ;Comedy
tt0323807;Remember Me, My Love ;Drama
tt0323807;Remember Me, My Love ;Romance
tt1003034;Perrier's Bounty ;Action
tt1003034;Perrier's Bounty ;Comedy
tt1003034;Perrier's Bounty ;Crime
tt0861739;Elite Squad ;Action
tt0861739;Elite Squad ;Crime
tt0861739;Elite Squad ;Drama
tt3322940;Annabelle ;Horror
tt3322940;Annabelle ;Mystery
tt1148165;Bran Nue Dae ;Comedy
tt1148165;Bran Nue Dae ;Drama
tt1148165;Bran Nue Dae ;Musical
tt0101507;Boyz n the Hood ;Crime
tt0101507;Boyz n the Hood ;Drama
tt0093378;La Bamba ;Biography
tt0093378;La Bamba ;Drama
tt0093378;La Bamba ;Music
tt0082405;The Four Seasons ;Comedy
tt0082405;The Four Seasons ;Drama
tt0080661;Dressed to Kill ;Mystery
tt0080661;Dressed to Kill ;Romance
tt0080661;Dressed to Kill ;Thriller
tt0106223;The Adventures of Huck Finn ;Adventure
tt0106223;The Adventures of Huck Finn ;Comedy
tt0106223;The Adventures of Huck Finn ;Drama
tt0139239;Go ;Comedy
tt0139239;Go ;Crime
tt0436331;Friends with Money ;Comedy
tt0436331;Friends with Money ;Drama
tt0436331;Friends with Money ;Romance
tt0066769;The Andromeda Strain ;Sci-Fi
tt0066769;The Andromeda Strain ;Thriller
tt0200469;Bats ;Horror
tt0200469;Bats ;Sci-Fi
tt0200469;Bats ;Thriller
tt0161860;Nowhere in Africa ;Biography
tt0161860;Nowhere in Africa ;Drama
tt1723811;Shame ;Drama
tt0375912;Layer Cake ;Crime
tt0375912;Layer Cake ;Drama
tt0375912;Layer Cake ;Thriller
tt0457530;The Work and the Glory II: American Zion ;Drama
tt0457530;The Work and the Glory II: American Zion ;Western
tt1869716;The East ;Drama
tt1869716;The East ;Thriller
tt0359423;A Home at the End of the World ;Drama
tt0359423;A Home at the End of the World ;Romance
tt0168446;Aberdeen ;Drama
tt0790712;The Messenger ;Drama
tt0790712;The Messenger ;Romance
tt0790712;The Messenger ;War
tt1414378;Tracker ;Action
tt1414378;Tracker ;Adventure
tt1414378;Tracker ;Drama
tt0421082;Control ;Biography
tt0421082;Control ;Drama
tt0421082;Control ;Music
tt0088247;The Terminator ;Action
tt0088247;The Terminator ;Sci-Fi
tt0301357;Good Bye Lenin! ;Drama
tt0301357;Good Bye Lenin! ;Romance
tt1226271;The Damned United ;Biography
tt1226271;The Damned United ;Drama
tt1226271;The Damned United ;Sport
tt0089907;The Return of the Living Dead ;Comedy
tt0089907;The Return of the Living Dead ;Horror
tt0089907;The Return of the Living Dead ;Sci-Fi
tt0113749;Mallrats ;Comedy
tt0113749;Mallrats ;Romance
tt0077631;Grease ;Musical
tt0077631;Grease ;Romance
tt0091763;Platoon ;Drama
tt0091763;Platoon ;War
tt0361596;Fahrenheit 9/11 ;Documentary
tt0361596;Fahrenheit 9/11 ;Drama
tt0361596;Fahrenheit 9/11 ;War
tt0064115;Butch Cassidy and the Sundance Kid ;Biography
tt0064115;Butch Cassidy and the Sundance Kid ;Crime
tt0064115;Butch Cassidy and the Sundance Kid ;Drama
tt0058331;Mary Poppins ;Comedy
tt0058331;Mary Poppins ;Family
tt0058331;Mary Poppins ;Fantasy
tt0081283;Ordinary People ;Drama
tt0055614;West Side Story ;Crime
tt0055614;West Side Story ;Drama
tt0055614;West Side Story ;Musical
tt0080487;Caddyshack ;Comedy
tt0080487;Caddyshack ;Sport
tt0250274;The Brothers ;Comedy
tt0250274;The Brothers ;Drama
tt0161100;The Wood ;Comedy
tt0161100;The Wood ;Drama
tt0161100;The Wood ;Romance
tt0114814;The Usual Suspects ;Crime
tt0114814;The Usual Suspects ;Drama
tt0114814;The Usual Suspects ;Mystery
tt0097981;A Nightmare on Elm Street 5: The Dream Child ;Fantasy
tt0097981;A Nightmare on Elm Street 5: The Dream Child ;Horror
tt0097981;A Nightmare on Elm Street 5: The Dream Child ;Romance
tt0283111;Van Wilder: Party Liaison ;Comedy
tt0283111;Van Wilder: Party Liaison ;Romance
tt1125849;The Wrestler ;Drama
tt1125849;The Wrestler ;Sport
tt0038499;Duel in the Sun ;Drama
tt0038499;Duel in the Sun ;Romance
tt0038499;Duel in the Sun ;Western
tt0218839;Best in Show ;Comedy
tt0082340;Escape from New York ;Action
tt0082340;Escape from New York ;Sci-Fi
tt0096054;School Daze ;Comedy
tt0096054;School Daze ;Drama
tt0096054;School Daze ;Musical
tt0462244;Daddy Day Camp ;Comedy
tt0462244;Daddy Day Camp ;Family
tt0117786;Mr. Nice Guy ;Action
tt0117786;Mr. Nice Guy ;Comedy
tt0117786;Mr. Nice Guy ;Crime
tt0310281;A Mighty Wind ;Comedy
tt0310281;A Mighty Wind ;Music
tt0095690;Mystic Pizza ;Comedy
tt0095690;Mystic Pizza ;Drama
tt0095690;Mystic Pizza ;Romance
tt0120148;Sliding Doors ;Comedy
tt0120148;Sliding Doors ;Drama
tt0120148;Sliding Doors ;Fantasy
tt0114609;Tales from the Hood ;Comedy
tt0114609;Tales from the Hood ;Horror
tt0114609;Tales from the Hood ;Thriller
tt0455590;The Last King of Scotland ;Biography
tt0455590;The Last King of Scotland ;Drama
tt0455590;The Last King of Scotland ;History
tt0097474;Halloween 5 ;Horror
tt0097474;Halloween 5 ;Thriller
tt1704573;Bernie ;Comedy
tt1704573;Bernie ;Crime
tt1704573;Bernie ;Drama
tt0996382;Dolphins and Whales 3D: Tribes of the Ocean ;Adventure
tt0996382;Dolphins and Whales 3D: Tribes of the Ocean ;Documentary
tt0996382;Dolphins and Whales 3D: Tribes of the Ocean ;Short
tt0183659;Pollock ;Biography
tt0183659;Pollock ;Drama
tt0137338;200 Cigarettes ;Comedy
tt0137338;200 Cigarettes ;Drama
tt0137338;200 Cigarettes ;Romance
tt1840417;The Words ;Drama
tt1840417;The Words ;Mystery
tt1840417;The Words ;Romance
tt1702425;Casa de mi Padre ;Comedy
tt1702425;Casa de mi Padre ;Western
tt1174730;City Island ;Comedy
tt1174730;City Island ;Drama
tt1540133;The Guard ;Comedy
tt1540133;The Guard ;Crime
tt1540133;The Guard ;Thriller
tt0844671;College ;Comedy
tt0159097;The Virgin Suicides ;Drama
tt0159097;The Virgin Suicides ;Romance
tt0147004;Little Voice ;Comedy
tt0147004;Little Voice ;Drama
tt0147004;Little Voice ;Music
tt1151922;Miss March ;Comedy
tt1151922;Miss March ;Romance
tt2870708;Wish I Was Here ;Comedy
tt2870708;Wish I Was Here ;Drama
tt0145893;Simply Irresistible ;Comedy
tt0145893;Simply Irresistible ;Drama
tt0145893;Simply Irresistible ;Fantasy
tt0248845;Hedwig and the Angry Inch ;Comedy
tt0248845;Hedwig and the Angry Inch ;Drama
tt0248845;Hedwig and the Angry Inch ;Music
tt0107750;Only the Strong ;Action
tt0107750;Only the Strong ;Drama
tt3432552;Goddess of Love ;Drama
tt3432552;Goddess of Love ;Horror
tt3432552;Goddess of Love ;Mystery
tt0323944;Shattered Glass ;Drama
tt0323944;Shattered Glass ;History
tt0234354;Novocaine ;Comedy
tt0234354;Novocaine ;Crime
tt0234354;Novocaine ;Drama
tt0270259;The Business of Strangers ;Drama
tt0270259;The Business of Strangers ;Thriller
tt0065214;The Wild Bunch ;Action
tt0065214;The Wild Bunch ;Adventure
tt0065214;The Wild Bunch ;Western
tt1082886;The Wackness ;Comedy
tt1082886;The Wackness ;Drama
tt1082886;The Wackness ;Romance
tt0079240;The Great Train Robbery ;Adventure
tt0079240;The Great Train Robbery ;Crime
tt0079240;The Great Train Robbery ;Drama
tt0300214;Morvern Callar ;Drama
tt0101412;Beastmaster 2: Through the Portal of Time ;Action
tt0101412;Beastmaster 2: Through the Portal of Time ;Adventure
tt0101412;Beastmaster 2: Through the Portal of Time ;Fantasy
tt1130964;The 5th Quarter ;Biography
tt1130964;The 5th Quarter ;Drama
tt1130964;The 5th Quarter ;Sport
tt0322289;The Flower of Evil ;Drama
tt1226232;The Greatest ;Drama
tt1226232;The Greatest ;Romance
tt1541995;Snow Flower and the Secret Fan ;Drama
tt1541995;Snow Flower and the Secret Fan ;History
tt0457308;Come Early Morning ;Drama
tt0457308;Come Early Morning ;Romance
tt0246134;Lucky Break ;Comedy
tt0246134;Lucky Break ;Crime
tt0246134;Lucky Break ;Romance
tt0076245;Julia ;Drama
tt0976247;Surfer, Dude ;Comedy
tt0841119;Lake of Fire ;Documentary
tt0331811;11:14 ;Comedy
tt0331811;11:14 ;Crime
tt0331811;11:14 ;Drama
tt0110490;Men of War ;Action
tt0110490;Men of War ;Drama
tt0110490;Men of War ;Thriller
tt1281374;Don McKay ;Drama
tt1281374;Don McKay ;Mystery
tt1281374;Don McKay ;Thriller
tt1667310;Deadfall ;Crime
tt1667310;Deadfall ;Drama
tt1667310;Deadfall ;Thriller
tt1014774;A Shine of Rainbows ;Drama
tt1014774;A Shine of Rainbows ;Family
tt1575694;The Hit List ;Action
tt1575694;The Hit List ;Thriller
tt0086541;Videodrome ;Horror
tt0086541;Videodrome ;Mystery
tt0086541;Videodrome ;Sci-Fi
tt0283900;L'auberge espagnole ;Comedy
tt0283900;L'auberge espagnole ;Drama
tt2182972;Song One ;Drama
tt2182972;Song One ;Music
tt0795441;Winter in Wartime ;Drama
tt0795441;Winter in Wartime ;History
tt0795441;Winter in Wartime ;War
tt0938305;Freaky Deaky ;Comedy
tt0938305;Freaky Deaky ;Crime
tt0938305;Freaky Deaky ;Thriller
tt0059825;The Train ;Thriller
tt0059825;The Train ;War
tt1772408;Trade of Innocents ;Drama
tt1772408;Trade of Innocents ;Thriller
tt0427954;The Protector ;Action
tt0427954;The Protector ;Crime
tt0427954;The Protector ;Drama
tt0120210;Stiff Upper Lips ;Comedy
tt0286499;Bend It Like Beckham ;Comedy
tt0286499;Bend It Like Beckham ;Drama
tt0286499;Bend It Like Beckham ;Romance
tt0286179;Sunshine State ;Drama
tt0286179;Sunshine State ;Romance
tt0473024;Crossover ;Action
tt0473024;Crossover ;Sport
tt2166214;Khiladi 786 ;Action
tt2166214;Khiladi 786 ;Comedy
tt1245112;[Rec] 2 ;Horror
tt1303803;Standing Ovation ;Musical
tt0070735;The Sting ;Comedy
tt0070735;The Sting ;Crime
tt0070735;The Sting ;Drama
tt0082158;Chariots of Fire ;Biography
tt0082158;Chariots of Fire ;Drama
tt0082158;Chariots of Fire ;Sport
tt0422093;Diary of a Mad Black Woman ;Comedy
tt0422093;Diary of a Mad Black Woman ;Drama
tt0422093;Diary of a Mad Black Woman ;Romance
tt0117631;Shine ;Biography
tt0117631;Shine ;Drama
tt0117631;Shine ;Music
tt2229499;Don Jon ;Comedy
tt2229499;Don Jon ;Drama
tt2229499;Don Jon ;Romance
tt0068699;High Plains Drifter ;Mystery
tt0068699;High Plains Drifter ;Western
tt0162346;Ghost World ;Comedy
tt0162346;Ghost World ;Drama
tt0280778;Iris ;Biography
tt0280778;Iris ;Drama
tt0280778;Iris ;Romance
tt0080771;Galaxina ;Comedy
tt0080771;Galaxina ;Sci-Fi
tt0372824;The Chorus ;Drama
tt0372824;The Chorus ;Music
tt0330602;Mambo Italiano ;Comedy
tt0330602;Mambo Italiano ;Drama
tt0335563;Wonderland ;Crime
tt0335563;Wonderland ;Drama
tt0335563;Wonderland ;Mystery
tt0097216;Do the Right Thing ;Drama
tt0242508;Harvard Man ;Comedy
tt0242508;Harvard Man ;Crime
tt0242508;Harvard Man ;Drama
tt1508675;Le Havre ;Comedy
tt1508675;Le Havre ;Drama
tt0290673;Irreversible ;Crime
tt0290673;Irreversible ;Drama
tt0290673;Irreversible ;Mystery
tt2914838;R100 ;Comedy
tt2914838;R100 ;Drama
tt0405508;Rang De Basanti ;Comedy
tt0405508;Rang De Basanti ;Drama
tt0405508;Rang De Basanti ;History
tt3297554;Animals ;Drama
tt1251743;Salvation Boulevard ;Action
tt1251743;Salvation Boulevard ;Comedy
tt1251743;Salvation Boulevard ;Drama
tt0811106;The Ten ;Comedy
tt0811106;The Ten ;Romance
tt0202559;A Room for Romeo Brass ;Comedy
tt0202559;A Room for Romeo Brass ;Drama
tt1614989;Headhunters ;Crime
tt1614989;Headhunters ;Drama
tt1614989;Headhunters ;Thriller
tt1525366;Grabbers ;Comedy
tt1525366;Grabbers ;Horror
tt1525366;Grabbers ;Sci-Fi
tt0384488;Saint Ralph ;Comedy
tt0384488;Saint Ralph ;Drama
tt0384488;Saint Ralph ;Sport
tt2667960;Miss Julie ;Drama
tt2667960;Miss Julie ;Romance
tt0081534;Somewhere in Time ;Drama
tt0081534;Somewhere in Time ;Fantasy
tt0081534;Somewhere in Time ;Romance
tt1618430;Dum Maaro Dum ;Action
tt1618430;Dum Maaro Dum ;Crime
tt1618430;Dum Maaro Dum ;Drama
tt2226417;Insidious: Chapter 2 ;Fantasy
tt2226417;Insidious: Chapter 2 ;Horror
tt2226417;Insidious: Chapter 2 ;Thriller
tt0432348;Saw II ;Horror
tt0432348;Saw II ;Mystery
tt1179933;10 Cloverfield Lane ;Drama
tt1179933;10 Cloverfield Lane ;Horror
tt1179933;10 Cloverfield Lane ;Mystery
tt0322802;Jackass: The Movie ;Comedy
tt0322802;Jackass: The Movie ;Documentary
tt4786282;Lights Out ;Horror
tt1778304;Paranormal Activity 3 ;Horror
tt1204977;Ouija ;Fantasy
tt1204977;Ouija ;Horror
tt0093629;A Nightmare on Elm Street 3: Dream Warriors ;Action
tt0093629;A Nightmare on Elm Street 3: Dream Warriors ;Fantasy
tt0093629;A Nightmare on Elm Street 3: Dream Warriors ;Horror
tt2378281;Instructions Not Included ;Comedy
tt2378281;Instructions Not Included ;Drama
tt2109184;Paranormal Activity 4 ;Horror
tt0046247;The Robe ;Drama
tt0046247;The Robe ;History
tt0072081;The Return of the Pink Panther ;Comedy
tt0072081;The Return of the Pink Panther ;Crime
tt0072081;The Return of the Pink Panther ;Mystery
tt0101917;Freddy's Dead: The Final Nightmare ;Comedy
tt0101917;Freddy's Dead: The Final Nightmare ;Fantasy
tt0101917;Freddy's Dead: The Final Nightmare ;Horror
tt0340855;Monster ;Biography
tt0340855;Monster ;Crime
tt0340855;Monster ;Drama
tt0046672;20,000 Leagues Under the Sea ;Adventure
tt0046672;20,000 Leagues Under the Sea ;Drama
tt0046672;20,000 Leagues Under the Sea ;Family
tt2473682;Paranormal Activity: The Marked Ones ;Fantasy
tt2473682;Paranormal Activity: The Marked Ones ;Horror
tt2473682;Paranormal Activity: The Marked Ones ;Thriller
tt0080678;The Elephant Man ;Biography
tt0080678;The Elephant Man ;Drama
tt0790636;Dallas Buyers Club ;Biography
tt0790636;Dallas Buyers Club ;Drama
tt2918436;The Lazarus Effect ;Horror
tt2918436;The Lazarus Effect ;Sci-Fi
tt2918436;The Lazarus Effect ;Thriller
tt0209144;Memento ;Mystery
tt0209144;Memento ;Thriller
tt2388715;Oculus ;Horror
tt2388715;Oculus ;Mystery
tt0424345;Clerks II ;Comedy
tt0249462;Billy Elliot ;Drama
tt0249462;Billy Elliot ;Music
tt1727388;The Way Way Back ;Comedy
tt1727388;The Way Way Back ;Drama
tt0102065;House Party 2 ;Comedy
tt0102065;House Party 2 ;Drama
tt0102065;House Party 2 ;Music
tt0084296;The Man from Snowy River ;Adventure
tt0084296;The Man from Snowy River ;Drama
tt0084296;The Man from Snowy River ;Family
tt0187819;Doug's 1st Movie ;Animation
tt0187819;Doug's 1st Movie ;Comedy
tt0187819;Doug's 1st Movie ;Family
tt0118632;The Apostle ;Drama
tt0082766;Mommie Dearest ;Biography
tt0082766;Mommie Dearest ;Drama
tt1637706;Our Idiot Brother ;Comedy
tt1637706;Our Idiot Brother ;Drama
tt3499096;Race ;Biography
tt3499096;Race ;Drama
tt3499096;Race ;Sport
tt0119905;The Players Club ;Comedy
tt0119905;The Players Club ;Drama
tt2870612;As Above, So Below ;Horror
tt2870612;As Above, So Below ;Mystery
tt2870612;As Above, So Below ;Thriller
tt2205401;Addicted ;Drama
tt2205401;Addicted ;Thriller
tt0119080;Eve's Bayou ;Drama
tt3316960;Still Alice ;Drama
tt0046949;The Egyptian ;Drama
tt0046949;The Egyptian ;History
tt0082817;Nighthawks ;Action
tt0082817;Nighthawks ;Crime
tt0082817;Nighthawks ;Thriller
tt0097388;Friday the 13th Part VIII: Jason Takes Manhattan ;Adventure
tt0097388;Friday the 13th Part VIII: Jason Takes Manhattan ;Horror
tt0259446;My Big Fat Greek Wedding ;Comedy
tt0259446;My Big Fat Greek Wedding ;Family
tt0259446;My Big Fat Greek Wedding ;Romance
tt2101441;Spring Breakers ;Crime
tt2101441;Spring Breakers ;Drama
tt0113253;Halloween: The Curse of Michael Myers ;Horror
tt0113253;Halloween: The Curse of Michael Myers ;Thriller
tt0245574;Y Tu Mamá También ;Adventure
tt0245574;Y Tu Mamá También ;Comedy
tt0245574;Y Tu Mamá También ;Drama
tt0365748;Shaun of the Dead ;Comedy
tt0365748;Shaun of the Dead ;Horror
tt1045655;The Haunting of Molly Hartley ;Drama
tt1045655;The Haunting of Molly Hartley ;Horror
tt1045655;The Haunting of Molly Hartley ;Thriller
tt0116905;Lone Star ;Drama
tt0116905;Lone Star ;Mystery
tt0095271;Halloween 4: The Return of Michael Myers ;Horror
tt0095271;Halloween 4: The Return of Michael Myers ;Thriller
tt0090655;April Fool's Day ;Horror
tt0090655;April Fool's Day ;Mystery
tt0083833;Diner ;Comedy
tt0083833;Diner ;Drama
tt0085862;Lone Wolf McQuade ;Action
tt0085862;Lone Wolf McQuade ;Crime
tt0085862;Lone Wolf McQuade ;Drama
tt1772240;Apollo 18 ;Horror
tt1772240;Apollo 18 ;Mystery
tt1772240;Apollo 18 ;Sci-Fi
tt0862846;Sunshine Cleaning ;Comedy
tt0862846;Sunshine Cleaning ;Drama
tt1781922;No Escape ;Action
tt1781922;No Escape ;Thriller
tt0083630;The Beastmaster ;Action
tt0083630;The Beastmaster ;Adventure
tt0083630;The Beastmaster ;Fantasy
tt0053290;Solomon and Sheba ;Drama
tt0053290;Solomon and Sheba ;History
tt0053290;Solomon and Sheba ;Romance
tt4667094;Fifty Shades of Black ;Comedy
tt0795438;Not Easily Broken ;Drama
tt0795438;Not Easily Broken ;Romance
tt0022879;A Farewell to Arms ;Drama
tt0022879;A Farewell to Arms ;Romance
tt0022879;A Farewell to Arms ;War
tt4871980;The Perfect Match ;Comedy
tt4871980;The Perfect Match ;Romance
tt0259974;Digimon: The Movie ;Action
tt0259974;Digimon: The Movie ;Adventure
tt0259974;Digimon: The Movie ;Animation
tt0332375;Saved! ;Comedy
tt0332375;Saved! ;Drama
tt0338135;The Barbarian Invasions ;Comedy
tt0338135;The Barbarian Invasions ;Crime
tt0338135;The Barbarian Invasions ;Drama
tt0075147;Robin and Marian ;Adventure
tt0075147;Robin and Marian ;Drama
tt0075147;Robin and Marian ;Romance
tt0245120;The Forsaken ;Horror
tt0245120;The Forsaken ;Thriller
tt0077572;Force 10 from Navarone ;Action
tt0077572;Force 10 from Navarone ;Drama
tt0077572;Force 10 from Navarone ;War
tt0098546;UHF ;Comedy
tt0098546;UHF ;Drama
tt0456554;Grandma's Boy ;Comedy
tt0120831;Slums of Beverly Hills ;Comedy
tt0120831;Slums of Beverly Hills ;Drama
tt0064116;Once Upon a Time in the West ;Western
tt0227005;Made ;Comedy
tt0227005;Made ;Crime
tt0227005;Made ;Drama
tt1182345;Moon ;Drama
tt1182345;Moon ;Mystery
tt1182345;Moon ;Sci-Fi
tt0415949;Keeping Up with the Steins ;Comedy
tt1529567;Sea Rex 3D: Journey to a Prehistoric World ;Documentary
tt0120255;The Sweet Hereafter ;Drama
tt1588337;Of Gods and Men ;Drama
tt0914797;Bottle Shock ;Comedy
tt0914797;Bottle Shock ;Drama
tt0084171;Jekyll and Hyde... Together Again ;Comedy
tt0084171;Jekyll and Hyde... Together Again ;Music
tt0084171;Jekyll and Hyde... Together Again ;Sci-Fi
tt0110005;Heavenly Creatures ;Biography
tt0110005;Heavenly Creatures ;Crime
tt0110005;Heavenly Creatures ;Drama
tt4337690;90 Minutes in Heaven ;Drama
tt1531663;Everything Must Go ;Comedy
tt1531663;Everything Must Go ;Drama
tt0120906;Zero Effect ;Comedy
tt0120906;Zero Effect ;Crime
tt0120906;Zero Effect ;Drama
tt0361862;The Machinist ;Drama
tt0361862;The Machinist ;Thriller
tt0102307;Light Sleeper ;Crime
tt0102307;Light Sleeper ;Drama
tt1216491;Kill the Messenger ;Biography
tt1216491;Kill the Messenger ;Crime
tt1216491;Kill the Messenger ;Drama
tt0935075;Rabbit Hole ;Drama
tt0320244;Party Monster ;Biography
tt0320244;Party Monster ;Crime
tt0320244;Party Monster ;Drama
tt4062536;Green Room ;Crime
tt4062536;Green Room ;Horror
tt4062536;Green Room ;Music
tt0422861;The Oh in Ohio ;Comedy
tt0422861;The Oh in Ohio ;Drama
tt0422861;The Oh in Ohio ;Romance
tt2800038;Atlas Shrugged: Who Is John Galt? ;Drama
tt2800038;Atlas Shrugged: Who Is John Galt? ;Mystery
tt2800038;Atlas Shrugged: Who Is John Galt? ;Sci-Fi
tt0115734;Bottle Rocket ;Comedy
tt0115734;Bottle Rocket ;Crime
tt0115734;Bottle Rocket ;Drama
tt0115495;Albino Alligator ;Crime
tt0115495;Albino Alligator ;Drama
tt0115495;Albino Alligator ;Thriller
tt0459293;Gandhi, My Father ;Biography
tt0459293;Gandhi, My Father ;Drama
tt0459293;Gandhi, My Father ;History
tt0896866;Standard Operating Procedure ;Crime
tt0896866;Standard Operating Procedure ;Documentary
tt0896866;Standard Operating Procedure ;War
tt0081291;Out of the Blue ;Drama
tt1465522;Tucker and Dale vs Evil ;Comedy
tt1465522;Tucker and Dale vs Evil ;Horror
tt1150947;Lovely, Still ;Drama
tt1150947;Lovely, Still ;Romance
tt0039927;Tycoon ;Adventure
tt0039927;Tycoon ;Drama
tt0039927;Tycoon ;Romance
tt0126261;Desert Blue ;Drama
tt0357585;Decoys ;Comedy
tt0357585;Decoys ;Horror
tt0357585;Decoys ;Sci-Fi
tt3567288;The Visit ;Horror
tt3567288;The Visit ;Thriller
tt0937237;Redacted ;Crime
tt0937237;Redacted ;Thriller
tt0937237;Redacted ;War
tt0305632;Fascination ;Mystery
tt0305632;Fascination ;Romance
tt0305632;Fascination ;Thriller
tt1519461;Area 51 ;Horror
tt1519461;Area 51 ;Sci-Fi
tt1519461;Area 51 ;Thriller
tt1437358;Sleep Tight ;Drama
tt1437358;Sleep Tight ;Horror
tt1437358;Sleep Tight ;Thriller
tt0465430;The Cottage ;Comedy
tt0465430;The Cottage ;Crime
tt0465430;The Cottage ;Horror
tt1079444;Dead Like Me: Life After Death ;Comedy
tt1079444;Dead Like Me: Life After Death ;Drama
tt1079444;Dead Like Me: Life After Death ;Fantasy
tt0488539;Farce of the Penguins ;Animation
tt0488539;Farce of the Penguins ;Comedy
tt1131732;Flying By ;Drama
tt1131732;Flying By ;Family
tt1131732;Flying By ;Music
tt1798243;Rudderless ;Comedy
tt1798243;Rudderless ;Drama
tt1798243;Rudderless ;Music
tt1460798;Henry & Me ;Animation
tt1460798;Henry & Me ;Family
tt3703148;Christmas Eve ;Comedy
tt2063015;We Have Your Husband ;Crime
tt2063015;We Have Your Husband ;Drama
tt2063015;We Have Your Husband ;Thriller
tt1274586;Dying of the Light ;Drama
tt1274586;Dying of the Light ;Thriller
tt1554921;Born of War ;Action
tt1554921;Born of War ;Drama
tt1554921;Born of War ;Thriller
tt0077294;Capricorn One ;Action
tt0077294;Capricorn One ;Sci-Fi
tt0077294;Capricorn One ;Thriller
tt1717210;Should've Been Romeo ;Comedy
tt1717210;Should've Been Romeo ;Drama
tt4453560;Running Forever ;Family
tt3838992;Yoga Hosers ;Comedy
tt3838992;Yoga Hosers ;Fantasy
tt3838992;Yoga Hosers ;Horror
tt4511566;Navy Seals vs. Zombies ;Action
tt4511566;Navy Seals vs. Zombies ;Horror
tt0284363;I Served the King of England ;Comedy
tt0284363;I Served the King of England ;Drama
tt0284363;I Served the King of England ;Romance
tt1244668;Soul Kitchen ;Comedy
tt1244668;Soul Kitchen ;Drama
tt0117666;Sling Blade ;Drama
tt1687901;The Awakening ;Horror
tt1687901;The Awakening ;Thriller
tt0450278;Hostel ;Horror
tt0423409;Tristram Shandy: A Cock and Bull Story ;Comedy
tt0423409;Tristram Shandy: A Cock and Bull Story ;Drama
tt1675192;Take Shelter ;Drama
tt1675192;Take Shelter ;Thriller
tt0095484;Lady in White ;Fantasy
tt0095484;Lady in White ;Horror
tt0095484;Lady in White ;Mystery
tt0446687;Driving Lessons ;Comedy
tt0446687;Driving Lessons ;Drama
tt2980708;Let's Kill Ward's Wife ;Comedy
tt2980708;Let's Kill Ward's Wife ;Crime
tt0092076;The Texas Chainsaw Massacre 2 ;Comedy
tt0092076;The Texas Chainsaw Massacre 2 ;Horror
tt0070518;Pat Garrett & Billy the Kid ;Biography
tt0070518;Pat Garrett & Billy the Kid ;Drama
tt0070518;Pat Garrett & Billy the Kid ;Romance
tt1602613;Only God Forgives ;Crime
tt1602613;Only God Forgives ;Drama
tt0451673;Camping sauvage ;Drama
tt1547090;Without Men ;Comedy
tt3099638;Barfi ;Comedy
tt3099638;Barfi ;Romance
tt0377752;Dear Frankie ;Drama
tt0377752;Dear Frankie ;Romance
tt0903131;All Hat ;Western
tt1646974;The Names of Love ;Comedy
tt1646974;The Names of Love ;Drama
tt1646974;The Names of Love ;Romance
tt2091427;Treading Water ;Comedy
tt2091427;Treading Water ;Drama
tt0379976;Savage Grace ;Drama
tt0839938;Out of the Blue ;Crime
tt0839938;Out of the Blue ;Drama
tt0087928;Police Academy ;Comedy
tt0080453;The Blue Lagoon ;Adventure
tt0080453;The Blue Lagoon ;Drama
tt0080453;The Blue Lagoon ;Romance
tt0109831;Four Weddings and a Funeral ;Comedy
tt0109831;Four Weddings and a Funeral ;Drama
tt0109831;Four Weddings and a Funeral ;Romance
tt0083929;Fast Times at Ridgemont High ;Comedy
tt0083929;Fast Times at Ridgemont High ;Drama
tt0049513;Moby Dick ;Adventure
tt0049513;Moby Dick ;Drama
tt0307901;25th Hour ;Drama
tt0115736;Bound ;Crime
tt0115736;Bound ;Drama
tt0115736;Bound ;Romance
tt0180093;Requiem for a Dream ;Drama
tt0038116;State Fair ;Musical
tt0038116;State Fair ;Romance
tt0120274;Tango ;Drama
tt0120274;Tango ;Musical
tt0091886;Salvador ;Drama
tt0091886;Salvador ;History
tt0091886;Salvador ;Thriller
tt3014666;Moms' Night Out ;Comedy
tt0246578;Donnie Darko ;Drama
tt0246578;Donnie Darko ;Sci-Fi
tt0246578;Donnie Darko ;Thriller
tt0461336;Saving Private Perez ;Adventure
tt0461336;Saving Private Perez ;Comedy
tt0461336;Saving Private Perez ;Western
tt0119448;Character ;Crime
tt0119448;Character ;Drama
tt0119448;Character ;Mystery
tt0283003;Spun ;Comedy
tt0283003;Spun ;Crime
tt0283003;Spun ;Drama
tt0808526;Life During Wartime ;Comedy
tt0808526;Life During Wartime ;Drama
tt0451094;Lady Vengeance ;Crime
tt0451094;Lady Vengeance ;Drama
tt1653911;Mozart's Sister ;Biography
tt1653911;Mozart's Sister ;Drama
tt1653911;Mozart's Sister ;Music
tt0291341;Mean Machine ;Comedy
tt0291341;Mean Machine ;Drama
tt0291341;Mean Machine ;Sport
tt0796212;Exiled ;Action
tt0796212;Exiled ;Crime
tt0796212;Exiled ;Thriller
tt1629705;Blackthorn ;Action
tt1629705;Blackthorn ;Adventure
tt1629705;Blackthorn ;Western
tt0300140;Lilya 4-Ever ;Crime
tt0300140;Lilya 4-Ever ;Drama
tt0838247;After.Life ;Drama
tt0838247;After.Life ;Horror
tt0838247;After.Life ;Mystery
tt3683702;Fugly ;Drama
tt3683702;Fugly ;Thriller
tt0073486;One Flew Over the Cuckoo's Nest ;Drama
tt4386242;R.L. Stine's Monsterville: The Cabinet of Souls ;Comedy
tt0075222;Silent Movie ;Comedy
tt0075222;Silent Movie ;Romance
tt4387040;Airlift ;Action
tt4387040;Airlift ;Drama
tt4387040;Airlift ;History
tt2295722;Falcon Rising ;Action
tt2295722;Falcon Rising ;Adventure
tt0857190;The Sweeney ;Action
tt0857190;The Sweeney ;Crime
tt0857190;The Sweeney ;Drama
tt0203119;Sexy Beast ;Crime
tt0203119;Sexy Beast ;Thriller
tt1291652;Easy Money ;Action
tt1291652;Easy Money ;Crime
tt1291652;Easy Money ;Drama
tt0298228;Whale Rider ;Drama
tt0298228;Whale Rider ;Family
tt1532957;Paa ;Comedy
tt1532957;Paa ;Drama
tt0381940;Cargo ;Mystery
tt0381940;Cargo ;Sci-Fi
tt0381940;Cargo ;Thriller
tt0475293;High School Musical ;Comedy
tt0475293;High School Musical ;Drama
tt0475293;High School Musical ;Family
tt0119574;Love and Death on Long Island ;Comedy
tt0119574;Love and Death on Long Island ;Drama
tt0403358;Night Watch ;Fantasy
tt0403358;Night Watch ;Thriller
tt0104036;The Crying Game ;Crime
tt0104036;The Crying Game ;Drama
tt0104036;The Crying Game ;Romance
tt0084522;Porky's ;Comedy
tt1134854;Survival of the Dead ;Horror
tt0063350;Night of the Living Dead ;Drama
tt0063350;Night of the Living Dead ;Horror
tt0063350;Night of the Living Dead ;Mystery
tt0335266;Lost in Translation ;Drama
tt0075686;Annie Hall ;Comedy
tt0075686;Annie Hall ;Romance
tt0044672;The Greatest Show on Earth ;Drama
tt0044672;The Greatest Show on Earth ;Family
tt0044672;The Greatest Show on Earth ;Romance
tt0285742;Monster's Ball ;Drama
tt0285742;Monster's Ball ;Romance
tt1881002;Maggie ;Drama
tt1881002;Maggie ;Horror
tt0113627;Leaving Las Vegas ;Drama
tt0113627;Leaving Las Vegas ;Romance
tt2081194;Hansel & Gretel Get Baked ;Comedy
tt2081194;Hansel & Gretel Get Baked ;Horror
tt0071524;The Front Page ;Comedy
tt0071524;The Front Page ;Drama
tt0071524;The Front Page ;Romance
tt3181822;The Boy Next Door ;Mystery
tt3181822;The Boy Next Door ;Thriller
tt0049875;Trapeze ;Drama
tt0049875;Trapeze ;Romance
tt0842926;The Kids Are All Right ;Comedy
tt0842926;The Kids Are All Right ;Drama
tt0096256;They Live ;Horror
tt0096256;They Live ;Sci-Fi
tt0096256;They Live ;Thriller
tt0057115;The Great Escape ;Adventure
tt0057115;The Great Escape ;Drama
tt0057115;The Great Escape ;History
tt0399877;What the #$*! Do We (K)now!? ;Comedy
tt0399877;What the #$*! Do We (K)now!? ;Documentary
tt0399877;What the #$*! Do We (K)now!? ;Drama
tt2034139;The Last Exorcism Part II ;Drama
tt2034139;The Last Exorcism Part II ;Horror
tt2034139;The Last Exorcism Part II ;Thriller
tt1065073;Boyhood ;Drama
tt0457513;Scoop ;Comedy
tt0457513;Scoop ;Crime
tt0457513;Scoop ;Mystery
tt0290332;The Wash ;Comedy
tt0199290;3 Strikes ;Comedy
tt0318374;The Cooler ;Crime
tt0318374;The Cooler ;Drama
tt0318374;The Cooler ;Fantasy
tt0055184;The Misfits ;Drama
tt0055184;The Misfits ;Romance
tt0055184;The Misfits ;Western
tt0448075;The Night Listener ;Crime
tt0448075;The Night Listener ;Mystery
tt0448075;The Night Listener ;Thriller
tt0110189;The Jerky Boys ;Comedy
tt0110189;The Jerky Boys ;Crime
tt0464141;The Orphanage ;Drama
tt0464141;The Orphanage ;Mystery
tt0464141;The Orphanage ;Thriller
tt2828996;A Haunted House 2 ;Comedy
tt2828996;A Haunted House 2 ;Fantasy
tt0292644;The Rules of Attraction ;Comedy
tt0292644;The Rules of Attraction ;Drama
tt0292644;The Rules of Attraction ;Romance
tt0065112;Topaz ;Drama
tt0065112;Topaz ;Thriller
tt0454987;Let's Go to Prison ;Comedy
tt0454987;Let's Go to Prison ;Crime
tt0113101;Four Rooms ;Comedy
tt0113101;Four Rooms ;Fantasy
tt0274812;Secretary ;Comedy
tt0274812;Secretary ;Drama
tt0274812;Secretary ;Romance
tt0360916;The Real Cancun ;Documentary
tt0096219;Talk Radio ;Drama
tt0118111;Waiting for Guffman ;Comedy
tt0188863;Love Stinks ;Comedy
tt0796375;You Kill Me ;Comedy
tt0796375;You Kill Me ;Crime
tt0796375;You Kill Me ;Romance
tt0318761;Thumbsucker ;Comedy
tt0318761;Thumbsucker ;Drama
tt0873886;Red State ;Action
tt0873886;Red State ;Crime
tt0873886;Red State ;Horror
tt0366780;Mirrormask ;Adventure
tt0366780;Mirrormask ;Fantasy
tt0770802;Samsara ;Documentary
tt0770802;Samsara ;Music
tt0092615;The Barbarians ;Adventure
tt0092615;The Barbarians ;Fantasy
tt1645080;The Art of Getting By ;Drama
tt1645080;The Art of Getting By ;Romance
tt3346224;Zipper ;Drama
tt3346224;Zipper ;Thriller
tt0273982;Poolhall Junkies ;Drama
tt0273982;Poolhall Junkies ;Thriller
tt0126859;The Loss of Sexual Innocence ;Drama
tt2076220;Holy Motors ;Drama
tt2076220;Holy Motors ;Fantasy
tt2382396;Joe ;Drama
tt0120122;Shooting Fish ;Comedy
tt0120122;Shooting Fish ;Crime
tt0120122;Shooting Fish ;Romance
tt0095904;Prison ;Crime
tt0095904;Prison ;Drama
tt0095904;Prison ;Horror
tt0206226;Psycho Beach Party ;Comedy
tt0206226;Psycho Beach Party ;Horror
tt0206226;Psycho Beach Party ;Mystery
tt0156639;The Big Tease ;Comedy
tt2876428;Buen Día, Ramón ;Drama
tt1529572;Trust ;Crime
tt1529572;Trust ;Drama
tt1529572;Trust ;Thriller
tt0218182;An Everlasting Piece ;Comedy
tt0122906;Among Giants ;Comedy
tt0122906;Among Giants ;Romance
tt2103267;Adore ;Drama
tt2103267;Adore ;Romance
tt0120878;The Velocity of Gary ;Comedy
tt0120878;The Velocity of Gary ;Drama
tt0120878;The Velocity of Gary ;Romance
tt0319769;Mondays in the Sun ;Comedy
tt0319769;Mondays in the Sun ;Drama
tt1464580;Stake Land ;Drama
tt1464580;Stake Land ;Horror
tt1464580;Stake Land ;Sci-Fi
tt0119502;The Last Time I Committed Suicide ;Biography
tt0119502;The Last Time I Committed Suicide ;Drama
tt2199543;Futuro Beach ;Drama
tt1719071;Another Happy Day ;Comedy
tt1719071;Another Happy Day ;Drama
tt1422136;A Lonely Place to Die ;Action
tt1422136;A Lonely Place to Die ;Adventure
tt1422136;A Lonely Place to Die ;Crime
tt0298482;Nothing ;Comedy
tt0298482;Nothing ;Fantasy
tt3155604;The Geographer Drank His Globe Away ;Adventure
tt3155604;The Geographer Drank His Globe Away ;Drama
tt0068156;1776 ;Drama
tt0068156;1776 ;Family
tt0068156;1776 ;History
tt1844203;Inescapable ;Drama
tt1844203;Inescapable ;Mystery
tt1844203;Inescapable ;Romance
tt0020960;Hell's Angels ;Drama
tt0020960;Hell's Angels ;War
tt0491109;Purple Violets ;Comedy
tt0491109;Purple Violets ;Drama
tt0491109;Purple Violets ;Romance
tt3533916;The Veil ;Horror
tt1316536;The Loved Ones ;Horror
tt1316536;The Loved Ones ;Thriller
tt1854582;No Vacancy ;Horror
tt2395247;How to Fall in Love ;Comedy
tt2395247;How to Fall in Love ;Romance
tt2414822;The Perfect Wave ;Adventure
tt2414822;The Perfect Wave ;Biography
tt2414822;The Perfect Wave ;Drama
tt0060665;A Man for All Seasons ;Biography
tt0060665;A Man for All Seasons ;Drama
tt0060665;A Man for All Seasons ;History
tt0074958;Network ;Drama
tt0074958;Network ;Romance
tt0031381;Gone with the Wind ;Drama
tt0031381;Gone with the Wind ;History
tt0031381;Gone with the Wind ;Romance
tt2403393;Desert Dancer ;Biography
tt2403393;Desert Dancer ;Drama
tt0059418;Major Dundee ;Adventure
tt0059418;Major Dundee ;War
tt0059418;Major Dundee ;Western
tt1056477;Down for Life ;Drama
tt0042200;Annie Get Your Gun ;Biography
tt0042200;Annie Get Your Gun ;Comedy
tt0042200;Annie Get Your Gun ;Musical
tt1341167;Four Lions ;Comedy
tt1341167;Four Lions ;Crime
tt1341167;Four Lions ;Drama
tt0373747;House of Sand ;Drama
tt1303828;Defendor ;Comedy
tt1303828;Defendor ;Crime
tt1303828;Defendor ;Drama
tt0040694;The Pirate ;Adventure
tt0040694;The Pirate ;Comedy
tt0040694;The Pirate ;Musical
tt0808285;The Good Heart ;Drama
tt0464049;The History Boys ;Comedy
tt0464049;The History Boys ;Drama
tt0064665;Midnight Cowboy ;Drama
tt0119164;The Full Monty ;Comedy
tt0119164;The Full Monty ;Drama
tt0119164;The Full Monty ;Music
tt0080339;Airplane! ;Comedy
tt4340720;Chain of Command ;Action
tt4340720;Chain of Command ;Thriller
tt0113118;Friday ;Comedy
tt0113118;Friday ;Drama
tt0107554;Menace II Society ;Crime
tt0107554;Menace II Society ;Drama
tt0107554;Menace II Society ;Thriller
tt0092796;Creepshow 2 ;Comedy
tt0092796;Creepshow 2 ;Fantasy
tt0092796;Creepshow 2 ;Horror
tt0065446;The Ballad of Cable Hogue ;Comedy
tt0065446;The Ballad of Cable Hogue ;Drama
tt0065446;The Ballad of Cable Hogue ;Romance
tt0061809;In Cold Blood ;Biography
tt0061809;In Cold Blood ;Crime
tt0061809;In Cold Blood ;Drama
tt0053131;The Nun's Story ;Drama
tt0060490;Harper ;Action
tt0060490;Harper ;Crime
tt0060490;Harper ;Drama
tt0068611;Frenzy ;Thriller
tt4263482;The Witch ;Horror
tt4263482;The Witch ;Mystery
tt0131436;I Got the Hook Up ;Comedy
tt0117628;She's the One ;Comedy
tt0117628;She's the One ;Drama
tt0117628;She's the One ;Romance
tt0120684;Gods and Monsters ;Biography
tt0120684;Gods and Monsters ;Drama
tt1305806;The Secret in Their Eyes ;Drama
tt1305806;The Secret in Their Eyes ;Mystery
tt1305806;The Secret in Their Eyes ;Thriller
tt1015474;Train ;Horror
tt1015474;Train ;Thriller
tt0092991;Evil Dead II ;Comedy
tt0092991;Evil Dead II ;Fantasy
tt0092991;Evil Dead II ;Horror
tt0258038;Pootie Tang ;Action
tt0258038;Pootie Tang ;Adventure
tt0258038;Pootie Tang ;Comedy
tt2724064;Sharknado ;Horror
tt0175996;La otra conquista ;Drama
tt0175996;La otra conquista ;History
tt1740707;Trollhunter ;Comedy
tt1740707;Trollhunter ;Drama
tt1740707;Trollhunter ;Fantasy
tt0480251;Ira & Abby ;Comedy
tt0480251;Ira & Abby ;Romance
tt0380817;Winter Passing ;Comedy
tt0380817;Winter Passing ;Drama
tt0367631;D.E.B.S. ;Action
tt0367631;D.E.B.S. ;Comedy
tt0367631;D.E.B.S. ;Romance
tt3103166;The Masked Saint ;Action
tt3103166;The Masked Saint ;Biography
tt3103166;The Masked Saint ;Crime
tt1074191;The Betrayed ;Crime
tt1074191;The Betrayed ;Drama
tt1074191;The Betrayed ;Mystery
tt0138862;Taxman ;Action
tt0138862;Taxman ;Comedy
tt0138862;Taxman ;Crime
tt1002561;2:13 ;Horror
tt1002561;2:13 ;Thriller
tt2166834;Batman: The Dark Knight Returns, Part 2 ;Action
tt2166834;Batman: The Dark Knight Returns, Part 2 ;Animation
tt2166834;Batman: The Dark Knight Returns, Part 2 ;Crime
tt5001130;Time to Choose ;Documentary
tt2379386;In the Name of the King: The Last Job ;Action
tt2379386;In the Name of the King: The Last Job ;Adventure
tt2379386;In the Name of the King: The Last Job ;Fantasy
tt2761578;Wicked Blood ;Action
tt2761578;Wicked Blood ;Crime
tt2761578;Wicked Blood ;Drama
tt2073661;Dawn Patrol ;Drama
tt2073661;Dawn Patrol ;Thriller
tt1800337;Lords of London ;Crime
tt1800337;Lords of London ;Mystery
tt1800337;Lords of London ;Thriller
tt0076141;High Anxiety ;Comedy
tt0428803;March of the Penguins ;Documentary
tt1615147;Margin Call ;Biography
tt1615147;Margin Call ;Drama
tt1615147;Margin Call ;Thriller
tt1753460;August ;Drama
tt1753460;August ;Romance
tt1024715;Choke ;Comedy
tt1024715;Choke ;Drama
tt2582802;Whiplash ;Drama
tt2582802;Whiplash ;Music
tt0317248;City of God ;Crime
tt0317248;City of God ;Drama
tt0188674;Human Traffic ;Comedy
tt0188674;Human Traffic ;Music
tt1850418;Day One ;Biography
tt1850418;Day One ;Drama
tt1850418;Day One ;Music
tt0783238;The Dead Girl ;Crime
tt0783238;The Dead Girl ;Drama
tt0783238;The Dead Girl ;Mystery
tt2106476;The Hunt ;Drama
tt0085334;A Christmas Story ;Comedy
tt0085334;A Christmas Story ;Family
tt0482463;Bella ;Drama
tt0482463;Bella ;Romance
tt0083739;Class of 1984 ;Action
tt0083739;Class of 1984 ;Crime
tt0083739;Class of 1984 ;Drama
tt2796678;The Opposite Sex ;Comedy
tt0144178;Dreaming of Joseph Lees ;Drama
tt0144178;Dreaming of Joseph Lees ;Romance
tt1068646;The Class ;Drama
tt0063522;Rosemary's Baby ;Drama
tt0063522;Rosemary's Baby ;Horror
tt0056217;The Man Who Shot Liberty Valance ;Drama
tt0056217;The Man Who Shot Liberty Valance ;Western
tt1185836;Adam ;Drama
tt1185836;Adam ;Romance
tt0390221;Maria Full of Grace ;Crime
tt0390221;Maria Full of Grace ;Drama
tt1532503;Beginners ;Comedy
tt1532503;Beginners ;Drama
tt1532503;Beginners ;Romance
tt0426459;Feast ;Action
tt0426459;Feast ;Comedy
tt0426459;Feast ;Horror
tt0077975;Animal House ;Comedy
tt0058150;Goldfinger ;Action
tt0058150;Goldfinger ;Adventure
tt0058150;Goldfinger ;Thriller
tt2099556;Antiviral ;Horror
tt2099556;Antiviral ;Sci-Fi
tt2099556;Antiviral ;Thriller
tt0038650;It's a Wonderful Life ;Drama
tt0038650;It's a Wonderful Life ;Family
tt0038650;It's a Wonderful Life ;Fantasy
tt0117951;Trainspotting ;Drama
tt0236388;The Original Kings of Comedy ;Comedy
tt0236388;The Original Kings of Comedy ;Documentary
tt1536044;Paranormal Activity 2 ;Horror
tt0166396;Waking Ned Devine ;Comedy
tt0310793;Bowling for Columbine ;Crime
tt0310793;Bowling for Columbine ;Documentary
tt0310793;Bowling for Columbine ;Drama
tt3125472;Coming Home ;Drama
tt0089686;A Nightmare on Elm Street 2: Freddy's Revenge ;Fantasy
tt0089686;A Nightmare on Elm Street 2: Freddy's Revenge ;Horror
tt0091867;A Room with a View ;Drama
tt0091867;A Room with a View ;Romance
tt2184339;The Purge ;Horror
tt2184339;The Purge ;Sci-Fi
tt2184339;The Purge ;Thriller
tt1922777;Sinister ;Horror
tt1922777;Sinister ;Mystery
tt0327036;Martin Lawrence Live: Runteldat ;Biography
tt0327036;Martin Lawrence Live: Runteldat ;Comedy
tt0327036;Martin Lawrence Live: Runteldat ;Documentary
tt0051459;Cat on a Hot Tin Roof ;Drama
tt0051459;Cat on a Hot Tin Roof ;Romance
tt0065462;Beneath the Planet of the Apes ;Action
tt0065462;Beneath the Planet of the Apes ;Adventure
tt0065462;Beneath the Planet of the Apes ;Sci-Fi
tt0118570;Air Bud ;Comedy
tt0118570;Air Bud ;Drama
tt0118570;Air Bud ;Family
tt0235679;Pokémon 3: The Movie ;Action
tt0235679;Pokémon 3: The Movie ;Adventure
tt0235679;Pokémon 3: The Movie ;Animation
tt0091080;Jason Lives: Friday the 13th Part VI ;Horror
tt0091080;Jason Lives: Friday the 13th Part VI ;Thriller
tt0050212;The Bridge on the River Kwai ;Adventure
tt0050212;The Bridge on the River Kwai ;Drama
tt0050212;The Bridge on the River Kwai ;War
tt0100666;Spaced Invaders ;Adventure
tt0100666;Spaced Invaders ;Comedy
tt0100666;Spaced Invaders ;Sci-Fi
tt0074512;Family Plot ;Comedy
tt0074512;Family Plot ;Thriller
tt0053604;The Apartment ;Comedy
tt0053604;The Apartment ;Drama
tt0053604;The Apartment ;Romance
tt0107254;Jason Goes to Hell: The Final Friday ;Fantasy
tt0107254;Jason Goes to Hell: The Final Friday ;Horror
tt0107254;Jason Goes to Hell: The Final Friday ;Thriller
tt0061107;Torn Curtain ;Thriller
tt0425598;Dave Chappelle's Block Party ;Comedy
tt0425598;Dave Chappelle's Block Party ;Documentary
tt0425598;Dave Chappelle's Block Party ;Music
tt3205376;Slow West ;Western
tt0089444;Krush Groove ;Comedy
tt0089444;Krush Groove ;Drama
tt0089444;Krush Groove ;Music
tt1097013;Next Day Air ;Action
tt1097013;Next Day Air ;Comedy
tt1097013;Next Day Air ;Crime
tt0053793;Elmer Gantry ;Drama
tt0055031;Judgment at Nuremberg ;Drama
tt0055031;Judgment at Nuremberg ;War
tt0160298;Trippin' ;Comedy
tt0040724;Red River ;Action
tt0040724;Red River ;Adventure
tt0040724;Red River ;Romance
tt0490196;Phat Girlz ;Comedy
tt2209418;Before Midnight ;Drama
tt2209418;Before Midnight ;Romance
tt0094118;Teen Wolf Too ;Comedy
tt0094118;Teen Wolf Too ;Fantasy
tt0095863;Phantasm II ;Action
tt0095863;Phantasm II ;Fantasy
tt0095863;Phantasm II ;Horror
tt0399901;Woman Thou Art Loosed ;Drama
tt0296166;Real Women Have Curves ;Comedy
tt0296166;Real Women Have Curves ;Drama
tt0240200;Water ;Drama
tt0240200;Water ;Romance
tt0166175;East Is East ;Comedy
tt0166175;East Is East ;Drama
tt0174336;Whipped ;Comedy
tt0174336;Whipped ;Romance
tt0116743;Kama Sutra: A Tale of Love ;Crime
tt0116743;Kama Sutra: A Tale of Love ;Drama
tt0116743;Kama Sutra: A Tale of Love ;History
tt0878835;Please Give ;Comedy
tt0878835;Please Give ;Drama
tt0067992;Willy Wonka & the Chocolate Factory ;Family
tt0067992;Willy Wonka & the Chocolate Factory ;Fantasy
tt0067992;Willy Wonka & the Chocolate Factory ;Musical
tt0108517;Warlock: The Armageddon ;Fantasy
tt0108517;Warlock: The Armageddon ;Horror
tt0118541;8 Heads in a Duffel Bag ;Comedy
tt0118541;8 Heads in a Duffel Bag ;Crime
tt0077405;Days of Heaven ;Drama
tt0077405;Days of Heaven ;Romance
tt0268690;Thirteen Conversations About One Thing ;Drama
tt0155776;Jawbreaker ;Comedy
tt0155776;Jawbreaker ;Crime
tt0155776;Jawbreaker ;Thriller
tt0115632;Basquiat ;Biography
tt0115632;Basquiat ;Drama
tt2347569;Frances Ha ;Comedy
tt2347569;Frances Ha ;Drama
tt2347569;Frances Ha ;Romance
tt0468565;Tsotsi ;Crime
tt0468565;Tsotsi ;Drama
tt0147612;Happiness ;Comedy
tt0147612;Happiness ;Drama
tt0337996;DysFunktional Family ;Comedy
tt0337996;DysFunktional Family ;Documentary
tt3099498;Tusk ;Comedy
tt3099498;Tusk ;Drama
tt3099498;Tusk ;Horror
tt0364569;Oldboy ;Drama
tt0364569;Oldboy ;Mystery
tt0364569;Oldboy ;Thriller
tt1462054;Letters to God ;Drama
tt1462054;Letters to God ;Family
tt1640459;Hobo with a Shotgun ;Action
tt1640459;Hobo with a Shotgun ;Comedy
tt1640459;Hobo with a Shotgun ;Thriller
tt3367294;Compadres ;Action
tt3367294;Compadres ;Comedy
tt0116361;Freeway ;Comedy
tt0116361;Freeway ;Crime
tt0116361;Freeway ;Drama
tt0785025;Love's Abiding Joy ;Drama
tt0785025;Love's Abiding Joy ;Family
tt0785025;Love's Abiding Joy ;Western
tt1232776;Fish Tank ;Drama
tt1667307;Damsels in Distress ;Comedy
tt1667307;Damsels in Distress ;Drama
tt1667307;Damsels in Distress ;Romance
tt1920849;Bachelorette ;Comedy
tt1920849;Bachelorette ;Romance
tt0403118;Brave New Girl ;Drama
tt0403118;Brave New Girl ;Family
tt0403118;Brave New Girl ;Music
tt1855401;Tim and Eric's Billion Dollar Movie ;Comedy
tt0420206;Summer Storm ;Comedy
tt0420206;Summer Storm ;Drama
tt0420206;Summer Storm ;Romance
tt1282046;Fort McCoy ;Drama
tt1282046;Fort McCoy ;History
tt1282046;Fort McCoy ;War
tt1148200;Chain Letter ;Horror
tt1148200;Chain Letter ;Thriller
tt0162236;Just Looking ;Comedy
tt0162236;Just Looking ;Drama
tt1535616;The Divide ;Drama
tt1535616;The Divide ;Sci-Fi
tt1535616;The Divide ;Thriller
tt1346961;The Eclipse ;Drama
tt1346961;The Eclipse ;Horror
tt1346961;The Eclipse ;Romance
tt1841642;Demonic ;Horror
tt1841642;Demonic ;Thriller
tt0385890;My Big Fat Independent Movie ;Comedy
tt1390404;The Deported ;Comedy
tt1151410;Tanner Hall ;Drama
tt1922679;Open Road ;Action
tt1922679;Open Road ;Drama
tt1922679;Open Road ;Thriller
tt2398249;They Came Together ;Comedy
tt2417650;30 Nights of Paranormal Activity with the Devil Inside the Girl with the Dragon Tattoo ;Comedy
tt1754264;Never Back Down 2: The Beatdown ;Action
tt1754264;Never Back Down 2: The Beatdown ;Drama
tt1754264;Never Back Down 2: The Beatdown ;Sport
tt0062138;Point Blank ;Crime
tt0062138;Point Blank ;Thriller
tt1252289;Four Single Fathers ;Comedy
tt2229377;Enter the Dangerous Mind ;Thriller
tt1327601;Something Wicked ;Drama
tt1327601;Something Wicked ;Horror
tt1327601;Something Wicked ;Mystery
tt2048865;AWOL-72 ;Thriller
tt0095354;Iguana ;Adventure
tt0095354;Iguana ;Crime
tt0095354;Iguana ;Drama
tt1085382;Chicago Overcoat ;Action
tt1085382;Chicago Overcoat ;Adventure
tt1085382;Chicago Overcoat ;Crime
tt0482461;Barry Munday ;Comedy
tt0482461;Barry Munday ;Drama
tt0482461;Barry Munday ;Romance
tt0140888;Central Station ;Drama
tt0055312;Pocketful of Miracles ;Comedy
tt0055312;Pocketful of Miracles ;Drama
tt3511596;Close Range ;Action
tt3511596;Close Range ;Crime
tt0439478;Boynton Beach Club ;Comedy
tt0439478;Boynton Beach Club ;Romance
tt2837336;Amnesiac ;Drama
tt2837336;Amnesiac ;Horror
tt2837336;Amnesiac ;Mystery
tt1152822;Freakonomics ;Documentary
tt0338095;High Tension ;Horror
tt1509803;Griff the Invisible ;Comedy
tt1509803;Griff the Invisible ;Drama
tt1509803;Griff the Invisible ;Romance
tt3551400;Unnatural ;Action
tt3551400;Unnatural ;Horror
tt3551400;Unnatural ;Thriller
tt0410097;Hustle & Flow ;Crime
tt0410097;Hustle & Flow ;Drama
tt0410097;Hustle & Flow ;Music
tt0053291;Some Like It Hot ;Comedy
tt0053291;Some Like It Hot ;Music
tt0053291;Some Like It Hot ;Romance
tt0095179;Friday the 13th Part VII: The New Blood ;Horror
tt0032138;The Wizard of Oz ;Adventure
tt0032138;The Wizard of Oz ;Family
tt0032138;The Wizard of Oz ;Fantasy
tt0072431;Young Frankenstein ;Comedy
tt0848557;Diary of the Dead ;Horror
tt0456144;Lage Raho Munna Bhai ;Comedy
tt0456144;Lage Raho Munna Bhai ;Drama
tt0456144;Lage Raho Munna Bhai ;Romance
tt0120402;Ulee's Gold ;Drama
tt0078872;The Black Stallion ;Adventure
tt0078872;The Black Stallion ;Family
tt0078872;The Black Stallion ;Sport
tt4080386;Sardaar Ji ;Romance
tt1095423;Journey to Saturn ;Action
tt1095423;Journey to Saturn ;Adventure
tt1095423;Journey to Saturn ;Animation
tt0057007;Donovan's Reef ;Adventure
tt0057007;Donovan's Reef ;Comedy
tt0057007;Donovan's Reef ;Romance
tt0116729;The Dress ;Comedy
tt0116729;The Dress ;Drama
tt0035959;A Guy Named Joe ;Drama
tt0035959;A Guy Named Joe ;Fantasy
tt0035959;A Guy Named Joe ;Romance
tt0071230;Blazing Saddles ;Comedy
tt0071230;Blazing Saddles ;Western
tt0087298;Friday the 13th: The Final Chapter ;Horror
tt0087298;Friday the 13th: The Final Chapter ;Thriller
tt2718492;Ida ;Drama
tt0093512;Maurice ;Drama
tt0093512;Maurice ;Romance
tt0453453;Beer League ;Comedy
tt0453453;Beer League ;Sport
tt0389326;Riding Giants ;Documentary
tt0389326;Riding Giants ;History
tt0389326;Riding Giants ;Sport
tt0480669;Timecrimes ;Horror
tt0480669;Timecrimes ;Mystery
tt0480669;Timecrimes ;Sci-Fi
tt0851515;Silver Medallist ;Action
tt0851515;Silver Medallist ;Adventure
tt0851515;Silver Medallist ;Comedy
tt0857295;Timber Falls ;Horror
tt0857295;Timber Falls ;Thriller
tt0045152;Singin' in the Rain ;Comedy
tt0045152;Singin' in the Rain ;Musical
tt0045152;Singin' in the Rain ;Romance
tt1227378;Fat, Sick & Nearly Dead ;Documentary
tt2243537;A Haunted House ;Comedy
tt2243537;A Haunted House ;Fantasy
tt2247692;2016: Obama's America ;Documentary
tt0117887;That Thing You Do! ;Comedy
tt0117887;That Thing You Do! ;Drama
tt0117887;That Thing You Do! ;Music
tt0085636;Halloween III: Season of the Witch ;Horror
tt0085636;Halloween III: Season of the Witch ;Mystery
tt0085636;Halloween III: Season of the Witch ;Sci-Fi
tt0067065;Escape from the Planet of the Apes ;Action
tt0067065;Escape from the Planet of the Apes ;Sci-Fi
tt0057163;Hud ;Drama
tt2609912;Kevin Hart: Let Me Explain ;Comedy
tt2609912;Kevin Hart: Let Me Explain ;Documentary
tt0102494;My Own Private Idaho ;Drama
tt0333766;Garden State ;Comedy
tt0333766;Garden State ;Drama
tt0333766;Garden State ;Romance
tt0112471;Before Sunrise ;Drama
tt0112471;Before Sunrise ;Romance
tt0380732;Sur le seuil ;Action
tt0380732;Sur le seuil ;Drama
tt0380732;Sur le seuil ;Horror
tt0186253;Jesus' Son ;Drama
tt0384504;Saving Face ;Comedy
tt0384504;Saving Face ;Drama
tt0384504;Saving Face ;Romance
tt0940585;Brick Lane ;Drama
tt1990314;Robot & Frank ;Comedy
tt1990314;Robot & Frank ;Crime
tt1990314;Robot & Frank ;Drama
tt0314412;My Life Without Me ;Drama
tt0314412;My Life Without Me ;Romance
tt1714206;The Spectacular Now ;Comedy
tt1714206;The Spectacular Now ;Drama
tt1714206;The Spectacular Now ;Romance
tt0283465;Marilyn Hotchkiss' Ballroom Dancing and Charm School ;Comedy
tt0283465;Marilyn Hotchkiss' Ballroom Dancing and Charm School ;Family
tt0283465;Marilyn Hotchkiss' Ballroom Dancing and Charm School ;Musical
tt0815241;Religulous ;Comedy
tt0815241;Religulous ;Documentary
tt0815241;Religulous ;War
tt1294164;Fuel ;Documentary
tt0472200;Valley of the Heart's Delight ;Drama
tt0465407;Eye of the Dolphin ;Comedy
tt0465407;Eye of the Dolphin ;Drama
tt0465407;Eye of the Dolphin ;Family
tt1484522;8: The Mormon Proposition ;Documentary
tt1049405;The Other End of the Line ;Comedy
tt1049405;The Other End of the Line ;Drama
tt1049405;The Other End of the Line ;Romance
tt0187696;Anatomy ;Horror
tt0187696;Anatomy ;Thriller
tt0804529;Sleep Dealer ;Drama
tt0804529;Sleep Dealer ;Romance
tt0804529;Sleep Dealer ;Sci-Fi
tt1512235;Super ;Comedy
tt1512235;Super ;Crime
tt1512235;Super ;Drama
tt1663628;Christmas Mail ;Comedy
tt1663628;Christmas Mail ;Drama
tt1663628;Christmas Mail ;Family
tt3300572;Stung ;Comedy
tt3300572;Stung ;Horror
tt3333870;Antibirth ;Horror
tt0116404;Get on the Bus ;Drama
tt0116404;Get on the Bus ;History
tt0486028;Thr3e ;Drama
tt0486028;Thr3e ;Horror
tt0486028;Thr3e ;Mystery
tt0387808;Idiocracy ;Adventure
tt0387808;Idiocracy ;Comedy
tt0387808;Idiocracy ;Sci-Fi
tt2945796;The Rise of the Krays ;Crime
tt2945796;The Rise of the Krays ;Drama
tt0480025;This Is England ;Crime
tt0480025;This Is England ;Drama
tt2040578;Alien Uprising ;Comedy
tt2040578;Alien Uprising ;Sci-Fi
tt0036628;Bathing Beauty ;Comedy
tt0036628;Bathing Beauty ;Musical
tt1307926;Go for It! ;Drama
tt1307926;Go for It! ;Musical
tt0118925;Dancer, Texas Pop. 81 ;Comedy
tt0118925;Dancer, Texas Pop. 81 ;Drama
tt0118925;Dancer, Texas Pop. 81 ;Family
tt0044030;Show Boat ;Drama
tt0044030;Show Boat ;Family
tt0044030;Show Boat ;Musical
tt1470020;Redemption Road ;Drama
tt1666335;The Calling ;Thriller
tt0092695;The Brave Little Toaster ;Adventure
tt0092695;The Brave Little Toaster ;Animation
tt0092695;The Brave Little Toaster ;Comedy
tt0032455;Fantasia ;Animation
tt0032455;Fantasia ;Family
tt0032455;Fantasia ;Fantasy
tt3111864;8 Days ;Drama
tt3111864;8 Days ;Thriller
tt0083972;Friday the 13th Part III ;Horror
tt0083972;Friday the 13th Part III ;Thriller
tt0089173;Friday the 13th: A New Beginning ;Horror
tt0089173;Friday the 13th: A New Beginning ;Mystery
tt0089173;Friday the 13th: A New Beginning ;Thriller
tt0810928;The Last Sin Eater ;Drama
tt4056738;Do You Believe? ;Drama
tt1086841;Impact Point ;Thriller
tt0038213;The Valley of Decision ;Drama
tt3032282;Eden ;Drama
tt3032282;Eden ;Thriller
tt0449000;Chicken Tikka Masala ;Comedy
tt0449000;Chicken Tikka Masala ;Drama
tt0449000;Chicken Tikka Masala ;Romance
tt1995477;Always Woodstock ;Comedy
tt1995477;Always Woodstock ;Music
tt1995477;Always Woodstock ;Romance
tt0816539;Jack Brooks: Monster Slayer ;Action
tt0816539;Jack Brooks: Monster Slayer ;Comedy
tt0816539;Jack Brooks: Monster Slayer ;Horror
tt0036868;The Best Years of Our Lives ;Drama
tt0036868;The Best Years of Our Lives ;Romance
tt0036868;The Best Years of Our Lives ;War
tt0242193;Bully ;Biography
tt0242193;Bully ;Crime
tt0242193;Bully ;Drama
tt0279064;Elling ;Comedy
tt0279064;Elling ;Drama
tt2460506;Mi America ;Crime
tt2460506;Mi America ;Drama
tt1038988;[Rec] ;Horror
tt1675312;Lies in Plain Sight ;Drama
tt2317796;Sharkskin ;Comedy
tt2317796;Sharkskin ;Drama
tt2317796;Sharkskin ;Mystery
tt3561236;Containment ;Horror
tt3561236;Containment ;Sci-Fi
tt3561236;Containment ;Thriller
tt2215673;The Timber ;Adventure
tt2215673;The Timber ;Drama
tt2215673;The Timber ;Western
tt0057076;From Russia with Love ;Action
tt0057076;From Russia with Love ;Adventure
tt0057076;From Russia with Love ;Thriller
tt0098503;The Toxic Avenger Part II ;Action
tt0098503;The Toxic Avenger Part II ;Comedy
tt0098503;The Toxic Avenger Part II ;Horror
tt0070707;Sleeper ;Comedy
tt0070707;Sleeper ;Sci-Fi
tt3235888;It Follows ;Horror
tt3235888;It Follows ;Mystery
tt0068555;Everything You Always Wanted to Know About Sex * But Were Afraid to Ask ;Comedy
tt0056592;To Kill a Mockingbird ;Crime
tt0056592;To Kill a Mockingbird ;Drama
tt0082694;Mad Max 2: The Road Warrior ;Action
tt0082694;Mad Max 2: The Road Warrior ;Adventure
tt0082694;Mad Max 2: The Road Warrior ;Sci-Fi
tt0111512;The Legend of Drunken Master ;Action
tt0111512;The Legend of Drunken Master ;Comedy
tt0171804;Boys Don't Cry ;Biography
tt0171804;Boys Don't Cry ;Crime
tt0171804;Boys Don't Cry ;Drama
tt1767382;Silent House ;Drama
tt1767382;Silent House ;Horror
tt1767382;Silent House ;Mystery
tt0405094;The Lives of Others ;Drama
tt0405094;The Lives of Others ;Thriller
tt1630036;Courageous ;Drama
tt0054997;The Hustler ;Drama
tt0054997;The Hustler ;Sport
tt0032273;Boom Town ;Adventure
tt0032273;Boom Town ;Drama
tt0032273;Boom Town ;Romance
tt0286244;The Triplets of Belleville ;Animation
tt0286244;The Triplets of Belleville ;Comedy
tt0286244;The Triplets of Belleville ;Drama
tt0120321;Smoke Signals ;Comedy
tt0120321;Smoke Signals ;Drama
tt0305206;American Splendor ;Biography
tt0305206;American Splendor ;Comedy
tt0305206;American Splendor ;Drama
tt0381681;Before Sunset ;Drama
tt0381681;Before Sunset ;Romance
tt0245712;Amores Perros ;Drama
tt0245712;Amores Perros ;Thriller
tt0328538;Thirteen ;Drama
tt0039416;Gentleman's Agreement ;Drama
tt0039416;Gentleman's Agreement ;Romance
tt1399683;Winter's Bone ;Drama
tt0379557;Touching the Void ;Adventure
tt0379557;Touching the Void ;Documentary
tt0379557;Touching the Void ;Drama
tt0029852;Alexander's Ragtime Band ;Drama
tt0029852;Alexander's Ragtime Band ;Musical
tt0029852;Alexander's Ragtime Band ;Romance
tt0415978;Me and You and Everyone We Know ;Comedy
tt0415978;Me and You and Everyone We Know ;Drama
tt1645089;Inside Job ;Crime
tt1645089;Inside Job ;Documentary
tt3787590;We Are Your Friends ;Drama
tt3787590;We Are Your Friends ;Music
tt3787590;We Are Your Friends ;Romance
tt0165798;Ghost Dog: The Way of the Samurai ;Action
tt0165798;Ghost Dog: The Way of the Samurai ;Crime
tt0165798;Ghost Dog: The Way of the Samurai ;Drama
tt0433387;Harsh Times ;Action
tt0433387;Harsh Times ;Crime
tt0433387;Harsh Times ;Drama
tt3268668;Captive ;Crime
tt3268668;Captive ;Drama
tt3268668;Captive ;Thriller
tt0290212;Full Frontal ;Comedy
tt0290212;Full Frontal ;Romance
tt0090327;Witchboard ;Horror
tt0090327;Witchboard ;Mystery
tt0090327;Witchboard ;Thriller
tt0367027;Shortbus ;Comedy
tt0367027;Shortbus ;Drama
tt0367027;Shortbus ;Romance
tt1185616;Waltz with Bashir ;Animation
tt1185616;Waltz with Bashir ;Biography
tt1185616;Waltz with Bashir ;Documentary
tt0349159;The Book of Mormon Movie, Volume 1: The Journey ;Adventure
tt0912593;No End in Sight ;Documentary
tt0912593;No End in Sight ;War
tt3172532;The Diary of a Teenage Girl ;Drama
tt3172532;The Diary of a Teenage Girl ;Romance
tt0925248;In the Shadow of the Moon ;Documentary
tt0925248;In the Shadow of the Moon ;History
tt1518812;Meek's Cutoff ;Drama
tt1518812;Meek's Cutoff ;Western
tt0418753;Inside Deep Throat ;Biography
tt0418753;Inside Deep Throat ;Documentary
tt0418753;Inside Deep Throat ;History
tt0229340;Dinner Rush ;Crime
tt0229340;Dinner Rush ;Drama
tt0229340;Dinner Rush ;Romance
tt0118866;Clockwatchers ;Comedy
tt0118866;Clockwatchers ;Drama
tt1695994;The Virginity Hit ;Comedy
tt0090095;Subway ;Comedy
tt0090095;Subway ;Drama
tt0090095;Subway ;Thriller
tt0372334;House of D ;Comedy
tt0372334;House of D ;Drama
tt0780622;Teeth ;Comedy
tt0780622;Teeth ;Fantasy
tt0780622;Teeth ;Horror
tt0118736;Six-String Samurai ;Action
tt0118736;Six-String Samurai ;Adventure
tt0118736;Six-String Samurai ;Comedy
tt0249588;Hum To Mohabbat Karega ;Action
tt0249588;Hum To Mohabbat Karega ;Comedy
tt0249588;Hum To Mohabbat Karega ;Romance
tt0388139;It's All Gone Pete Tong ;Biography
tt0388139;It's All Gone Pete Tong ;Comedy
tt0388139;It's All Gone Pete Tong ;Drama
tt1276105;Saint John of Las Vegas ;Comedy
tt1276105;Saint John of Las Vegas ;Drama
tt0120391;24 7: Twenty Four Seven ;Comedy
tt0120391;24 7: Twenty Four Seven ;Drama
tt0120391;24 7: Twenty Four Seven ;Romance
tt3018070;Stonewall ;Drama
tt1050739;Roadside Romeo ;Animation
tt1050739;Roadside Romeo ;Comedy
tt1050739;Roadside Romeo ;Family
tt0338497;This Thing of Ours ;Crime
tt0338497;This Thing of Ours ;Drama
tt1390539;The Lost Medallion: The Adventures of Billy Stone ;Adventure
tt1390539;The Lost Medallion: The Adventures of Billy Stone ;Family
tt1390539;The Lost Medallion: The Adventures of Billy Stone ;Fantasy
tt2474024;The Last Five Years ;Comedy
tt2474024;The Last Five Years ;Drama
tt2474024;The Last Five Years ;Musical
tt1105512;The Missing Person ;Drama
tt0107953;Return of the Living Dead III ;Horror
tt0107953;Return of the Living Dead III ;Romance
tt0107953;Return of the Living Dead III ;Sci-Fi
tt0449061;London ;Drama
tt0449061;London ;Romance
tt0423169;Sherrybaby ;Drama
tt3118452;Circle ;Drama
tt3118452;Circle ;Horror
tt3118452;Circle ;Mystery
tt1020530;Eden Lake ;Horror
tt1020530;Eden Lake ;Thriller
tt2226519;Plush ;Thriller
tt1020885;Vampire Killers ;Action
tt1020885;Vampire Killers ;Comedy
tt1020885;Vampire Killers ;Fantasy
tt0783532;Gangster's Paradise: Jerusalema ;Action
tt0783532;Gangster's Paradise: Jerusalema ;Crime
tt0783532;Gangster's Paradise: Jerusalema ;Drama
tt0363095;Freeze Frame ;Crime
tt0363095;Freeze Frame ;Drama
tt0363095;Freeze Frame ;Thriller
tt1703199;Grave Encounters ;Horror
tt2126362;Stitches ;Comedy
tt2126362;Stitches ;Horror
tt0959329;Nine Dead ;Crime
tt0959329;Nine Dead ;Drama
tt0959329;Nine Dead ;Horror
tt4704314;To Be Frank, Sinatra at 100 ;Documentary
tt0066808;Bananas ;Comedy
tt1734586;Supercapitalist ;Thriller
tt0796355;Rockaway ;Action
tt0796355;Rockaway ;Crime
tt0796355;Rockaway ;Drama
tt0040525;The Lady from Shanghai ;Crime
tt0040525;The Lady from Shanghai ;Drama
tt0040525;The Lady from Shanghai ;Film-Noir
tt1090671;No Man's Land: The Rise of Reeker ;Horror
tt1090671;No Man's Land: The Rise of Reeker ;Thriller
tt0165361;Highway ;Crime
tt0165361;Highway ;Drama
tt1272886;Small Apartments ;Comedy
tt1272886;Small Apartments ;Crime
tt1272886;Small Apartments ;Drama
tt2234025;Coffee Town ;Comedy
tt1754633;The Ghastly Love of Johnny X ;Comedy
tt1754633;The Ghastly Love of Johnny X ;Fantasy
tt1754633;The Ghastly Love of Johnny X ;Musical
tt1462901;All Is Bright ;Comedy
tt1462901;All Is Bright ;Drama
tt0062235;The Torture Chamber of Dr. Sadism ;Horror
tt0062235;The Torture Chamber of Dr. Sadism ;Mystery
tt2024506;Straight A's ;Comedy
tt2024506;Straight A's ;Drama
tt0060438;A Funny Thing Happened on the Way to the Forum ;Comedy
tt0060438;A Funny Thing Happened on the Way to the Forum ;Musical
tt0850669;Slacker Uprising ;Documentary
tt1220217;The Legend of Hell's Gate: An American Conspiracy ;Action
tt1220217;The Legend of Hell's Gate: An American Conspiracy ;Adventure
tt1220217;The Legend of Hell's Gate: An American Conspiracy ;History
tt3499458;The Walking Deceased ;Comedy
tt3499458;The Walking Deceased ;Horror
tt1772261;The Curse of Downers Grove ;Drama
tt1772261;The Curse of Downers Grove ;Horror
tt1772261;The Curse of Downers Grove ;Mystery
tt4416518;Shark Lake ;Thriller
tt0091860;River's Edge ;Crime
tt0091860;River's Edge ;Drama
tt0322659;Northfork ;Drama
tt0322659;Northfork ;Fantasy
tt3528666;The Marine 4: Moving Target ;Action
tt3528666;The Marine 4: Moving Target ;Thriller
tt1462758;Buried ;Drama
tt1462758;Buried ;Mystery
tt1462758;Buried ;Thriller
tt1440292;Submarine ;Comedy
tt1440292;Submarine ;Drama
tt1440292;Submarine ;Romance
tt2486682;The Square ;Documentary
tt2486682;The Square ;Drama
tt2486682;The Square ;History
tt0486751;One to Another ;Drama
tt2321163;ABCD (Any Body Can Dance) ;Drama
tt2321163;ABCD (Any Body Can Dance) ;Musical
tt1155592;Man on Wire ;Biography
tt1155592;Man on Wire ;Crime
tt1155592;Man on Wire ;Documentary
tt4519006;Abandoned ;Drama
tt3262990;Brotherly Love ;Drama
tt1320244;The Last Exorcism ;Drama
tt1320244;The Last Exorcism ;Horror
tt1320244;The Last Exorcism ;Thriller
tt1266029;Nowhere Boy ;Biography
tt1266029;Nowhere Boy ;Drama
tt1266029;Nowhere Boy ;Music
tt0044081;A Streetcar Named Desire ;Drama
tt0057012;Dr. Strangelove or: How I Learned to Stop Worrying and Love the Bomb ;Comedy
tt0313196;El crimen del padre Amaro ;Drama
tt0313196;El crimen del padre Amaro ;Romance
tt2125435;Beasts of the Southern Wild ;Drama
tt2125435;Beasts of the Southern Wild ;Fantasy
tt0069768;Battle for the Planet of the Apes ;Action
tt0069768;Battle for the Planet of the Apes ;Sci-Fi
tt0210299;Songcatcher ;Drama
tt0210299;Songcatcher ;Music
tt1562568;Higher Ground ;Drama
tt3566698;Vaalu ;Comedy
tt3566698;Vaalu ;Romance
tt1743720;The Greatest Movie Ever Sold ;Comedy
tt1743720;The Greatest Movie Ever Sold ;Documentary
tt0106792;Ed and His Dead Mother ;Comedy
tt0106792;Ed and His Dead Mother ;Horror
tt0378906;Travelers and Magicians ;Adventure
tt0378906;Travelers and Magicians ;Drama
tt0061747;Hang 'Em High ;Western
tt0044533;Deadline - U.S.A. ;Crime
tt0044533;Deadline - U.S.A. ;Drama
tt0044533;Deadline - U.S.A. ;Film-Noir
tt0822858;Sublime ;Horror
tt0822858;Sublime ;Thriller
tt4058122;A Beginner's Guide to Snuff ;Comedy
tt4058122;A Beginner's Guide to Snuff ;Horror
tt4058122;A Beginner's Guide to Snuff ;Thriller
tt2645670;Independence Daysaster ;Action
tt2645670;Independence Daysaster ;Sci-Fi
tt1653002;Dysfunctional Friends ;Comedy
tt1653002;Dysfunctional Friends ;Drama
tt0130827;Run Lola Run ;Crime
tt0130827;Run Lola Run ;Drama
tt0303361;May ;Drama
tt0303361;May ;Horror
tt2475846;Against the Wild ;Adventure
tt2475846;Against the Wild ;Family
tt2100573;Living Dark: The Story of Ted the Caver ;Horror
tt0796307;Under the Same Moon ;Adventure
tt0796307;Under the Same Moon ;Drama
tt0068408;Conquest of the Planet of the Apes ;Action
tt0068408;Conquest of the Planet of the Apes ;Sci-Fi
tt0247425;In the Bedroom ;Crime
tt0247425;In the Bedroom ;Drama
tt1242432;I Spit on Your Grave ;Horror
tt1242432;I Spit on Your Grave ;Thriller
tt0162360;Happy, Texas ;Comedy
tt0162360;Happy, Texas ;Crime
tt0162360;Happy, Texas ;Romance
tt0382189;My Summer of Love ;Drama
tt0382189;My Summer of Love ;Romance
tt2350496;The Lunchbox ;Drama
tt2350496;The Lunchbox ;Romance
tt0381717;Yes ;Drama
tt0381717;Yes ;Romance
tt0030993;You Can't Take It with You ;Comedy
tt0030993;You Can't Take It with You ;Drama
tt0030993;You Can't Take It with You ;Romance
tt0045793;From Here to Eternity ;Drama
tt0045793;From Here to Eternity ;Romance
tt0045793;From Here to Eternity ;War
tt0041866;She Wore a Yellow Ribbon ;Western
tt2349460;Grace Unplugged ;Drama
tt2349460;Grace Unplugged ;Music
tt0166195;Foolish ;Comedy
tt0166195;Foolish ;Drama
tt1289419;N-Secure ;Crime
tt1289419;N-Secure ;Drama
tt1289419;N-Secure ;Thriller
tt0825236;Caramel ;Comedy
tt0825236;Caramel ;Drama
tt0825236;Caramel ;Romance
tt2872724;Out of the Dark ;Horror
tt2872724;Out of the Dark ;Thriller
tt0476643;The Bubble ;Comedy
tt0476643;The Bubble ;Drama
tt0476643;The Bubble ;Romance
tt0071360;The Conversation ;Drama
tt0071360;The Conversation ;Mystery
tt0071360;The Conversation ;Thriller
tt0442764;Dil Jo Bhi Kahey... ;Romance
tt0064990;Mississippi Mermaid ;Crime
tt0064990;Mississippi Mermaid ;Drama
tt0064990;Mississippi Mermaid ;Romance
tt0322700;I Love Your Work ;Drama
tt0322700;I Love Your Work ;Mystery
tt3832096;Cabin Fever ;Horror
tt0473308;Waitress ;Comedy
tt0473308;Waitress ;Drama
tt0473308;Waitress ;Romance
tt0092675;Bloodsport ;Action
tt0092675;Bloodsport ;Biography
tt0092675;Bloodsport ;Drama
tt0031679;Mr. Smith Goes to Washington ;Comedy
tt0031679;Mr. Smith Goes to Washington ;Drama
tt0113540;Kids ;Drama
tt0367089;The Squid and the Whale ;Comedy
tt0367089;The Squid and the Whale ;Drama
tt0264761;Kissing Jessica Stein ;Comedy
tt0264761;Kissing Jessica Stein ;Drama
tt0264761;Kissing Jessica Stein ;Romance
tt3082898;Kickboxer: Vengeance ;Action
tt0038109;Spellbound ;Film-Noir
tt0038109;Spellbound ;Mystery
tt0038109;Spellbound ;Romance
tt0109759;Exotica ;Drama
tt0109759;Exotica ;Mystery
tt0109759;Exotica ;Romance
tt0118789;Buffalo '66 ;Comedy
tt0118789;Buffalo '66 ;Crime
tt0118789;Buffalo '66 ;Drama
tt1591095;Insidious ;Fantasy
tt1591095;Insidious ;Horror
tt1591095;Insidious ;Mystery
tt0087995;Repo Man ;Comedy
tt0087995;Repo Man ;Crime
tt0087995;Repo Man ;Sci-Fi
tt0247586;Nine Queens ;Crime
tt0247586;Nine Queens ;Drama
tt0247586;Nine Queens ;Thriller
tt2309788;The Gatekeepers ;Documentary
tt2309788;The Gatekeepers ;War
tt0357110;The Ballad of Jack and Rose ;Drama
tt1758795;The To Do List ;Comedy
tt1758795;The To Do List ;Romance
tt0110265;Killing Zoe ;Crime
tt0110265;Killing Zoe ;Drama
tt0110265;Killing Zoe ;Thriller
tt0247199;The Believer ;Drama
tt0453548;Snow Angels ;Drama
tt0453548;Snow Angels ;Romance
tt3139764;Unsullied ;Action
tt3139764;Unsullied ;Horror
tt3139764;Unsullied ;Thriller
tt0261983;Session 9 ;Horror
tt0261983;Session 9 ;Mystery
tt0391229;I Want Someone to Eat Cheese With ;Comedy
tt0391229;I Want Someone to Eat Cheese With ;Romance
tt1450328;Mooz-Lum ;Drama
tt1450328;Mooz-Lum ;Family
tt0422401;Hatchet ;Comedy
tt0422401;Hatchet ;Horror
tt0027977;Modern Times ;Comedy
tt0027977;Modern Times ;Drama
tt0027977;Modern Times ;Family
tt0286162;Stolen Summer ;Drama
tt0489235;My Name Is Bruce ;Comedy
tt0489235;My Name Is Bruce ;Fantasy
tt0436742;The Salon ;Comedy
tt0436742;The Salon ;Drama
tt3110770;Road Hard ;Comedy
tt0395543;Forty Shades of Blue ;Drama
tt0395543;Forty Shades of Blue ;Music
tt0395543;Forty Shades of Blue ;Romance
tt1562847;Amigo ;Drama
tt1562847;Amigo ;War
tt1226681;Pontypool ;Fantasy
tt1226681;Pontypool ;Horror
tt1087527;Trucker ;Drama
tt2265431;Me You and Five Bucks ;Comedy
tt2265431;Me You and Five Bucks ;Drama
tt2265431;Me You and Five Bucks ;Romance
tt1731697;The Lords of Salem ;Drama
tt1731697;The Lords of Salem ;Fantasy
tt1731697;The Lords of Salem ;Horror
tt3504048;Housebound ;Comedy
tt3504048;Housebound ;Horror
tt3504048;Housebound ;Mystery
tt0473107;Wal-Mart: The High Cost of Low Price ;Documentary
tt0475271;Fetching Cody ;Drama
tt0475271;Fetching Cody ;Fantasy
tt0475271;Fetching Cody ;Romance
tt1639397;Once Upon a Time in Queens ;Comedy
tt1639397;Once Upon a Time in Queens ;Drama
tt2017486;Closer to the Moon ;Comedy
tt2017486;Closer to the Moon ;Drama
tt3626436;Mutant World ;Sci-Fi
tt1105355;Growing Up Smith ;Comedy
tt1105355;Growing Up Smith ;Drama
tt1105355;Growing Up Smith ;Family
tt3781616;Checkmate ;Action
tt3781616;Checkmate ;Crime
tt3781616;Checkmate ;Thriller
tt3526286;#Horror ;Drama
tt3526286;#Horror ;Horror
tt3526286;#Horror ;Mystery
tt1236254;Wind Walkers ;Action
tt1236254;Wind Walkers ;Horror
tt1236254;Wind Walkers ;Thriller
tt0029583;Snow White and the Seven Dwarfs ;Animation
tt0029583;Snow White and the Seven Dwarfs ;Family
tt0029583;Snow White and the Seven Dwarfs ;Fantasy
tt0300270;The Holy Girl ;Drama
tt0063592;Shalako ;Western
tt0374639;Incident at Loch Ness ;Adventure
tt0374639;Incident at Loch Ness ;Comedy
tt0374639;Incident at Loch Ness ;Horror
tt4063178;The Dog Lover ;Drama
tt2577172;Girl House ;Horror
tt2577172;Girl House ;Thriller
tt3230082;The Blue Room ;Crime
tt3230082;The Blue Room ;Romance
tt3230082;The Blue Room ;Thriller
tt0464054;House at the End of the Drive ;Horror
tt0464054;House at the End of the Drive ;Thriller
tt0060153;Batman: The Movie ;Adventure
tt0060153;Batman: The Movie ;Comedy
tt0060153;Batman: The Movie ;Family
tt0120735;Lock, Stock and Two Smoking Barrels ;Comedy
tt0120735;Lock, Stock and Two Smoking Barrels ;Crime
tt3551840;The Ballad of Gregorio Cortez ;Western
tt0154420;The Celebration ;Drama
tt0117958;Trees Lounge ;Comedy
tt0117958;Trees Lounge ;Drama
tt0433398;Journey from the Fall ;Drama
tt0190255;The Basket ;Drama
tt1480658;Eddie: The Sleepwalking Cannibal ;Comedy
tt1480658;Eddie: The Sleepwalking Cannibal ;Horror
tt2640460;Queen of the Mountains ;Action
tt2640460;Queen of the Mountains ;Biography
tt2640460;Queen of the Mountains ;Drama
tt0087130;Def-Con 4 ;Action
tt0087130;Def-Con 4 ;Sci-Fi
tt0317640;The Hebrew Hammer ;Comedy
tt0470869;Neal 'N' Nikki ;Comedy
tt0470869;Neal 'N' Nikki ;Musical
tt0470869;Neal 'N' Nikki ;Romance
tt1498870;The 41-Year-Old Virgin Who Knocked Up Sarah Marshall and Felt Superbad About It ;Comedy
tt1147684;Forget Me Not ;Horror
tt1147684;Forget Me Not ;Romance
tt1147684;Forget Me Not ;Thriller
tt0032976;Rebecca ;Drama
tt0032976;Rebecca ;Film-Noir
tt0032976;Rebecca ;Mystery
tt0082418;Friday the 13th Part 2 ;Horror
tt0082418;Friday the 13th Part 2 ;Mystery
tt0082418;Friday the 13th Part 2 ;Thriller
tt0037884;The Lost Weekend ;Drama
tt0037884;The Lost Weekend ;Film-Noir
tt0087015;C.H.U.D. ;Horror
tt0087015;C.H.U.D. ;Sci-Fi
tt1869425;Filly Brown ;Drama
tt1869425;Filly Brown ;Music
tt1212022;The Lion of Judah ;Animation
tt0046126;Niagara ;Crime
tt0046126;Niagara ;Film-Noir
tt0046126;Niagara ;Thriller
tt0033729;How Green Was My Valley ;Drama
tt0033729;How Green Was My Valley ;Family
tt3104930;Da Sweet Blood of Jesus ;Comedy
tt3104930;Da Sweet Blood of Jesus ;Romance
tt3104930;Da Sweet Blood of Jesus ;Thriller
tt0098724;Sex, Lies, and Videotape ;Drama
tt0387564;Saw ;Horror
tt0387564;Saw ;Mystery
tt0387564;Saw ;Thriller
tt0247745;Super Troopers ;Comedy
tt0247745;Super Troopers ;Crime
tt0247745;Super Troopers ;Mystery
tt1681370;The Algerian ;Action
tt1681370;The Algerian ;Romance
tt1681370;The Algerian ;Thriller
tt2414046;The Amazing Catfish ;Comedy
tt2414046;The Amazing Catfish ;Drama
tt0265343;Monsoon Wedding ;Comedy
tt0265343;Monsoon Wedding ;Drama
tt0265343;Monsoon Wedding ;Romance
tt0203230;You Can Count on Me ;Drama
tt0048750;The Trouble with Harry ;Comedy
tt0048750;The Trouble with Harry ;Mystery
tt0048750;The Trouble with Harry ;Romance
tt0179116;But I'm a Cheerleader ;Comedy
tt0179116;But I'm a Cheerleader ;Drama
tt2051894;Home Run ;Drama
tt2051894;Home Run ;Sport
tt0105236;Reservoir Dogs ;Crime
tt0105236;Reservoir Dogs ;Drama
tt0105236;Reservoir Dogs ;Thriller
tt0032264;The Blue Bird ;Drama
tt0032264;The Blue Bird ;Family
tt0032264;The Blue Bird ;Fantasy
tt0060196;The Good, the Bad and the Ugly ;Western
tt3742378;The Second Mother ;Comedy
tt3742378;The Second Mother ;Drama
tt1758575;Blue Like Jazz ;Comedy
tt1758575;Blue Like Jazz ;Drama
tt0283323;Down and Out with the Dolls ;Comedy
tt0283323;Down and Out with the Dolls ;Music
tt2035599;Pink Ribbons, Inc. ;Documentary
tt0976025;Certifiably Jonathan ;Comedy
tt0976025;Certifiably Jonathan ;Documentary
tt1879030;Q ;Drama
tt1349485;The Knife of Don Juan ;Comedy
tt1349485;The Knife of Don Juan ;Drama
tt0338075;Grand Theft Parsons ;Adventure
tt0338075;Grand Theft Parsons ;Comedy
tt0338075;Grand Theft Parsons ;Drama
tt0806147;Extreme Movie ;Comedy
tt0027438;The Charge of the Light Brigade ;Action
tt0027438;The Charge of the Light Brigade ;Adventure
tt0027438;The Charge of the Light Brigade ;Romance
tt1641388;Below Zero ;Thriller
tt2180333;Crowsnest ;Action
tt2180333;Crowsnest ;Horror
tt2180333;Crowsnest ;Mystery
tt0106233;Airborne ;Adventure
tt0106233;Airborne ;Comedy
tt0106233;Airborne ;Sport
tt0065579;Cotton Comes to Harlem ;Action
tt0065579;Cotton Comes to Harlem ;Comedy
tt1943014;The Wicked Within ;Horror
tt2622294;Bleeding Hearts ;Horror
tt0348333;Waiting... ;Comedy
tt0419677;Dead Man's Shoes ;Crime
tt0419677;Dead Man's Shoes ;Drama
tt0419677;Dead Man's Shoes ;Thriller
tt0091671;From a Whisper to a Scream ;Action
tt0091671;From a Whisper to a Scream ;Drama
tt0091671;From a Whisper to a Scream ;Horror
tt0304692;Sex with Strangers ;Documentary
tt0304692;Sex with Strangers ;Drama
tt0293113;Dracula: Pages from a Virgin's Diary ;Comedy
tt0293113;Dracula: Pages from a Virgin's Diary ;Horror
tt0293113;Dracula: Pages from a Virgin's Diary ;Musical
tt0850667;Faith Like Potatoes ;Drama
tt1534085;Beyond the Black Rainbow ;Sci-Fi
tt1534085;Beyond the Black Rainbow ;Thriller
tt1899353;The Raid: Redemption ;Action
tt1899353;The Raid: Redemption ;Crime
tt1899353;The Raid: Redemption ;Thriller
tt0923653;The Dead Undead ;Action
tt0923653;The Dead Undead ;Horror
tt0923653;The Dead Undead ;Sci-Fi
tt3043194;The Vatican Exorcisms ;Horror
tt0034583;Casablanca ;Drama
tt0034583;Casablanca ;Romance
tt0034583;Casablanca ;War
tt0816556;Lake Mungo ;Drama
tt0816556;Lake Mungo ;Horror
tt0816556;Lake Mungo ;Mystery
tt1434447;Rocket Singh: Salesman of the Year ;Comedy
tt1434447;Rocket Singh: Salesman of the Year ;Drama
tt0067756;Silent Running ;Drama
tt0067756;Silent Running ;Sci-Fi
tt0075148;Rocky ;Drama
tt0075148;Rocky ;Sport
tt2723576;The Sleepwalker ;Drama
tt0057590;Tom Jones ;Adventure
tt0057590;Tom Jones ;Comedy
tt0057590;Tom Jones ;History
tt3713166;Unfriended ;Horror
tt3713166;Unfriended ;Mystery
tt3713166;Unfriended ;Thriller
tt0075314;Taxi Driver ;Crime
tt0075314;Taxi Driver ;Drama
tt0082533;The Howling ;Horror
tt0055928;Dr. No ;Action
tt0055928;Dr. No ;Adventure
tt0055928;Dr. No ;Thriller
tt1991245;Chernobyl Diaries ;Horror
tt1991245;Chernobyl Diaries ;Mystery
tt1991245;Chernobyl Diaries ;Sci-Fi
tt0093177;Hellraiser ;Fantasy
tt0093177;Hellraiser ;Horror
tt4824308;God's Not Dead 2 ;Drama
tt0384286;Cry_Wolf ;Drama
tt0384286;Cry_Wolf ;Horror
tt0384286;Cry_Wolf ;Mystery
tt0188640;Godzilla 2000 ;Action
tt0188640;Godzilla 2000 ;Adventure
tt0188640;Godzilla 2000 ;Drama
tt1120985;Blue Valentine ;Drama
tt1120985;Blue Valentine ;Romance
tt0407265;Transamerica ;Adventure
tt0407265;Transamerica ;Comedy
tt0407265;Transamerica ;Drama
tt1560985;The Devil Inside ;Horror
tt0065466;Beyond the Valley of the Dolls ;Comedy
tt0065466;Beyond the Valley of the Dolls ;Drama
tt0065466;Beyond the Valley of the Dolls ;Music
tt0049452;Love Me Tender ;Drama
tt0049452;Love Me Tender ;Romance
tt0049452;Love Me Tender ;Western
tt0497116;An Inconvenient Truth ;Documentary
tt0041841;Sands of Iwo Jima ;Action
tt0041841;Sands of Iwo Jima ;Drama
tt0041841;Sands of Iwo Jima ;Romance
tt0893382;Shine a Light ;Biography
tt0893382;Shine a Light ;Documentary
tt0893382;Shine a Light ;Music
tt2403021;The Green Inferno ;Adventure
tt2403021;The Green Inferno ;Horror
tt2248739;Departure ;Drama
tt2248739;Departure ;Family
tt2248739;Departure ;Romance
tt1866249;The Sessions ;Biography
tt1866249;The Sessions ;Comedy
tt1866249;The Sessions ;Drama
tt1286537;Food, Inc. ;Documentary
tt1720182;October Baby ;Drama
tt0119778;Next Stop Wonderland ;Comedy
tt0119778;Next Stop Wonderland ;Drama
tt0119778;Next Stop Wonderland ;Romance
tt1571249;The Skeleton Twins ;Comedy
tt1571249;The Skeleton Twins ;Drama
tt1441326;Martha Marcy May Marlene ;Drama
tt1441326;Martha Marcy May Marlene ;Mystery
tt1441326;Martha Marcy May Marlene ;Thriller
tt2910274;Obvious Child ;Comedy
tt2910274;Obvious Child ;Drama
tt0978759;Frozen River ;Crime
tt0978759;Frozen River ;Drama
tt2396566;20 Feet from Stardom ;Documentary
tt2396566;20 Feet from Stardom ;Music
tt0124179;Two Girls and a Guy ;Comedy
tt0124179;Two Girls and a Guy ;Drama
tt0118113;Walking and Talking ;Comedy
tt0118113;Walking and Talking ;Drama
tt0118113;Walking and Talking ;Romance
tt0489037;Who Killed the Electric Car? ;Documentary
tt0222850;The Broken Hearts Club: A Romantic Comedy ;Comedy
tt0222850;The Broken Hearts Club: A Romantic Comedy ;Drama
tt0222850;The Broken Hearts Club: A Romantic Comedy ;Romance
tt0281686;Bubba Ho-Tep ;Comedy
tt0281686;Bubba Ho-Tep ;Fantasy
tt0281686;Bubba Ho-Tep ;Mystery
tt0139615;Slam ;Drama
tt0268200;Brigham City ;Crime
tt0268200;Brigham City ;Drama
tt0268200;Brigham City ;Mystery
tt0248012;Fiza ;Drama
tt0248012;Fiza ;Romance
tt0124819;Orgazmo ;Comedy
tt0124819;Orgazmo ;Sci-Fi
tt0299458;All the Real Girls ;Drama
tt0299458;All the Real Girls ;Romance
tt0119019;Dream with the Fishes ;Comedy
tt0119019;Dream with the Fishes ;Drama
tt0290145;Blue Car ;Drama
tt0160498;Luminarias ;Comedy
tt0160498;Luminarias ;Romance
tt2479800;Palo Alto ;Drama
tt1077262;Ajami ;Crime
tt1077262;Ajami ;Drama
tt0477139;Wristcutters: A Love Story ;Comedy
tt0477139;Wristcutters: A Love Story ;Drama
tt0477139;Wristcutters: A Love Story ;Fantasy
tt2884206;I Origins ;Drama
tt2884206;I Origins ;Romance
tt2884206;I Origins ;Sci-Fi
tt0357470;The Battle of Shaker Heights ;Comedy
tt0357470;The Battle of Shaker Heights ;Drama
tt0357470;The Battle of Shaker Heights ;Romance
tt2375605;The Act of Killing ;Biography
tt2375605;The Act of Killing ;Crime
tt2375605;The Act of Killing ;Documentary
tt0854678;Taxi to the Dark Side ;Crime
tt0854678;Taxi to the Dark Side ;Documentary
tt0854678;Taxi to the Dark Side ;War
tt0489247;Once in a Lifetime: The Extraordinary Story of the New York Cosmos ;Documentary
tt0489247;Once in a Lifetime: The Extraordinary Story of the New York Cosmos ;Sport
tt0428609;Guiana 1838 ;Drama
tt0233699;Lisa Picard Is Famous ;Comedy
tt0233699;Lisa Picard Is Famous ;Drama
tt2361700;Antarctica: A Year on Ice ;Adventure
tt2361700;Antarctica: A Year on Ice ;Biography
tt2361700;Antarctica: A Year on Ice ;Documentary
tt3214286;A Lego Brickumentary ;Documentary
tt1907639;Hardflip ;Action
tt1907639;Hardflip ;Drama
tt0454431;Chocolate: Deep Dark Secrets ;Thriller
tt1172994;The House of the Devil ;Horror
tt1334553;The Perfect Host ;Comedy
tt1334553;The Perfect Host ;Crime
tt1334553;The Perfect Host ;Thriller
tt0120813;Safe Men ;Comedy
tt0120813;Safe Men ;Crime
tt0155197;Speedway Junky ;Crime
tt0155197;Speedway Junky ;Drama
tt0155197;Speedway Junky ;Romance
tt0161743;The Last Big Thing ;Comedy
tt0161743;The Last Big Thing ;Drama
tt0181836;The Specials ;Action
tt0181836;The Specials ;Comedy
tt0181836;The Specials ;Fantasy
tt1130087;16 to Life ;Comedy
tt1130087;16 to Life ;Romance
tt0472259;Alone with Her ;Crime
tt0472259;Alone with Her ;Drama
tt0472259;Alone with Her ;Thriller
tt3277624;Creative Control ;Drama
tt3277624;Creative Control ;Sci-Fi
tt0479162;Special ;Comedy
tt0479162;Special ;Drama
tt0479162;Special ;Sci-Fi
tt0124137;Sparkler ;Comedy
tt0124137;Sparkler ;Drama
tt0401462;The Helix... Loaded ;Action
tt0401462;The Helix... Loaded ;Adventure
tt0401462;The Helix... Loaded ;Comedy
tt0487156;In Her Line of Fire ;Action
tt0487156;In Her Line of Fire ;Drama
tt0271020;The Jimmy Show ;Comedy
tt0271020;The Jimmy Show ;Drama
tt2852376;Heli ;Crime
tt2852376;Heli ;Drama
tt2852376;Heli ;Romance
tt4590482;Karachi se Lahore ;Comedy
tt4590482;Karachi se Lahore ;Family
tt0323120;Loving Annabelle ;Drama
tt0323120;Loving Annabelle ;Romance
tt3145220;Hits ;Comedy
tt3145220;Hits ;Drama
tt0425151;Jimmy and Judy ;Crime
tt0425151;Jimmy and Judy ;Drama
tt0425151;Jimmy and Judy ;Thriller
tt1414361;Frat Party ;Comedy
tt0060816;The Party's Over ;Drama
tt0393616;Proud ;Drama
tt1014806;The Poker House ;Drama
tt0867270;Childless ;Drama
tt1134674;ZMD: Zombies of Mass Destruction ;Comedy
tt1134674;ZMD: Zombies of Mass Destruction ;Horror
tt1134674;ZMD: Zombies of Mass Destruction ;Sci-Fi
tt2149137;Snow White: A Deadly Summer ;Horror
tt3289362;Hidden Away ;Drama
tt3289362;Hidden Away ;Romance
tt1679248;My Last Day Without You ;Comedy
tt1679248;My Last Day Without You ;Drama
tt1679248;My Last Day Without You ;Romance
tt0826751;Steppin: The Movie ;Comedy
tt0826751;Steppin: The Movie ;Music
tt3359872;Doc Holliday's Revenge ;Western
tt1930294;Black Rock ;Horror
tt1930294;Black Rock ;Thriller
tt1838722;Truth or Die ;Horror
tt1838722;Truth or Die ;Mystery
tt0825728;The Pet ;Drama
tt0825728;The Pet ;Thriller
tt2655734;Bang Bang Baby ;Drama
tt2655734;Bang Bang Baby ;Musical
tt2655734;Bang Bang Baby ;Sci-Fi
tt2165765;Fear Clinic ;Horror
tt2446502;Zombie Hunter ;Action
tt2446502;Zombie Hunter ;Comedy
tt2446502;Zombie Hunter ;Horror
tt1604100;A Fine Step ;Drama
tt0062794;Charly ;Drama
tt0062794;Charly ;Romance
tt0062794;Charly ;Sci-Fi
tt2011276;Banshee Chapter ;Horror
tt2011276;Banshee Chapter ;Thriller
tt2505294;Ask Me Anything ;Drama
tt0825346;And Then Came Love ;Comedy
tt0825346;And Then Came Love ;Romance
tt2141739;Food Chains ;Documentary
tt2141739;Food Chains ;News
tt0047296;On the Waterfront ;Crime
tt0047296;On the Waterfront ;Drama
tt0047296;On the Waterfront ;Romance
tt1726589;L!fe Happens ;Comedy
tt1032846;4 Months, 3 Weeks and 2 Days ;Drama
tt3034146;The Horror Network Vol. 1 ;Horror
tt0424136;Hard Candy ;Crime
tt0424136;Hard Candy ;Drama
tt0424136;Hard Candy ;Thriller
tt0414951;The Quiet ;Drama
tt0414951;The Quiet ;Thriller
tt1684628;Circumstance ;Drama
tt2334649;Fruitvale Station ;Biography
tt2334649;Fruitvale Station ;Drama
tt2334649;Fruitvale Station ;Romance
tt1935902;The Brass Teapot ;Comedy
tt1935902;The Brass Teapot ;Fantasy
tt1935902;The Brass Teapot ;Thriller
tt0034492;Bambi ;Animation
tt0034492;Bambi ;Drama
tt0034492;Bambi ;Family
tt0814130;The Hammer ;Comedy
tt0814130;The Hammer ;Romance
tt0814130;The Hammer ;Sport
tt0345551;Latter Days ;Comedy
tt0345551;Latter Days ;Drama
tt0345551;Latter Days ;Romance
tt1852001;Elza ;Drama
tt2388621;1982 ;Drama
tt1996264;For a Good Time, Call... ;Comedy
tt1405365;Celeste & Jesse Forever ;Comedy
tt1405365;Celeste & Jesse Forever ;Drama
tt1405365;Celeste & Jesse Forever ;Romance
tt0295725;Time Changer ;Drama
tt0295725;Time Changer ;Fantasy
tt0295725;Time Changer ;Sci-Fi
tt0490166;London to Brighton ;Crime
tt0490166;London to Brighton ;Drama
tt0490166;London to Brighton ;Thriller
tt4733536;American Hero ;Action
tt4733536;American Hero ;Comedy
tt4733536;American Hero ;Drama
tt2311428;Windsor Drive ;Mystery
tt2311428;Windsor Drive ;Thriller
tt1832382;A Separation ;Drama
tt1832382;A Separation ;Mystery
tt1349478;Crying with Laughter ;Thriller
tt0114906;Welcome to the Dollhouse ;Comedy
tt0114906;Welcome to the Dollhouse ;Drama
tt0108000;Ruby in Paradise ;Drama
tt0108000;Ruby in Paradise ;Romance
tt0316188;Raising Victor Vargas ;Drama
tt0316188;Raising Victor Vargas ;Romance
tt0018737;Pandora's Box ;Crime
tt0018737;Pandora's Box ;Drama
tt0018737;Pandora's Box ;Romance
tt0870118;Harrison Montgomery ;Drama
tt0356453;Live-In Maid ;Drama
tt0158583;Deterrence ;Drama
tt0158583;Deterrence ;Thriller
tt0339419;The Mudge Boy ;Crime
tt0339419;The Mudge Boy ;Drama
tt0339419;The Mudge Boy ;Romance
tt0186719;The Young Unknowns ;Drama
tt3569356;Not Cool ;Comedy
tt1278340;Dead Snow ;Comedy
tt1278340;Dead Snow ;Horror
tt0373283;Saints and Soldiers ;Action
tt0373283;Saints and Soldiers ;Adventure
tt0373283;Saints and Soldiers ;Drama
tt2164708;Vessel ;Horror
tt2164708;Vessel ;Sci-Fi
tt2164708;Vessel ;Short
tt0069704;American Graffiti ;Comedy
tt0069704;American Graffiti ;Drama
tt0069704;American Graffiti ;Music
tt0815181;Iraq for Sale: The War Profiteers ;Documentary
tt0815181;Iraq for Sale: The War Profiteers ;War
tt0455326;Aqua Teen Hunger Force Colon Movie Film for Theaters ;Action
tt0455326;Aqua Teen Hunger Force Colon Movie Film for Theaters ;Adventure
tt0455326;Aqua Teen Hunger Force Colon Movie Film for Theaters ;Animation
tt1862079;Safety Not Guaranteed ;Comedy
tt1862079;Safety Not Guaranteed ;Drama
tt1862079;Safety Not Guaranteed ;Romance
tt1999192;Kevin Hart: Laugh at My Pain ;Comedy
tt1999192;Kevin Hart: Laugh at My Pain ;Documentary
tt1788391;Kill List ;Crime
tt1788391;Kill List ;Horror
tt1788391;Kill List ;Thriller
tt1594562;The Innkeepers ;Horror
tt0065571;The Conformist ;Drama
tt0308411;Interview with the Assassin ;Drama
tt0988849;Donkey Punch ;Crime
tt0988849;Donkey Punch ;Drama
tt0988849;Donkey Punch ;Horror
tt0490076;All the Boys Love Mandy Lane ;Horror
tt0997143;Bled ;Horror
tt0044706;High Noon ;Thriller
tt0044706;High Noon ;Western
tt0110057;Hoop Dreams ;Documentary
tt0110057;Hoop Dreams ;Drama
tt0110057;Hoop Dreams ;Sport
tt0436724;Rize ;Documentary
tt0436724;Rize ;Music
tt2983582;Destiny ;Action
tt2983582;Destiny ;Adventure
tt2983582;Destiny ;Fantasy
tt0242587;L.I.E. ;Crime
tt0242587;L.I.E. ;Drama
tt1015471;The Sisterhood of Night ;Drama
tt1015471;The Sisterhood of Night ;Mystery
tt1015471;The Sisterhood of Night ;Thriller
tt0964179;B-Girl ;Drama
tt0964179;B-Girl ;Music
tt0964179;B-Girl ;Romance
tt0468489;Half Nelson ;Drama
tt0133117;Naturally Native ;Drama
tt0126938;Hav Plenty ;Comedy
tt4044464;Adulterers ;Crime
tt4044464;Adulterers ;Drama
tt4044464;Adulterers ;Thriller
tt2187884;Escape from Tomorrow ;Fantasy
tt2187884;Escape from Tomorrow ;Horror
tt1510934;Starsuckers ;Documentary
tt2139721;The Hadza: Last of the First ;Documentary
tt1799508;After ;Fantasy
tt1799508;After ;Horror
tt1799508;After ;Mystery
tt2380301;Treachery ;Drama
tt2380301;Treachery ;Thriller
tt2016335;Walter ;Comedy
tt2016335;Walter ;Drama
tt0027125;Top Hat ;Comedy
tt0027125;Top Hat ;Musical
tt0027125;Top Hat ;Romance
tt0185937;The Blair Witch Project ;Horror
tt0066580;Woodstock ;Documentary
tt0066580;Woodstock ;History
tt0066580;Woodstock ;Music
tt0076257;The Kentucky Fried Movie ;Comedy
tt0243415;Mercy Streets ;Action
tt0243415;Mercy Streets ;Crime
tt0243415;Mercy Streets ;Drama
tt1074931;Arnolds Park ;Mystery
tt1074931;Arnolds Park ;Thriller
tt0149964;Broken Vessels ;Drama
tt2052015;Water & Power ;Crime
tt2052015;Water & Power ;Drama
tt4333662;They Will Have to Kill Us First ;Documentary
tt0331225;Crop Circles: Quest for Truth ;Documentary
tt3130704;Light from the Darkroom ;Action
tt3130704;Light from the Darkroom ;Drama
tt3130704;Light from the Darkroom ;Thriller
tt5078326;Irreplaceable ;Comedy
tt5078326;Irreplaceable ;Drama
tt2263814;The Maid's Room ;Thriller
tt0058182;A Hard Day's Night ;Comedy
tt0058182;A Hard Day's Night ;Musical
tt1981703;The Harvest/La Cosecha ;Documentary
tt0085871;Love Letters ;Drama
tt0085871;Love Letters ;Romance
tt4374230;Julija in alfa Romeo ;Comedy
tt1129423;Fireproof ;Drama
tt1129423;Fireproof ;Romance
tt2768766;Faith Connections ;Biography
tt2768766;Faith Connections ;Documentary
tt2768766;Faith Connections ;Drama
tt0071206;Benji ;Adventure
tt0071206;Benji ;Family
tt0071206;Benji ;Romance
tt0374102;Open Water ;Adventure
tt0374102;Open Water ;Biography
tt0374102;Open Water ;Drama
tt1692084;High Road ;Comedy
tt0076271;Kingdom of the Spiders ;Horror
tt0076271;Kingdom of the Spiders ;Sci-Fi
tt0438205;Mad Hot Ballroom ;Documentary
tt0438205;Mad Hot Ballroom ;Family
tt0438205;Mad Hot Ballroom ;Music
tt0340377;The Station Agent ;Comedy
tt0340377;The Station Agent ;Drama
tt1270286;To Save a Life ;Drama
tt0492506;Wordplay ;Documentary
tt0218043;Beyond the Mat ;Biography
tt0218043;Beyond the Mat ;Documentary
tt0218043;Beyond the Mat ;Sport
tt0306069;The Singles Ward ;Comedy
tt0306069;The Singles Ward ;Drama
tt0306069;The Singles Ward ;Romance
tt0368913;Osama ;Drama
tt1976608;Sholem Aleichem: Laughing in the Darkness ;Documentary
tt0212974;Groove ;Drama
tt0212974;Groove ;Music
tt0341540;The R.M. ;Comedy
tt0341540;The R.M. ;Crime
tt0341540;The R.M. ;Family
tt0162830;Twin Falls Idaho ;Drama
tt0377091;Mean Creek ;Crime
tt0377091;Mean Creek ;Drama
tt0119338;Hurricane Streets ;Crime
tt0119338;Hurricane Streets ;Drama
tt0119338;Hurricane Streets ;Romance
tt0244094;Never Again ;Comedy
tt0244094;Never Again ;Romance
tt0326806;Civil Brand ;Crime
tt0326806;Civil Brand ;Drama
tt0326806;Civil Brand ;Thriller
tt0385056;Lonesome Jim ;Comedy
tt0385056;Lonesome Jim ;Drama
tt2265398;Drinking Buddies ;Comedy
tt2265398;Drinking Buddies ;Drama
tt2265398;Drinking Buddies ;Romance
tt2654360;Deceptive Practice: The Mysteries and Mentors of Ricky Jay ;Documentary
tt0047478;Seven Samurai ;Action
tt0047478;Seven Samurai ;Adventure
tt0047478;Seven Samurai ;Drama
tt1606829;The Other Dream Team ;Documentary
tt1606829;The Other Dream Team ;Sport
tt0104567;Johnny Suede ;Comedy
tt0104567;Johnny Suede ;Music
tt0104567;Johnny Suede ;Romance
tt0843850;Finishing the Game: The Search for a New Bruce Lee ;Comedy
tt1612774;Rubber ;Comedy
tt1612774;Rubber ;Fantasy
tt1612774;Rubber ;Horror
tt0893346;Kiss the Bride ;Comedy
tt0893346;Kiss the Bride ;Romance
tt0266971;The Slaughter Rule ;Drama
tt0266971;The Slaughter Rule ;Sport
tt1470827;Monsters ;Drama
tt1470827;Monsters ;Sci-Fi
tt1470827;Monsters ;Thriller
tt0377043;The Californians ;Drama
tt0489212;The Living Wake ;Comedy
tt1865346;Detention of the Dead ;Comedy
tt1865346;Detention of the Dead ;Horror
tt0843270;Crazy Stone ;Comedy
tt0843270;Crazy Stone ;Crime
tt0486541;Scott Walker: 30 Century Man ;Biography
tt0486541;Scott Walker: 30 Century Man ;Documentary
tt0486541;Scott Walker: 30 Century Man ;Music
tt0228277;Everything Put Together ;Drama
tt3297330;Good Kill ;Drama
tt3297330;Good Kill ;Thriller
tt0455556;Insomnia Manica ;Thriller
tt2825768;The Outrageous Sophie Tucker ;Documentary
tt1937264;Now Is Good ;Drama
tt1937264;Now Is Good ;Romance
tt1884318;Girls Gone Dead ;Comedy
tt1884318;Girls Gone Dead ;Horror
tt3417110;America Is Still the Place ;History
tt2909932;Subconscious ;Action
tt2909932;Subconscious ;Mystery
tt2909932;Subconscious ;Thriller
tt1631707;Enter Nowhere ;Mystery
tt1631707;Enter Nowhere ;Thriller
tt2275671;The King of Najayo ;Crime
tt2275671;The King of Najayo ;Drama
tt3152288;Fight to the Finish ;Action
tt3152288;Fight to the Finish ;Romance
tt3152288;Fight to the Finish ;Sport
tt3892618;Alleluia! The Devil's Carnival ;Horror
tt3892618;Alleluia! The Devil's Carnival ;Musical
tt2190180;The Sound and the Shadow ;Comedy
tt2190180;The Sound and the Shadow ;Mystery
tt2190180;The Sound and the Shadow ;Thriller
tt4062896;Rodeo Girl ;Family
tt2246526;Born to Fly: Elizabeth Streb vs. Gravity ;Action
tt2246526;Born to Fly: Elizabeth Streb vs. Gravity ;Biography
tt2246526;Born to Fly: Elizabeth Streb vs. Gravity ;Documentary
tt3846442;The Little Ponderosa Zoo ;Family
tt0090190;The Toxic Avenger ;Action
tt0090190;The Toxic Avenger ;Comedy
tt0090190;The Toxic Avenger ;Horror
tt0102989;Straight Out of Brooklyn ;Crime
tt0102989;Straight Out of Brooklyn ;Drama
tt0280491;Bloody Sunday ;Drama
tt0280491;Bloody Sunday ;History
tt0280491;Bloody Sunday ;War
tt2111292;Diamond Ruff ;Action
tt0435623;Conversations with Other Women ;Comedy
tt0435623;Conversations with Other Women ;Drama
tt0435623;Conversations with Other Women ;Romance
tt0462485;Poultrygeist: Night of the Chicken Dead ;Comedy
tt0462485;Poultrygeist: Night of the Chicken Dead ;Horror
tt0462485;Poultrygeist: Night of the Chicken Dead ;Musical
tt2112209;Mutual Friends ;Comedy
tt2112209;Mutual Friends ;Romance
tt0024034;42nd Street ;Comedy
tt0024034;42nd Street ;Musical
tt0024034;42nd Street ;Romance
tt4273494;Rise of the Entrepreneur: The Search for a Better Way ;Documentary
tt0100142;Metropolitan ;Comedy
tt0100142;Metropolitan ;Drama
tt0100142;Metropolitan ;Romance
tt0382330;As It Is in Heaven ;Comedy
tt0382330;As It Is in Heaven ;Drama
tt0382330;As It Is in Heaven ;Music
tt1958007;Roadside ;Drama
tt1958007;Roadside ;Horror
tt1958007;Roadside ;Mystery
tt0374900;Napoleon Dynamite ;Comedy
tt2359024;Blue Ruin ;Crime
tt2359024;Blue Ruin ;Drama
tt2359024;Blue Ruin ;Thriller
tt1179904;Paranormal Activity ;Horror
tt0275309;Dogtown and Z-Boys ;Documentary
tt0275309;Dogtown and Z-Boys ;Sport
tt0071853;Monty Python and the Holy Grail ;Adventure
tt0071853;Monty Python and the Holy Grail ;Comedy
tt0071853;Monty Python and the Holy Grail ;Fantasy
tt0451176;Quinceañera ;Drama
tt0396041;Gory Gory Hallelujah ;Comedy
tt0396041;Gory Gory Hallelujah ;Fantasy
tt0396041;Gory Gory Hallelujah ;Horror
tt0390538;Tarnation ;Biography
tt0390538;Tarnation ;Documentary
tt1560957;I Want Your Money ;Documentary
tt2403415;Love in the Time of Monsters ;Comedy
tt2403415;Love in the Time of Monsters ;Horror
tt0082307;The Beyond ;Horror
tt1033643;What Happens in Vegas ;Comedy
tt1033643;What Happens in Vegas ;Romance
tt0402249;The Dark Hours ;Horror
tt0402249;The Dark Hours ;Thriller
tt0091578;My Beautiful Laundrette ;Comedy
tt0091578;My Beautiful Laundrette ;Drama
tt0091578;My Beautiful Laundrette ;Romance
tt0299863;Fabled ;Drama
tt0299863;Fabled ;Horror
tt0299863;Fabled ;Mystery
tt0414510;Show Me ;Drama
tt0414510;Show Me ;Thriller
tt0069467;Cries & Whispers ;Drama
tt0006864;Intolerance: Love's Struggle Throughout the Ages ;Drama
tt0006864;Intolerance: Love's Struggle Throughout the Ages ;History
tt0006864;Intolerance: Love's Struggle Throughout the Ages ;War
tt0120370;Trekkies ;Documentary
tt0019729;The Broadway Melody ;Musical
tt0019729;The Broadway Melody ;Romance
tt0083907;The Evil Dead ;Fantasy
tt0083907;The Evil Dead ;Horror
tt2103217;Maniac ;Horror
tt2103217;Maniac ;Thriller
tt3457376;Censored Voices ;Documentary
tt3457376;Censored Voices ;History
tt0436613;Murderball ;Documentary
tt0436613;Murderball ;Sport
tt0092548;American Ninja 2: The Confrontation ;Action
tt0092548;American Ninja 2: The Confrontation ;Drama
tt0468442;51 Birch Street ;Documentary
tt4162992;Rotor DR1 ;Family
tt4162992;Rotor DR1 ;Sci-Fi
tt0050083;12 Angry Men ;Crime
tt0050083;12 Angry Men ;Drama
tt0843358;My Dog Tulip ;Animation
tt0843358;My Dog Tulip ;Drama
tt0025316;It Happened One Night ;Comedy
tt0025316;It Happened One Night ;Romance
tt1379182;Dogtooth ;Drama
tt1379182;Dogtooth ;Thriller
tt0343121;Tupac: Resurrection ;Biography
tt0343121;Tupac: Resurrection ;Documentary
tt0343121;Tupac: Resurrection ;Music
tt0161023;Tumbleweeds ;Comedy
tt0161023;Tumbleweeds ;Drama
tt0114194;The Prophecy ;Action
tt0114194;The Prophecy ;Fantasy
tt0114194;The Prophecy ;Horror
tt0115856;When the Cat's Away ;Comedy
tt0115856;When the Cat's Away ;Romance
tt0311648;Pieces of April ;Comedy
tt0311648;Pieces of April ;Drama
tt0118717;The Big Swap ;Drama
tt0468526;Old Joy ;Drama
tt1152850;Wendy and Lucy ;Drama
tt1314190;3 Backyards ;Drama
tt0059592;Pierrot le Fou ;Crime
tt0059592;Pierrot le Fou ;Drama
tt0059592;Pierrot le Fou ;Romance
tt0474361;Sisters in Law ;Documentary
tt0221809;Ayurveda: Art of Being ;Documentary
tt0058414;Nothing But a Man ;Drama
tt0058414;Nothing But a Man ;Romance
tt0128214;First Love, Last Rites ;Drama
tt0128214;First Love, Last Rites ;Romance
tt0366444;Fighting Tommy Riley ;Drama
tt0366444;Fighting Tommy Riley ;Sport
tt0421237;Royal Kill ;Action
tt0421237;Royal Kill ;Thriller
tt2912776;The Looking Glass ;Drama
tt2912776;The Looking Glass ;Music
tt0072856;Death Race 2000 ;Action
tt0072856;Death Race 2000 ;Comedy
tt0072856;Death Race 2000 ;Sci-Fi
tt1241226;Locker 13 ;Thriller
tt0100146;Midnight Cabaret ;Horror
tt0393049;Anderson's Cross ;Comedy
tt0393049;Anderson's Cross ;Drama
tt0393049;Anderson's Cross ;Romance
tt3904272;Bizarre ;Drama
tt3904272;Bizarre ;Musical
tt3904272;Bizarre ;Romance
tt0082467;Graduation Day ;Horror
tt0082467;Graduation Day ;Mystery
tt1568341;Some Guy Who Kills People ;Comedy
tt1568341;Some Guy Who Kills People ;Crime
tt1568341;Some Guy Who Kills People ;Drama
tt1971352;Compliance ;Biography
tt1971352;Compliance ;Crime
tt1971352;Compliance ;Drama
tt0118842;Chasing Amy ;Comedy
tt0118842;Chasing Amy ;Drama
tt0118842;Chasing Amy ;Romance
tt0258273;Lovely & Amazing ;Comedy
tt0258273;Lovely & Amazing ;Drama
tt0258273;Lovely & Amazing ;Romance
tt1328873;Death Calls ;Action
tt1328873;Death Calls ;Adventure
tt1328873;Death Calls ;Mystery
tt0280477;Better Luck Tomorrow ;Crime
tt0280477;Better Luck Tomorrow ;Drama
tt0280477;Better Luck Tomorrow ;Romance
tt0113416;The Incredibly True Adventure of Two Girls in Love ;Comedy
tt0113416;The Incredibly True Adventure of Two Girls in Love ;Drama
tt0113416;The Incredibly True Adventure of Two Girls in Love ;Romance
tt0200530;Chuck & Buck ;Comedy
tt0200530;Chuck & Buck ;Drama
tt0203289;American Desi ;Comedy
tt0203289;American Desi ;Drama
tt0203289;American Desi ;Romance
tt3976258;Amidst the Devil's Wings ;Action
tt3976258;Amidst the Devil's Wings ;Crime
tt3976258;Amidst the Devil's Wings ;Drama
tt0123755;Cube ;Mystery
tt0123755;Cube ;Sci-Fi
tt0123755;Cube ;Thriller
tt0116931;Love and Other Catastrophes ;Comedy
tt0116931;Love and Other Catastrophes ;Romance
tt0119346;I Married a Strange Person! ;Animation
tt0119346;I Married a Strange Person! ;Comedy
tt0119346;I Married a Strange Person! ;Drama
tt0368089;November ;Drama
tt0368089;November ;Mystery
tt0368089;November ;Thriller
tt1758692;Like Crazy ;Drama
tt1758692;Like Crazy ;Romance
tt1991199;Teeth and Blood ;Horror
tt0173390;Sugar Town ;Comedy
tt0173390;Sugar Town ;Music
tt0436607;The Motel ;Comedy
tt0436607;The Motel ;Drama
tt2292959;The Canyons ;Drama
tt2292959;The Canyons ;Thriller
tt0389235;On the Outs ;Drama
tt0952682;Shotgun Stories ;Drama
tt0952682;Shotgun Stories ;Thriller
tt1258197;Exam ;Mystery
tt1258197;Exam ;Thriller
tt0127302;The Sticky Fingers of Time ;Sci-Fi
tt1270792;Sunday School Musical ;Drama
tt1270792;Sunday School Musical ;Musical
tt1360826;Rust ;Drama
tt1071804;Ink ;Action
tt1071804;Ink ;Drama
tt1071804;Ink ;Fantasy
tt1640714;The Christmas Bunny ;Drama
tt1640714;The Christmas Bunny ;Family
tt1003002;Jesus People ;Comedy
tt1003002;Jesus People ;Short
tt0082122;Butterfly ;Crime
tt0082122;Butterfly ;Drama
tt3564748;UnDivided ;Documentary
tt2363439;The Frozen ;Horror
tt2363439;The Frozen ;Thriller
tt3421204;Horse Camp ;Family
tt2559658;Give Me Shelter ;Documentary
tt0015624;The Big Parade ;Drama
tt0015624;The Big Parade ;Romance
tt0015624;The Big Parade ;War
tt0469690;Little Big Top ;Comedy
tt2290113;Along the Roadside ;Comedy
tt2290113;Along the Roadside ;Music
tt2290113;Along the Roadside ;Romance
tt1172570;Bronson ;Action
tt1172570;Bronson ;Biography
tt1172570;Bronson ;Crime
tt3210710;Western Religion ;Adventure
tt3210710;Western Religion ;Drama
tt3210710;Western Religion ;Fantasy
tt1781784;Burn ;Documentary
tt0182508;Urbania ;Drama
tt0168192;The Stewardesses ;Comedy
tt0168192;The Stewardesses ;Drama
tt0045546;The Beast from 20,000 Fathoms ;Adventure
tt0045546;The Beast from 20,000 Fathoms ;Horror
tt0045546;The Beast from 20,000 Fathoms ;Sci-Fi
tt0079501;Mad Max ;Action
tt0079501;Mad Max ;Adventure
tt0079501;Mad Max ;Sci-Fi
tt0117802;Swingers ;Comedy
tt0117802;Swingers ;Drama
tt0058461;A Fistful of Dollars ;Action
tt0058461;A Fistful of Dollars ;Drama
tt0058461;A Fistful of Dollars ;Western
tt0024548;She Done Him Wrong ;Comedy
tt0024548;She Done Him Wrong ;Drama
tt0024548;She Done Him Wrong ;History
tt0420723;Short Cut to Nirvana: Kumbh Mela ;Documentary
tt1544600;The Grace Card ;Drama
tt1211890;Middle of Nowhere ;Drama
tt1517177;3 ;Comedy
tt1517177;3 ;Drama
tt1517177;3 ;Romance
tt0303313;The Business of Fancydancing ;Drama
tt0303313;The Business of Fancydancing ;Music
tt1301130;Call + Response ;Documentary
tt1301130;Call + Response ;History
tt1301130;Call + Response ;Music
tt0388230;Malevolence ;Crime
tt0388230;Malevolence ;Horror
tt0388230;Malevolence ;Mystery
tt2690560;Shooting the Warwicks ;Comedy
tt2690560;Shooting the Warwicks ;Drama
tt1152827;Super Hybrid ;Horror
tt1152827;Super Hybrid ;Sci-Fi
tt1152827;Super Hybrid ;Thriller
tt0923600;Baghead ;Comedy
tt0923600;Baghead ;Drama
tt0923600;Baghead ;Horror
tt3565836;Solitude ;Comedy
tt3565836;Solitude ;Horror
tt3565836;Solitude ;Mystery
tt0437123;The Case of the Grinning Cat ;Documentary
tt0048452;Ordet ;Drama
tt0048452;Ordet ;Fantasy
tt0944101;Good Dick ;Comedy
tt0944101;Good Dick ;Drama
tt0944101;Good Dick ;Romance
tt0756683;The Man from Earth ;Drama
tt0756683;The Man from Earth ;Romance
tt0756683;The Man from Earth ;Sci-Fi
tt0446055;The Trials of Darryl Hunt ;Crime
tt0446055;The Trials of Darryl Hunt ;Documentary
tt0412366;An American Girl Holiday ;Drama
tt0412366;An American Girl Holiday ;Family
tt0448182;Yesterday Was a Lie ;Drama
tt0448182;Yesterday Was a Lie ;Music
tt0448182;Yesterday Was a Lie ;Mystery
tt1989646;Theresa Is a Mother ;Comedy
tt1989646;Theresa Is a Mother ;Drama
tt1989646;Theresa Is a Mother ;Music
tt3666210;H. ;Drama
tt3666210;H. ;Sci-Fi
tt3666210;H. ;Thriller
tt1702455;Archaeology of a Woman ;Drama
tt0118849;Children of Heaven ;Drama
tt0118849;Children of Heaven ;Family
tt1714210;Weekend ;Drama
tt1714210;Weekend ;Romance
tt0091939;She's Gotta Have It ;Comedy
tt0091939;She's Gotta Have It ;Romance
tt2421956;Butterfly Girl ;Documentary
tt4707756;The World Is Mine ;Drama
tt1549572;Another Earth ;Drama
tt1549572;Another Earth ;Romance
tt1549572;Another Earth ;Sci-Fi
tt0067810;Sweet Sweetback's Baadasssss Song ;Crime
tt0067810;Sweet Sweetback's Baadasssss Song ;Drama
tt0067810;Sweet Sweetback's Baadasssss Song ;Thriller
tt3581098;Perfect Cowboy ;Drama
tt0271219;Tadpole ;Comedy
tt0271219;Tadpole ;Drama
tt0271219;Tadpole ;Romance
tt0907657;Once ;Drama
tt0907657;Once ;Music
tt0907657;Once ;Romance
tt0217894;The Woman Chaser ;Comedy
tt1333668;The Horse Boy ;Documentary
tt1743993;When the Lights Went Out ;Horror
tt1934172;Heroes of Dirt ;Action
tt1934172;Heroes of Dirt ;Drama
tt1934172;Heroes of Dirt ;Sport
tt0059026;A Charlie Brown Christmas ;Animation
tt0059026;A Charlie Brown Christmas ;Comedy
tt0059026;A Charlie Brown Christmas ;Family
tt2780714;Antarctic Edge: 70° South ;Adventure
tt2780714;Antarctic Edge: 70° South ;Documentary
tt2403815;Aroused ;Documentary
tt4219836;Top Spin ;Documentary
tt0098213;Roger & Me ;Documentary
tt2125430;An American in Hollywood ;Drama
tt1748207;Sound of My Voice ;Drama
tt1748207;Sound of My Voice ;Mystery
tt1748207;Sound of My Voice ;Sci-Fi
tt2638024;The Brain That Sings ;Documentary
tt2638024;The Brain That Sings ;Family
tt0488873;The Blood of My Brother ;Documentary
tt0488873;The Blood of My Brother ;War
tt1742336;Your Sister's Sister ;Comedy
tt1742336;Your Sister's Sister ;Drama
tt4607906;Romantic Schemer ;Romance
tt0796314;A Dog's Breakfast ;Comedy
tt0058701;Une Femme Mariée ;Drama
tt4196450;The Birth of a Nation ;Biography
tt4196450;The Birth of a Nation ;Drama
tt0339921;The Work and the Story ;Comedy
tt0805526;Facing the Giants ;Drama
tt0805526;Facing the Giants ;Sport
tt2309260;The Gallows ;Horror
tt2309260;The Gallows ;Thriller
tt0074486;Eraserhead ;Fantasy
tt0074486;Eraserhead ;Horror
tt0074486;Eraserhead ;Sci-Fi
tt0011549;Over the Hill to the Poorhouse ;Crime
tt0011549;Over the Hill to the Poorhouse ;Drama
tt0093200;Hollywood Shuffle ;Comedy
tt0119670;The Mighty ;Comedy
tt0119670;The Mighty ;Drama
tt0079709;Penitentiary ;Crime
tt0079709;Penitentiary ;Drama
tt0079709;Penitentiary ;Sport
tt0307109;The Lost Skeleton of Cadavra ;Comedy
tt0307109;The Lost Skeleton of Cadavra ;Horror
tt0307109;The Lost Skeleton of Cadavra ;Sci-Fi
tt3109200;Dude, Where's My Dog?! ;Family
tt2389182;Cheap Thrills ;Comedy
tt2389182;Cheap Thrills ;Crime
tt2389182;Cheap Thrills ;Drama
tt1942884;Indie Game: The Movie ;Documentary
tt0480011;Closure ;Thriller
tt0040671;Open Secret ;Crime
tt0040671;Open Secret ;Drama
tt2343473;Echo Dr. ;Action
tt2343473;Echo Dr. ;Drama
tt2343473;Echo Dr. ;Sci-Fi
tt0066141;The Night Visitor ;Crime
tt0066141;The Night Visitor ;Horror
tt0066141;The Night Visitor ;Thriller
tt3072636;The Past is a Grotesque Animal ;Biography
tt3072636;The Past is a Grotesque Animal ;Documentary
tt3072636;The Past is a Grotesque Animal ;Music
tt0428959;Peace, Propaganda & the Promised Land ;Documentary
tt0138704;Pi ;Drama
tt0138704;Pi ;Mystery
tt0138704;Pi ;Thriller
tt0130019;I Love You, Don't Touch Me! ;Comedy
tt0130019;I Love You, Don't Touch Me! ;Romance
tt0138987;20 Dates ;Biography
tt0138987;20 Dates ;Comedy
tt0138987;20 Dates ;Romance
tt2319456;Queen Crab ;Action
tt2319456;Queen Crab ;Sci-Fi
tt2319456;Queen Crab ;Thriller
tt0390521;Super Size Me ;Comedy
tt0390521;Super Size Me ;Documentary
tt0390521;Super Size Me ;Drama
tt1296373;The FP ;Comedy
tt2955096;Happy Christmas ;Comedy
tt2955096;Happy Christmas ;Drama
tt0052646;The Brain That Wouldn't Die ;Horror
tt0052646;The Brain That Wouldn't Die ;Sci-Fi
tt2866824;Tiger Orange ;Drama
tt1874789;Supporting Characters ;Comedy
tt1610996;Absentia ;Drama
tt1610996;Absentia ;Horror
tt1610996;Absentia ;Mystery
tt0112585;The Brothers McMullen ;Comedy
tt0112585;The Brothers McMullen ;Drama
tt0112585;The Brothers McMullen ;Romance
tt2334896;The Dirties ;Crime
tt2334896;The Dirties ;Drama
tt2334896;The Dirties ;Thriller
tt0085575;Gabriela ;Comedy
tt0085575;Gabriela ;Drama
tt0085575;Gabriela ;Romance
tt1570989;Tiny Furniture ;Comedy
tt1570989;Tiny Furniture ;Drama
tt1570989;Tiny Furniture ;Romance
tt1861343;Hayride ;Crime
tt1861343;Hayride ;Drama
tt1861343;Hayride ;Horror
tt0381053;The Naked Ape ;Comedy
tt0381053;The Naked Ape ;Drama
tt4462082;Counting ;Documentary
tt0478988;The Call of Cthulhu ;Fantasy
tt0478988;The Call of Cthulhu ;Horror
tt0478988;The Call of Cthulhu ;Mystery
tt2181837;Bending Steel ;Documentary
tt2910814;The Signal ;Sci-Fi
tt2910814;The Signal ;Thriller
tt2294916;The Image Revolution ;Biography
tt2294916;The Image Revolution ;Documentary
tt1798291;This Is Martin Bonner ;Drama
tt1524083;A True Story ;Comedy
tt0262432;George Washington ;Drama
tt0162348;Smiling Fish & Goat on Fire ;Comedy
tt0162348;Smiling Fish & Goat on Fire ;Romance
tt3157318;Dawn of the Crescent Moon ;Drama
tt3157318;Dawn of the Crescent Moon ;Sci-Fi
tt3157318;Dawn of the Crescent Moon ;Thriller
tt1716760;Raymond Did It ;Horror
tt0077838;The Last Waltz ;Documentary
tt0077838;The Last Waltz ;Music
tt2442662;Run, Hide, Die ;Horror
tt2442662;Run, Hide, Die ;Thriller
tt1294161;The Exploding Girl ;Drama
tt1073221;The Legend of God's Gun ;Western
tt0446747;Mutual Appreciation ;Comedy
tt2469216;Her Cry: La Llorona Investigation ;Horror
tt1489167;Down Terrace ;Comedy
tt1489167;Down Terrace ;Crime
tt1489167;Down Terrace ;Drama
tt0109445;Clerks ;Comedy
tt0067580;Pink Narcissus ;Drama
tt0067580;Pink Narcissus ;Fantasy
tt0327753;Funny Ha Ha ;Comedy
tt0327753;Funny Ha Ha ;Drama
tt0119361;In the Company of Men ;Comedy
tt0119361;In the Company of Men ;Drama
tt0298050;Manito ;Drama
tt0298050;Manito ;Family
tt1337057;Rampage ;Action
tt1337057;Rampage ;Crime
tt1337057;Rampage ;Thriller
tt0102943;Slacker ;Comedy
tt0102943;Slacker ;Drama
tt2759066;Dutch Kills ;Crime
tt2759066;Dutch Kills ;Drama
tt2759066;Dutch Kills ;Thriller
tt2375036;Dry Spell ;Comedy
tt2375036;Dry Spell ;Romance
tt0425027;Flywheel ;Drama
tt1945044;Exeter ;Horror
tt1945044;Exeter ;Mystery
tt1945044;Exeter ;Thriller
tt1781935;The Ridges ;Drama
tt1781935;The Ridges ;Horror
tt1781935;The Ridges ;Thriller
tt0436689;The Puffy Chair ;Comedy
tt0436689;The Puffy Chair ;Drama
tt0436689;The Puffy Chair ;Romance
tt3973612;Stories of Our Lives ;Drama
tt1247644;Breaking Upwards ;Romance
tt1836212;All Superheroes Must Die ;Sci-Fi
tt1836212;All Superheroes Must Die ;Thriller
tt0069089;Pink Flamingos ;Comedy
tt0069089;Pink Flamingos ;Crime
tt0069089;Pink Flamingos ;Horror
tt0388838;Clean ;Drama
tt0388838;Clean ;Music
tt0388838;Clean ;Romance
tt0255094;The Circle ;Drama
tt1235811;Tin Can Man ;Horror
tt0123948;The Cure ;Crime
tt0123948;The Cure ;Horror
tt0123948;The Cure ;Mystery
tt0390323;On the Downlow ;Drama
tt2049518;"Sanctuary; Quite a Conundrum ";Comedy
tt2049518;"Sanctuary; Quite a Conundrum ";Horror
tt2049518;"Sanctuary; Quite a Conundrum ";Thriller
tt0109266;Bang ;Crime
tt0109266;Bang ;Drama
tt0390384;Primer ;Drama
tt0390384;Primer ;Sci-Fi
tt0390384;Primer ;Thriller
tt0428303;Cavite ;Thriller
tt0104815;El Mariachi ;Action
tt0104815;El Mariachi ;Crime
tt0104815;El Mariachi ;Drama
tt0430371;The Mongol King ;Crime
tt0430371;The Mongol King ;Drama
tt1880418;Newlyweds ;Comedy
tt1880418;Newlyweds ;Drama
tt3000844;Signed Sealed Delivered ;Comedy
tt3000844;Signed Sealed Delivered ;Drama
tt2107644;A Plague So Pleasant ;Drama
tt2107644;A Plague So Pleasant ;Horror
tt2107644;A Plague So Pleasant ;Thriller
tt2070597;Shanghai Calling ;Comedy
tt2070597;Shanghai Calling ;Drama
tt2070597;Shanghai Calling ;Romance
tt0378407;My Date with Drew ;Documentary
