movie_title;imdb_id;title_year;duration;imdb_score;num_voted_users;director_name;actor_1_name;actor_2_name;actor_3_name;country;language;content_rating;genre_1;genre_2;genre_3;budget;gross;movie_facebook_likes;decade;profit;roi_pct;categorie_note
Avatar ;tt0499549;2009;178;7,9;886204;James Cameron;CCH Pounder;Joel David Moore;Wes Studi;USA;English;PG-13;Action;Adventure;Fantasy;237000000,0;760505847,0;33000;2000;523505847,0;220,9;Bon (7-8)
Pirates of the Caribbean: At World's End ;tt0449088;2007;169;7,1;471220;Gore Verbinski;Johnny Depp;Orlando Bloom;Jack Davenport;USA;English;PG-13;Action;Adventure;Fantasy;300000000,0;309404152,0;0;2000;9404152,0;3,1;Bon (7-8)
Spectre ;tt2379713;2015;148;6,8;275868;Sam Mendes;Christoph Waltz;Rory Kinnear;Stephanie Sigman;UK;English;PG-13;Action;Adventure;Thriller;245000000,0;200074175,0;85000;2010;-44925825,0;-18,3;Moyen (6-7)
The Dark Knight Rises ;tt1345836;2012;164;8,5;1144337;Christopher Nolan;Tom Hardy;Christian Bale;Joseph Gordon-Levitt;USA;English;PG-13;Action;Thriller;;250000000,0;448130642,0;164000;2010;198130642,0;79,3;Excellent (8+)
John Carter ;tt0401729;2012;132;6,6;212204;Andrew Stanton;Daryl Sabara;Samantha Morton;Polly Walker;USA;English;PG-13;Action;Adventure;Sci-Fi;263700000,0;73058679,0;24000;2010;-190641321,0;-72,3;Moyen (6-7)
Spider-Man 3 ;tt0413300;2007;156;6,2;383056;Sam Raimi;J.K. Simmons;James Franco;Kirsten Dunst;USA;English;PG-13;Action;Adventure;Romance;258000000,0;336530303,0;0;2000;78530303,0;30,4;Moyen (6-7)
Tangled ;tt0398286;2010;100;7,8;294810;Nathan Greno;Brad Garrett;Donna Murphy;M.C. Gainey;USA;English;PG;Adventure;Animation;Comedy;260000000,0;200807262,0;29000;2010;-59192738,0;-22,8;Bon (7-8)
Avengers: Age of Ultron ;tt2395427;2015;141;7,5;462669;Joss Whedon;Chris Hemsworth;Robert Downey Jr.;Scarlett Johansson;USA;English;PG-13;Action;Adventure;Sci-Fi;250000000,0;458991599,0;118000;2010;208991599,0;83,6;Bon (7-8)
Harry Potter and the Half-Blood Prince ;tt0417741;2009;153;7,5;321795;David Yates;Alan Rickman;Daniel Radcliffe;Rupert Grint;UK;English;PG;Adventure;Family;Fantasy;250000000,0;301956980,0;10000;2000;51956980,0;20,8;Bon (7-8)
Batman v Superman: Dawn of Justice ;tt2975590;2016;183;6,9;371639;Zack Snyder;Henry Cavill;Lauren Cohan;Alan D. Purwin;USA;English;PG-13;Action;Adventure;Sci-Fi;250000000,0;330249062,0;197000;2010;80249062,0;32,1;Moyen (6-7)
Superman Returns ;tt0348150;2006;169;6,1;240396;Bryan Singer;Kevin Spacey;Marlon Brando;Frank Langella;USA;English;PG-13;Action;Adventure;Sci-Fi;209000000,0;200069408,0;0;2000;-8930592,0;-4,3;Moyen (6-7)
Quantum of Solace ;tt0830515;2008;106;6,7;330784;Marc Forster;Giancarlo Giannini;Mathieu Amalric;Rory Kinnear;UK;English;PG-13;Action;Adventure;;200000000,0;168368427,0;0;2000;-31631573,0;-15,8;Moyen (6-7)
Pirates of the Caribbean: Dead Man's Chest ;tt0383574;2006;151;7,3;522040;Gore Verbinski;Johnny Depp;Orlando Bloom;Jack Davenport;USA;English;PG-13;Action;Adventure;Fantasy;225000000,0;423032628,0;5000;2000;198032628,0;88,0;Bon (7-8)
The Lone Ranger ;tt1210819;2013;150;6,5;181792;Gore Verbinski;Johnny Depp;Ruth Wilson;Tom Wilkinson;USA;English;PG-13;Action;Adventure;Western;215000000,0;89289910,0;48000;2010;-125710090,0;-58,5;Moyen (6-7)
Man of Steel ;tt0770828;2013;143;7,2;548573;Zack Snyder;Henry Cavill;Christopher Meloni;Harry Lennix;USA;English;PG-13;Action;Adventure;Fantasy;225000000,0;291021565,0;118000;2010;66021565,0;29,3;Bon (7-8)
The Chronicles of Narnia: Prince Caspian ;tt0499448;2008;150;6,6;149922;Andrew Adamson;Peter Dinklage;Pierfrancesco Favino;Damián Alcázar;USA;English;PG;Action;Adventure;Family;225000000,0;141614023,0;0;2000;-83385977,0;-37,1;Moyen (6-7)
The Avengers ;tt0848228;2012;173;8,1;995415;Joss Whedon;Chris Hemsworth;Robert Downey Jr.;Scarlett Johansson;USA;English;PG-13;Action;Adventure;Sci-Fi;220000000,0;623279547,0;123000;2010;403279547,0;183,3;Excellent (8+)
Pirates of the Caribbean: On Stranger Tides ;tt1298650;2011;136;6,7;370704;Rob Marshall;Johnny Depp;Sam Claflin;Stephen Graham;USA;English;PG-13;Action;Adventure;Fantasy;250000000,0;241063875,0;58000;2010;-8936125,0;-3,6;Moyen (6-7)
Men in Black 3 ;tt1409024;2012;106;6,8;268154;Barry Sonnenfeld;Will Smith;Michael Stuhlbarg;Nicole Scherzinger;USA;English;PG-13;Action;Adventure;Comedy;225000000,0;179020854,0;40000;2010;-45979146,0;-20,4;Moyen (6-7)
The Hobbit: The Battle of the Five Armies ;tt2310332;2014;164;7,5;354228;Peter Jackson;Aidan Turner;Adam Brown;James Nesbitt;New Zealand;English;PG-13;Adventure;Fantasy;;250000000,0;255108370,0;65000;2010;5108370,0;2,0;Bon (7-8)
The Amazing Spider-Man ;tt0948470;2012;153;7,0;451803;Marc Webb;Emma Stone;Andrew Garfield;Chris Zylka;USA;English;PG-13;Action;Adventure;Fantasy;230000000,0;262030663,0;56000;2010;32030663,0;13,9;Bon (7-8)
Robin Hood ;tt0955308;2010;156;6,7;211765;Ridley Scott;Mark Addy;William Hurt;Scott Grimes;USA;English;PG-13;Action;Adventure;Drama;200000000,0;105219735,0;17000;2010;-94780265,0;-47,4;Moyen (6-7)
The Hobbit: The Desolation of Smaug ;tt1170358;2013;186;7,9;483540;Peter Jackson;Aidan Turner;Adam Brown;James Nesbitt;USA;English;PG-13;Adventure;Fantasy;;225000000,0;258355354,0;83000;2010;33355354,0;14,8;Bon (7-8)
The Golden Compass ;tt0385752;2007;113;6,1;149019;Chris Weitz;Christopher Lee;Eva Green;Kristin Scott Thomas;USA;English;PG-13;Adventure;Family;Fantasy;180000000,0;70083519,0;0;2000;-109916481,0;-61,1;Moyen (6-7)
King Kong ;tt0360717;2005;201;7,2;316018;Peter Jackson;Naomi Watts;Thomas Kretschmann;Evan Parke;New Zealand;English;PG-13;Action;Adventure;Drama;207000000,0;218051260,0;0;2000;11051260,0;5,3;Bon (7-8)
Titanic ;tt0120338;1997;194;7,7;793059;James Cameron;Leonardo DiCaprio;Kate Winslet;Gloria Stuart;USA;English;PG-13;Drama;Romance;;200000000,0;658672302,0;26000;1990;458672302,0;229,3;Bon (7-8)
Captain America: Civil War ;tt3498820;2016;147;8,2;272670;Anthony Russo;Robert Downey Jr.;Scarlett Johansson;Chris Evans;USA;English;PG-13;Action;Adventure;Sci-Fi;250000000,0;407197282,0;72000;2010;157197282,0;62,9;Excellent (8+)
Battleship ;tt1440129;2012;131;5,9;202382;Peter Berg;Liam Neeson;Alexander Skarsgård;Tadanobu Asano;USA;English;PG-13;Action;Adventure;Sci-Fi;209000000,0;65173160,0;44000;2010;-143826840,0;-68,8;Faible (<6)
Jurassic World ;tt0369610;2015;124;7,0;418214;Colin Trevorrow;Bryce Dallas Howard;Judy Greer;Omar Sy;USA;English;PG-13;Action;Adventure;Sci-Fi;150000000,0;652177271,0;150000;2010;502177271,0;334,8;Bon (7-8)
Skyfall ;tt1074638;2012;143;7,8;522030;Sam Mendes;Albert Finney;Helen McCrory;Rory Kinnear;UK;English;PG-13;Action;Adventure;Thriller;200000000,0;304360277,0;80000;2010;104360277,0;52,2;Bon (7-8)
Spider-Man 2 ;tt0316654;2004;135;7,3;411164;Sam Raimi;J.K. Simmons;James Franco;Kirsten Dunst;USA;English;PG-13;Action;Adventure;Fantasy;200000000,0;373377893,0;0;2000;173377893,0;86,7;Bon (7-8)
Iron Man 3 ;tt1300854;2013;195;7,2;557489;Shane Black;Robert Downey Jr.;Jon Favreau;Don Cheadle;USA;English;PG-13;Action;Adventure;Sci-Fi;200000000,0;408992272,0;95000;2010;208992272,0;104,5;Bon (7-8)
Alice in Wonderland ;tt1014759;2010;108;6,5;306320;Tim Burton;Johnny Depp;Alan Rickman;Anne Hathaway;USA;English;PG;Adventure;Family;Fantasy;200000000,0;334185206,0;24000;2010;134185206,0;67,1;Moyen (6-7)
X-Men: The Last Stand ;tt0376994;2006;104;6,8;383427;Brett Ratner;Hugh Jackman;Kelsey Grammer;Daniel Cudmore;Canada;English;PG-13;Action;Adventure;Fantasy;210000000,0;234360014,0;0;2000;24360014,0;11,6;Moyen (6-7)
Monsters University ;tt1453405;2013;104;7,3;235025;Dan Scanlon;Steve Buscemi;Tyler Labine;Sean Hayes;USA;English;G;Adventure;Animation;Comedy;200000000,0;268488329,0;44000;2010;68488329,0;34,2;Bon (7-8)
Transformers: Revenge of the Fallen ;tt1055369;2009;150;6,0;323207;Michael Bay;Glenn Morshower;Kevin Dunn;Ramon Rodriguez;USA;English;PG-13;Action;Adventure;Sci-Fi;200000000,0;402076689,0;0;2000;202076689,0;101,0;Moyen (6-7)
Transformers: Age of Extinction ;tt2109248;2014;165;5,7;242420;Michael Bay;Bingbing Li;Sophia Myles;Kelsey Grammer;USA;English;PG-13;Action;Adventure;Sci-Fi;210000000,0;245428137,0;56000;2010;35428137,0;16,9;Faible (<6)
Oz the Great and Powerful ;tt1623205;2013;130;6,4;175409;Sam Raimi;Tim Holmes;Mila Kunis;James Franco;USA;English;PG;Adventure;Family;Fantasy;215000000,0;234903076,0;60000;2010;19903076,0;9,3;Moyen (6-7)
The Amazing Spider-Man 2 ;tt1872181;2014;142;6,7;321227;Marc Webb;Emma Stone;Andrew Garfield;B.J. Novak;USA;English;PG-13;Action;Adventure;Fantasy;200000000,0;202853933,0;41000;2010;2853933,0;1,4;Moyen (6-7)
TRON: Legacy ;tt1104001;2010;125;6,8;264183;Joseph Kosinski;Jeff Bridges;Olivia Wilde;James Frain;USA;English;PG;Action;Adventure;Sci-Fi;170000000,0;172051787,0;30000;2010;2051787,0;1,2;Moyen (6-7)
Cars 2 ;tt1216475;2011;106;6,3;101178;John Lasseter;Joe Mantegna;Thomas Kretschmann;Eddie Izzard;USA;English;G;Adventure;Animation;Comedy;200000000,0;191450875,0;10000;2010;-8549125,0;-4,3;Moyen (6-7)
Green Lantern ;tt1133985;2011;123;5,6;223393;Martin Campbell;Ryan Reynolds;Temuera Morrison;Taika Waititi;USA;English;PG-13;Action;Adventure;Sci-Fi;200000000,0;116593191,0;24000;2010;-83406809,0;-41,7;Faible (<6)
Toy Story 3 ;tt0435761;2010;103;8,3;544884;Lee Unkrich;Tom Hanks;John Ratzenberger;Don Rickles;USA;English;G;Adventure;Animation;Comedy;200000000,0;414984497,0;30000;2010;214984497,0;107,5;Excellent (8+)
Terminator Salvation ;tt0438488;2009;118;6,6;286095;McG;Christian Bale;Bryce Dallas Howard;Common;USA;English;PG-13;Action;Adventure;Sci-Fi;200000000,0;125320003,0;0;2000;-74679997,0;-37,3;Moyen (6-7)
Furious 7 ;tt2820852;2015;140;7,2;278232;James Wan;Jason Statham;Paul Walker;Vin Diesel;USA;English;PG-13;Action;Crime;Thriller;190000000,0;350034110,0;94000;2010;160034110,0;84,2;Bon (7-8)
World War Z ;tt0816711;2013;123;7,0;465019;Marc Forster;Peter Capaldi;Brad Pitt;Mireille Enos;USA;English;PG-13;Action;Adventure;Horror;190000000,0;202351611,0;129000;2010;12351611,0;6,5;Bon (7-8)
X-Men: Days of Future Past ;tt1877832;2014;149;8,0;514125;Bryan Singer;Jennifer Lawrence;Peter Dinklage;Hugh Jackman;USA;English;PG-13;Action;Adventure;Fantasy;200000000,0;233914986,0;82000;2010;33914986,0;17,0;Excellent (8+)
Star Trek Into Darkness ;tt1408101;2013;132;7,8;395573;J.J. Abrams;Benedict Cumberbatch;Bruce Greenwood;Noel Clarke;USA;English;PG-13;Action;Adventure;Sci-Fi;190000000,0;228756232,0;92000;2010;38756232,0;20,4;Bon (7-8)
Jack the Giant Slayer ;tt1351685;2013;114;6,3;106416;Bryan Singer;Eddie Marsan;Ewen Bremner;Ralph Brown;USA;English;PG-13;Adventure;Fantasy;;195000000,0;65171860,0;22000;2010;-129828140,0;-66,6;Moyen (6-7)
The Great Gatsby ;tt1343092;2013;143;7,3;362912;Baz Luhrmann;Leonardo DiCaprio;Elizabeth Debicki;Steve Bisley;Australia;English;PG-13;Drama;Romance;;105000000,0;144812796,0;115000;2010;39812796,0;37,9;Bon (7-8)
Prince of Persia: The Sands of Time ;tt0473075;2010;116;6,6;222403;Mike Newell;Jake Gyllenhaal;Richard Coyle;Reece Ritchie;USA;English;PG-13;Action;Adventure;Fantasy;200000000,0;90755643,0;23000;2010;-109244357,0;-54,6;Moyen (6-7)
Pacific Rim ;tt1663662;2013;131;7,0;381148;Guillermo del Toro;Charlie Hunnam;Clifton Collins Jr.;Larry Joe Campbell;USA;English;PG-13;Action;Adventure;Sci-Fi;190000000,0;101785482,0;83000;2010;-88214518,0;-46,4;Bon (7-8)
Transformers: Dark of the Moon ;tt1399103;2011;154;6,3;326180;Michael Bay;Glenn Morshower;Lester Speight;Kevin Dunn;USA;English;PG-13;Action;Adventure;Sci-Fi;195000000,0;352358779,0;46000;2010;157358779,0;80,7;Moyen (6-7)
Indiana Jones and the Kingdom of the Crystal Skull ;tt0367882;2008;122;6,2;333847;Steven Spielberg;Harrison Ford;Ray Winstone;Jim Broadbent;USA;English;PG-13;Action;Adventure;Fantasy;185000000,0;317011114,0;5000;2000;132011114,0;71,4;Moyen (6-7)
The Good Dinosaur ;tt1979388;2015;93;6,8;62836;Peter Sohn;A.J. Buckley;Jack McGraw;Peter Sohn;USA;English;PG;Adventure;Animation;Comedy;;123070338,0;20000;2010;;;Moyen (6-7)
Brave ;tt1217209;2012;93;7,2;273556;Mark Andrews;Kelly Macdonald;John Ratzenberger;Julie Walters;USA;English;PG;Adventure;Animation;Comedy;185000000,0;237282182,0;39000;2010;52282182,0;28,3;Bon (7-8)
Star Trek Beyond ;tt2660888;2016;122;7,5;53607;Justin Lin;Sofia Boutella;Melissa Roxburgh;Lydia Wilson;USA;English;PG-13;Action;Adventure;Sci-Fi;185000000,0;130468626,0;30000;2010;-54531374,0;-29,5;Bon (7-8)
WALL·E ;tt0910970;2008;98;8,4;718837;Andrew Stanton;John Ratzenberger;Fred Willard;Jeff Garlin;USA;English;G;Adventure;Animation;Family;180000000,0;223806889,0;16000;2000;43806889,0;24,3;Excellent (8+)
Rush Hour 3 ;tt0293564;2007;91;6,2;121084;Brett Ratner;Tzi Ma;Dana Ivey;Noémie Lenoir;USA;English;PG-13;Action;Comedy;Crime;140000000,0;140080850,0;0;2000;80850,0;0,1;Moyen (6-7)
2012 ;tt1190080;2009;158;5,8;283418;Roland Emmerich;Oliver Platt;Liam James;Tom McCarthy;USA;English;PG-13;Action;Adventure;Sci-Fi;200000000,0;166112167,0;13000;2000;-33887833,0;-16,9;Faible (<6)
A Christmas Carol ;tt1067106;2009;96;6,8;72809;Robert Zemeckis;Robin Wright;Colin Firth;Gary Oldman;USA;English;PG;Animation;Drama;Family;200000000,0;137850096,0;0;2000;-62149904,0;-31,1;Moyen (6-7)
Jupiter Ascending ;tt1617661;2015;127;5,4;139593;Lana Wachowski;Channing Tatum;Mila Kunis;Eddie Redmayne;USA;English;PG-13;Action;Adventure;Sci-Fi;176000000,0;47375327,0;44000;2010;-128624673,0;-73,1;Faible (<6)
The Legend of Tarzan ;tt0918940;2016;110;6,6;42372;David Yates;Christoph Waltz;Alexander Skarsgård;Casper Crump;USA;English;PG-13;Action;Adventure;Drama;180000000,0;124051759,0;29000;2010;-55948241,0;-31,1;Moyen (6-7)
The Chronicles of Narnia: The Lion, the Witch and the Wardrobe ;tt0363771;2005;150;6,9;286506;Andrew Adamson;Jim Broadbent;Kiran Shah;Shane Rangi;USA;English;PG;Adventure;Family;Fantasy;180000000,0;291709845,0;0;2000;111709845,0;62,1;Moyen (6-7)
X-Men: Apocalypse ;tt3385516;2016;144;7,3;148379;Bryan Singer;Jennifer Lawrence;Michael Fassbender;Tye Sheridan;USA;English;PG-13;Action;Adventure;Sci-Fi;178000000,0;154985087,0;54000;2010;-23014913,0;-12,9;Bon (7-8)
The Dark Knight ;tt0468569;2008;152;9,0;1676169;Christopher Nolan;Christian Bale;Heath Ledger;Morgan Freeman;USA;English;PG-13;Action;Crime;Drama;185000000,0;533316061,0;37000;2000;348316061,0;188,3;Excellent (8+)
Up ;tt1049413;2009;96;8,3;665575;Pete Docter;John Ratzenberger;Delroy Lindo;Jess Harnell;USA;English;PG;Adventure;Animation;Comedy;175000000,0;292979556,0;27000;2000;117979556,0;67,4;Excellent (8+)
Monsters vs. Aliens ;tt0892782;2009;94;6,5;114553;Rob Letterman;Amy Poehler;Rainn Wilson;Stephen Colbert;USA;English;PG;Action;Adventure;Animation;175000000,0;198332128,0;0;2000;23332128,0;13,3;Moyen (6-7)
Iron Man ;tt0371746;2008;126;7,9;696338;Jon Favreau;Robert Downey Jr.;Jeff Bridges;Jon Favreau;USA;English;PG-13;Action;Adventure;Sci-Fi;140000000,0;318298180,0;10000;2000;178298180,0;127,4;Bon (7-8)
Hugo ;tt0970179;2011;126;7,5;245333;Martin Scorsese;Chloë Grace Moretz;Christopher Lee;Ray Winstone;USA;English;PG;Adventure;Drama;Family;170000000,0;73820094,0;42000;2010;-96179906,0;-56,6;Bon (7-8)
Wild Wild West ;tt0120891;1999;106;4,8;129601;Barry Sonnenfeld;Will Smith;Salma Hayek;Bai Ling;USA;English;PG-13;Action;Comedy;Sci-Fi;170000000,0;113745408,0;0;1990;-56254592,0;-33,1;Faible (<6)
The Mummy: Tomb of the Dragon Emperor ;tt0859163;2008;112;5,2;117927;Rob Cohen;Jet Li;Brendan Fraser;Russell Wong;USA;English;PG-13;Action;Adventure;Fantasy;145000000,0;102176165,0;0;2000;-42823835,0;-29,5;Faible (<6)
Suicide Squad ;tt1386697;2016;123;6,9;118992;David Ayer;Will Smith;Robin Atkin Downes;Ike Barinholtz;USA;English;PG-13;Action;Adventure;Comedy;175000000,0;161087183,0;80000;2010;-13912817,0;-8,0;Moyen (6-7)
Evan Almighty ;tt0413099;2007;96;5,4;115099;Tom Shadyac;Jimmy Bennett;Morgan Freeman;Steve Carell;USA;English;PG;Comedy;Family;Fantasy;175000000,0;100289690,0;2000;2000;-74710310,0;-42,7;Faible (<6)
Edge of Tomorrow ;tt1631867;2014;113;7,9;431620;Doug Liman;Tom Cruise;Lara Pulver;Noah Taylor;USA;English;PG-13;Action;Adventure;Sci-Fi;178000000,0;100189501,0;77000;2010;-77810499,0;-43,7;Bon (7-8)
Waterworld ;tt0114898;1995;176;6,1;144337;Kevin Reynolds;Jeanne Tripplehorn;Rick Aviles;Zakes Mokae;USA;English;PG-13;Action;Adventure;Sci-Fi;175000000,0;88246220,0;0;1990;-86753780,0;-49,6;Moyen (6-7)
G.I. Joe: The Rise of Cobra ;tt1046173;2009;118;5,8;174578;Stephen Sommers;Joseph Gordon-Levitt;Dennis Quaid;Leo Howard;USA;English;PG-13;Action;Adventure;Sci-Fi;175000000,0;150167630,0;0;2000;-24832370,0;-14,2;Faible (<6)
Inside Out ;tt2096673;2015;95;8,3;345198;Pete Docter;Amy Poehler;Mindy Kaling;Phyllis Smith;USA;English;PG;Adventure;Animation;Comedy;175000000,0;356454367,0;118000;2010;181454367,0;103,7;Excellent (8+)
The Jungle Book ;tt3040964;2016;106;7,8;106072;Jon Favreau;Scarlett Johansson;Bill Murray;Garry Shandling;UK;English;PG;Adventure;Drama;Family;175000000,0;362645141,0;65000;2010;187645141,0;107,2;Bon (7-8)
Iron Man 2 ;tt1228705;2010;124;7,0;522371;Jon Favreau;Robert Downey Jr.;Scarlett Johansson;Jon Favreau;USA;English;PG-13;Action;Adventure;Sci-Fi;200000000,0;312057433,0;18000;2010;112057433,0;56,0;Bon (7-8)
Snow White and the Huntsman ;tt1735898;2012;132;6,1;228554;Rupert Sanders;Chris Hemsworth;Kristen Stewart;Sam Claflin;USA;English;PG-13;Action;Adventure;Drama;170000000,0;155111815,0;53000;2010;-14888185,0;-8,8;Moyen (6-7)
Maleficent ;tt1587310;2014;97;7,0;252257;Robert Stromberg;Angelina Jolie Pitt;Sharlto Copley;Sam Riley;USA;English;PG;Action;Adventure;Family;180000000,0;241407328,0;89000;2010;61407328,0;34,1;Bon (7-8)
Dawn of the Planet of the Apes ;tt2103281;2014;130;7,6;317542;Matt Reeves;Gary Oldman;Judy Greer;Kodi Smit-McPhee;USA;English;PG-13;Action;Adventure;Drama;170000000,0;208543795,0;45000;2010;38543795,0;22,7;Bon (7-8)
The Lovers ;tt1321869;2015;109;4,5;2138;Roland Joffé;Tamsin Egerton;Alice Englert;Bipasha Basu;Belgium;English;R;Action;Adventure;Romance;;;677;2010;;;Faible (<6)
47 Ronin ;tt1335975;2013;128;6,3;116994;Carl Rinsch;Keanu Reeves;Cary-Hiroyuki Tagawa;Jin Akanishi;USA;English;PG-13;Action;Adventure;Drama;175000000,0;38297305,0;35000;2010;-136702695,0;-78,1;Moyen (6-7)
Captain America: The Winter Soldier ;tt1843866;2014;136;7,8;496749;Anthony Russo;Scarlett Johansson;Chris Evans;Hayley Atwell;USA;English;PG-13;Action;Adventure;Sci-Fi;170000000,0;259746958,0;55000;2010;89746958,0;52,8;Bon (7-8)
Shrek Forever After ;tt0892791;2010;93;6,4;138661;Mike Mitchell;Jon Hamm;Kathy Griffin;Mary Kay Place;USA;English;PG;Adventure;Animation;Comedy;165000000,0;238371987,0;0;2010;73371987,0;44,5;Moyen (6-7)
Tomorrowland ;tt1964418;2015;130;6,5;128306;Brad Bird;Judy Greer;Chris Bauer;Thomas Robinson;USA;English;PG;Action;Adventure;Family;190000000,0;93417865,0;37000;2010;-96582135,0;-50,8;Moyen (6-7)
Big Hero 6 ;tt2245084;2014;102;7,9;279093;Don Hall;Damon Wayans Jr.;Daniel Henney;Abraham Benrubi;USA;English;PG;Action;Adventure;Animation;165000000,0;222487711,0;41000;2010;57487711,0;34,8;Bon (7-8)
Wreck-It Ralph ;tt1772341;2012;101;7,8;272534;Rich Moore;Jack McBrayer;Sarah Silverman;Joe Lo Truglio;USA;English;PG;Adventure;Animation;Comedy;165000000,0;189412677,0;40000;2010;24412677,0;14,8;Bon (7-8)
The Polar Express ;tt0338348;2004;100;6,6;120798;Robert Zemeckis;Tom Hanks;Eddie Deezen;Peter Scolari;USA;English;G;Adventure;Animation;Family;165000000,0;665426,0;10000;2000;-164334574,0;-99,6;Moyen (6-7)
Independence Day: Resurgence ;tt1628841;2016;120;5,5;58137;Roland Emmerich;Vivica A. Fox;Sela Ward;Judd Hirsch;USA;English;PG-13;Action;Adventure;Sci-Fi;165000000,0;102315545,0;67000;2010;-62684455,0;-38,0;Faible (<6)
How to Train Your Dragon ;tt0892769;2010;98;8,2;485430;Dean DeBlois;Gerard Butler;America Ferrera;Craig Ferguson;USA;English;PG;Adventure;Animation;Family;165000000,0;217387997,0;33000;2010;52387997,0;31,8;Excellent (8+)
Terminator 3: Rise of the Machines ;tt0181852;2003;109;6,4;305340;Jonathan Mostow;Nick Stahl;M.C. Gainey;Carolyn Hennesy;USA;English;R;Action;Sci-Fi;;200000000,0;150350192,0;0;2000;-49649808,0;-24,8;Moyen (6-7)
Guardians of the Galaxy ;tt2015381;2014;121;8,1;682155;James Gunn;Bradley Cooper;Vin Diesel;Djimon Hounsou;USA;English;PG-13;Action;Adventure;Sci-Fi;170000000,0;333130696,0;96000;2010;163130696,0;96,0;Excellent (8+)
Interstellar ;tt0816692;2014;169;8,6;928227;Christopher Nolan;Matthew McConaughey;Anne Hathaway;Mackenzie Foy;USA;English;PG-13;Adventure;Drama;Sci-Fi;165000000,0;187991439,0;349000;2010;22991439,0;13,9;Excellent (8+)
Inception ;tt1375666;2010;148;8,8;1468200;Christopher Nolan;Leonardo DiCaprio;Tom Hardy;Joseph Gordon-Levitt;USA;English;PG-13;Action;Adventure;Sci-Fi;160000000,0;292568851,0;175000;2010;132568851,0;82,9;Excellent (8+)
Godzilla Resurgence ;tt4262980;2016;120;8,2;374;Hideaki Anno;Mark Chinnery;Shin'ya Tsukamoto;Atsuko Maeda;Japan;Japanese;;Action;Adventure;Drama;;;0;2010;;;Excellent (8+)
The Hobbit: An Unexpected Journey ;tt0903624;2012;182;7,9;637246;Peter Jackson;Aidan Turner;Adam Brown;James Nesbitt;USA;English;PG-13;Adventure;Fantasy;;180000000,0;303001229,0;166000;2010;123001229,0;68,3;Bon (7-8)
The Fast and the Furious ;tt0232500;2001;106;6,7;272223;Rob Cohen;Paul Walker;Vin Diesel;Jordana Brewster;USA;English;PG-13;Action;Crime;Thriller;38000000,0;144512310,0;14000;2000;106512310,0;280,3;Moyen (6-7)
The Curious Case of Benjamin Button ;tt0421715;2008;166;7,8;459346;David Fincher;Brad Pitt;Jason Flemyng;Julia Ormond;USA;English;PG-13;Drama;Fantasy;Romance;150000000,0;127490802,0;23000;2000;-22509198,0;-15,0;Bon (7-8)
X-Men: First Class ;tt1270798;2011;132;7,8;518537;Matthew Vaughn;Jennifer Lawrence;Michael Fassbender;Oliver Platt;USA;English;PG-13;Action;Adventure;Sci-Fi;160000000,0;146405371,0;54000;2010;-13594629,0;-8,5;Bon (7-8)
The Hunger Games: Mockingjay - Part 2 ;tt1951266;2015;137;6,6;166137;Francis Lawrence;Jennifer Lawrence;Philip Seymour Hoffman;Josh Hutcherson;USA;English;PG-13;Adventure;Sci-Fi;;160000000,0;281666058,0;38000;2010;121666058,0;76,0;Moyen (6-7)
The Sorcerer's Apprentice ;tt0963966;2010;109;6,1;124185;Jon Turteltaub;Nicolas Cage;Omar Benson Miller;Robert Capron;USA;English;PG;Action;Adventure;Family;150000000,0;63143812,0;11000;2010;-86856188,0;-57,9;Moyen (6-7)
Poseidon ;tt0409182;2006;98;5,6;82380;Wolfgang Petersen;Jimmy Bennett;Mike Vogel;Andre Braugher;USA;English;PG-13;Action;Adventure;Drama;160000000,0;60655503,0;0;2000;-99344497,0;-62,1;Faible (<6)
Alice Through the Looking Glass ;tt2567026;2016;113;6,4;21352;James Bobin;Johnny Depp;Alan Rickman;Anne Hathaway;USA;English;PG;Adventure;Family;Fantasy;170000000,0;76846624,0;30000;2010;-93153376,0;-54,8;Moyen (6-7)
Shrek the Third ;tt0413267;2007;93;6,1;211971;Chris Miller;Justin Timberlake;Eric Idle;Rupert Everett;USA;English;PG;Adventure;Animation;Comedy;160000000,0;320706665,0;0;2000;160706665,0;100,4;Moyen (6-7)
Warcraft ;tt0803096;2016;123;7,3;111609;Duncan Jones;Dominic Cooper;Callum Rennie;Ruth Negga;USA;English;PG-13;Action;Adventure;Fantasy;160000000,0;46978995,0;89000;2010;-113021005,0;-70,6;Bon (7-8)
Terminator Genisys ;tt1340138;2015;126;6,6;188457;Alan Taylor;J.K. Simmons;Emilia Clarke;Matt Smith;USA;English;PG-13;Action;Adventure;Sci-Fi;155000000,0;89732035,0;82000;2010;-65267965,0;-42,1;Moyen (6-7)
The Chronicles of Narnia: The Voyage of the Dawn Treader ;tt0980970;2010;113;6,3;106446;Michael Apted;Bruce Spence;Shane Rangi;Laura Brent;USA;English;PG;Adventure;Family;Fantasy;155000000,0;104383624,0;11000;2010;-50616376,0;-32,7;Moyen (6-7)
Pearl Harbor ;tt0213149;2001;184;6,1;254111;Michael Bay;Jennifer Garner;Jaime King;Mako;USA;English;PG-13;Action;Drama;History;140000000,0;198539855,0;0;2000;58539855,0;41,8;Moyen (6-7)
Transformers ;tt0418279;2007;144;7,1;513158;Michael Bay;Zack Ward;Michael O'Neill;Kevin Dunn;USA;English;PG-13;Action;Adventure;Sci-Fi;150000000,0;318759914,0;8000;2000;168759914,0;112,5;Bon (7-8)
Alexander ;tt0346491;2004;206;5,5;138863;Oliver Stone;Anthony Hopkins;Angelina Jolie Pitt;Brian Blessed;Germany;English;R;Action;Adventure;Biography;155000000,0;34293771,0;0;2000;-120706229,0;-77,9;Faible (<6)
Harry Potter and the Order of the Phoenix ;tt0373889;2007;138;7,5;355137;David Yates;Robert Pattinson;Daniel Radcliffe;Fiona Shaw;UK;English;PG-13;Adventure;Family;Fantasy;150000000,0;292000866,0;0;2000;142000866,0;94,7;Bon (7-8)
Harry Potter and the Goblet of Fire ;tt0330373;2005;157;7,6;385670;Mike Newell;Robert Pattinson;Daniel Radcliffe;Rupert Grint;UK;English;PG-13;Adventure;Family;Fantasy;150000000,0;289994397,0;0;2000;139994397,0;93,3;Bon (7-8)
Hancock ;tt0448157;2008;102;6,4;343648;Peter Berg;Will Smith;Charlize Theron;Eddie Marsan;USA;English;PG-13;Action;Drama;;150000000,0;227946274,0;0;2000;77946274,0;52,0;Moyen (6-7)
I Am Legend ;tt0480249;2007;104;7,2;530870;Francis Lawrence;Will Smith;Alice Braga;Willow Smith;USA;English;PG-13;Drama;Horror;Sci-Fi;150000000,0;256386216,0;11000;2000;106386216,0;70,9;Bon (7-8)
Charlie and the Chocolate Factory ;tt0367594;2005;115;6,7;320284;Tim Burton;Johnny Depp;Christopher Lee;David Kelly;USA;English;PG;Adventure;Comedy;Family;150000000,0;206456431,0;0;2000;56456431,0;37,6;Moyen (6-7)
Ratatouille ;tt0382932;2007;111;8,0;473887;Brad Bird;Janeane Garofalo;John Ratzenberger;Brian Dennehy;USA;English;G;Animation;Comedy;Family;150000000,0;206435493,0;10000;2000;56435493,0;37,6;Excellent (8+)
Batman Begins ;tt0372784;2005;128;8,3;980946;Christopher Nolan;Christian Bale;Liam Neeson;Morgan Freeman;USA;English;PG-13;Action;Adventure;;150000000,0;205343774,0;15000;2000;55343774,0;36,9;Excellent (8+)
Madagascar: Escape 2 Africa ;tt0479952;2008;89;6,7;146019;Eric Darnell;Bernie Mac;Jada Pinkett Smith;Cedric the Entertainer;USA;English;PG;Action;Adventure;Animation;150000000,0;179982968,0;0;2000;29982968,0;20,0;Moyen (6-7)
Night at the Museum: Battle of the Smithsonian ;tt1078912;2009;105;5,9;130272;Shawn Levy;Robin Williams;Rami Malek;Steve Coogan;USA;English;PG;Adventure;Comedy;Family;150000000,0;177243721,0;2000;2000;27243721,0;18,2;Faible (<6)
X-Men Origins: Wolverine ;tt0458525;2009;119;6,7;361924;Gavin Hood;Hugh Jackman;Ryan Reynolds;Dominic Monaghan;USA;English;PG-13;Action;Adventure;Fantasy;150000000,0;179883016,0;0;2000;29883016,0;19,9;Moyen (6-7)
The Matrix Revolutions ;tt0242653;2003;129;6,7;364948;Lana Wachowski;Essie Davis;Collin Chou;Nona Gaye;Australia;English;R;Action;Sci-Fi;;150000000,0;139259759,0;0;2000;-10740241,0;-7,2;Moyen (6-7)
Frozen ;tt2294629;2013;102;7,6;421658;Chris Buck;Josh Gad;Maurice LaMarche;Livvy Stubenrauch;USA;English;PG;Adventure;Animation;Comedy;150000000,0;400736600,0;58000;2010;250736600,0;167,2;Bon (7-8)
The Matrix Reloaded ;tt0234215;2003;138;7,2;421818;Lana Wachowski;Steve Bastoni;Daniel Bernhardt;Helmut Bakaitis;USA;English;R;Action;Sci-Fi;;150000000,0;281492479,0;0;2000;131492479,0;87,7;Bon (7-8)
Thor: The Dark World ;tt1981115;2013;112;7,1;414070;Alan Taylor;Chris Hemsworth;Natalie Portman;Anthony Hopkins;USA;English;PG-13;Action;Adventure;Fantasy;170000000,0;206360018,0;63000;2010;36360018,0;21,4;Bon (7-8)
Mad Max: Fury Road ;tt1392190;2015;120;8,1;552503;George Miller;Tom Hardy;Charlize Theron;Zoë Kravitz;Australia;English;R;Action;Adventure;Sci-Fi;150000000,0;153629485,0;191000;2010;3629485,0;2,4;Excellent (8+)
Angels & Demons ;tt0808151;2009;146;6,7;207839;Ron Howard;Tom Hanks;Ayelet Zurer;Armin Mueller-Stahl;USA;English;PG-13;Mystery;Thriller;;150000000,0;133375846,0;0;2000;-16624154,0;-11,1;Moyen (6-7)
Thor ;tt0800369;2011;115;7,0;536314;Kenneth Branagh;Chris Hemsworth;Natalie Portman;Anthony Hopkins;USA;English;PG-13;Action;Adventure;Fantasy;150000000,0;181015141,0;63000;2010;31015141,0;20,7;Bon (7-8)
Bolt ;tt0397892;2008;96;6,9;146766;Byron Howard;Chloë Grace Moretz;Diedrich Bader;James Lipton;USA;English;PG;Adventure;Animation;Comedy;150000000,0;114053579,0;0;2000;-35946421,0;-24,0;Moyen (6-7)
G-Force ;tt0436339;2009;88;5,1;33042;Hoyt Yeatman;Kelli Garner;Piper Mackenzie Harris;Niecy Nash;USA;English;PG;Action;Adventure;Animation;150000000,0;119420252,0;0;2000;-30579748,0;-20,4;Faible (<6)
Wrath of the Titans ;tt1646987;2012;99;5,8;152826;Jonathan Liebesman;Liam Neeson;Edgar Ramírez;Lily James;USA;English;PG-13;Action;Adventure;Fantasy;150000000,0;83640426,0;19000;2010;-66359574,0;-44,2;Faible (<6)
Dark Shadows ;tt1077368;2012;113;6,2;199039;Tim Burton;Johnny Depp;Chloë Grace Moretz;Christopher Lee;USA;English;PG-13;Comedy;Fantasy;Horror;100000000,0;79711678,0;82000;2010;-20288322,0;-20,3;Moyen (6-7)
Mission: Impossible - Rogue Nation ;tt2381249;2015;131;7,4;232187;Christopher McQuarrie;Tom Cruise;Jeremy Renner;Sean Harris;China;English;PG-13;Action;Adventure;Thriller;150000000,0;195000874,0;47000;2010;45000874,0;30,0;Bon (7-8)
The Wolfman ;tt0780653;2010;119;5,8;89442;Joe Johnston;Anthony Hopkins;Simon Merrells;Art Malik;USA;English;R;Drama;Fantasy;Horror;150000000,0;61937495,0;0;2010;-88062505,0;-58,7;Faible (<6)
Bee Movie ;tt0389790;2007;91;6,2;105902;Steve Hickner;Matthew Broderick;Oprah Winfrey;Rip Torn;USA;English;PG;Adventure;Animation;Comedy;150000000,0;126597121,0;0;2000;-23402879,0;-15,6;Moyen (6-7)
Kung Fu Panda 2 ;tt1302011;2011;90;7,3;182718;Jennifer Yuh Nelson;Angelina Jolie Pitt;Gary Oldman;Mike Bell;USA;English;PG;Action;Adventure;Animation;150000000,0;165230261,0;20000;2010;15230261,0;10,2;Bon (7-8)
The Last Airbender ;tt0938283;2010;103;4,2;118951;M. Night Shyamalan;Seychelle Gabriel;Noah Ringer;Aasif Mandvi;USA;English;PG;Action;Adventure;Family;150000000,0;131564731,0;18000;2010;-18435269,0;-12,3;Faible (<6)
Mission: Impossible III ;tt0317919;2006;124;6,9;256695;J.J. Abrams;Philip Seymour Hoffman;Tom Cruise;Eddie Marsan;USA;English;PG-13;Action;Adventure;Thriller;150000000,0;133382309,0;0;2000;-16617691,0;-11,1;Moyen (6-7)
White House Down ;tt2334879;2013;131;6,4;164238;Roland Emmerich;Channing Tatum;Jake Weber;Matt Craven;USA;English;PG-13;Action;Drama;Thriller;150000000,0;73103784,0;33000;2010;-76896216,0;-51,3;Moyen (6-7)
Mars Needs Moms ;tt1305591;2011;88;5,4;17590;Simon Wells;Elisabeth Harnois;Dan Fogler;Tom Everett Scott;USA;English;PG;Action;Adventure;Animation;150000000,0;21379315,0;0;2010;-128620685,0;-85,7;Faible (<6)
Flushed Away ;tt0424095;2006;85;6,7;85086;David Bowers;Hugh Jackman;Kate Winslet;David Suchet;UK;English;PG;Adventure;Animation;Comedy;149000000,0;64459316,0;0;2000;-84540684,0;-56,7;Moyen (6-7)
Pan ;tt3332064;2015;111;5,8;39956;Joe Wright;Hugh Jackman;Cara Delevingne;Nonso Anozie;USA;English;PG;Adventure;Family;Fantasy;150000000,0;34964818,0;24000;2010;-115035182,0;-76,7;Faible (<6)
Mr. Peabody & Sherman ;tt0864835;2014;92;6,9;47900;Rob Minkoff;Ty Burrell;Zach Callison;Karan Brar;USA;English;PG;Adventure;Animation;Comedy;145000000,0;111505642,0;11000;2010;-33494358,0;-23,1;Moyen (6-7)
Troy ;tt0332452;2004;196;7,2;381672;Wolfgang Petersen;Brad Pitt;Orlando Bloom;Julian Glover;USA;English;R;Adventure;;;175000000,0;133228348,0;0;2000;-41771652,0;-23,9;Bon (7-8)
Madagascar 3: Europe's Most Wanted ;tt1277953;2012;93;6,9;119213;Eric Darnell;Jada Pinkett Smith;Martin Short;Cedric the Entertainer;USA;English;PG;Adventure;Animation;Comedy;145000000,0;216366733,0;17000;2010;71366733,0;49,2;Moyen (6-7)
Die Another Day ;tt0246460;2002;133;6,1;169914;Lee Tamahori;Toby Stephens;Colin Salmon;Rick Yune;UK;English;PG-13;Action;Adventure;Thriller;142000000,0;160201106,0;0;2000;18201106,0;12,8;Moyen (6-7)
Ghostbusters ;tt1289401;2016;116;5,5;69757;Paul Feig;Ed Begley Jr.;Kate McKinnon;Zach Woods;USA;English;PG-13;Action;Comedy;Fantasy;144000000,0;118099659,0;62000;2010;-25900341,0;-18,0;Faible (<6)
Armageddon ;tt0120591;1998;153;6,6;322395;Michael Bay;Bruce Willis;Steve Buscemi;Will Patton;USA;English;PG-13;Action;Adventure;Sci-Fi;140000000,0;201573391,0;11000;1990;61573391,0;44,0;Moyen (6-7)
Men in Black II ;tt0120912;2002;88;6,1;270207;Barry Sonnenfeld;Will Smith;Rosario Dawson;Rip Torn;USA;English;PG-13;Action;Adventure;Comedy;140000000,0;190418803,0;2000;2000;50418803,0;36,0;Moyen (6-7)
Beowulf ;tt0442933;2007;115;6,3;142440;Robert Zemeckis;Robin Wright;Anthony Hopkins;Sebastian Roché;USA;English;PG-13;Action;Adventure;Animation;150000000,0;82161969,0;3000;2000;-67838031,0;-45,2;Moyen (6-7)
Kung Fu Panda 3 ;tt2267968;2016;95;7,2;64322;Alessandro Carloni;J.K. Simmons;Angelina Jolie Pitt;Wayne Knight;USA;English;PG;Action;Adventure;Animation;145000000,0;143523463,0;24000;2010;-1476537,0;-1,0;Bon (7-8)
Mission: Impossible - Ghost Protocol ;tt1229238;2011;133;7,4;365104;Brad Bird;Tom Cruise;Jeremy Renner;Michael Nyqvist;USA;English;PG-13;Action;Adventure;Thriller;145000000,0;209364921,0;35000;2010;64364921,0;44,4;Bon (7-8)
Rise of the Guardians ;tt1446192;2012;97;7,3;123553;Peter Ramsey;Hugh Jackman;Kamil McFadden;Khamani Griffin;USA;English;PG;Adventure;Animation;Family;145000000,0;103400692,0;25000;2010;-41599308,0;-28,7;Bon (7-8)
Fun with Dick and Jane ;tt0369441;2005;90;6,1;110788;Dean Parisot;John Michael Higgins;Richard Burgi;David Herman;USA;English;PG-13;Comedy;Crime;;100000000,0;110332737,0;2000;2000;10332737,0;10,3;Moyen (6-7)
The Last Samurai ;tt0325710;2003;154;7,7;317166;Edward Zwick;Tom Cruise;Tony Goldwyn;Chad Lindberg;USA;English;R;Action;Drama;History;140000000,0;111110575,0;0;2000;-28889425,0;-20,6;Bon (7-8)
Exodus: Gods and Kings ;tt1528100;2014;150;6,1;128682;Ridley Scott;Christian Bale;María Valverde;Ben Mendelsohn;UK;English;PG-13;Action;Adventure;Drama;140000000,0;65007045,0;51000;2010;-74992955,0;-53,6;Moyen (6-7)
Star Trek ;tt0796366;2009;127;8,0;504419;J.J. Abrams;Chris Hemsworth;Leonard Nimoy;Bruce Greenwood;USA;English;PG-13;Action;Adventure;Sci-Fi;150000000,0;257704099,0;19000;2000;107704099,0;71,8;Excellent (8+)
Spider-Man ;tt0145487;2002;121;7,3;544665;Sam Raimi;J.K. Simmons;James Franco;Kirsten Dunst;USA;English;PG-13;Action;Adventure;Fantasy;139000000,0;403706375,0;5000;2000;264706375,0;190,4;Bon (7-8)
How to Train Your Dragon 2 ;tt1646971;2014;102;7,9;221128;Dean DeBlois;Gerard Butler;Djimon Hounsou;America Ferrera;USA;English;PG;Action;Adventure;Animation;145000000,0;176997107,0;46000;2010;31997107,0;22,1;Bon (7-8)
Gods of Egypt ;tt2404233;2016;126;5,5;51892;Alex Proyas;Gerard Butler;Elodie Yung;Bryan Brown;USA;English;PG-13;Action;Adventure;Fantasy;140000000,0;31141074,0;24000;2010;-108858926,0;-77,8;Faible (<6)
Stealth ;tt0382992;2005;121;5,0;45455;Rob Cohen;Sam Shepard;Joe Morton;Richard Roxburgh;USA;English;PG-13;Action;Adventure;Sci-Fi;135000000,0;31704416,0;0;2000;-103295584,0;-76,5;Faible (<6)
Watchmen ;tt0409459;2009;215;7,7;392474;Zack Snyder;Matt Frewer;Billy Crudup;Stephen McHattie;USA;English;R;Action;Drama;Mystery;130000000,0;107503316,0;18000;2000;-22496684,0;-17,3;Bon (7-8)
Lethal Weapon 4 ;tt0122151;1998;127;6,6;127497;Richard Donner;Jet Li;Rene Russo;Darlene Love;USA;English;R;Action;Crime;Thriller;140000000,0;129734803,0;0;1990;-10265197,0;-7,3;Moyen (6-7)
Hulk ;tt0286716;2003;138;5,7;212106;Ang Lee;Kevin Rankin;Regi Davis;Celia Weston;USA;English;PG-13;Action;Sci-Fi;;137000000,0;132122995,0;0;2000;-4877005,0;-3,6;Faible (<6)
G.I. Joe: Retaliation ;tt1583421;2013;122;5,8;146352;Jon M. Chu;Channing Tatum;Dwayne Johnson;Elodie Yung;USA;English;PG-13;Action;Adventure;Sci-Fi;130000000,0;122512052,0;42000;2010;-7487948,0;-5,8;Faible (<6)
Sahara ;tt0318649;2005;124;6,0;77673;Breck Eisner;Matthew McConaughey;Rainn Wilson;Delroy Lindo;UK;English;PG-13;Action;Adventure;Comedy;130000000,0;68642452,0;0;2000;-61357548,0;-47,2;Moyen (6-7)
Final Fantasy: The Spirits Within ;tt0173840;2001;106;6,4;72259;Hironobu Sakaguchi;Steve Buscemi;Ming-Na Wen;Jean Simmons;USA;English;PG-13;Action;Adventure;Animation;137000000,0;32131830,0;0;2000;-104868170,0;-76,5;Moyen (6-7)
Captain America: The First Avenger ;tt0458339;2011;124;6,9;508818;Joe Johnston;Chris Evans;Dominic Cooper;Hayley Atwell;USA;English;PG-13;Action;Adventure;Sci-Fi;140000000,0;176636816,0;46000;2010;36636816,0;26,2;Moyen (6-7)
The World Is Not Enough ;tt0143145;1999;128;6,4;157519;Michael Apted;Colin Salmon;Maria Grazia Cucinotta;Desmond Llewelyn;UK;English;PG-13;Action;Adventure;Thriller;135000000,0;126930660,0;2000;1990;-8069340,0;-6,0;Moyen (6-7)
Master and Commander: The Far Side of the World ;tt0311113;2003;138;7,4;168207;Peter Weir;James D'Arcy;Lee Ingleby;David Threlfall;USA;English;PG-13;Action;Adventure;Drama;150000000,0;93926386,0;0;2000;-56073614,0;-37,4;Bon (7-8)
The Twilight Saga: Breaking Dawn - Part 2 ;tt1673434;2012;115;5,5;185394;Bill Condon;Robert Pattinson;Kristen Stewart;Taylor Lautner;USA;English;PG-13;Adventure;Drama;Fantasy;120000000,0;292298923,0;65000;2010;172298923,0;143,6;Faible (<6)
Happy Feet 2 ;tt1402488;2011;100;5,9;32399;George Miller;Robin Williams;Brad Pitt;Common;Australia;English;PG;Animation;Comedy;Family;135000000,0;63992328,0;0;2010;-71007672,0;-52,6;Faible (<6)
The Incredible Hulk ;tt0800080;2008;135;6,8;326286;Louis Leterrier;Ty Burrell;Peter Mensah;William Hurt;USA;English;PG-13;Action;Adventure;Sci-Fi;150000000,0;134518390,0;0;2000;-15481610,0;-10,3;Moyen (6-7)
The BFG ;tt3691740;2016;117;6,8;12572;Steven Spielberg;Mark Rylance;Penelope Wilton;Rafe Spall;UK;English;PG;Adventure;Family;Fantasy;140000000,0;52792307,0;27000;2010;-87207693,0;-62,3;Moyen (6-7)
The Revenant ;tt1663202;2015;156;8,1;406020;Alejandro G. Iñárritu;Leonardo DiCaprio;Tom Hardy;Lukas Haas;USA;English;R;Adventure;Drama;Thriller;135000000,0;183635922,0;190000;2010;48635922,0;36,0;Excellent (8+)
Turbo ;tt1860353;2013;96;6,5;62424;David Soren;Ryan Reynolds;Snoop Dogg;Ben Schwartz;USA;English;PG;Adventure;Animation;Comedy;135000000,0;83024900,0;13000;2010;-51975100,0;-38,5;Moyen (6-7)
Rango ;tt1192628;2011;107;7,2;183208;Gore Verbinski;Johnny Depp;Ray Winstone;Stephen Root;USA;English;PG;Adventure;Animation;Comedy;135000000,0;123207194,0;26000;2010;-11792806,0;-8,7;Bon (7-8)
Penguins of Madagascar ;tt1911658;2014;92;6,7;60230;Eric Darnell;Benedict Cumberbatch;Annet Mahendru;Andy Richter;USA;English;PG;Adventure;Animation;Comedy;132000000,0;83348920,0;11000;2010;-48651080,0;-36,9;Moyen (6-7)
The Bourne Ultimatum ;tt0440963;2007;115;8,1;491077;Paul Greengrass;Matt Damon;Edgar Ramírez;Albert Finney;USA;English;PG-13;Action;Mystery;Thriller;110000000,0;227137090,0;0;2000;117137090,0;106,5;Excellent (8+)
Kung Fu Panda ;tt0441773;2008;92;7,6;307029;Mark Osborne;Angelina Jolie Pitt;Wayne Knight;Dan Fogler;USA;English;PG;Action;Adventure;Animation;130000000,0;215395021,0;6000;2000;85395021,0;65,7;Bon (7-8)
Ant-Man ;tt0478970;2015;117;7,4;313866;Peyton Reed;Judy Greer;Hayley Atwell;T.I.;USA;English;PG-13;Action;Adventure;Comedy;130000000,0;180191634,0;61000;2010;50191634,0;38,6;Bon (7-8)
The Hunger Games: Catching Fire ;tt1951264;2013;146;7,6;498397;Francis Lawrence;Jennifer Lawrence;Josh Hutcherson;Sandra Ellis Lafferty;USA;English;PG-13;Adventure;Sci-Fi;Thriller;130000000,0;424645577,0;82000;2010;294645577,0;226,7;Bon (7-8)
Home ;tt2224026;2015;94;6,7;70121;Tim Johnson;Jim Parsons;Matt Jones;April Winchell;USA;English;PG;Adventure;Animation;Comedy;135000000,0;177343675,0;26000;2010;42343675,0;31,4;Moyen (6-7)
War of the Worlds ;tt0407304;2005;116;6,5;334345;Steven Spielberg;Tom Cruise;Lisa Ann Walter;Rick Gonzalez;USA;English;PG-13;Adventure;Sci-Fi;Thriller;132000000,0;234277056,0;0;2000;102277056,0;77,5;Moyen (6-7)
Bad Boys II ;tt0172156;2003;147;6,6;178126;Michael Bay;Will Smith;Henry Rollins;Jordi Mollà;USA;English;R;Action;Comedy;Crime;130000000,0;138396624,0;0;2000;8396624,0;6,5;Moyen (6-7)
Puss in Boots ;tt0448694;2011;90;6,7;114287;Chris Miller;Salma Hayek;Constance Marie;Amy Sedaris;USA;English;PG;Action;Adventure;Animation;130000000,0;149234747,0;16000;2010;19234747,0;14,8;Moyen (6-7)
Salt ;tt0944835;2010;101;6,4;245621;Phillip Noyce;Angelina Jolie Pitt;Andre Braugher;August Diehl;USA;English;PG-13;Action;Crime;Mystery;110000000,0;118311368,0;23000;2010;8311368,0;7,6;Moyen (6-7)
Noah ;tt1959490;2014;138;5,8;200022;Darren Aronofsky;Anthony Hopkins;Emma Watson;Logan Lerman;USA;English;PG-13;Action;Adventure;Drama;125000000,0;101160529,0;71000;2010;-23839471,0;-19,1;Faible (<6)
The Adventures of Tintin ;tt0983193;2011;107;7,4;177383;Steven Spielberg;Toby Jones;Mackenzie Crook;Tony Curran;USA;English;PG;Action;Adventure;Family;135000000,0;77564037,0;44000;2010;-57435963,0;-42,5;Bon (7-8)
Harry Potter and the Prisoner of Azkaban ;tt0304141;2004;142;7,8;382255;Alfonso Cuarón;Daniel Radcliffe;Gary Oldman;Rupert Grint;UK;English;PG;Adventure;Family;Fantasy;130000000,0;249358727,0;11000;2000;119358727,0;91,8;Bon (7-8)
Australia ;tt0455824;2008;165;6,6;102338;Baz Luhrmann;Essie Davis;Bryan Brown;Eddie Baroo;Australia;English;PG-13;Adventure;Drama;Romance;130000000,0;49551662,0;0;2000;-80448338,0;-61,9;Moyen (6-7)
After Earth ;tt1815862;2013;100;4,9;158720;M. Night Shyamalan;Will Smith;Zoë Kravitz;Glenn Morshower;USA;English;PG-13;Action;Adventure;Sci-Fi;130000000,0;60522097,0;37000;2010;-69477903,0;-53,4;Faible (<6)
Dinosaur ;tt0130623;2000;82;6,5;38438;Eric Leighton;Alfre Woodard;D.B. Sweeney;Della Reese;USA;English;PG;Adventure;Animation;Family;127500000,0;137748063,0;0;2000;10248063,0;8,0;Moyen (6-7)
Harry Potter and the Deathly Hallows: Part II ;tt1680310;2011;0;7,5;381;Matt Birch;Rupert Grint;Dave Legeno;Ralph Ineson;UK;English;;Action;Fantasy;;;;40;2010;;;Bon (7-8)
Night at the Museum: Secret of the Tomb ;tt2692250;2014;98;6,2;67223;Shawn Levy;Robin Williams;Rami Malek;Steve Coogan;USA;English;PG;Adventure;Comedy;Family;127000000,0;113733726,0;11000;2010;-13266274,0;-10,4;Moyen (6-7)
Megamind ;tt1001526;2010;95;7,3;172754;Tom McGrath;J.K. Simmons;Brad Pitt;Will Ferrell;USA;English;PG;Action;Animation;Comedy;130000000,0;148337537,0;13000;2010;18337537,0;14,1;Bon (7-8)
Harry Potter and the Sorcerer's Stone ;tt0241527;2001;159;7,5;444683;Chris Columbus;Daniel Radcliffe;Fiona Shaw;Verne Troyer;UK;English;PG;Adventure;Family;Fantasy;125000000,0;317557891,0;16000;2000;192557891,0;154,0;Bon (7-8)
R.I.P.D. ;tt0790736;2013;96;5,6;91640;Robert Schwentke;Ryan Reynolds;Jeff Bridges;Stephanie Szostak;USA;English;PG-13;Action;Comedy;Fantasy;130000000,0;33592415,0;20000;2010;-96407585,0;-74,2;Faible (<6)
Pirates of the Caribbean: The Curse of the Black Pearl ;tt0325980;2003;143;8,1;809474;Gore Verbinski;Johnny Depp;Orlando Bloom;Jack Davenport;USA;English;PG-13;Action;Adventure;Fantasy;140000000,0;305388685,0;10000;2000;165388685,0;118,1;Excellent (8+)
Harry Potter and the Deathly Hallows: Part I ;tt1571403;2010;0;6,4;252;Matt Birch;Rupert Grint;Toby Jones;Alfred Enoch;UK;English;;Fantasy;;;;;25;2010;;;Moyen (6-7)
The Hunger Games: Mockingjay - Part 1 ;tt1951265;2014;123;6,7;305008;Francis Lawrence;Jennifer Lawrence;Philip Seymour Hoffman;Josh Hutcherson;USA;English;PG-13;Adventure;Sci-Fi;Thriller;125000000,0;337103873,0;52000;2010;212103873,0;169,7;Moyen (6-7)
The Da Vinci Code ;tt0382625;2006;174;6,6;314253;Ron Howard;Tom Hanks;Seth Gabel;Jürgen Prochnow;USA;English;PG-13;Mystery;Thriller;;125000000,0;217536138,0;0;2000;92536138,0;74,0;Moyen (6-7)
Rio 2 ;tt2357291;2014;101;6,4;58498;Carlos Saldanha;Miguel Ferrer;Rachel Crow;Jeffrey Garcia;USA;English;G;Adventure;Animation;Comedy;103000000,0;131536019,0;0;2010;28536019,0;27,7;Moyen (6-7)
X-Men 2 ;tt0290334;2003;134;7,5;405973;Bryan Singer;Hugh Jackman;Bruce Davison;Aaron Stanford;Canada;English;PG-13;Action;Adventure;Fantasy;110000000,0;214948780,0;0;2000;104948780,0;95,4;Bon (7-8)
Fast Five ;tt1596343;2011;132;7,3;284792;Justin Lin;Paul Walker;Vin Diesel;Dwayne Johnson;USA;English;PG-13;Action;Crime;Thriller;125000000,0;209805005,0;54000;2010;84805005,0;67,8;Bon (7-8)
Sherlock Holmes: A Game of Shadows ;tt1515091;2011;129;7,5;338635;Guy Ritchie;Robert Downey Jr.;Eddie Marsan;Paul Anderson;USA;English;PG-13;Action;Adventure;Crime;125000000,0;186830669,0;39000;2010;61830669,0;49,5;Bon (7-8)
Clash of the Titans ;tt0800320;2010;106;5,8;229679;Louis Leterrier;Liam Neeson;Jason Flemyng;Alexa Davalos;USA;English;PG-13;Action;Adventure;Fantasy;125000000,0;163192114,0;15000;2010;38192114,0;30,6;Faible (<6)
Total Recall ;tt0100802;1990;113;7,5;240241;Paul Verhoeven;Ronny Cox;Rachel Ticotin;Marshall Bell;USA;English;R;Action;Sci-Fi;;65000000,0;119412921,0;0;1990;54412921,0;83,7;Bon (7-8)
The 13th Warrior ;tt0120657;1999;102;6,6;101411;John McTiernan;Tony Curran;Vladimir Kulich;Clive Russell;USA;English;R;Action;Adventure;History;85000000,0;32694788,0;0;1990;-52305212,0;-61,5;Moyen (6-7)
The Bourne Legacy ;tt1194173;2012;135;6,7;229823;Tony Gilroy;Jeremy Renner;Scott Glenn;Stacy Keach;USA;English;PG-13;Action;Adventure;Thriller;125000000,0;113165635,0;31000;2010;-11834365,0;-9,5;Moyen (6-7)
Batman & Robin ;tt0118688;1997;125;3,7;189855;Joel Schumacher;Michael Gough;Vivica A. Fox;John Glover;USA;English;PG-13;Action;;;125000000,0;107285004,0;0;1990;-17714996,0;-14,2;Faible (<6)
How the Grinch Stole Christmas ;tt0170016;2000;110;6,0;141414;Ron Howard;Clint Howard;T.J. Thyne;Molly Shannon;USA;English;PG;Comedy;Family;Fantasy;123000000,0;260031035,0;0;2000;137031035,0;111,4;Moyen (6-7)
The Day After Tomorrow ;tt0319262;2004;124;6,4;333248;Roland Emmerich;Jake Gyllenhaal;Dennis Quaid;Sela Ward;USA;English;PG-13;Action;Adventure;Sci-Fi;125000000,0;186739919,0;19000;2000;61739919,0;49,4;Moyen (6-7)
Mission: Impossible II ;tt0120755;2000;123;6,1;242188;John Woo;Tom Cruise;Dougray Scott;Richard Roxburgh;USA;English;PG-13;Action;Adventure;Thriller;125000000,0;215397307,0;0;2000;90397307,0;72,3;Moyen (6-7)
The Perfect Storm ;tt0177971;2000;130;6,4;133076;Wolfgang Petersen;Karen Allen;Mary Elizabeth Mastrantonio;Bob Gunton;USA;English;PG-13;Action;Adventure;Drama;140000000,0;182618434,0;0;2000;42618434,0;30,4;Moyen (6-7)
Fantastic 4: Rise of the Silver Surfer ;tt0486576;2007;92;5,6;213275;Tim Story;Chris Evans;Ioan Gruffudd;Andre Braugher;USA;English;PG;Action;Adventure;Sci-Fi;130000000,0;131920333,0;0;2000;1920333,0;1,5;Faible (<6)
Life of Pi ;tt0454876;2012;127;8,0;440084;Ang Lee;Suraj Sharma;Rafe Spall;Tabu;USA;English;PG;Adventure;Drama;Fantasy;120000000,0;124976634,0;122000;2010;4976634,0;4,1;Excellent (8+)
Ghost Rider ;tt0259324;2007;123;5,2;182661;Mark Steven Johnson;Nicolas Cage;Matt Long;Peter Fonda;USA;English;PG-13;Action;Fantasy;Thriller;110000000,0;115802596,0;0;2000;5802596,0;5,3;Faible (<6)
Jason Bourne ;tt4196776;2016;123;7,1;40123;Paul Greengrass;Matt Damon;Riz Ahmed;Ato Essandoh;UK;English;PG-13;Action;Thriller;;120000000,0;108521835,0;31000;2010;-11478165,0;-9,6;Bon (7-8)
Charlie's Angels: Full Throttle ;tt0305357;2003;107;4,8;100821;McG;Demi Moore;Bernie Mac;Justin Theroux;USA;English;PG-13;Action;Adventure;Comedy;120000000,0;100685880,0;0;2000;-19314120,0;-16,1;Faible (<6)
Prometheus ;tt1446714;2012;124;7,0;456260;Ridley Scott;Michael Fassbender;Charlize Theron;Sean Harris;USA;English;R;Adventure;Mystery;Sci-Fi;130000000,0;126464904,0;97000;2010;-3535096,0;-2,7;Bon (7-8)
Stuart Little 2 ;tt0243585;2002;77;5,4;36471;Rob Minkoff;Nathan Lane;Brad Garrett;Melanie Griffith;USA;English;PG;Adventure;Animation;Comedy;120000000,0;64736114,0;459;2000;-55263886,0;-46,1;Faible (<6)
Elysium ;tt1535108;2013;109;6,6;338087;Neill Blomkamp;Matt Damon;Sharlto Copley;Alice Braga;USA;English;R;Action;Drama;Sci-Fi;115000000,0;93050117,0;61000;2010;-21949883,0;-19,1;Moyen (6-7)
The Chronicles of Riddick ;tt0296572;2004;134;6,7;183909;David Twohy;Vin Diesel;Alexa Davalos;Christina Cox;USA;English;PG-13;Action;Adventure;Sci-Fi;105000000,0;57637485,0;0;2000;-47362515,0;-45,1;Moyen (6-7)
RoboCop ;tt1234721;2014;117;6,2;182899;José Padilha;Gary Oldman;Abbie Cornish;Jennifer Ehle;USA;English;PG-13;Action;Crime;Sci-Fi;100000000,0;58607007,0;60000;2010;-41392993,0;-41,4;Moyen (6-7)
Speed Racer ;tt0811080;2008;135;6,1;57873;Lana Wachowski;Scott Porter;Kick Gurry;Nicholas Elia;USA;English;PG;Action;Family;Sport;120000000,0;43929341,0;0;2000;-76070659,0;-63,4;Moyen (6-7)
How Do You Know ;tt1341188;2010;121;5,3;35066;James L. Brooks;Shelley Conn;Domenick Lombardozzi;Teyonah Parris;USA;English;PG-13;Comedy;Drama;Romance;120000000,0;30212620,0;0;2010;-89787380,0;-74,8;Faible (<6)
Knight and Day ;tt1013743;2010;117;6,3;148280;James Mangold;Tom Cruise;Marc Blucas;Jordi Mollà;USA;English;PG-13;Action;Comedy;Romance;117000000,0;76418654,0;11000;2010;-40581346,0;-34,7;Moyen (6-7)
Oblivion ;tt1483013;2013;124;7,0;387436;Joseph Kosinski;Morgan Freeman;Tom Cruise;Zoë Bell;USA;English;PG-13;Action;Adventure;Mystery;120000000,0;89021735,0;71000;2010;-30978265,0;-25,8;Bon (7-8)
Star Wars: Episode III - Revenge of the Sith ;tt0121766;2005;140;7,6;520104;George Lucas;Natalie Portman;Christopher Lee;Hayden Christensen;USA;English;PG-13;Action;Adventure;Fantasy;113000000,0;380262555,0;10000;2000;267262555,0;236,5;Bon (7-8)
Star Wars: Episode II - Attack of the Clones ;tt0121765;2002;142;6,7;464310;George Lucas;Natalie Portman;Christopher Lee;Hayden Christensen;USA;English;PG;Action;Adventure;Fantasy;115000000,0;310675583,0;0;2000;195675583,0;170,2;Moyen (6-7)
Monsters, Inc. ;tt0198781;2001;92;8,1;585659;Pete Docter;Steve Buscemi;John Ratzenberger;James Coburn;USA;English;G;Adventure;Animation;Comedy;115000000,0;289907418,0;0;2000;174907418,0;152,1;Excellent (8+)
The Wolverine ;tt1430132;2013;138;6,7;328067;James Mangold;Hugh Jackman;Tao Okamoto;Rila Fukushima;USA;English;PG-13;Action;Adventure;Sci-Fi;120000000,0;132550960,0;68000;2010;12550960,0;10,5;Moyen (6-7)
Star Wars: Episode I - The Phantom Menace ;tt0120915;1999;136;6,5;534658;George Lucas;Natalie Portman;Liam Neeson;Ian McDiarmid;USA;English;PG;Action;Adventure;Fantasy;115000000,0;474544677,0;13000;1990;359544677,0;312,6;Moyen (6-7)
The Croods ;tt0481499;2013;98;7,3;150618;Kirk De Micco;Ryan Reynolds;Emma Stone;Nicolas Cage;USA;English;PG;Adventure;Animation;Comedy;135000000,0;187165546,0;28000;2010;52165546,0;38,6;Bon (7-8)
Asterix at the Olympic Games ;tt0463872;2008;116;5,1;20567;Frédéric Forestier;Alain Delon;Santiago Segura;Vanessa Hessler;France;French;;Adventure;Comedy;Family;78000000,0;;291;2000;;;Faible (<6)
Windtalkers ;tt0245562;2002;153;6,0;55994;John Woo;Nicolas Cage;Roger Willie;Noah Emmerich;USA;English;R;Action;Drama;War;115000000,0;40911830,0;0;2000;-74088170,0;-64,4;Moyen (6-7)
The Huntsman: Winter's War ;tt2381991;2016;120;6,1;37750;Cedric Nicolas-Troyan;Chris Hemsworth;Sam Claflin;Charlize Theron;USA;English;PG-13;Action;Adventure;Drama;115000000,0;47952020,0;16000;2010;-67047980,0;-58,3;Moyen (6-7)
Teenage Mutant Ninja Turtles ;tt1291150;2014;101;5,9;167085;Jonathan Liebesman;Noel Fisher;Danny Woodburn;Jeremy Howard;USA;English;PG-13;Action;Adventure;Comedy;125000000,0;190871240,0;62000;2010;65871240,0;52,7;Faible (<6)
Gravity ;tt1454468;2013;91;7,8;582917;Alfonso Cuarón;Phaldut Sharma;Basher Savage;Amy Warren;UK;English;PG-13;Adventure;Drama;Sci-Fi;100000000,0;274084951,0;147000;2010;174084951,0;174,1;Bon (7-8)
Dante's Peak ;tt0118928;1997;108;5,8;62271;Roger Donaldson;Jamie Renée Smith;Grant Heslov;Tzi Ma;USA;English;PG-13;Action;Adventure;Thriller;116000000,0;67155742,0;0;1990;-48844258,0;-42,1;Faible (<6)
Teenage Mutant Ninja Turtles: Out of the Shadows ;tt3949660;2016;112;6,3;17533;Dave Green;Stephen Amell;Noel Fisher;Brad Garrett;USA;English;PG-13;Action;Adventure;Comedy;135000000,0;81638674,0;12000;2010;-53361326,0;-39,5;Moyen (6-7)
Fantastic Four ;tt1502712;2015;100;4,3;110486;Josh Trank;Tim Blake Nelson;Reg E. Cathey;Tim Heidecker;USA;English;PG-13;Action;Adventure;Sci-Fi;120000000,0;56114221,0;41000;2010;-63885779,0;-53,2;Faible (<6)
Night at the Museum ;tt0477347;2006;108;6,4;234480;Shawn Levy;Robin Williams;Rami Malek;Steve Coogan;USA;English;PG;Action;Adventure;Comedy;110000000,0;250863268,0;3000;2000;140863268,0;128,1;Moyen (6-7)
San Andreas ;tt2126355;2015;114;6,1;147497;Brad Peyton;Dwayne Johnson;Ioan Gruffudd;Archie Panjabi;USA;English;PG-13;Action;Adventure;Drama;110000000,0;155181732,0;52000;2010;45181732,0;41,1;Moyen (6-7)
Tomorrow Never Dies ;tt0120347;1997;119;6,5;149680;Roger Spottiswoode;Vincent Schiavelli;Colin Salmon;Joe Don Baker;UK;English;PG-13;Action;Adventure;Thriller;110000000,0;125332007,0;0;1990;15332007,0;13,9;Moyen (6-7)
The Patriot ;tt0187393;2000;142;7,1;207613;Roland Emmerich;Heath Ledger;Adam Baldwin;Tom Wilkinson;USA;English;R;Action;Drama;History;110000000,0;113330342,0;4000;2000;3330342,0;3,0;Bon (7-8)
Ocean's Twelve ;tt0349903;2004;125;6,4;284852;Steven Soderbergh;Brad Pitt;Julia Roberts;Mini Anden;USA;English;PG-13;Crime;Thriller;;110000000,0;125531634,0;0;2000;15531634,0;14,1;Moyen (6-7)
Mr. & Mrs. Smith ;tt0356910;2005;126;6,5;348861;Doug Liman;Brad Pitt;Angelina Jolie Pitt;Stephanie March;USA;English;PG-13;Action;Comedy;Crime;120000000,0;186336103,0;0;2000;66336103,0;55,3;Moyen (6-7)
Insurgent ;tt2908446;2015;119;6,3;154621;Robert Schwentke;Kate Winslet;Theo James;Mekhi Phifer;USA;English;PG-13;Adventure;Sci-Fi;Thriller;110000000,0;129995817,0;27000;2010;19995817,0;18,2;Moyen (6-7)
The Aviator ;tt0338751;2004;170;7,5;264318;Martin Scorsese;Leonardo DiCaprio;Adam Scott;Frances Conroy;USA;English;PG-13;Biography;Drama;;110000000,0;102608827,0;0;2000;-7391173,0;-6,7;Bon (7-8)
Gulliver's Travels ;tt1320261;2010;85;4,9;53160;Rob Letterman;James Corden;Catherine Tate;Olly Alexander;USA;English;PG;Adventure;Comedy;Family;112000000,0;42776259,0;0;2010;-69223741,0;-61,8;Faible (<6)
The Green Hornet ;tt0990407;2011;119;5,8;136019;Michel Gondry;Christoph Waltz;Tom Wilkinson;Chad L. Coleman;USA;English;PG-13;Action;Comedy;Crime;120000000,0;98780042,0;14000;2010;-21219958,0;-17,7;Faible (<6)
300: Rise of an Empire ;tt1253863;2014;102;6,2;225273;Noam Murro;Eva Green;Sullivan Stapleton;Peter Mensah;USA;English;R;Action;Drama;Fantasy;110000000,0;106369117,0;71000;2010;-3630883,0;-3,3;Moyen (6-7)
The Smurfs ;tt0472181;2011;103;5,5;66593;Raja Gosnell;Mahadeo Shivraj;Tim Gunn;Madison McKinley;USA;English;PG;Adventure;Animation;Comedy;110000000,0;142614158,0;31000;2010;32614158,0;29,6;Faible (<6)
Home on the Range ;tt0299172;2004;76;5,4;13581;Will Finn;Steve Buscemi;Roseanne Barr;G.W. Bailey;USA;English;PG;Animation;Comedy;Family;110000000,0;50026353,0;304;2000;-59973647,0;-54,5;Faible (<6)
Allegiant ;tt3410834;2016;120;5,8;44296;Robert Schwentke;Naomi Watts;Theo James;Zoë Kravitz;USA;English;PG-13;Action;Adventure;Mystery;110000000,0;66002193,0;12000;2010;-43997807,0;-40,0;Faible (<6)
Real Steel ;tt0433035;2011;127;7,1;254841;Shawn Levy;Hugh Jackman;Torey Michael Adkins;Olga Fonda;USA;English;PG-13;Action;Drama;Sci-Fi;110000000,0;85463309,0;36000;2010;-24536691,0;-22,3;Bon (7-8)
The Smurfs 2 ;tt2017020;2013;105;5,4;27257;Raja Gosnell;Jacob Tremblay;Nancy O'Dell;Vanessa Matsui;USA;English;PG;Adventure;Animation;Comedy;105000000,0;71017784,0;0;2010;-33982216,0;-32,4;Faible (<6)
Speed 2: Cruise Control ;tt0120179;1997;121;3,7;60573;Jan de Bont;Jason Patric;Temuera Morrison;Lois Chiles;USA;English;PG-13;Action;Crime;Romance;160000000,0;48068396,0;894;1990;-111931604,0;-70,0;Faible (<6)
Ender's Game ;tt1731141;2013;114;6,7;184561;Gavin Hood;Harrison Ford;Moises Arias;Aramis Knight;USA;English;PG-13;Action;Sci-Fi;;110000000,0;61656849,0;123000;2010;-48343151,0;-43,9;Moyen (6-7)
Live Free or Die Hard ;tt0337978;2007;129;7,2;336235;Len Wiseman;Bruce Willis;Jonathan Sadowski;Cyril Raffaelli;USA;English;PG-13;Action;Adventure;Thriller;110000000,0;134520804,0;0;2000;24520804,0;22,3;Bon (7-8)
The Lord of the Rings: The Fellowship of the Ring ;tt0120737;2001;171;8,8;1238746;Peter Jackson;Christopher Lee;Orlando Bloom;Billy Boyd;New Zealand;English;PG-13;Action;Adventure;Drama;93000000,0;313837577,0;21000;2000;220837577,0;237,5;Excellent (8+)
Around the World in 80 Days ;tt0327437;2004;120;5,8;68720;Frank Coraci;Jim Broadbent;Steve Coogan;Cécile De France;USA;English;PG;Action;Adventure;Comedy;110000000,0;24004159,0;0;2000;-85995841,0;-78,2;Faible (<6)
Ali ;tt0248667;2001;165;6,8;79186;Michael Mann;Will Smith;Jada Pinkett Smith;Joe Morton;USA;English;R;Biography;Drama;Sport;107000000,0;58183966,0;0;2000;-48816034,0;-45,6;Moyen (6-7)
The Cat in the Hat ;tt0312528;2003;82;3,8;36033;Bo Welch;Sean Hayes;Kelly Preston;Spencer Breslin;USA;English;PG;Adventure;Comedy;Family;109000000,0;100446895,0;946;2000;-8553105,0;-7,8;Faible (<6)
I, Robot ;tt0343818;2004;115;7,1;387632;Alex Proyas;Will Smith;Bruce Greenwood;Chi McBride;USA;English;PG-13;Action;Mystery;Sci-Fi;120000000,0;144795350,0;0;2000;24795350,0;20,7;Bon (7-8)
Kingdom of Heaven ;tt0320661;2005;194;7,2;217373;Ridley Scott;Liam Neeson;Orlando Bloom;Philip Glenister;USA;English;R;Action;Adventure;Drama;130000000,0;47396698,0;0;2000;-82603302,0;-63,5;Bon (7-8)
Stuart Little ;tt0164912;1999;84;5,9;94172;Rob Minkoff;Chazz Palminteri;Nathan Lane;Jeffrey Jones;Germany;English;PG;Adventure;Comedy;Family;133000000,0;140015224,0;0;1990;7015224,0;5,3;Faible (<6)
The Princess and the Frog ;tt0780521;2009;97;7,1;89351;Ron Clements;Oprah Winfrey;Jenifer Lewis;Anika Noni Rose;USA;English;G;Animation;Family;Fantasy;105000000,0;104374107,0;5000;2000;-625893,0;-0,6;Bon (7-8)
The Martian ;tt3659388;2015;151;8,1;472488;Ridley Scott;Matt Damon;Donald Glover;Benedict Wong;USA;English;PG-13;Adventure;Drama;Sci-Fi;108000000,0;228430993,0;153000;2010;120430993,0;111,5;Excellent (8+)
The Island ;tt0399201;2005;136;6,9;263329;Michael Bay;Scarlett Johansson;Steve Buscemi;Djimon Hounsou;USA;English;PG-13;Action;Adventure;Romance;126000000,0;35799026,0;0;2000;-90200974,0;-71,6;Moyen (6-7)
Town & Country ;tt0141907;2001;104;4,4;4102;Peter Chelsom;Del Zamora;Warren Beatty;Garry Shandling;New Line;English;R;Comedy;Romance;;90000000,0;6712451,0;53;2000;-83287549,0;-92,5;Faible (<6)
Gone in Sixty Seconds ;tt0187078;2000;127;6,5;218341;Dominic Sena;Nicolas Cage;Angelina Jolie Pitt;Robert Duvall;USA;English;PG-13;Action;Crime;Thriller;90000000,0;101643008,0;0;2000;11643008,0;12,9;Moyen (6-7)
Gladiator ;tt0172495;2000;171;8,5;982637;Ridley Scott;Djimon Hounsou;Connie Nielsen;Oliver Reed;USA;English;R;Action;Drama;Romance;103000000,0;187670866,0;21000;2000;84670866,0;82,2;Excellent (8+)
Minority Report ;tt0181689;2002;145;7,7;399651;Steven Spielberg;Tom Cruise;Frank Grillo;Jessica Capshaw;USA;English;PG-13;Action;Mystery;Sci-Fi;102000000,0;132014112,0;0;2000;30014112,0;29,4;Bon (7-8)
Harry Potter and the Chamber of Secrets ;tt0295297;2002;174;7,4;387616;Chris Columbus;Daniel Radcliffe;Rupert Grint;Emma Watson;UK;English;PG;Adventure;Family;Fantasy;100000000,0;261970615,0;0;2000;161970615,0;162,0;Bon (7-8)
Casino Royale ;tt0381061;2006;144;8,0;470483;Martin Campbell;Eva Green;Tobias Menzies;Ivana Milicevic;UK;English;PG-13;Action;Adventure;Thriller;150000000,0;167007184,0;0;2000;17007184,0;11,3;Excellent (8+)
Planet of the Apes ;tt0133152;2001;119;5,7;177725;Tim Burton;Cary-Hiroyuki Tagawa;Estella Warren;Erick Avari;USA;English;PG-13;Action;Adventure;Sci-Fi;100000000,0;180011740,0;0;2000;80011740,0;80,0;Faible (<6)
Terminator 2: Judgment Day ;tt0103064;1991;153;8,5;744891;James Cameron;Joe Morton;Jenette Goldstein;S. Epatha Merkerson;USA;English;R;Action;Sci-Fi;;102000000,0;204843350,0;13000;1990;102843350,0;100,8;Excellent (8+)
Public Enemies ;tt1152836;2009;140;7,0;230931;Michael Mann;Johnny Depp;Christian Bale;Stephen Graham;USA;English;R;Biography;Crime;Drama;100000000,0;97030725,0;0;2000;-2969275,0;-3,0;Bon (7-8)
American Gangster ;tt0765429;2007;176;7,8;324671;Ridley Scott;Denzel Washington;Ruby Dee;RZA;USA;English;R;Biography;Crime;Drama;100000000,0;130127620,0;0;2000;30127620,0;30,1;Bon (7-8)
True Lies ;tt0111503;1994;141;7,2;190439;James Cameron;Jamie Lee Curtis;Tia Carrere;Tom Arnold;USA;English;R;Action;Comedy;Thriller;115000000,0;146282411,0;0;1990;31282411,0;27,2;Bon (7-8)
The Taking of Pelham 1 2 3 ;tt1111422;2009;106;6,4;149998;Tony Scott;Denzel Washington;Ramon Rodriguez;Michael Rispoli;USA;English;R;Action;Crime;Thriller;100000000,0;65452312,0;0;2000;-34547688,0;-34,5;Moyen (6-7)
Little Fockers ;tt0970866;2010;98;5,5;85531;Paul Weitz;Robert De Niro;Blythe Danner;Teri Polo;USA;English;PG-13;Comedy;Romance;;100000000,0;148383780,0;0;2010;48383780,0;48,4;Faible (<6)
The Other Guys ;tt1386588;2010;116;6,7;189806;Adam McKay;Dwayne Johnson;Will Ferrell;Derek Jeter;USA;English;PG-13;Action;Comedy;Crime;100000000,0;119219978,0;16000;2010;19219978,0;19,2;Moyen (6-7)
Eraser ;tt0116213;1996;115;6,1;84424;Chuck Russell;Vanessa Williams;James Coburn;Roma Maffia;USA;English;R;Action;Drama;Mystery;100000000,0;101228120,0;0;1990;1228120,0;1,2;Moyen (6-7)
Django Unchained ;tt1853728;2012;165;8,5;955174;Quentin Tarantino;Leonardo DiCaprio;Christoph Waltz;Ato Essandoh;USA;English;R;Drama;Western;;100000000,0;162804648,0;199000;2010;62804648,0;62,8;Excellent (8+)
The Hunchback of Notre Dame ;tt0116583;1996;91;6,9;102933;Gary Trousdale;Demi Moore;Jason Alexander;Bill Fagerbakke;USA;English;G;Animation;Drama;Family;100000000,0;100117603,0;0;1990;117603,0;0,1;Moyen (6-7)
The Emperor's New Groove ;tt0120917;2000;78;7,3;128285;Mark Dindal;Eartha Kitt;Wendie Malick;John Fiedler;USA;English;G;Adventure;Animation;Comedy;100000000,0;89296573,0;0;2000;-10703427,0;-10,7;Bon (7-8)
The Expendables 2 ;tt1764651;2012;103;6,7;246803;Simon West;Jason Statham;Sylvester Stallone;Bruce Willis;USA;English;R;Action;Adventure;Thriller;92000000,0;85017401,0;108000;2010;-6982599,0;-7,6;Moyen (6-7)
National Treasure ;tt0368891;2004;131;6,9;255447;Jon Turteltaub;Nicolas Cage;Armando Riesco;Annie Parisse;USA;English;PG;Action;Adventure;Comedy;100000000,0;173005002,0;0;2000;73005002,0;73,0;Moyen (6-7)
Eragon ;tt0449010;2006;104;5,1;108076;Stefen Fangmeier;Djimon Hounsou;Ed Speleers;Gary Lewis;USA;English;PG;Action;Adventure;Family;100000000,0;75030163,0;0;2000;-24969837,0;-25,0;Faible (<6)
Where the Wild Things Are ;tt0386117;2009;101;6,8;87677;Spike Jonze;Catherine O'Hara;Ryan Corr;Max Records;Germany;English;PG;Adventure;Drama;Family;100000000,0;77222184,0;11000;2000;-22777816,0;-22,8;Moyen (6-7)
Epic ;tt0848537;2013;102;6,7;85833;Chris Wedge;Josh Hutcherson;Emma Kenney;Troy Evans;USA;English;PG;Adventure;Animation;Family;100000000,0;107515297,0;17000;2010;7515297,0;7,5;Moyen (6-7)
The Tourist ;tt1243957;2010;103;6,0;176598;Florian Henckel von Donnersmarck;Johnny Depp;Angelina Jolie Pitt;Rufus Sewell;USA;English;PG-13;Action;Romance;Thriller;100000000,0;67631157,0;25000;2010;-32368843,0;-32,4;Moyen (6-7)
End of Days ;tt0146675;1999;121;5,7;89509;Peter Hyams;CCH Pounder;Mark Margolis;Udo Kier;USA;English;R;Action;Fantasy;Horror;83000000,0;66862068,0;2000;1990;-16137932,0;-19,4;Faible (<6)
Blood Diamond ;tt0450259;2006;143;8,0;400292;Edward Zwick;Leonardo DiCaprio;Djimon Hounsou;Stephen Collins;Germany;English;R;Adventure;Drama;Thriller;100000000,0;57366262,0;14000;2000;-42633738,0;-42,6;Excellent (8+)
The Wolf of Wall Street ;tt0993846;2013;240;8,2;780588;Martin Scorsese;Leonardo DiCaprio;Matthew McConaughey;Jon Favreau;USA;English;R;Biography;Comedy;Crime;100000000,0;116866727,0;138000;2010;16866727,0;16,9;Excellent (8+)
Batman Forever ;tt0112462;1995;121;5,4;190786;Joel Schumacher;Michael Gough;Rene Auberjonois;Debi Mazar;USA;English;PG-13;Action;Adventure;Fantasy;100000000,0;184031112,0;0;1990;84031112,0;84,0;Faible (<6)
Starship Troopers ;tt0120201;1997;129;7,2;221521;Paul Verhoeven;Jake Busey;Patrick Muldoon;Seth Gilliam;USA;English;R;Action;Sci-Fi;War;105000000,0;54700065,0;0;1990;-50299935,0;-47,9;Bon (7-8)
Cloud Atlas ;tt1371111;2012;172;7,5;284825;Tom Tykwer;Tom Hanks;Jim Sturgess;Jim Broadbent;Germany;English;R;Drama;Sci-Fi;;102000000,0;27098580,0;124000;2010;-74901420,0;-73,4;Bon (7-8)
Legend of the Guardians: The Owls of Ga'Hoole ;tt1219342;2010;101;7,0;65785;Zack Snyder;Abbie Cornish;Richard Roxburgh;Anthony LaPaglia;USA;English;PG;Action;Adventure;Animation;80000000,0;55673333,0;16000;2010;-24326667,0;-30,4;Bon (7-8)
Catwoman ;tt0327554;2004;87;3,3;87451;Pitof;Frances Conroy;Christopher Heyerdahl;Alex Borstein;USA;English;PG-13;Action;Crime;Fantasy;100000000,0;40198710,0;0;2000;-59801290,0;-59,8;Faible (<6)
Hercules ;tt1267297;2014;101;6,0;115687;Brett Ratner;Dwayne Johnson;Rufus Sewell;Ingrid Bolsø Berdal;USA;English;PG-13;Action;Adventure;;100000000,0;72660029,0;21000;2010;-27339971,0;-27,3;Moyen (6-7)
Treasure Planet ;tt0133240;2002;95;7,1;71527;Ron Clements;Joseph Gordon-Levitt;Martin Short;Michael Wincott;USA;English;PG;Adventure;Animation;Family;140000000,0;38120554,0;0;2000;-101879446,0;-72,8;Bon (7-8)
Land of the Lost ;tt0457400;2009;102;5,4;52029;Brad Silberling;Will Ferrell;Anna Friel;Bobb'e J. Thompson;USA;English;PG-13;Adventure;Comedy;Sci-Fi;100000000,0;49392095,0;0;2000;-50607905,0;-50,6;Faible (<6)
The Expendables 3 ;tt2333784;2014;131;6,1;127258;Patrick Hughes;Jason Statham;Sylvester Stallone;Harrison Ford;USA;English;PG-13;Action;Adventure;Thriller;90000000,0;39292022,0;56000;2010;-50707978,0;-56,3;Moyen (6-7)
Point Break ;tt2058673;2015;114;5,3;33953;Ericson Core;Ray Winstone;Edgar Ramírez;Delroy Lindo;USA;English;PG-13;Action;Crime;Sport;105000000,0;28772222,0;37000;2010;-76227778,0;-72,6;Faible (<6)
Son of the Mask ;tt0362165;2005;94;2,2;40751;Lawrence Guterman;Jamie Kennedy;Traylor Howard;Ben Stein;USA;English;PG;Comedy;Family;Fantasy;84000000,0;17010646,0;881;2000;-66989354,0;-79,7;Faible (<6)
In the Heart of the Sea ;tt1390411;2015;122;7,0;71782;Ron Howard;Chris Hemsworth;Benjamin Walker;Frank Dillane;USA;English;PG-13;Action;Adventure;Biography;100000000,0;24985612,0;27000;2010;-75014388,0;-75,0;Bon (7-8)
The Adventures of Pluto Nash ;tt0180052;2002;95;3,8;20295;Ron Underwood;Rosario Dawson;Randy Quaid;Burt Young;USA;English;PG-13;Action;Comedy;Sci-Fi;100000000,0;4411102,0;416;2000;-95588898,0;-95,6;Faible (<6)
Green Zone ;tt0947810;2010;115;6,9;110364;Paul Greengrass;Matt Damon;Sean Huze;Igal Naor;France;English;R;Action;Drama;Thriller;100000000,0;35024475,0;0;2010;-64975525,0;-65,0;Moyen (6-7)
The Peanuts Movie ;tt2452042;2015;88;7,2;27918;Steve Martino;Francesca Capaldi;Venus Schultheis;Bill Melendez;USA;English;G;Adventure;Animation;Comedy;99000000,0;130174897,0;33000;2010;31174897,0;31,5;Bon (7-8)
The Spanish Prisoner ;tt0120176;1997;110;7,3;18697;David Mamet;Ben Gazzara;Felicity Huffman;Campbell Scott;USA;English;PG;Drama;Mystery;Thriller;10000000,0;10200000,0;578;1990;200000,0;2,0;Bon (7-8)
The Mummy Returns ;tt0209163;2001;130;6,3;248045;Stephen Sommers;Dwayne Johnson;Brendan Fraser;Patricia Velasquez;USA;English;PG-13;Action;Adventure;Fantasy;98000000,0;202007640,0;0;2000;104007640,0;106,1;Moyen (6-7)
Gangs of New York ;tt0217505;2002;216;7,5;314033;Martin Scorsese;Leonardo DiCaprio;Liam Neeson;Jim Broadbent;USA;English;R;Crime;Drama;;100000000,0;77679638,0;0;2000;-22320362,0;-22,3;Bon (7-8)
The Flowers of War ;tt1410063;2011;146;7,6;38690;Yimou Zhang;Christian Bale;Ni Ni;Shigeo Kobayashi;China;Mandarin;R;Drama;History;Romance;94000000,0;9213,0;13000;2010;-93990787,0;-100,0;Bon (7-8)
Surf's Up ;tt0423294;2007;85;6,8;54077;Ash Brannon;Jeff Bridges;Zooey Deschanel;Jon Heder;USA;English;PG;Animation;Comedy;Family;100000000,0;58867694,0;0;2000;-41132306,0;-41,1;Moyen (6-7)
The Stepford Wives ;tt0327162;2004;93;5,2;49739;Frank Oz;Jon Lovitz;Matthew Broderick;Roger Bart;USA;English;PG-13;Comedy;Sci-Fi;Thriller;90000000,0;59475623,0;0;2000;-30524377,0;-33,9;Faible (<6)
Black Hawk Down ;tt0265086;2001;152;7,7;292022;Ridley Scott;Ioan Gruffudd;Sam Shepard;Ewen Bremner;USA;English;R;Drama;History;War;92000000,0;108638745,0;10000;2000;16638745,0;18,1;Bon (7-8)
The Campaign ;tt1790886;2012;85;6,2;106790;Jay Roach;Will Ferrell;Thomas Middleditch;Katherine LaNasa;USA;English;R;Comedy;;;95000000,0;86897182,0;18000;2010;-8102818,0;-8,5;Moyen (6-7)
The Fifth Element ;tt0119116;1997;126;7,7;343274;Luc Besson;Milla Jovovich;Bruce Willis;Gary Oldman;France;English;PG-13;Action;Adventure;Sci-Fi;93000000,0;63540020,0;18000;1990;-29459980,0;-31,7;Bon (7-8)
Sex and the City 2 ;tt1261945;2010;146;4,3;59581;Michael Patrick King;Chris Noth;Liza Minnelli;Kristin Davis;USA;English;R;Comedy;Drama;Romance;100000000,0;95328937,0;0;2010;-4671063,0;-4,7;Faible (<6)
The Road to El Dorado ;tt0138749;2000;89;6,9;58300;Bibo Bergeron;Frank Welker;Rosie Perez;Elton John;USA;English;PG;Adventure;Animation;Comedy;95000000,0;50802661,0;0;2000;-44197339,0;-46,5;Moyen (6-7)
Ice Age: Continental Drift ;tt1667889;2012;88;6,6;145321;Steve Martino;Peter Dinklage;Josh Gad;Drake;USA;English;PG;Adventure;Animation;Comedy;95000000,0;161317423,0;14000;2010;66317423,0;69,8;Moyen (6-7)
Cinderella ;tt1661199;2015;105;7,0;103737;Kenneth Branagh;Hayley Atwell;Derek Jacobi;Lily James;USA;English;PG;Drama;Family;Fantasy;95000000,0;201148159,0;56000;2010;106148159,0;111,7;Bon (7-8)
The Lovely Bones ;tt0380510;2009;135;6,7;125109;Peter Jackson;Michael Imperioli;AJ Michalka;Tom McCarthy;USA;English;PG-13;Drama;Fantasy;Thriller;65000000,0;43982842,0;16000;2000;-21017158,0;-32,3;Moyen (6-7)
Finding Nemo ;tt0266543;2003;100;8,2;692482;Andrew Stanton;Alexander Gould;Stephen Root;Brad Garrett;USA;English;G;Adventure;Animation;Comedy;94000000,0;380838870,0;11000;2000;286838870,0;305,1;Excellent (8+)
The Lord of the Rings: The Return of the King ;tt0167260;2003;192;8,9;1215718;Peter Jackson;Orlando Bloom;Billy Boyd;Bernard Hill;USA;English;PG-13;Action;Adventure;Drama;94000000,0;377019252,0;16000;2000;283019252,0;301,1;Excellent (8+)
The Lord of the Rings: The Two Towers ;tt0167261;2002;172;8,7;1100446;Peter Jackson;Christopher Lee;Orlando Bloom;Billy Boyd;USA;English;PG-13;Action;Adventure;Drama;94000000,0;340478898,0;10000;2000;246478898,0;262,2;Excellent (8+)
Seventh Son ;tt1121096;2014;102;5,5;54501;Sergey Bodrov;Jeff Bridges;Djimon Hounsou;Olivia Williams;USA;English;PG-13;Action;Adventure;Fantasy;95000000,0;17176900,0;16000;2010;-77823100,0;-81,9;Faible (<6)
Lara Croft: Tomb Raider ;tt0146316;2001;100;5,7;157016;Simon West;Angelina Jolie Pitt;Noah Taylor;Chris Barrie;USA;English;PG-13;Action;Adventure;Fantasy;115000000,0;131144183,0;0;2000;16144183,0;14,0;Faible (<6)
Transcendence ;tt2209764;2014;119;6,3;172707;Wally Pfister;Johnny Depp;Morgan Freeman;Clifton Collins Jr.;UK;English;PG-13;Drama;Mystery;Romance;100000000,0;23014504,0;37000;2010;-76985496,0;-77,0;Moyen (6-7)
Jurassic Park III ;tt0163025;2001;92;5,9;219501;Joe Johnston;Michael Jeter;Trevor Morgan;Alessandro Nivola;USA;English;PG-13;Action;Adventure;Sci-Fi;93000000,0;181166115,0;0;2000;88166115,0;94,8;Faible (<6)
Rise of the Planet of the Apes ;tt1318514;2011;105;7,6;403836;Rupert Wyatt;James Franco;David Oyelowo;Tyler Labine;USA;English;PG-13;Action;Drama;Sci-Fi;93000000,0;176740650,0;47000;2010;83740650,0;90,0;Bon (7-8)
The Spiderwick Chronicles ;tt0416236;2008;107;6,6;68935;Mark Waters;Martin Short;Tod Fennell;Joan Plowright;USA;English;PG;Adventure;Family;Fantasy;90000000,0;71148699,0;0;2000;-18851301,0;-20,9;Moyen (6-7)
A Good Day to Die Hard ;tt1606378;2013;101;5,3;165618;John Moore;Bruce Willis;Cole Hauser;Megalyn Echikunwoke;USA;English;R;Action;Thriller;;92000000,0;67344392,0;66000;2010;-24655608,0;-26,8;Faible (<6)
The Alamo ;tt0318974;2004;137;6,0;16832;John Lee Hancock;Dennis Quaid;Marc Blucas;Jordi Mollà;USA;English;PG-13;Drama;History;War;107000000,0;22406362,0;701;2000;-84593638,0;-79,1;Moyen (6-7)
The Incredibles ;tt0317705;2004;115;8,0;479166;Brad Bird;Holly Hunter;Craig T. Nelson;Lou Romano;USA;English;PG;Action;Adventure;Animation;92000000,0;261437578,0;0;2000;169437578,0;184,2;Excellent (8+)
Cutthroat Island ;tt0112760;1995;124;5,6;21102;Renny Harlin;Christopher Masterson;Frank Langella;Matthew Modine;USA;English;PG-13;Action;Adventure;Comedy;98000000,0;11000000,0;1000;1990;-87000000,0;-88,8;Faible (<6)
Percy Jackson & the Olympians: The Lightning Thief ;tt0814255;2010;118;5,9;141179;Chris Columbus;Logan Lerman;Rosario Dawson;Steve Coogan;UK;English;PG;Adventure;Family;Fantasy;95000000,0;88761720,0;9000;2010;-6238280,0;-6,6;Faible (<6)
Men in Black ;tt0119654;1997;98;7,3;403014;Barry Sonnenfeld;Will Smith;Rip Torn;Linda Fiorentino;USA;English;PG-13;Adventure;Comedy;Family;90000000,0;250147615,0;0;1990;160147615,0;177,9;Bon (7-8)
Toy Story 2 ;tt0120363;1999;82;7,9;385871;John Lasseter;Tom Hanks;John Ratzenberger;Wayne Knight;USA;English;G;Adventure;Animation;Comedy;90000000,0;245823397,0;0;1990;155823397,0;173,1;Bon (7-8)
Unstoppable ;tt0477080;2010;98;6,8;149947;Tony Scott;Denzel Washington;Rosario Dawson;Ethan Suplee;USA;English;PG-13;Action;Thriller;;100000000,0;81557479,0;18000;2010;-18442521,0;-18,4;Moyen (6-7)
Rush Hour 2 ;tt0266915;2001;90;6,6;160440;Brett Ratner;Mei Melançon;John Lone;Harris Yulin;USA;English;PG-13;Action;Comedy;Crime;90000000,0;226138454,0;0;2000;136138454,0;151,3;Moyen (6-7)
What Lies Beneath ;tt0161081;2000;130;6,6;98403;Robert Zemeckis;Harrison Ford;Amber Valletta;Miranda Otto;USA;English;PG-13;Drama;Fantasy;Horror;100000000,0;155370362,0;0;2000;55370362,0;55,4;Moyen (6-7)
Cloudy with a Chance of Meatballs ;tt0844471;2009;90;7,0;152601;Phil Lord;Will Forte;Bobb'e J. Thompson;Al Roker;USA;English;PG;Animation;Comedy;Family;100000000,0;124870275,0;0;2000;24870275,0;24,9;Bon (7-8)
Ice Age: Dawn of the Dinosaurs ;tt1080016;2009;94;7,0;166791;Carlos Saldanha;Denis Leary;Maile Flanagan;Kelly Keaton;USA;English;PG;Action;Adventure;Animation;90000000,0;196573705,0;0;2000;106573705,0;118,4;Bon (7-8)
The Secret Life of Walter Mitty ;tt0359950;2013;114;7,3;236421;Ben Stiller;Adam Scott;Adrian Martinez;Joey Slotnick;USA;English;PG;Adventure;Comedy;Drama;90000000,0;58229120,0;70000;2010;-31770880,0;-35,3;Bon (7-8)
Charlie's Angels ;tt0160127;2000;94;5,5;145350;McG;Bill Murray;LL Cool J;Kelly Lynch;USA;English;PG-13;Action;Adventure;Comedy;92000000,0;125305545,0;0;2000;33305545,0;36,2;Faible (<6)
The Departed ;tt0407887;2006;151;8,5;873649;Martin Scorsese;Leonardo DiCaprio;Matt Damon;Ray Winstone;USA;English;R;Crime;Drama;Thriller;90000000,0;132373442,0;29000;2000;42373442,0;47,1;Excellent (8+)
Mulan ;tt0120762;1998;88;7,5;171792;Tony Bancroft;Ming-Na Wen;Harvey Fierstein;June Foray;USA;English;G;Adventure;Animation;Family;90000000,0;120618403,0;12000;1990;30618403,0;34,0;Bon (7-8)
Tropic Thunder ;tt0942385;2008;121;7,0;307539;Ben Stiller;Robert Downey Jr.;Steve Coogan;Brandon T. Jackson;USA;English;R;Action;Comedy;;92000000,0;110416702,0;0;2000;18416702,0;20,0;Bon (7-8)
The Girl with the Dragon Tattoo ;tt1568346;2011;158;7,8;330152;David Fincher;Robin Wright;Goran Visnjic;Joely Richardson;USA;English;R;Crime;Drama;Mystery;90000000,0;102515793,0;54000;2010;12515793,0;13,9;Bon (7-8)
Die Hard with a Vengeance ;tt0112864;1995;128;7,6;299258;John McTiernan;Bruce Willis;Aldis Hodge;Kevin Chamberlin;USA;English;R;Action;Adventure;Thriller;90000000,0;100012500,0;0;1990;10012500,0;11,1;Bon (7-8)
Sherlock Holmes ;tt0988045;2009;128;7,6;477300;Guy Ritchie;Robert Downey Jr.;Eddie Marsan;Robert Maillet;USA;English;PG-13;Action;Adventure;Crime;90000000,0;209019489,0;20000;2000;119019489,0;132,2;Bon (7-8)
Ben-Hur ;tt2638144;2016;141;6,1;57;Timur Bekmambetov;Morgan Freeman;Ayelet Zurer;Moises Arias;USA;English;PG-13;Adventure;Drama;History;;;0;2010;;;Moyen (6-7)
Atlantis: The Lost Empire ;tt0230011;2001;95;6,8;72591;Gary Trousdale;Leonard Nimoy;Jim Varney;Cree Summer;USA;English;PG;Action;Adventure;Animation;120000000,0;84037039,0;0;2000;-35962961,0;-30,0;Moyen (6-7)
Alvin and the Chipmunks: The Road Chip ;tt2974918;2015;92;5,0;9418;Walt Becker;Bella Thorne;Joshua Mikel;Jesse McCartney;USA;English;PG;Adventure;Animation;Comedy;90000000,0;85884815,0;0;2010;-4115185,0;-4,6;Faible (<6)
Valkyrie ;tt0985699;2008;121;7,1;183247;Bryan Singer;Tom Cruise;Tom Wilkinson;Thomas Kretschmann;USA;English;PG-13;Drama;History;Thriller;75000000,0;83077470,0;0;2000;8077470,0;10,8;Bon (7-8)
You Don't Mess with the Zohan ;tt0960144;2008;113;5,5;156348;Dennis Dugan;Adam Sandler;Sayed Badreya;Kevin Nealon;USA;English;PG-13;Action;Comedy;;90000000,0;100018837,0;0;2000;10018837,0;11,1;Faible (<6)
Pixels ;tt2120120;2015;106;5,6;89770;Chris Columbus;Peter Dinklage;Adam Sandler;Josh Gad;USA;English;PG-13;Action;Animation;Comedy;88000000,0;78747585,0;39000;2010;-9252415,0;-10,5;Faible (<6)
A.I. Artificial Intelligence ;tt0212720;2001;146;7,1;238747;Steven Spielberg;Haley Joel Osment;William Hurt;Kevin Sussman;USA;English;PG-13;Adventure;Drama;Sci-Fi;100000000,0;78616689,0;11000;2000;-21383311,0;-21,4;Bon (7-8)
The Haunted Mansion ;tt0338094;2003;88;4,9;32049;Rob Minkoff;Marsha Thomason;Rachael Harris;Marc John Jefferies;USA;English;PG;Comedy;Family;Fantasy;90000000,0;75817994,0;988;2000;-14182006,0;-15,8;Faible (<6)
Contact ;tt0118884;1997;150;7,4;200556;Robert Zemeckis;Matthew McConaughey;Tom Skerritt;Larry King;USA;English;PG;Drama;Mystery;Sci-Fi;90000000,0;100853835,0;15000;1990;10853835,0;12,1;Bon (7-8)
Hollow Man ;tt0164052;2000;119;5,7;101834;Paul Verhoeven;Greg Grunberg;Kim Dickens;Joey Slotnick;USA;English;R;Action;Horror;Sci-Fi;95000000,0;73209340,0;0;2000;-21790660,0;-22,9;Faible (<6)
The Interpreter ;tt0373926;2005;128;6,4;86152;Sydney Pollack;Curtiss Cook;George Harris;Michael Wright;UK;Aboriginal;PG-13;Crime;Mystery;Thriller;80000000,0;72515360,0;0;2000;-7484640,0;-9,4;Moyen (6-7)
Percy Jackson: Sea of Monsters ;tt1854564;2013;106;5,9;86627;Thor Freudenthal;Logan Lerman;Leven Rambin;Brandon T. Jackson;USA;English;PG;Adventure;Family;Fantasy;90000000,0;68558662,0;28000;2010;-21441338,0;-23,8;Faible (<6)
Lara Croft Tomb Raider: The Cradle of Life ;tt0325703;2003;117;5,5;102747;Jan de Bont;Gerard Butler;Angelina Jolie Pitt;Djimon Hounsou;USA;English;PG-13;Action;Adventure;Fantasy;95000000,0;65653758,0;0;2000;-29346242,0;-30,9;Faible (<6)
Now You See Me 2 ;tt3110958;2016;129;6,9;40862;Jon M. Chu;Daniel Radcliffe;Morgan Freeman;Sanaa Lathan;USA;English;PG-13;Action;Adventure;Comedy;90000000,0;64685359,0;15000;2010;-25314641,0;-28,1;Moyen (6-7)
The Saint ;tt0120053;1997;116;6,2;52136;Phillip Noyce;Alun Armstrong;Michael Byrne;Velibor Topic;USA;English;PG-13;Action;Adventure;Romance;68000000,0;61355436,0;0;1990;-6644564,0;-9,8;Moyen (6-7)
Spy Game ;tt0266987;2001;114;7,0;121259;Tony Scott;Brad Pitt;Stephen Dillane;Catherine McCormack;Germany;English;R;Action;Crime;Thriller;92000000,0;26871,0;0;2000;-91973129,0;-100,0;Bon (7-8)
Mission to Mars ;tt0183523;2000;114;5,6;60467;Brian De Palma;Don Cheadle;Connie Nielsen;Kim Delaney;USA;English;PG;Adventure;Sci-Fi;Thriller;90000000,0;60874615,0;0;2000;-29125385,0;-32,4;Faible (<6)
Rio ;tt1436562;2011;96;7,0;165333;Carlos Saldanha;Anne Hathaway;Wanda Sykes;Will.i.am;USA;English;G;Adventure;Animation;Comedy;90000000,0;143618384,0;19000;2010;53618384,0;59,6;Bon (7-8)
Bicentennial Man ;tt0182789;1999;132;6,8;87785;Chris Columbus;Robin Williams;Oliver Platt;John Michael Higgins;USA;English;PG;Comedy;Drama;Sci-Fi;100000000,0;58220776,0;0;1990;-41779224,0;-41,8;Moyen (6-7)
Volcano ;tt0120461;1997;104;5,4;58227;Mick Jackson;Don Cheadle;Anne Heche;Gaby Hoffmann;USA;English;PG-13;Action;Drama;Sci-Fi;90000000,0;47474112,0;2000;1990;-42525888,0;-47,3;Faible (<6)
The Devil's Own ;tt0118972;1997;111;6,1;45602;Alan J. Pakula;Harrison Ford;Brad Pitt;Natascha McElhone;USA;English;R;Action;Crime;Drama;86000000,0;42877165,0;979;1990;-43122835,0;-50,1;Moyen (6-7)
K-19: The Widowmaker ;tt0267626;2002;138;6,7;49311;Kathryn Bigelow;Liam Neeson;Christian Camargo;Lex Shrapnel;UK;English;PG-13;Drama;History;Thriller;100000000,0;35168677,0;0;2000;-64831323,0;-64,8;Moyen (6-7)
Conan the Barbarian ;tt0082198;1982;129;6,9;113065;John Milius;William Smith;Mako;Sandahl Bergman;USA;English;R;Adventure;Fantasy;;20000000,0;37567440,0;0;1980;17567440,0;87,8;Moyen (6-7)
Cinderella Man ;tt0352248;2005;144;8,0;148238;Ron Howard;Paddy Considine;Bruce McGill;Rosemarie DeWitt;USA;English;PG-13;Biography;Drama;Sport;88000000,0;61644321,0;0;2000;-26355679,0;-29,9;Excellent (8+)
The Nutcracker in 3D ;tt1041804;2010;110;4,4;2508;Andrey Konchalovskiy;Shirley Henderson;Nathan Lane;Richard E. Grant;UK;English;PG;Action;Family;Fantasy;90000000,0;190562,0;788;2010;-89809438,0;-99,8;Faible (<6)
Seabiscuit ;tt0329575;2003;140;7,3;57661;Gary Ross;Jeff Bridges;Michael Angarano;Michael O'Neill;USA;English;PG-13;Drama;History;Sport;87000000,0;120147445,0;0;2000;33147445,0;38,1;Bon (7-8)
Twister ;tt0117998;1996;113;6,3;144053;Jan de Bont;Philip Seymour Hoffman;Alan Ruck;Jami Gertz;USA;English;PG-13;Action;Adventure;Drama;92000000,0;241688385,0;0;1990;149688385,0;162,7;Moyen (6-7)
Cast Away ;tt0162222;2000;143;7,7;394317;Robert Zemeckis;Tom Hanks;Paul Sanchez;Nick Searcy;USA;English;PG-13;Adventure;Drama;Romance;90000000,0;233630478,0;23000;2000;143630478,0;159,6;Bon (7-8)
Happy Feet ;tt0366548;2006;108;6,5;132501;George Miller;Robin Williams;Hugh Jackman;Elizabeth Daily;USA;English;PG;Animation;Comedy;Family;100000000,0;197992827,0;0;2000;97992827,0;98,0;Moyen (6-7)
The Bourne Supremacy ;tt0372183;2004;108;7,8;348232;Paul Greengrass;Matt Damon;Joan Allen;Oksana Akinshina;USA;English;PG-13;Action;Mystery;Thriller;75000000,0;176049130,0;0;2000;101049130,0;134,7;Bon (7-8)
Air Force One ;tt0118571;1997;124;6,4;146134;Wolfgang Petersen;Harrison Ford;Gary Oldman;Dean Stockwell;USA;English;R;Action;Adventure;Drama;85000000,0;172620724,0;0;1990;87620724,0;103,1;Moyen (6-7)
Ocean's Eleven ;tt0240772;2001;116;7,8;402645;Steven Soderbergh;Brad Pitt;Bernie Mac;Elliott Gould;USA;English;PG-13;Crime;Thriller;;85000000,0;183405771,0;0;2000;98405771,0;115,8;Bon (7-8)
The Three Musketeers ;tt1509767;2011;110;5,8;88542;Paul W.S. Anderson;Milla Jovovich;Logan Lerman;Orlando Bloom;Germany;English;PG-13;Action;Adventure;Romance;75000000,0;20315324,0;19000;2010;-54684676,0;-72,9;Faible (<6)
Hotel Transylvania ;tt0837562;2012;91;7,1;164148;Genndy Tartakovsky;Steve Buscemi;Adam Sandler;Jon Lovitz;USA;English;PG;Animation;Comedy;Family;85000000,0;148313048,0;28000;2010;63313048,0;74,5;Bon (7-8)
Enchanted ;tt0461770;2007;107;7,1;142496;Kevin Lima;Jeff Bennett;Teala Dunn;Fred Tatasciore;USA;English;PG;Animation;Comedy;Family;85000000,0;127706877,0;0;2000;42706877,0;50,2;Bon (7-8)
Safe House ;tt1599348;2012;115;6,8;166693;Daniel Espinosa;Denzel Washington;Ryan Reynolds;Sam Shepard;USA;English;R;Action;Crime;Mystery;85000000,0;126149655,0;19000;2010;41149655,0;48,4;Moyen (6-7)
102 Dalmatians ;tt0211181;2000;100;4,8;26413;Kevin Lima;Ioan Gruffudd;Eric Idle;Jim Carter;USA;English;G;Adventure;Comedy;Family;85000000,0;66941559,0;372;2000;-18058441,0;-21,2;Faible (<6)
Tower Heist ;tt0471042;2011;104;6,2;110073;Brett Ratner;Matthew Broderick;Gabourey Sidibe;Judd Hirsch;USA;English;PG-13;Action;Comedy;Crime;75000000,0;78009155,0;0;2010;3009155,0;4,0;Moyen (6-7)
The Holiday ;tt0457939;2006;138;6,9;182757;Nancy Meyers;Kate Winslet;Rufus Sewell;Sarah Parish;USA;English;PG-13;Comedy;Romance;;85000000,0;63224849,0;19000;2000;-21775151,0;-25,6;Moyen (6-7)
Enemy of the State ;tt0120660;1998;140;7,3;188116;Tony Scott;Will Smith;Jake Busey;Lisa Bonet;USA;English;R;Action;Crime;Drama;90000000,0;111544445,0;0;1990;21544445,0;23,9;Bon (7-8)
It's Complicated ;tt1230414;2009;120;6,6;69860;Nancy Meyers;Meryl Streep;Hunter Parrish;Zoe Kazan;USA;English;R;Comedy;Drama;Romance;85000000,0;112703470,0;0;2000;27703470,0;32,6;Moyen (6-7)
Ocean's Thirteen ;tt0496806;2007;122;6,9;256928;Steven Soderbergh;Al Pacino;Matt Damon;Brad Pitt;USA;English;PG-13;Crime;Thriller;;85000000,0;117144465,0;0;2000;32144465,0;37,8;Moyen (6-7)
Open Season ;tt0400717;2006;83;6,2;65270;Roger Allers;Jon Favreau;Debra Messing;Jane Krakowski;USA;English;PG;Adventure;Animation;Comedy;85000000,0;84303558,0;863;2000;-696442,0;-0,8;Moyen (6-7)
Divergent ;tt1840309;2014;139;6,7;341058;Neil Burger;Kate Winslet;Theo James;Mekhi Phifer;USA;English;PG-13;Adventure;Mystery;Sci-Fi;85000000,0;150832203,0;49000;2010;65832203,0;77,4;Moyen (6-7)
Enemy at the Gates ;tt0215750;2001;131;7,6;188887;Jean-Jacques Annaud;Bob Hoskins;Gabriel Thomson;Clemens Schick;USA;English;R;Drama;History;War;68000000,0;51396781,0;0;2000;-16603219,0;-24,4;Bon (7-8)
The Rundown ;tt0327850;2003;104;6,7;82731;Peter Berg;Dwayne Johnson;Rosario Dawson;Ewen Bremner;USA;English;PG-13;Action;Adventure;Comedy;85000000,0;47592825,0;0;2000;-37407175,0;-44,0;Moyen (6-7)
Last Action Hero ;tt0107362;1993;130;6,2;106528;John McTiernan;F. Murray Abraham;Tom Noonan;Joan Plowright;USA;English;PG-13;Action;Adventure;Comedy;70000000,0;50016394,0;0;1990;-19983606,0;-28,5;Moyen (6-7)
Memoirs of a Geisha ;tt0397535;2005;145;7,3;119286;Rob Marshall;Li Gong;Mako;Karl Yune;USA;English;PG-13;Drama;Romance;;85000000,0;57010853,0;0;2000;-27989147,0;-32,9;Bon (7-8)
The Fast and the Furious: Tokyo Drift ;tt0463985;2006;104;6,0;179500;Justin Lin;Amber Stevens West;Zachery Ty Bryan;Nikki Griffin;USA;English;PG-13;Action;Crime;Thriller;85000000,0;62494975,0;0;2000;-22505025,0;-26,5;Moyen (6-7)
Arthur Christmas ;tt1430607;2011;97;7,1;35446;Sarah Smith;Jim Broadbent;Imelda Staunton;Michael Palin;UK;English;PG;Adventure;Animation;Comedy;100000000,0;46440491,0;0;2010;-53559509,0;-53,6;Bon (7-8)
Meet Joe Black ;tt0119643;1998;178;7,1;169023;Martin Brest;Anthony Hopkins;Brad Pitt;Jake Weber;USA;English;PG-13;Drama;Fantasy;Romance;90000000,0;44606335,0;10000;1990;-45393665,0;-50,4;Bon (7-8)
Collateral Damage ;tt0233469;2002;108;5,5;61417;Andrew Davis;Raymond Cruz;Rick Worthy;Jsu Garcia;USA;English;R;Action;Drama;Thriller;85000000,0;40048332,0;941;2000;-44951668,0;-52,9;Faible (<6)
All That Jazz ;tt0078754;1979;123;7,8;19228;Bob Fosse;Roy Scheider;Ben Vereen;Max Wright;USA;English;R;Comedy;Drama;Music;;;0;1970;;;Bon (7-8)
Mirror Mirror ;tt1667353;2012;106;5,6;70838;Tarsem Singh;Julia Roberts;Nathan Lane;Danny Woodburn;USA;English;PG;Adventure;Comedy;Drama;85000000,0;64933670,0;18000;2010;-20066330,0;-23,6;Faible (<6)
Scott Pilgrim vs. the World ;tt0446029;2010;112;7,5;273921;Edgar Wright;Anna Kendrick;Kieran Culkin;Ellen Wong;USA;English;PG-13;Action;Comedy;Fantasy;60000000,0;31494270,0;36000;2010;-28505730,0;-47,5;Bon (7-8)
The Core ;tt0298814;2003;135;5,4;77029;Jon Amiel;Glenn Morshower;Tchéky Karyo;Rekha Sharma;USA;English;PG-13;Action;Adventure;Sci-Fi;60000000,0;31111260,0;0;2000;-28888740,0;-48,1;Faible (<6)
Nutty Professor II: The Klumps ;tt0144528;2000;109;4,3;39391;Peter Segal;Larry Miller;Janet Jackson;Chris Elliott;USA;English;PG-13;Comedy;Romance;Sci-Fi;65000000,0;123307945,0;374;2000;58307945,0;89,7;Faible (<6)
Scooby-Doo ;tt0267913;2002;86;4,9;71424;Raja Gosnell;Sarah Michelle Gellar;Linda Cardellini;Miguel A. Núñez Jr.;USA;English;PG;Adventure;Comedy;Mystery;84000000,0;153288182,0;0;2000;69288182,0;82,5;Faible (<6)
Dredd ;tt1343727;2012;95;7,1;203458;Pete Travis;Wood Harris;Jason Cope;Rakie Ayola;UK;English;R;Action;Sci-Fi;;35000000,0;13401683,0;46000;2010;-21598317,0;-61,7;Bon (7-8)
Click ;tt0389860;2006;107;6,4;246492;Frank Coraci;Adam Sandler;Cameron Monaghan;Julie Kavner;USA;English;PG-13;Comedy;Drama;Fantasy;70000000,0;137340146,0;7000;2000;67340146,0;96,2;Moyen (6-7)
Creepshow ;tt0083767;1982;130;6,9;29932;George A. Romero;Ted Danson;Hal Holbrook;Adrienne Barbeau;USA;English;R;Comedy;Fantasy;Horror;8000000,0;;0;1980;;;Moyen (6-7)
Cats & Dogs: The Revenge of Kitty Galore ;tt1287468;2010;82;4,3;10233;Brad Peyton;Jack McBrayer;Sean Hayes;Katt Williams;USA;English;PG;Action;Comedy;Family;85000000,0;43575716,0;0;2010;-41424284,0;-48,7;Faible (<6)
Jumper ;tt0489099;2008;88;6,1;243053;Doug Liman;Kristen Stewart;Hayden Christensen;Tom Hulce;USA;English;PG-13;Action;Adventure;Sci-Fi;85000000,0;80170146,0;0;2000;-4829854,0;-5,7;Moyen (6-7)
Hellboy II: The Golden Army ;tt0411477;2008;120;7,0;208422;Guillermo del Toro;Seth MacFarlane;Iván Kamarás;Brian Steele;USA;English;PG-13;Action;Adventure;Fantasy;85000000,0;75754670,0;3000;2000;-9245330,0;-10,9;Bon (7-8)
Zodiac ;tt0443706;2007;162;7,7;301279;David Fincher;Robert Downey Jr.;Jake Gyllenhaal;Anthony Edwards;USA;English;R;Crime;Drama;History;65000000,0;33048353,0;12000;2000;-31951647,0;-49,2;Bon (7-8)
The 6th Day ;tt0216216;2000;123;5,9;100001;Roger Spottiswoode;Robert Duvall;Michael Rapaport;Tony Goldwyn;USA;English;PG-13;Action;Mystery;Sci-Fi;82000000,0;34543701,0;0;2000;-47456299,0;-57,9;Faible (<6)
Bruce Almighty ;tt0315327;2003;101;6,7;296904;Tom Shadyac;Morgan Freeman;Steve Carell;Lisa Ann Walter;USA;English;PG-13;Comedy;Drama;;81000000,0;242589580,0;0;2000;161589580,0;199,5;Moyen (6-7)
The Expendables ;tt1320253;2010;113;6,5;270226;Sylvester Stallone;Jason Statham;Sylvester Stallone;Jet Li;USA;English;R;Action;Adventure;Thriller;80000000,0;102981571,0;57000;2010;22981571,0;28,7;Moyen (6-7)
Mission: Impossible ;tt0117060;1996;110;7,1;300542;Brian De Palma;Tom Cruise;Kristin Scott Thomas;Vanessa Redgrave;USA;English;PG-13;Action;Adventure;Thriller;80000000,0;180965237,0;0;1990;100965237,0;126,2;Bon (7-8)
The Hunger Games ;tt1392170;2012;142;7,3;701607;Gary Ross;Jennifer Lawrence;Josh Hutcherson;Anthony Reynolds;USA;English;PG-13;Adventure;Drama;Sci-Fi;78000000,0;407999255,0;140000;2010;329999255,0;423,1;Bon (7-8)
The Hangover Part II ;tt1411697;2011;102;6,5;375879;Todd Phillips;Bradley Cooper;Mason Lee;Mike Tyson;USA;English;R;Comedy;;;80000000,0;254455986,0;56000;2010;174455986,0;218,1;Moyen (6-7)
Batman Returns ;tt0103776;1992;126;7,0;215255;Tim Burton;Michael Gough;Vincent Schiavelli;Andrew Bryniarski;USA;English;PG-13;Action;;;80000000,0;162831698,0;0;1990;82831698,0;103,5;Bon (7-8)
Over the Hedge ;tt0327084;2006;83;6,8;127345;Tim Johnson;Bruce Willis;Steve Carell;Catherine O'Hara;USA;English;PG;Adventure;Animation;Comedy;80000000,0;155019340,0;0;2000;75019340,0;93,8;Moyen (6-7)
Lilo & Stitch ;tt0275847;2002;85;7,2;117212;Dean DeBlois;Tia Carrere;Jason Scott Lee;David Ogden Stiers;USA;English;PG;Adventure;Animation;Comedy;80000000,0;145771527,0;0;2000;65771527,0;82,2;Bon (7-8)
Charlotte's Web ;tt0413895;2006;97;6,4;27838;Gary Winick;Steve Buscemi;Julia Roberts;Oprah Winfrey;USA;English;G;Comedy;Family;Fantasy;;82506325,0;0;2000;;;Moyen (6-7)
Deep Impact ;tt0120647;1998;120;6,1;135601;Mimi Leder;Morgan Freeman;Jon Favreau;Robert Duvall;USA;English;PG-13;Action;Drama;Romance;75000000,0;140459099,0;0;1990;65459099,0;87,3;Moyen (6-7)
RED 2 ;tt1821694;2013;116;6,7;125036;Dean Parisot;Bruce Willis;Anthony Hopkins;Garrick Hagon;USA;English;PG-13;Action;Comedy;Crime;84000000,0;53215979,0;22000;2010;-30784021,0;-36,6;Moyen (6-7)
The Longest Yard ;tt0398165;2005;113;6,4;130070;Peter Segal;Adam Sandler;Steve Reevis;Dalip Singh;USA;English;PG-13;Comedy;Crime;Sport;82000000,0;158115031,0;0;2000;76115031,0;92,8;Moyen (6-7)
Alvin and the Chipmunks: Chipwrecked ;tt1615918;2011;87;4,4;22838;Mike Mitchell;Amy Poehler;Jesse McCartney;Lauren Gottlieb;USA;English;G;Adventure;Animation;Comedy;75000000,0;133103929,0;0;2010;58103929,0;77,5;Faible (<6)
Grown Ups 2 ;tt2191701;2013;101;5,4;107817;Dennis Dugan;Steve Buscemi;Adam Sandler;Jon Lovitz;USA;English;PG-13;Comedy;;;80000000,0;133668525,0;14000;2010;53668525,0;67,1;Faible (<6)
Get Smart ;tt0425061;2008;110;6,5;168172;Peter Segal;Bill Murray;Dwayne Johnson;Anne Hathaway;USA;English;PG-13;Action;Adventure;Comedy;80000000,0;130313314,0;0;2000;50313314,0;62,9;Moyen (6-7)
Something's Gotta Give ;tt0337741;2003;128;6,7;91092;Nancy Meyers;Keanu Reeves;Jon Favreau;Paul Michael Glaser;USA;English;PG-13;Comedy;Drama;Romance;80000000,0;124590960,0;0;2000;44590960,0;55,7;Moyen (6-7)
Shutter Island ;tt1130884;2010;138;8,1;786092;Martin Scorsese;Leonardo DiCaprio;Joseph Sikora;Nellie Sciutto;USA;English;R;Mystery;Thriller;;80000000,0;127968405,0;53000;2010;47968405,0;60,0;Excellent (8+)
Four Christmases ;tt0369436;2008;88;5,6;48500;Seth Gordon;Jon Favreau;Robert Duvall;Katy Mixon;Germany;English;PG-13;Comedy;Drama;Romance;80000000,0;120136047,0;0;2000;40136047,0;50,2;Faible (<6)
Robots ;tt0358082;2005;91;6,3;103022;Chris Wedge;Jim Broadbent;Drew Carey;Paula Abdul;USA;English;PG;Adventure;Animation;Comedy;75000000,0;128200012,0;0;2000;53200012,0;70,9;Moyen (6-7)
Face/Off ;tt0119094;1997;138;7,3;283967;John Woo;Nicolas Cage;CCH Pounder;Joan Allen;USA;English;R;Action;Crime;Sci-Fi;80000000,0;112225777,0;11000;1990;32225777,0;40,3;Bon (7-8)
Bedtime Stories ;tt0960731;2008;99;6,1;72326;Adam Shankman;Adam Sandler;Carmen Electra;Kathryn Joosten;USA;English;PG;Comedy;Family;Fantasy;80000000,0;109993847,0;0;2000;29993847,0;37,5;Moyen (6-7)
Road to Perdition ;tt0257044;2002;117;7,7;200359;Sam Mendes;Tom Hanks;Jennifer Jason Leigh;Liam Aiken;USA;English;R;Crime;Drama;Thriller;80000000,0;104054514,0;0;2000;24054514,0;30,1;Bon (7-8)
Just Go with It ;tt1564367;2011;117;6,4;172878;Dennis Dugan;Adam Sandler;Bailee Madison;Kevin Nealon;USA;English;PG-13;Comedy;Romance;;80000000,0;103028109,0;19000;2010;23028109,0;28,8;Moyen (6-7)
Con Air ;tt0118880;1997;123;6,8;225282;Simon West;Steve Buscemi;Monica Potter;Dave Chappelle;USA;English;R;Action;Crime;Thriller;75000000,0;101087161,0;0;1990;26087161,0;34,8;Moyen (6-7)
Eagle Eye ;tt1059786;2008;118;6,6;150764;D.J. Caruso;Rosario Dawson;Ethan Embry;Cameron Boyce;USA;English;PG-13;Action;Mystery;Thriller;80000000,0;101111837,0;0;2000;21111837,0;26,4;Moyen (6-7)
Cold Mountain ;tt0159365;2003;154;7,2;118483;Anthony Minghella;Philip Seymour Hoffman;Natalie Portman;Charlie Hunnam;USA;English;R;Adventure;Drama;History;79000000,0;95632614,0;0;2000;16632614,0;21,1;Bon (7-8)
The Book of Eli ;tt1037705;2010;118;6,9;227072;Albert Hughes;Denzel Washington;Mila Kunis;Gary Oldman;USA;English;R;Action;Adventure;Drama;80000000,0;94822707,0;20000;2010;14822707,0;18,5;Moyen (6-7)
Flubber ;tt0119137;1997;90;5,2;63625;Les Mayfield;Robin Williams;Jodi Benson;Sam Lloyd;USA;English;PG;Comedy;Family;Sci-Fi;80000000,0;92969824,0;0;1990;12969824,0;16,2;Faible (<6)
The Haunting ;tt0171363;1999;113;4,9;58184;Jan de Bont;Liam Neeson;Lili Taylor;Virginia Madsen;USA;English;PG-13;Fantasy;Horror;Mystery;80000000,0;91188905,0;0;1990;11188905,0;14,0;Faible (<6)
Space Jam ;tt0117705;1996;88;6,3;112167;Joe Pytka;Bill Murray;Wayne Knight;Michael Jordan;USA;English;PG;Adventure;Animation;Comedy;80000000,0;90443603,0;0;1990;10443603,0;13,1;Moyen (6-7)
The Pink Panther ;tt0383216;2006;93;5,6;65499;Shawn Levy;Roger Rees;Henry Czerny;William Abadie;USA;English;PG;Adventure;Comedy;Crime;65000000,0;82226474,0;0;2000;17226474,0;26,5;Faible (<6)
The Day the Earth Stood Still ;tt0970416;2008;104;5,5;139423;Scott Derrickson;Keanu Reeves;Jon Hamm;Juan Riedinger;USA;English;PG-13;Drama;Sci-Fi;Thriller;80000000,0;79363785,0;0;2000;-636215,0;-0,8;Faible (<6)
Conspiracy Theory ;tt0118883;1997;135;6,7;76099;Richard Donner;Julia Roberts;Alex McArthur;Michael Potts;USA;English;R;Action;Crime;Mystery;75000000,0;76081498,0;0;1990;1081498,0;1,4;Moyen (6-7)
Fury ;tt2713180;2014;134;7,6;303185;David Ayer;Brad Pitt;Logan Lerman;Jim Parrack;USA;English;R;Action;Drama;War;68000000,0;85707116,0;82000;2010;17707116,0;26,0;Bon (7-8)
Six Days Seven Nights ;tt0120828;1998;98;5,7;60910;Ivan Reitman;Harrison Ford;Anne Heche;Amy Sedaris;USA;English;PG-13;Action;Adventure;Comedy;70000000,0;74329966,0;0;1990;4329966,0;6,2;Faible (<6)
Yogi Bear ;tt1302067;2010;80;4,6;16385;Eric Brevig;Justin Timberlake;Tom Cavanagh;Josh Robert Thompson;USA;English;PG;Adventure;Animation;Comedy;80000000,0;100169068,0;0;2010;20169068,0;25,2;Faible (<6)
Spirit: Stallion of the Cimarron ;tt0166813;2002;83;7,0;44143;Kelly Asbury;Matt Damon;Charles Napier;Zahn McClarnon;USA;English;G;Adventure;Animation;Family;80000000,0;73215310,0;4000;2000;-6784690,0;-8,5;Bon (7-8)
Zookeeper ;tt1222817;2011;102;5,2;44662;Frank Coraci;Rosario Dawson;Leslie Bibb;Nicholas Turturro;USA;English;PG;Comedy;Family;Romance;80000000,0;80360866,0;0;2010;360866,0;0,5;Faible (<6)
Lost in Space ;tt0120738;1998;130;5,1;58402;Stephen Hopkins;Gary Oldman;William Hurt;June Lockhart;USA;English;PG-13;Action;Adventure;Family;80000000,0;69102910,0;0;1990;-10897090,0;-13,6;Faible (<6)
The Manchurian Candidate ;tt0368008;2004;129;6,6;86422;Jonathan Demme;Denzel Washington;Dorian Missick;Jose Pablo Cantillo;USA;English;R;Drama;Mystery;Sci-Fi;80000000,0;65948711,0;0;2000;-14051289,0;-17,6;Moyen (6-7)
Déjà Vu ;tt0119033;1997;117;7,0;666;Henry Jaglom;Vanessa Redgrave;Stephen Dillane;Michael Brandon;USA;English;PG-13;Drama;Romance;;;821997,0;91;1990;;;Bon (7-8)
Hotel Transylvania 2 ;tt2510894;2015;89;6,7;56501;Genndy Tartakovsky;Steve Buscemi;Adam Sandler;Fran Drescher;USA;English;PG;Animation;Comedy;Family;80000000,0;169692572,0;16000;2010;89692572,0;112,1;Moyen (6-7)
Fantasia 2000 ;tt0120910;1999;74;7,3;27543;James Algar;Quincy Jones;Penn Jillette;Russi Taylor;USA;English;G;Animation;Family;Fantasy;80000000,0;60507228,0;607;1990;-19492772,0;-24,4;Bon (7-8)
The Time Machine ;tt0268695;2002;96;5,9;103787;Simon Wells;Mark Addy;Alan Young;Josh Stamberg;USA;English;PG-13;Action;Adventure;Sci-Fi;80000000,0;56684819,0;3000;2000;-23315181,0;-29,1;Faible (<6)
Mighty Joe Young ;tt0120751;1998;114;5,6;22955;Ron Underwood;Charlize Theron;Mika Boorem;David Paymer;USA;English;PG;Action;Adventure;Family;90000000,0;50628009,0;0;1990;-39371991,0;-43,7;Faible (<6)
Swordfish ;tt0244244;2001;99;6,5;155532;Dominic Sena;Hugh Jackman;Don Cheadle;Sam Shepard;USA;English;R;Action;Crime;Thriller;80000000,0;69772969,0;0;2000;-10227031,0;-12,8;Moyen (6-7)
The Legend of Zorro ;tt0386140;2005;129;5,9;71574;Martin Campbell;Michael Emerson;Nick Chinlund;Adrian Alonso;USA;Spanish;PG;Action;Adventure;Western;75000000,0;45356386,0;951;2000;-29643614,0;-39,5;Faible (<6)
What Dreams May Come ;tt0120889;1998;113;7,0;83560;Vincent Ward;Robin Williams;Annabella Sciorra;Rosalind Chao;USA;English;PG-13;Drama;Fantasy;Romance;85000000,0;55350897,0;32000;1990;-29649103,0;-34,9;Bon (7-8)
Little Nicky ;tt0185431;2000;90;5,3;80639;Steven Brill;Adam Sandler;Jon Lovitz;Michael McKean;USA;English;PG-13;Comedy;Fantasy;;80000000,0;39442871,0;0;2000;-40557129,0;-50,7;Faible (<6)
The Brothers Grimm ;tt0355295;2005;118;5,9;98472;Terry Gilliam;Matt Damon;Heath Ledger;Mackenzie Crook;USA;English;PG-13;Action;Adventure;Comedy;88000000,0;37899638,0;0;2000;-50100362,0;-56,9;Faible (<6)
Mars Attacks! ;tt0116996;1996;106;6,3;172217;Tim Burton;Natalie Portman;Martin Short;Lukas Haas;USA;English;PG-13;Action;Comedy;Sci-Fi;70000000,0;37754208,0;0;1990;-32245792,0;-46,1;Moyen (6-7)
Evolution ;tt4291590;2015;81;6,4;979;Lucile Hadzihalilovic;Nissim Renard;Roxane Duran;Julie-Marie Parmentier;France;French;;Drama;Horror;Mystery;;;257;2010;;;Moyen (6-7)
The Edge ;tt0119051;1997;117;6,9;55913;Lee Tamahori;Anthony Hopkins;Harold Perrineau;Bart the Bear;USA;English;R;Action;Adventure;Drama;;27779888,0;0;1990;;;Moyen (6-7)
Surrogates ;tt0986263;2009;89;6,3;151424;Jonathan Mostow;Bruce Willis;Devin Ratray;Boris Kodjoe;USA;English;PG-13;Action;Sci-Fi;Thriller;80000000,0;38542418,0;0;2000;-41457582,0;-51,8;Moyen (6-7)
Thirteen Days ;tt0146309;2000;145;7,3;45231;Roger Donaldson;Bruce Greenwood;Jon Foster;Bruce Thomas;USA;English;PG-13;Drama;History;Thriller;80000000,0;34566746,0;0;2000;-45433254,0;-56,8;Bon (7-8)
Daylight ;tt0116040;1996;114;5,8;53132;Rob Cohen;Sylvester Stallone;Viggo Mortensen;Amy Brenneman;USA;English;PG-13;Action;Adventure;Drama;80000000,0;32885565,0;0;1990;-47114435,0;-58,9;Faible (<6)
Walking with Dinosaurs 3D ;tt1762399;2013;87;5,2;8913;Barry Cook;Charlie Rowe;Tiya Sircar;Madison Rothschild;USA;English;PG;Adventure;Animation;Family;80000000,0;36073232,0;0;2010;-43926768,0;-54,9;Faible (<6)
Battlefield Earth ;tt0185183;2000;119;2,4;65464;Roger Christian;Richard Tyson;Michael Byrne;John Topor;USA;English;PG-13;Action;Adventure;Sci-Fi;44000000,0;21471685,0;0;2000;-22528315,0;-51,2;Faible (<6)
Looney Tunes: Back in Action ;tt0318155;2003;91;5,7;24183;Joe Dante;Brendan Fraser;Jenna Elfman;Heather Locklear;Germany;English;PG;Adventure;Animation;Comedy;80000000,0;20950820,0;665;2000;-59049180,0;-73,8;Faible (<6)
Nine ;tt0875034;2009;118;5,8;37446;Rob Marshall;Fergie;Elio Germano;Andrea Di Stefano;USA;English;PG-13;Drama;Musical;Romance;80000000,0;19673424,0;0;2000;-60326576,0;-75,4;Faible (<6)
Timeline ;tt0300556;2003;116;5,6;53057;Richard Donner;Paul Walker;Gerard Butler;Ethan Embry;USA;English;PG-13;Action;Adventure;Sci-Fi;80000000,0;19480739,0;0;2000;-60519261,0;-75,6;Faible (<6)
The Postman ;tt0119925;1997;177;6,0;56403;Kevin Costner;Olivia Williams;Brian Anthony Wilson;Larenz Tate;USA;English;R;Action;Adventure;Drama;80000000,0;17593391,0;0;1990;-62406609,0;-78,0;Moyen (6-7)
Babe: Pig in the City ;tt0120595;1998;97;5,8;24868;George Miller;Adam Goldberg;Elizabeth Daily;Glenne Headly;Australia;English;G;Adventure;Comedy;Drama;80000000,0;18318000,0;964;1990;-61682000,0;-77,1;Faible (<6)
The Last Witch Hunter ;tt1618442;2015;106;6,0;58752;Breck Eisner;Vin Diesel;Joseph Gilgun;Lotte Verbeek;USA;English;PG-13;Action;Adventure;Fantasy;90000000,0;27356090,0;21000;2010;-62643910,0;-69,6;Moyen (6-7)
Red Planet ;tt0199753;2000;106;5,7;47612;Antony Hoffman;Bob Neill;Val Kilmer;Tom Sizemore;USA;English;PG-13;Action;Sci-Fi;Thriller;70000000,0;17473245,0;995;2000;-52526755,0;-75,0;Faible (<6)
Arthur and the Invisibles ;tt0344854;2006;94;6,0;25843;Luc Besson;Mia Farrow;Adam LeFevre;Penny Balfour;France;English;PG;Adventure;Animation;Family;86000000,0;15131330,0;941;2000;-70868670,0;-82,4;Moyen (6-7)
Oceans ;tt0765128;2009;104;7,8;7630;Jacques Perrin;Pedro Armendáriz Jr.;Jacques Perrin;Rie Miyazawa;France;French;G;Documentary;Drama;;40000000,0;19406406,0;0;2000;-20593594,0;-51,5;Bon (7-8)
A Sound of Thunder ;tt0318081;2005;102;4,2;16474;Peter Hyams;David Oyelowo;Catherine McCormack;Jemima Rooper;UK;English;PG-13;Action;Adventure;Horror;52000000,0;1891821,0;785;2000;-50108179,0;-96,4;Faible (<6)
Pompeii ;tt1921064;2014;105;5,6;84508;Paul W.S. Anderson;Sasha Roiz;Currie Graham;Dylan Schombing;Canada;English;PG-13;Action;Adventure;Drama;80000000,0;23219748,0;20000;2010;-56780252,0;-71,0;Faible (<6)
Top Cat Begins ;tt4057916;2015;89;4,4;230;Andrés Couturier;Sariann Monaco;David Hoffman;Ben Diskin;Mexico;Spanish;PG;Animation;Family;;8000000,0;;138;2010;;;Faible (<6)
A Beautiful Mind ;tt0268978;2001;135;8,2;610568;Ron Howard;Adam Goldberg;Austin Pendleton;Judd Hirsch;USA;English;PG-13;Biography;Drama;;58000000,0;170708996,0;29000;2000;112708996,0;194,3;Excellent (8+)
The Lion King ;tt0110357;1994;73;8,5;644348;Roger Allers;Matthew Broderick;Nathan Lane;Niketa Calame;USA;English;G;Adventure;Animation;Drama;45000000,0;422783777,0;17000;1990;377783777,0;839,5;Excellent (8+)
Journey 2: The Mysterious Island ;tt1397514;2012;94;5,8;67296;Brad Peyton;Josh Hutcherson;Dwayne Johnson;Kristin Davis;USA;English;PG;Action;Adventure;Comedy;79000000,0;103812241,0;0;2010;24812241,0;31,4;Faible (<6)
Cloudy with a Chance of Meatballs 2 ;tt1985966;2013;95;6,5;64387;Cody Cameron;Will Forte;Khamani Griffin;Melissa Sturm;USA;English;PG;Animation;Comedy;Family;78000000,0;119793567,0;15000;2010;41793567,0;53,6;Moyen (6-7)
Red Dragon ;tt0289765;2002;124;7,2;204063;Brett Ratner;Philip Seymour Hoffman;Anthony Hopkins;Emily Watson;Germany;English;R;Crime;Drama;Thriller;78000000,0;92930005,0;0;2000;14930005,0;19,1;Bon (7-8)
Hidalgo ;tt0317648;2004;136;6,7;67856;Joe Johnston;J.K. Simmons;Viggo Mortensen;Peter Mensah;USA;English;PG-13;Action;Adventure;Western;100000000,0;67286731,0;0;2000;-32713269,0;-32,7;Moyen (6-7)
Jack and Jill ;tt0810913;2011;91;3,4;60370;Dennis Dugan;Al Pacino;Adam Sandler;Tim Meadows;USA;English;PG;Comedy;;;79000000,0;74158157,0;0;2010;-4841843,0;-6,1;Faible (<6)
2 Fast 2 Furious ;tt0322259;2003;107;5,9;191912;John Singleton;Paul Walker;Cole Hauser;Mo Gallini;USA;English;PG-13;Action;Crime;Thriller;76000000,0;127083765,0;0;2000;51083765,0;67,2;Faible (<6)
The Little Prince ;tt1754656;2015;108;7,8;28276;Mark Osborne;Jeff Bridges;James Franco;Mackenzie Foy;France;English;PG;Adventure;Animation;Drama;81200000,0;1339152,0;31000;2010;-79860848,0;-98,4;Bon (7-8)
The Invasion ;tt0427392;2007;99;5,9;65037;Oliver Hirschbiegel;Roger Rees;Veronica Cartwright;Jeremy Northam;USA;English;PG-13;Sci-Fi;Thriller;;80000000,0;15071514,0;0;2000;-64928486,0;-81,2;Faible (<6)
The Adventures of Rocky & Bullwinkle ;tt0131704;2000;92;4,1;16611;Des McAnuff;Robert De Niro;Janeane Garofalo;Jonathan Winters;USA;English;PG;Adventure;Animation;Comedy;76000000,0;26000610,0;413;2000;-49999390,0;-65,8;Faible (<6)
The Secret Life of Pets ;tt2709768;2016;87;6,8;24407;Yarrow Cheney;Steve Coogan;Eric Stonestreet;Albert Brooks;Japan;English;PG;Animation;Comedy;Family;75000000,0;323505540,0;36000;2010;248505540,0;331,3;Moyen (6-7)
The League of Extraordinary Gentlemen ;tt0311429;2003;110;5,8;141533;Stephen Norrington;Jason Flemyng;Max Ryan;Tony Curran;USA;English;PG-13;Action;Adventure;Fantasy;78000000,0;66462600,0;0;2000;-11537400,0;-14,8;Faible (<6)
Despicable Me 2 ;tt1690953;2013;98;7,5;286877;Pierre Coffin;Steve Carell;Miranda Cosgrove;Steve Coogan;USA;English;PG;Animation;Comedy;Family;76000000,0;368049635,0;56000;2010;292049635,0;384,3;Bon (7-8)
Independence Day ;tt0116629;1996;154;6,9;430055;Roland Emmerich;Will Smith;Adam Baldwin;Mary McDonnell;USA;English;PG-13;Action;Adventure;Sci-Fi;75000000,0;306124059,0;16000;1990;231124059,0;308,2;Moyen (6-7)
The Lost World: Jurassic Park ;tt0119567;1997;129;6,5;278362;Steven Spielberg;Ariana Richards;Richard Schiff;Vanessa Lee Chester;USA;English;PG-13;Action;Adventure;Sci-Fi;73000000,0;229074524,0;0;1990;156074524,0;213,8;Moyen (6-7)
Madagascar ;tt0351283;2005;86;6,9;266636;Eric Darnell;Jada Pinkett Smith;Cedric the Entertainer;Andy Richter;USA;English;PG;Adventure;Animation;Comedy;75000000,0;193136719,0;0;2000;118136719,0;157,5;Moyen (6-7)
Children of Men ;tt0206634;2006;109;7,9;361767;Alfonso Cuarón;Charlie Hunnam;Danny Huston;Rita Davies;USA;English;R;Drama;Sci-Fi;Thriller;76000000,0;35286428,0;17000;2000;-40713572,0;-53,6;Bon (7-8)
X-Men ;tt0120903;2000;104;7,4;452928;Bryan Singer;Hugh Jackman;Tyler Mane;Bruce Davison;USA;English;PG-13;Action;Adventure;Sci-Fi;75000000,0;157299717,0;0;2000;82299717,0;109,7;Bon (7-8)
Wanted ;tt0493464;2008;110;6,7;299852;Timur Bekmambetov;Angelina Jolie Pitt;Morgan Freeman;Common;USA;English;R;Action;Crime;Fantasy;75000000,0;134568845,0;0;2000;59568845,0;79,4;Moyen (6-7)
The Rock ;tt0117500;1996;136;7,4;259492;Michael Bay;Nicolas Cage;Michael Biehn;Bokeem Woodbine;USA;English;R;Action;Adventure;Thriller;75000000,0;134006721,0;51000;1990;59006721,0;78,7;Bon (7-8)
Ice Age: The Meltdown ;tt0438097;2006;115;6,9;194249;Carlos Saldanha;Denis Leary;Ray Romano;Jay Leno;USA;English;PG;Action;Adventure;Animation;80000000,0;195329763,0;0;2000;115329763,0;144,2;Moyen (6-7)
50 First Dates ;tt0343660;2004;99;6,8;266103;Peter Segal;Adam Sandler;Peter Dante;Allen Covert;USA;English;PG-13;Comedy;Romance;;75000000,0;120776832,0;11000;2000;45776832,0;61,0;Moyen (6-7)
Hairspray ;tt0427327;2007;117;6,7;98693;Adam Shankman;Jerry Stiller;Elijah Kelley;Paul Dooley;USA;English;PG;Comedy;Drama;Family;75000000,0;118823091,0;0;2000;43823091,0;58,4;Moyen (6-7)
Exorcist: The Beginning ;tt0204313;2004;125;5,1;28635;Renny Harlin;James D'Arcy;Alan Ford;Izabella Scorupco;USA;English;R;Horror;Mystery;Thriller;50000000,0;41814863,0;893;2000;-8185137,0;-16,4;Faible (<6)
Inspector Gadget ;tt0141369;1999;110;4,1;36491;David Kellogg;Matthew Broderick;Rene Auberjonois;Rupert Everett;USA;English;PG;Action;Adventure;Comedy;75000000,0;97360069,0;509;1990;22360069,0;29,8;Faible (<6)
Now You See Me ;tt1670345;2013;125;7,3;447979;Louis Leterrier;Morgan Freeman;Common;Michael Kelly;USA;English;PG-13;Crime;Mystery;Thriller;75000000,0;117698894,0;105000;2010;42698894,0;56,9;Bon (7-8)
Grown Ups ;tt1375670;2010;102;6,0;181443;Dennis Dugan;Steve Buscemi;Adam Sandler;Salma Hayek;USA;English;PG-13;Comedy;;;80000000,0;162001186,0;12000;2010;82001186,0;102,5;Moyen (6-7)
The Terminal ;tt0362227;2004;128;7,3;303864;Steven Spielberg;Tom Hanks;Chi McBride;Barry Shabaka Henley;USA;English;PG-13;Comedy;Drama;;60000000,0;77032279,0;16000;2000;17032279,0;28,4;Bon (7-8)
Hotel for Dogs ;tt0785006;2009;100;5,4;16271;Thor Freudenthal;Don Cheadle;Kevin Dillon;Yvette Nicole Brown;USA;English;PG;Comedy;Family;;35000000,0;73023275,0;1000;2000;38023275,0;108,6;Faible (<6)
Vertical Limit ;tt0190865;2000;124;5,9;49536;Martin Campbell;Nicholas Lea;Scott Glenn;Ben Mendelsohn;USA;English;PG-13;Action;Adventure;Drama;75000000,0;68473360,0;0;2000;-6526640,0;-8,7;Faible (<6)
Charlie Wilson's War ;tt0472062;2007;102;7,1;88451;Mike Nichols;Philip Seymour Hoffman;Tom Hanks;Jud Tylor;USA;English;R;Biography;Comedy;Drama;75000000,0;66636385,0;0;2000;-8363615,0;-11,2;Bon (7-8)
Shark Tale ;tt0307453;2004;90;6,0;132415;Bibo Bergeron;Robert De Niro;Martin Scorsese;Angelina Jolie Pitt;USA;English;PG;Adventure;Animation;Comedy;75000000,0;160762022,0;0;2000;85762022,0;114,3;Moyen (6-7)
Dreamgirls ;tt0443489;2006;130;6,5;55901;Bill Condon;Loretta Devine;Jennifer Hudson;Anika Noni Rose;USA;English;PG-13;Drama;Music;Musical;70000000,0;103338338,0;0;2000;33338338,0;47,6;Moyen (6-7)
Be Cool ;tt0377471;2005;118;5,7;59435;F. Gary Gray;Dwayne Johnson;Christina Milian;Debi Mazar;USA;English;PG-13;Comedy;Crime;Music;53000000,0;55808744,0;0;2000;2808744,0;5,3;Faible (<6)
Munich ;tt0408306;2005;163;7,6;176936;Steven Spielberg;Ayelet Zurer;Moritz Bleibtreu;Mathieu Amalric;France;English;R;Drama;History;Thriller;70000000,0;47379090,0;0;2000;-22620910,0;-32,3;Bon (7-8)
Tears of the Sun ;tt0314353;2003;142;6,6;93494;Antoine Fuqua;Bruce Willis;Tom Skerritt;Cole Hauser;USA;English;R;Action;Drama;Thriller;70000000,0;43426961,0;0;2000;-26573039,0;-38,0;Moyen (6-7)
Killers ;tt1103153;2010;100;5,4;72867;Robert Luketic;Tom Selleck;Lisa Ann Walter;Catherine O'Hara;USA;English;PG-13;Action;Comedy;Romance;75000000,0;47000485,0;0;2010;-27999515,0;-37,3;Faible (<6)
The Man from U.N.C.L.E. ;tt1638355;2015;116;7,3;175960;Guy Ritchie;Henry Cavill;Elizabeth Debicki;Christian Berkel;USA;English;PG-13;Action;Adventure;Comedy;75000000,0;45434443,0;43000;2010;-29565557,0;-39,4;Bon (7-8)
Spanglish ;tt0371246;2004;131;6,5;65668;James L. Brooks;Adam Sandler;Paz Vega;Sarah Steele;USA;English;PG-13;Comedy;Drama;Romance;80000000,0;42044321,0;0;2000;-37955679,0;-47,4;Moyen (6-7)
Monster House ;tt0385880;2006;91;6,6;71137;Gil Kenan;Steve Buscemi;Jon Heder;Catherine O'Hara;USA;English;PG;Animation;Comedy;Family;75000000,0;73661010,0;0;2000;-1338990,0;-1,8;Moyen (6-7)
Bandits ;tt0219965;2001;123;6,6;57038;Barry Levinson;Bruce Willis;Brían F. O'Byrne;Azura Skye;USA;English;PG-13;Comedy;Crime;Drama;80000000,0;41523271,0;0;2000;-38476729,0;-48,1;Moyen (6-7)
First Knight ;tt0113071;1995;134;5,9;55350;Jerry Zucker;Julia Ormond;Ben Cross;John Gielgud;USA;English;PG-13;Action;Adventure;Romance;55000000,0;37600435,0;0;1990;-17399565,0;-31,6;Faible (<6)
Anna and the King ;tt0166485;1999;148;6,7;31080;Andy Tennant;Bai Ling;Geoffrey Palmer;Randall Duk Kim;USA;English;PG-13;Drama;History;Romance;75000000,0;39251128,0;0;1990;-35748872,0;-47,7;Moyen (6-7)
Immortals ;tt1253864;2011;110;6,1;138190;Tarsem Singh;Henry Cavill;Daniel Sharman;Steve Byers;USA;English;R;Action;Drama;Fantasy;75000000,0;83503161,0;30000;2010;8503161,0;11,3;Moyen (6-7)
Hostage ;tt0340163;2005;113;6,6;93790;Florent-Emilio Siri;Jimmy Bennett;Bruce Willis;Ransford Doherty;USA;English;R;Action;Crime;Drama;52000000,0;34636443,0;0;2000;-17363557,0;-33,4;Moyen (6-7)
Titan A.E. ;tt0120913;2000;94;6,6;52244;Don Bluth;Matt Damon;Janeane Garofalo;Nathan Lane;USA;English;PG;Action;Adventure;Animation;75000000,0;22751979,0;0;2000;-52248021,0;-69,7;Moyen (6-7)
Hollywood Homicide ;tt0329717;2003;116;5,3;31293;Ron Shelton;Harrison Ford;Bruce Greenwood;Lena Olin;USA;English;PG-13;Action;Comedy;Crime;75000000,0;30013346,0;648;2000;-44986654,0;-60,0;Faible (<6)
Soldier ;tt0120157;1998;99;6,0;44248;Paul W.S. Anderson;Connie Nielsen;Sean Pertwee;Jason Scott Lee;UK;English;R;Action;Drama;Sci-Fi;75000000,0;14567883,0;0;1990;-60432117,0;-80,6;Moyen (6-7)
Carriers ;tt0806203;2009;84;6,0;35510;David Pastor;Christopher Meloni;Kiernan Shipka;Lou Taylor Pucci;USA;English;PG-13;Drama;Horror;Sci-Fi;;90820,0;0;2000;;;Moyen (6-7)
Monkeybone ;tt0166276;2001;93;4,7;14280;Henry Selick;Brendan Fraser;Bridget Fonda;Megan Mullally;USA;English;PG-13;Animation;Comedy;Fantasy;75000000,0;5409517,0;683;2000;-69590483,0;-92,8;Faible (<6)
Flight of the Phoenix ;tt0377062;2004;113;6,1;45815;John Moore;Dennis Quaid;Tony Curran;Miranda Otto;USA;English;PG-13;Action;Adventure;Drama;45000000,0;21009180,0;1000;2000;-23990820,0;-53,3;Moyen (6-7)
Unbreakable ;tt0217869;2000;106;7,2;245152;M. Night Shyamalan;Robin Wright;Bruce Willis;Michael Kelly;USA;English;PG-13;Drama;Mystery;Sci-Fi;75000000,0;94999143,0;0;2000;19999143,0;26,7;Bon (7-8)
Minions ;tt2293640;2015;91;6,4;142403;Kyle Balda;Steve Carell;Jon Hamm;Steve Coogan;USA;English;PG;Action;Animation;Comedy;74000000,0;336029560,0;70000;2010;262029560,0;354,1;Moyen (6-7)
Sucker Punch ;tt0978764;2011;128;6,1;197584;Zack Snyder;Jon Hamm;Abbie Cornish;Scott Glenn;USA;English;PG-13;Action;Fantasy;;82000000,0;36381716,0;42000;2010;-45618284,0;-55,6;Moyen (6-7)
Snake Eyes ;tt0120832;1998;98;5,9;64121;Brian De Palma;Nicolas Cage;Mike Starr;John Heard;USA;English;R;Crime;Mystery;Thriller;69000000,0;55585389,0;880;1990;-13414611,0;-19,4;Faible (<6)
Sphere ;tt0120184;1998;134;6,0;81611;Barry Levinson;Peter Coyote;James Pickens Jr.;Huey Lewis;USA;English;PG-13;Drama;Mystery;Sci-Fi;75000000,0;36976367,0;0;1990;-38023633,0;-50,7;Moyen (6-7)
The Angry Birds Movie ;tt1985949;2016;97;6,3;27130;Clay Kaytis;Peter Dinklage;Josh Gad;Keegan-Michael Key;USA;English;PG;Action;Animation;Comedy;73000000,0;107225164,0;14000;2010;34225164,0;46,9;Moyen (6-7)
Fool's Gold ;tt0770752;2008;112;5,6;59352;Andy Tennant;Matthew McConaughey;Ray Winstone;Alexis Dziena;USA;English;PG-13;Action;Adventure;Comedy;70000000,0;70224196,0;0;2000;224196,0;0,3;Faible (<6)
Funny People ;tt1201167;2009;153;6,4;100837;Judd Apatow;Adam Sandler;RZA;Maude Apatow;USA;English;R;Comedy;Drama;;75000000,0;51814190,0;0;2000;-23185810,0;-30,9;Moyen (6-7)
The Kingdom ;tt0431197;2007;110;7,1;101386;Peter Berg;Jennifer Garner;Frances Fisher;Tim McGraw;USA;English;R;Action;Drama;Thriller;70000000,0;47456450,0;0;2000;-22543550,0;-32,2;Bon (7-8)
Talladega Nights: The Ballad of Ricky Bobby ;tt0415306;2006;122;6,6;130776;Adam McKay;Will Ferrell;Leslie Bibb;Gary Cole;USA;English;PG-13;Action;Comedy;Sport;73000000,0;148213377,0;0;2000;75213377,0;103,0;Moyen (6-7)
Dr. Dolittle 2 ;tt0240462;2001;87;4,6;33884;Steve Carr;Raven-Symoné;Jeffrey Jones;Kevin Pollak;USA;English;PG;Comedy;Family;Fantasy;72000000,0;112950721,0;266;2000;40950721,0;56,9;Faible (<6)
Braveheart ;tt0112573;1995;178;8,4;736638;Mel Gibson;Mhairi Calvey;Patrick McGoohan;James Robinson;USA;English;R;Biography;Drama;History;72000000,0;75600000,0;17000;1990;3600000,0;5,0;Excellent (8+)
Jarhead ;tt0418763;2005;125;7,1;143525;Sam Mendes;Jake Gyllenhaal;Brian Geraghty;James Morrison;Germany;English;R;Action;Drama;War;70000000,0;62647540,0;0;2000;-7352460,0;-10,5;Bon (7-8)
The Simpsons Movie ;tt0462538;2007;87;7,4;259083;David Silverman;Albert Brooks;Yeardley Smith;Marcia Wallace;USA;English;PG-13;Adventure;Animation;Comedy;75000000,0;183132370,0;0;2000;108132370,0;144,2;Bon (7-8)
The Majestic ;tt0268995;2001;152;6,9;45031;Frank Darabont;Martin Landau;Hal Holbrook;Jeffrey DeMunn;USA;English;PG;Drama;Romance;;72000000,0;27796042,0;0;2000;-44203958,0;-61,4;Moyen (6-7)
Driven ;tt0132245;2001;116;4,5;34435;Renny Harlin;Sylvester Stallone;Estella Warren;Cristián de la Fuente;USA;English;PG-13;Action;Drama;Sport;72000000,0;32616869,0;886;2000;-39383131,0;-54,7;Faible (<6)
Two Brothers ;tt0338512;2004;109;7,1;11798;Jean-Jacques Annaud;David Gant;Jean-Claude Dreyfus;Oanh Nguyen;France;English;PG;Adventure;Drama;Family;59660000,0;18947630,0;2000;2000;-40712370,0;-68,2;Bon (7-8)
The Village ;tt0368447;2004;108;6,5;193770;M. Night Shyamalan;Bryce Dallas Howard;Judy Greer;William Hurt;USA;English;PG-13;Drama;Mystery;Romance;60000000,0;114195633,0;0;2000;54195633,0;90,3;Moyen (6-7)
Doctor Dolittle ;tt0118998;1998;85;5,3;74343;Betty Thomas;Oliver Platt;Raven-Symoné;Peter Boyle;USA;English;PG-13;Comedy;Family;Fantasy;71500000,0;144156464,0;694;1990;72656464,0;101,6;Faible (<6)
Signs ;tt0286106;2002;106;6,7;271592;M. Night Shyamalan;Rory Culkin;Merritt Wever;Cherry Jones;USA;English;PG-13;Drama;Sci-Fi;Thriller;72000000,0;227965690,0;0;2000;155965690,0;216,6;Moyen (6-7)
Shrek 2 ;tt0298148;2004;93;7,2;314630;Andrew Adamson;Rupert Everett;Jennifer Saunders;Conrad Vernon;USA;English;PG;Adventure;Animation;Comedy;150000000,0;436471036,0;0;2000;286471036,0;191,0;Bon (7-8)
Cars ;tt0317219;2006;117;7,2;263853;John Lasseter;John Ratzenberger;Cheech Marin;George Carlin;USA;English;G;Adventure;Animation;Comedy;120000000,0;244052771,0;0;2000;124052771,0;103,4;Bon (7-8)
Runaway Bride ;tt0163187;1999;116;5,5;74274;Garry Marshall;Julia Roberts;Christopher Meloni;Hector Elizondo;USA;English;PG;Comedy;Romance;;70000000,0;152149590,0;0;1990;82149590,0;117,4;Faible (<6)
xXx ;tt0295701;2002;132;5,8;142569;Rob Cohen;Vin Diesel;Eve;Leila Arcieri;USA;English;PG-13;Action;Adventure;Thriller;70000000,0;141204016,0;10000;2000;71204016,0;101,7;Faible (<6)
The SpongeBob Movie: Sponge Out of Water ;tt2279373;2015;92;6,0;34359;Paul Tibbitt;Tim Conway;Billy West;Eddie Deezen;USA;English;PG;Adventure;Animation;Comedy;74000000,0;162495848,0;16000;2010;88495848,0;119,6;Moyen (6-7)
Ransom ;tt0117438;1996;139;6,6;98989;Ron Howard;Lili Taylor;Delroy Lindo;Rene Russo;USA;English;R;Crime;Thriller;;80000000,0;136448821,0;1000;1990;56448821,0;70,6;Moyen (6-7)
Inglourious Basterds ;tt0361748;2009;153;8,3;885175;Quentin Tarantino;Michael Fassbender;Brad Pitt;Christoph Waltz;USA;English;R;Adventure;Drama;War;75000000,0;120523073,0;42000;2000;45523073,0;60,7;Excellent (8+)
Hook ;tt0102057;1991;142;6,7;182802;Steven Spielberg;Robin Williams;Julia Roberts;Bob Hoskins;USA;English;PG;Adventure;Comedy;Family;70000000,0;119654900,0;13000;1990;49654900,0;70,9;Moyen (6-7)
Die Hard 2 ;tt0099423;1990;124;7,1;269858;Renny Harlin;Bruce Willis;John Amos;Franco Nero;USA;English;R;Action;Thriller;;70000000,0;117541000,0;0;1990;47541000,0;67,9;Bon (7-8)
S.W.A.T. ;tt0257076;2003;117;6,0;119807;Clark Johnson;Jeremy Renner;Josh Charles;LL Cool J;USA;English;PG-13;Action;Adventure;Crime;80000000,0;116643346,0;0;2000;36643346,0;45,8;Moyen (6-7)
Vanilla Sky ;tt0259711;2001;141;6,9;206776;Cameron Crowe;Tom Cruise;Ivana Milicevic;Noah Taylor;USA;English;R;Fantasy;Mystery;Romance;68000000,0;100614858,0;0;2000;32614858,0;48,0;Moyen (6-7)
Lady in the Water ;tt0452637;2006;110;5,6;78635;M. Night Shyamalan;Bryce Dallas Howard;Freddy Rodríguez;Bob Balaban;USA;English;PG-13;Drama;Fantasy;Mystery;70000000,0;42272747,0;0;2000;-27727253,0;-39,6;Faible (<6)
AVP: Alien vs. Predator ;tt0370263;2004;109;5,6;143628;Paul W.S. Anderson;Sanaa Lathan;Colin Salmon;Raoul Bova;USA;English;PG-13;Action;Horror;Sci-Fi;60000000,0;80281096,0;0;2000;20281096,0;33,8;Faible (<6)
Alvin and the Chipmunks: The Squeakquel ;tt1231580;2009;88;4,5;31649;Betty Thomas;Amy Poehler;Bridgit Mendler;Jesse McCartney;USA;English;PG;Animation;Comedy;Family;75000000,0;219613391,0;2000;2000;144613391,0;192,8;Faible (<6)
We Were Soldiers ;tt0277434;2002;124;7,1;103241;Randall Wallace;Jon Hamm;Marc Blucas;Chris Klein;USA;English;R;Action;Drama;History;75000000,0;78120196,0;5000;2000;3120196,0;4,2;Bon (7-8)
Olympus Has Fallen ;tt2302755;2013;119;6,5;203154;Antoine Fuqua;Gerard Butler;Morgan Freeman;Radha Mitchell;USA;English;R;Action;Thriller;;70000000,0;98895417,0;45000;2010;28895417,0;41,3;Moyen (6-7)
Star Trek: Insurrection ;tt0120844;1998;103;6,4;56741;Jonathan Frakes;LeVar Burton;Jonathan Frakes;Michael Dorn;USA;English;PG;Action;Adventure;Sci-Fi;58000000,0;70117571,0;1000;1990;12117571,0;20,9;Moyen (6-7)
Battle Los Angeles ;tt1217613;2011;116;5,8;154955;Jonathan Liebesman;Noel Fisher;Jim Parrack;Ramon Rodriguez;USA;English;PG-13;Action;Sci-Fi;;70000000,0;83552429,0;25000;2010;13552429,0;19,4;Faible (<6)
Big Fish ;tt0319061;2003;125;8,0;350698;Tim Burton;Steve Buscemi;Alison Lohman;Albert Finney;USA;English;PG-13;Adventure;Drama;Fantasy;70000000,0;66257002,0;26000;2000;-3742998,0;-5,3;Excellent (8+)
Wolf ;tt0111742;1994;125;6,2;43559;Mike Nichols;David Hyde Pierce;Peter Gerety;Ron Rifkin;USA;English;R;Drama;Horror;Romance;70000000,0;65012000,0;0;1990;-4988000,0;-7,1;Moyen (6-7)
War Horse ;tt1568911;2011;146;7,2;116159;Steven Spielberg;Jeremy Irvine;Benedict Cumberbatch;Eddie Marsan;USA;English;PG-13;Drama;War;;66000000,0;79883359,0;28000;2010;13883359,0;21,0;Bon (7-8)
The Monuments Men ;tt2177771;2014;118;6,1;102248;George Clooney;Bill Murray;Matt Damon;Bob Balaban;USA;English;PG-13;Drama;War;;70000000,0;78031620,0;34000;2010;8031620,0;11,5;Moyen (6-7)
The Abyss ;tt0096754;1989;171;7,6;131217;James Cameron;Michael Biehn;Todd Graff;Mary Elizabeth Mastrantonio;USA;English;PG-13;Adventure;Drama;Sci-Fi;69500000,0;54222000,0;0;1980;-15278000,0;-22,0;Bon (7-8)
Wall Street: Money Never Sleeps ;tt1027718;2010;136;6,3;84118;Oliver Stone;Frank Langella;Austin Pendleton;John Buffalo Mailer;USA;English;PG-13;Drama;;;70000000,0;52474616,0;13000;2010;-17525384,0;-25,0;Moyen (6-7)
Dracula Untold ;tt0829150;2014;92;6,3;138582;Gary Shore;Dominic Cooper;Sarah Gadon;Zach McGowan;USA;English;PG-13;Action;Drama;Fantasy;70000000,0;55942830,0;37000;2010;-14057170,0;-20,1;Moyen (6-7)
The Siege ;tt0133952;1998;116;6,3;58023;Edward Zwick;Denzel Washington;Bruce Willis;Mark Valley;USA;English;R;Action;Thriller;;70000000,0;40932372,0;0;1990;-29067628,0;-41,5;Moyen (6-7)
Stardust ;tt0486655;2007;127;7,7;212085;Matthew Vaughn;Henry Cavill;David Kelly;Nathaniel Parker;UK;English;PG-13;Adventure;Family;Fantasy;70000000,0;38345403,0;15000;2000;-31654597,0;-45,2;Bon (7-8)
Seven Years in Tibet ;tt0120102;1997;136;7,0;96385;Jean-Jacques Annaud;Brad Pitt;Mako;Victor Wong;USA;English;PG-13;Adventure;Biography;Drama;70000000,0;37901509,0;0;1990;-32098491,0;-45,9;Bon (7-8)
The Dilemma ;tt1578275;2011;111;5,3;43709;Ron Howard;Channing Tatum;Clint Howard;Chelcie Ross;USA;English;PG-13;Comedy;Drama;;70000000,0;48430355,0;0;2010;-21569645,0;-30,8;Faible (<6)
Bad Company ;tt0280486;2002;116;5,6;39659;Joel Schumacher;Anthony Hopkins;Brooke Smith;Garcelle Beauvais;USA;English;PG-13;Action;Adventure;Comedy;70000000,0;30157016,0;792;2000;-39842984,0;-56,9;Faible (<6)
Doom ;tt0419706;2005;113;5,2;88146;Andrzej Bartkowiak;Dwayne Johnson;Ben Daniels;Dexter Fletcher;UK;English;R;Action;Adventure;Horror;60000000,0;28031250,0;0;2000;-31968750,0;-53,3;Faible (<6)
I Spy ;tt0297181;2002;97;5,4;41663;Betty Thomas;Gary Cole;Phill Lewis;Tate Taylor;USA;English;PG-13;Action;Adventure;Comedy;70000000,0;33105600,0;531;2000;-36894400,0;-52,7;Faible (<6)
Underworld: Awakening ;tt1496025;2012;88;6,4;117096;Måns Mårlind;Theo James;Stephen Rea;Sandrine Holt;USA;English;R;Action;Fantasy;Horror;70000000,0;62321039,0;24000;2010;-7678961,0;-11,0;Moyen (6-7)
Rock of Ages ;tt1336608;2012;136;5,9;61995;Adam Shankman;James Martin Kelly;Shane Hartline;Celina Beach;USA;English;PG-13;Comedy;Drama;Musical;75000000,0;38509342,0;33000;2010;-36490658,0;-48,7;Faible (<6)
Hart's War ;tt0251114;2002;125;6,3;43651;Gregory Hoblit;Bruce Willis;Cole Hauser;Rory Cochrane;USA;English;R;Drama;War;;60000000,0;19076815,0;997;2000;-40923185,0;-68,2;Moyen (6-7)
Killer Elite ;tt1448755;2011;116;6,5;105556;Gary McKendry;Jason Statham;Robert De Niro;Ben Mendelsohn;UK;English;R;Action;Crime;Thriller;35000000,0;25093607,0;17000;2010;-9906393,0;-28,3;Moyen (6-7)
Rollerball ;tt0246894;2002;98;3,0;22264;John McTiernan;LL Cool J;Chris Klein;Andrew Bryniarski;USA;English;R;Action;Sci-Fi;Sport;70000000,0;18990542,0;584;2000;-51009458,0;-72,9;Faible (<6)
Ballistic: Ecks vs. Sever ;tt0308208;2002;91;3,6;16761;Wych Kaosayananda;Talisa Soto;Sandrine Holt;Gregg Henry;USA;English;R;Action;Crime;Sci-Fi;70000000,0;14294842,0;391;2000;-55705158,0;-79,6;Faible (<6)
Hard Rain ;tt0120696;1998;97;5,8;26893;Mikael Salomon;Morgan Freeman;Minnie Driver;Randy Quaid;USA;English;R;Action;Crime;Drama;70000000,0;19819494,0;815;1990;-50180506,0;-71,7;Faible (<6)
Osmosis Jones ;tt0181739;2001;95;6,2;25572;Bobby Farrelly;Ron Howard;Brandy Norwood;David Hyde Pierce;USA;English;PG;Action;Adventure;Animation;70000000,0;13596911,0;2000;2000;-56403089,0;-80,6;Moyen (6-7)
Legends of Oz: Dorothy's Return ;tt0884726;2013;88;5,6;5116;Will Finn;Lea Michele;Oliver Platt;Jim Belushi;USA;English;PG;Adventure;Animation;Family;70000000,0;8460990,0;5000;2010;-61539010,0;-87,9;Faible (<6)
Blackhat ;tt2717822;2015;133;5,4;38983;Michael Mann;Chris Hemsworth;Archie Kao;Brandon Molale;USA;English;R;Action;Crime;Drama;70000000,0;7097125,0;11000;2010;-62902875,0;-89,9;Faible (<6)
Sky Captain and the World of Tomorrow ;tt0346156;2004;106;6,1;72868;Kerry Conran;Angelina Jolie Pitt;Laurence Olivier;Bai Ling;USA;English;PG;Action;Adventure;Mystery;70000000,0;37760080,0;0;2000;-32239920,0;-46,1;Moyen (6-7)
Basic Instinct 2 ;tt0430912;2006;116;4,2;31124;Michael Caton-Jones;Charlotte Rampling;Indira Varma;Neil Maskell;UK;English;R;Crime;Mystery;Thriller;70000000,0;5851188,0;764;2000;-64148812,0;-91,6;Faible (<6)
Escape Plan ;tt1211956;2013;115;6,7;177653;Mikael Håfström;Sylvester Stallone;50 Cent;Matt Gerald;USA;English;R;Action;Crime;Mystery;50000000,0;25121291,0;34000;2010;-24878709,0;-49,8;Moyen (6-7)
The Legend of Hercules ;tt1043726;2014;99;4,2;44891;Renny Harlin;Roxanne McKee;Luke Newberry;Gaia Weiss;USA;English;PG-13;Action;Adventure;Fantasy;70000000,0;18821279,0;12000;2010;-51178721,0;-73,1;Faible (<6)
The Sum of All Fears ;tt0164184;2002;124;6,4;86504;Phil Alden Robinson;Morgan Freeman;Bruce McGill;Philip Baker Hall;USA;English;PG-13;Action;Drama;Thriller;68000000,0;118471320,0;0;2000;50471320,0;74,2;Moyen (6-7)
The Twilight Saga: Eclipse ;tt1325004;2010;124;4,9;184637;David Slade;Robert Pattinson;Kristen Stewart;Anna Kendrick;USA;English;PG-13;Adventure;Drama;Fantasy;68000000,0;300523113,0;29000;2010;232523113,0;341,9;Faible (<6)
The Score ;tt0227445;2001;124;6,8;101899;Frank Oz;Robert De Niro;Marlon Brando;Gary Farmer;USA;English;R;Crime;Drama;Thriller;68000000,0;71069884,0;0;2000;3069884,0;4,5;Moyen (6-7)
Despicable Me ;tt1323594;2010;87;7,7;385943;Pierre Coffin;Steve Carell;Miranda Cosgrove;Jack McBrayer;USA;English;PG;Animation;Comedy;Family;69000000,0;251501645,0;31000;2010;182501645,0;264,5;Bon (7-8)
Money Train ;tt0113845;1995;105;5,6;32224;Joseph Ruben;Vincent Pastore;Robert Blake;Aida Turturro;USA;English;R;Action;Comedy;Crime;68000000,0;35324232,0;617;1990;-32675768,0;-48,1;Faible (<6)
Ted 2 ;tt2637276;2015;125;6,4;117739;Seth MacFarlane;Liam Neeson;Morgan Freeman;Seth MacFarlane;USA;English;R;Comedy;;;68000000,0;81257500,0;30000;2010;13257500,0;19,5;Moyen (6-7)
Agora ;tt1186830;2009;141;7,2;52496;Alejandro Amenábar;Max Minghella;Ashraf Barhom;Rupert Evans;Spain;English;R;Adventure;Drama;History;70000000,0;617840,0;29000;2000;-69382160,0;-99,1;Bon (7-8)
Mystery Men ;tt0132347;1999;121;6,0;53970;Kinka Usher;Janeane Garofalo;Wes Studi;Eddie Izzard;USA;English;PG-13;Action;Comedy;Fantasy;65000000,0;29655590,0;0;1990;-35344410,0;-54,4;Moyen (6-7)
Hall Pass ;tt0480687;2011;111;5,9;103230;Bobby Farrelly;Jenna Fischer;Larry Joe Campbell;Stephen Merchant;USA;English;R;Comedy;Romance;;36000000,0;45045037,0;10000;2010;9045037,0;25,1;Faible (<6)
The Insider ;tt0140352;1999;157;7,9;133526;Michael Mann;Al Pacino;Rip Torn;Debi Mazar;USA;English;R;Biography;Drama;Thriller;68000000,0;28965197,0;0;1990;-39034803,0;-57,4;Bon (7-8)
The Finest Hours ;tt2025690;2016;117;6,8;27481;Craig Gillespie;Michael Raymond-James;Abraham Benrubi;Graham McTavish;USA;English;PG-13;Action;Drama;History;;27550735,0;12000;2010;;;Moyen (6-7)
Body of Lies ;tt0758774;2008;128;7,1;174248;Ridley Scott;Leonardo DiCaprio;Simon McBurney;Michael Gaston;USA;English;R;Action;Drama;Thriller;70000000,0;39380442,0;0;2000;-30619558,0;-43,7;Bon (7-8)
Dinner for Schmucks ;tt0427152;2010;114;5,9;80338;Jay Roach;Steve Carell;Stephanie Szostak;Bruce Greenwood;USA;English;PG-13;Comedy;;;;72980108,0;0;2010;;;Faible (<6)
Abraham Lincoln: Vampire Hunter ;tt1611224;2012;105;5,9;128629;Timur Bekmambetov;Rufus Sewell;Dominic Cooper;Benjamin Walker;USA;English;R;Action;Fantasy;Horror;69000000,0;37516013,0;98000;2010;-31483987,0;-45,6;Faible (<6)
Entrapment ;tt0137494;1999;113;6,2;88132;Jon Amiel;Will Patton;Kevin McNally;Maury Chaykin;USA;English;PG-13;Action;Crime;Romance;66000000,0;87704396,0;0;1990;21704396,0;32,9;Moyen (6-7)
The X Files ;tt0120902;1998;121;7,0;85720;Rob Bowman;Martin Landau;Mitch Pileggi;Jeffrey DeMunn;USA;English;PG-13;Drama;Mystery;Sci-Fi;66000000,0;83892374,0;0;1990;17892374,0;27,1;Bon (7-8)
The Last Legion ;tt0462396;2007;102;5,4;29285;Doug Lefler;Colin Firth;Nonso Anozie;Owen Teale;UK;English;PG-13;Action;Adventure;Fantasy;35000000,0;5932060,0;0;2000;-29067940,0;-83,1;Faible (<6)
Saving Private Ryan ;tt0120815;1998;169;8,6;881236;Steven Spielberg;Tom Hanks;Vin Diesel;Matt Damon;USA;English;R;Action;Drama;War;70000000,0;216119491,0;22000;1990;146119491,0;208,7;Excellent (8+)
Need for Speed ;tt2369135;2014;132;6,5;136954;Scott Waugh;Rami Malek;Dominic Cooper;Ramon Rodriguez;USA;English;PG-13;Action;Crime;Drama;66000000,0;43568507,0;32000;2010;-22431493,0;-34,0;Moyen (6-7)
What Women Want ;tt0207201;2000;127;6,4;158864;Nancy Meyers;Judy Greer;Lisa Edelstein;Loretta Devine;USA;English;PG-13;Comedy;Fantasy;Romance;70000000,0;182805123,0;0;2000;112805123,0;161,2;Moyen (6-7)
Ice Age ;tt0268380;2002;103;7,6;328159;Chris Wedge;Goran Visnjic;Stephen Root;Denis Leary;USA;English;PG;Adventure;Animation;Comedy;59000000,0;176387405,0;3000;2000;117387405,0;199,0;Bon (7-8)
Dreamcatcher ;tt0285531;2003;136;5,5;75573;Lawrence Kasdan;Morgan Freeman;Michael O'Neill;Reece Thompson;USA;English;R;Drama;Horror;Sci-Fi;68000000,0;33685268,0;4000;2000;-34314732,0;-50,5;Faible (<6)
Lincoln ;tt0443272;2012;150;7,4;197412;Steven Spielberg;Joseph Gordon-Levitt;Hal Holbrook;Bruce McGill;USA;English;PG-13;Biography;Drama;History;65000000,0;182204440,0;71000;2010;117204440,0;180,3;Bon (7-8)
The Matrix ;tt0133093;1999;136;8,7;1217752;Lana Wachowski;Keanu Reeves;Marcus Chong;Gloria Foster;USA;English;R;Action;Sci-Fi;;63000000,0;171383253,0;25000;1990;108383253,0;172,0;Excellent (8+)
Apollo 13 ;tt0112384;1995;140;7,6;208817;Ron Howard;Tom Hanks;Miko Hughes;Kathleen Quinlan;USA;English;PG;Adventure;Drama;History;62000000,0;172071312,0;5000;1990;110071312,0;177,5;Bon (7-8)
The Santa Clause 2 ;tt0304669;2002;104;5,5;34561;Michael Lembeck;Judge Reinhold;Aisha Tyler;Eric Lloyd;USA;English;G;Comedy;Family;Fantasy;60000000,0;139225854,0;1000;2000;79225854,0;132,0;Faible (<6)
Les Misérables ;tt1707386;2012;158;7,6;243834;Tom Hooper;Hugh Jackman;Eddie Redmayne;Anne Hathaway;USA;English;PG-13;Drama;Musical;Romance;61000000,0;148775460,0;144000;2010;87775460,0;143,9;Bon (7-8)
You've Got Mail ;tt0128853;1998;119;6,5;151812;Nora Ephron;Tom Hanks;Jean Stapleton;Dave Chappelle;USA;English;PG;Comedy;Drama;Romance;65000000,0;115731542,0;0;1990;50731542,0;78,0;Moyen (6-7)
Step Brothers ;tt0838283;2008;106;6,9;212499;Adam McKay;Will Ferrell;Adam Scott;Andrea Savage;USA;English;R;Comedy;;;65000000,0;100468793,0;0;2000;35468793,0;54,6;Moyen (6-7)
The Mask of Zorro ;tt0120746;1998;136;6,7;135404;Martin Campbell;Anthony Hopkins;Tony Amendola;Stuart Wilson;USA;English;PG-13;Action;Adventure;Comedy;65000000,0;93771072,0;0;1990;28771072,0;44,3;Moyen (6-7)
Due Date ;tt1231583;2010;95;6,6;272789;Todd Phillips;Robert Downey Jr.;RZA;Matt Walsh;USA;English;R;Comedy;Drama;;65000000,0;100448498,0;25000;2010;35448498,0;54,5;Moyen (6-7)
Unbroken ;tt1809398;2014;137;7,2;103589;Angelina Jolie Pitt;Finn Wittrock;Jack O'Connell;Alex Russell;USA;English;PG-13;Biography;Drama;Sport;65000000,0;115603980,0;35000;2010;50603980,0;77,9;Bon (7-8)
Space Cowboys ;tt0186566;2000;130;6,4;60165;Clint Eastwood;Clint Eastwood;Courtney B. Vance;William Devane;USA;English;PG-13;Action;Adventure;Thriller;65000000,0;90454043,0;0;2000;25454043,0;39,2;Moyen (6-7)
Cliffhanger ;tt0106582;1993;124;6,4;96096;Renny Harlin;Sylvester Stallone;Leon;Janine Turner;USA;English;R;Action;Adventure;Thriller;70000000,0;84049211,0;0;1990;14049211,0;20,1;Moyen (6-7)
Broken Arrow ;tt0115759;1996;108;6,0;77390;John Woo;Delroy Lindo;Samantha Mathis;Bob Gunton;USA;English;R;Action;Crime;Thriller;50000000,0;70450000,0;0;1990;20450000,0;40,9;Moyen (6-7)
The Kid ;tt0219854;2000;104;6,1;34473;Jon Turteltaub;Bruce Willis;Lily Tomlin;Daniel von Bargen;USA;English;PG;Comedy;Family;Fantasy;60000000,0;69688384,0;0;2000;9688384,0;16,1;Moyen (6-7)
World Trade Center ;tt0469641;2006;129;6,0;67395;Oliver Stone;Nicolas Cage;Jay Hernandez;Armando Riesco;USA;English;PG-13;Drama;History;Thriller;63000000,0;70236496,0;0;2000;7236496,0;11,5;Moyen (6-7)
Mona Lisa Smile ;tt0304415;2003;117;6,4;61490;Mike Newell;Julia Roberts;Kirsten Dunst;Marian Seldes;USA;English;PG-13;Drama;;;65000000,0;63695760,0;0;2000;-1304240,0;-2,0;Moyen (6-7)
The Dictator ;tt1645170;2012;99;6,4;213863;Larry Charles;Sayed Badreya;Aasif Mandvi;Horatio Sanz;USA;English;R;Comedy;Romance;;65000000,0;59617068,0;59000;2010;-5382932,0;-8,3;Moyen (6-7)
Eyes Wide Shut ;tt0120663;1999;159;7,3;227071;Stanley Kubrick;Tom Cruise;Vinessa Shaw;Sydney Pollack;UK;English;R;Drama;Mystery;Thriller;65000000,0;55637680,0;10000;1990;-9362320,0;-14,4;Bon (7-8)
Annie ;tt1823664;2014;118;5,2;24735;Will Gluck;Quvenzhané Wallis;Dorian Missick;David Zayas;USA;English;PG;Comedy;Drama;Family;65000000,0;85911262,0;16000;2010;20911262,0;32,2;Faible (<6)
Focus ;tt2381941;2015;105;6,6;149337;Glenn Ficarra;Will Smith;Adrian Martinez;Gerald McRaney;USA;English;R;Comedy;Crime;Drama;50100000,0;53846915,0;23000;2010;3746915,0;7,5;Moyen (6-7)
This Means War ;tt1596350;2012;103;6,3;147641;McG;Tom Hardy;Abigail Spencer;Warren Christie;USA;English;PG-13;Action;Comedy;Romance;65000000,0;54758461,0;18000;2010;-10241539,0;-15,8;Moyen (6-7)
Blade: Trinity ;tt0359013;2004;122;5,9;132954;David S. Goyer;Ryan Reynolds;Natasha Lyonne;John Michael Higgins;USA;English;R;Action;Adventure;Fantasy;65000000,0;52397389,0;0;2000;-12602611,0;-19,4;Faible (<6)
Red Dawn ;tt0087985;1984;114;6,4;41776;John Milius;Lea Thompson;Jennifer Grey;William Smith;USA;English;PG-13;Action;Drama;War;16900000,0;;0;1980;;;Moyen (6-7)
Primary Colors ;tt0119942;1998;143;6,7;23940;Mike Nichols;Maura Tierney;Adrian Lester;Paul Guilfoyle;France;English;R;Comedy;Drama;;65000000,0;38966057,0;688;1990;-26033943,0;-40,1;Moyen (6-7)
Resident Evil: Retribution ;tt1855325;2012;96;5,4;104831;Paul W.S. Anderson;Milla Jovovich;Boris Kodjoe;Bingbing Li;Germany;English;R;Action;Horror;Sci-Fi;65000000,0;42345531,0;32000;2010;-22654469,0;-34,9;Faible (<6)
Death Race ;tt0452608;2008;111;6,4;166610;Paul W.S. Anderson;Jason Statham;Max Ryan;Joan Allen;USA;English;R;Action;Sci-Fi;Thriller;45000000,0;36064910,0;0;2000;-8935090,0;-19,9;Moyen (6-7)
The Long Kiss Goodnight ;tt0116908;1996;121;6,7;60508;Renny Harlin;Melina Kanakaredes;Craig Bierko;Yvonne Zima;USA;English;R;Action;Crime;Drama;65000000,0;33328051,0;4000;1990;-31671949,0;-48,7;Moyen (6-7)
Proof of Life ;tt0228750;2000;135;6,2;49300;Taylor Hackford;Pamela Reed;Alun Armstrong;Michael Kitchen;USA;English;R;Action;Drama;Thriller;65000000,0;32598931,0;892;2000;-32401069,0;-49,8;Moyen (6-7)
Zathura: A Space Adventure ;tt0406375;2005;101;6,1;67707;Jon Favreau;Kristen Stewart;Josh Hutcherson;Jonah Bobo;USA;English;PG;Action;Adventure;Comedy;65000000,0;28045540,0;0;2000;-36954460,0;-56,9;Moyen (6-7)
Fight Club ;tt0137523;1999;151;8,8;1347461;David Fincher;Brad Pitt;Meat Loaf;Eugenie Bondurant;USA;English;R;Drama;;;63000000,0;37023395,0;48000;1990;-25976605,0;-41,2;Excellent (8+)
We Are Marshall ;tt0758794;2006;131;7,1;46951;McG;Matthew McConaughey;Kimberly Williams-Paisley;Brian Geraghty;USA;English;PG;Drama;Sport;;65000000,0;43532294,0;0;2000;-21467706,0;-33,0;Bon (7-8)
Hudson Hawk ;tt0102070;1991;100;5,7;43376;Michael Lehmann;Bruce Willis;James Coburn;Richard E. Grant;USA;English;R;Action;Adventure;Comedy;70000000,0;17218080,0;0;1990;-52781920,0;-75,4;Faible (<6)
Lucky Numbers ;tt0219952;2000;105;5,0;8560;Nora Ephron;Michael Rapaport;Michael Moore;Richard Schiff;France;English;R;Comedy;Crime;;65000000,0;10014234,0;177;2000;-54985766,0;-84,6;Faible (<6)
I, Frankenstein ;tt1418377;2014;92;5,1;65709;Stuart Beattie;Caitlin Stasey;Kevin Grevioux;Miranda Otto;Australia;English;PG-13;Action;Fantasy;Sci-Fi;65000000,0;19059018,0;15000;2010;-45940982,0;-70,7;Faible (<6)
Oliver Twist ;tt0380599;2005;130;6,9;25474;Roman Polanski;Ian McNeice;Barney Clark;Tony Noble;UK;English;PG-13;Crime;Drama;;50000000,0;1987287,0;0;2000;-48012713,0;-96,0;Moyen (6-7)
Elektra ;tt0357277;2005;100;4,8;71202;Rob Bowman;Jennifer Garner;Cary-Hiroyuki Tagawa;Goran Visnjic;Canada;English;PG-13;Action;Crime;Fantasy;43000000,0;24407944,0;0;2000;-18592056,0;-43,2;Faible (<6)
Sin City: A Dame to Kill For ;tt0458481;2014;102;6,5;111102;Frank Miller;Joseph Gordon-Levitt;Bruce Willis;Eva Green;USA;English;R;Action;Crime;Thriller;65000000,0;13750556,0;32000;2010;-51249444,0;-78,8;Moyen (6-7)
Random Hearts ;tt0156934;1999;133;5,1;17025;Sydney Pollack;Harrison Ford;Kristin Scott Thomas;Bill Cobbs;USA;English;R;Drama;Mystery;Romance;64000000,0;31054924,0;295;1990;-32945076,0;-51,5;Faible (<6)
Everest ;tt2719848;2015;121;7,1;134625;Baltasar Kormákur;Michael Kelly;Martin Henderson;Tom Goodman-Hill;UK;English;PG-13;Adventure;Biography;Drama;55000000,0;43247140,0;40000;2010;-11752860,0;-21,4;Bon (7-8)
Perfume: The Story of a Murderer ;tt0396171;2006;147;7,5;190490;Tom Tykwer;Michael Smiley;David Calder;Simon Chandler;Germany;English;R;Crime;Drama;Fantasy;50000000,0;2208939,0;26000;2000;-47791061,0;-95,6;Bon (7-8)
Austin Powers in Goldmember ;tt0295178;2002;94;6,2;162909;Jay Roach;Verne Troyer;Josh Zuckerman;Robert Wagner;USA;English;PG-13;Action;Comedy;Crime;63000000,0;213079163,0;0;2000;150079163,0;238,2;Moyen (6-7)
Astro Boy ;tt0375568;2009;94;6,3;25681;David Bowers;Nicolas Cage;Charlize Theron;Dee Bradley Baker;Hong Kong;English;PG;Action;Animation;Comedy;65000000,0;19548064,0;0;2000;-45451936,0;-69,9;Moyen (6-7)
Jurassic Park ;tt0107290;1993;127;8,1;613473;Steven Spielberg;Wayne Knight;Ariana Richards;Bob Peck;USA;English;PG-13;Adventure;Sci-Fi;Thriller;63000000,0;356784000,0;19000;1990;293784000,0;466,3;Excellent (8+)
Wyatt Earp ;tt0111756;1994;212;6,6;35314;Lawrence Kasdan;Dennis Quaid;Catherine O'Hara;Isabella Rossellini;USA;English;PG-13;Adventure;Biography;Crime;63000000,0;25052000,0;0;1990;-37948000,0;-60,2;Moyen (6-7)
Clear and Present Danger ;tt0109444;1994;141;6,9;69663;Phillip Noyce;Harrison Ford;Dean Jones;Raymond Cruz;USA;English;PG-13;Action;Crime;Drama;62000000,0;122012710,0;0;1990;60012710,0;96,8;Moyen (6-7)
Dragon Blade ;tt3672840;2015;103;6,1;11584;Daniel Lee;Si Won Choi;Peng Lin;Sung-jun Yoo;China;Mandarin;R;Action;Adventure;Drama;65000000,0;72413,0;0;2010;-64927587,0;-99,9;Moyen (6-7)
Littleman ;tt0430304;2006;98;4,3;39471;Keenen Ivory Wayans;Chazz Palminteri;Brittany Daniel;John Witherspoon;USA;English;PG-13;Comedy;Crime;;64000000,0;58255287,0;0;2000;-5744713,0;-9,0;Faible (<6)
U-571 ;tt0141926;2000;116;6,6;65297;Jonathan Mostow;Matthew McConaughey;Thomas Kretschmann;David Keith;France;English;PG-13;Action;War;;62000000,0;77086030,0;0;2000;15086030,0;24,3;Moyen (6-7)
The American President ;tt0112346;1995;114;6,8;43027;Rob Reiner;Shawna Waldron;Samantha Mathis;Wendie Malick;USA;English;PG-13;Comedy;Drama;Romance;62000000,0;65000000,0;0;1990;3000000,0;4,8;Moyen (6-7)
The Love Guru ;tt0811138;2008;87;3,8;43300;Marco Schnabel;Justin Timberlake;Romany Malco;Verne Troyer;USA;English;PG-13;Comedy;Romance;Sport;62000000,0;32178777,0;0;2000;-29821223,0;-48,1;Faible (<6)
3000 Miles to Graceland ;tt0233142;2001;125;5,9;38076;Demian Lichtenstein;Jon Lovitz;Bokeem Woodbine;Ice-T;USA;English;R;Action;Comedy;Crime;42000000,0;15738632,0;0;2000;-26261368,0;-62,5;Faible (<6)
The Hateful Eight ;tt3460252;2015;187;7,9;272839;Quentin Tarantino;Craig Stark;Jennifer Jason Leigh;Zoë Bell;USA;English;R;Crime;Drama;Mystery;44000000,0;54116191,0;114000;2010;10116191,0;23,0;Bon (7-8)
Blades of Glory ;tt0445934;2007;93;6,3;129995;Josh Gordon;Will Ferrell;Amy Poehler;Jon Heder;USA;English;PG-13;Comedy;Sport;;61000000,0;118153533,0;0;2000;57153533,0;93,7;Moyen (6-7)
Hop ;tt1411704;2011;95;5,5;24089;Tim Hill;Gary Cole;Elizabeth Perkins;Chelsea Handler;USA;English;PG;Adventure;Animation;Comedy;63000000,0;108012170,0;0;2010;45012170,0;71,4;Faible (<6)
300 ;tt0416449;2006;117;7,7;607235;Zack Snyder;Gerard Butler;Michael Fassbender;Vincent Regan;USA;English;R;Action;Drama;Fantasy;65000000,0;210592590,0;13000;2000;145592590,0;224,0;Bon (7-8)
Meet the Fockers ;tt0290002;2004;106;6,3;211296;Jay Roach;Robert De Niro;Blythe Danner;Teri Polo;USA;English;PG-13;Comedy;Romance;;80000000,0;279167575,0;0;2000;199167575,0;249,0;Moyen (6-7)
Marley & Me ;tt0822832;2008;115;7,1;116681;David Frankel;Eric Dane;Kathleen Turner;Haley Bennett;USA;English;PG;Comedy;Drama;Family;60000000,0;143151473,0;11000;2000;83151473,0;138,6;Bon (7-8)
The Green Mile ;tt0120689;1999;189;8,5;782610;Frank Darabont;Tom Hanks;Jeffrey DeMunn;Michael Jeter;USA;English;R;Crime;Drama;Fantasy;60000000,0;136801374,0;30000;1990;76801374,0;128,0;Excellent (8+)
Wild Hogs ;tt0486946;2007;100;5,9;99989;Walt Becker;Jill Hennessy;Tichina Arnold;Drew Sidora;USA;English;PG-13;Action;Adventure;Comedy;;168213584,0;0;2000;;;Faible (<6)
Chicken Little ;tt0371606;2005;81;5,8;63912;Mark Dindal;Catherine O'Hara;Fred Willard;Amy Sedaris;USA;English;G;Adventure;Animation;Comedy;150000000,0;135381507,0;912;2000;-14618493,0;-9,7;Faible (<6)
Gone Girl ;tt2267998;2014;149;8,1;569841;David Fincher;Patrick Fugit;Sela Ward;Emily Ratajkowski;USA;English;R;Crime;Drama;Mystery;61000000,0;167735396,0;146000;2010;106735396,0;175,0;Excellent (8+)
The Bourne Identity ;tt0258463;2002;119;7,9;407601;Doug Liman;Matt Damon;Josh Hamilton;Nicky Naudé;USA;English;PG-13;Action;Mystery;Thriller;60000000,0;121468960,0;0;2000;61468960,0;102,4;Bon (7-8)
GoldenEye ;tt0113189;1995;130;7,2;199025;Martin Campbell;Izabella Scorupco;Joe Don Baker;Tchéky Karyo;UK;English;PG-13;Action;Adventure;Thriller;58000000,0;106635996,0;0;1990;48635996,0;83,9;Bon (7-8)
The General's Daughter ;tt0144214;1999;116;6,3;42705;Simon West;Daniel von Bargen;Timothy Hutton;Clarence Williams III;USA;English;R;Drama;Mystery;Thriller;95000000,0;102678089,0;885;1990;7678089,0;8,1;Moyen (6-7)
The Truman Show ;tt0120382;1998;103;8,1;667983;Peter Weir;Natascha McElhone;Noah Emmerich;Peter Krause;USA;English;PG;Comedy;Drama;Sci-Fi;60000000,0;125603360,0;18000;1990;65603360,0;109,3;Excellent (8+)
The Prince of Egypt ;tt0120794;1998;99;7,0;91093;Brenda Chapman;Martin Short;Aria Noelle Curzon;Eden Riegel;USA;English;PG;Adventure;Animation;Biography;70000000,0;101217900,0;0;1990;31217900,0;44,6;Bon (7-8)
Daddy Day Care ;tt0317303;2003;92;5,5;49486;Steve Carr;Anjelica Huston;Lisa Edelstein;Jeff Garlin;USA;English;PG;Comedy;Family;;60000000,0;104148781,0;886;2000;44148781,0;73,6;Faible (<6)
2 Guns ;tt1272878;2013;109;6,7;156898;Baltasar Kormákur;Denzel Washington;Patrick Fischler;Fred Ward;USA;English;R;Action;Comedy;Crime;61000000,0;75573300,0;22000;2010;14573300,0;23,9;Moyen (6-7)
Cats & Dogs ;tt0239395;2001;87;5,2;46031;Lawrence Guterman;Carol Ann Susi;Elizabeth Perkins;Miriam Margolyes;USA;English;PG;Action;Comedy;Family;60000000,0;93375151,0;0;2000;33375151,0;55,6;Faible (<6)
The Italian Job ;tt0317740;2003;111;7,0;285623;F. Gary Gray;Jason Statham;Charlize Theron;Jimmy Shubert;USA;English;PG-13;Action;Crime;Thriller;60000000,0;106126012,0;0;2000;46126012,0;76,9;Bon (7-8)
Two Weeks Notice ;tt0313737;2002;101;6,1;85673;Marc Lawrence;Dorian Missick;Alicia Witt;Dana Ivey;USA;English;PG-13;Comedy;Romance;;60000000,0;93307796,0;0;2000;33307796,0;55,5;Moyen (6-7)
Antz ;tt0120587;1998;83;6,6;124641;Eric Darnell;Sylvester Stallone;Woody Allen;Anne Bancroft;USA;English;PG;Adventure;Animation;Comedy;105000000,0;90646554,0;0;1990;-14353446,0;-13,7;Moyen (6-7)
Couples Retreat ;tt1078940;2009;113;5,5;83506;Peter Billingsley;Jon Favreau;Kristin Davis;Tasha Smith;USA;English;PG-13;Comedy;;;60000000,0;109176215,0;0;2000;49176215,0;82,0;Faible (<6)
Days of Thunder ;tt0099371;1990;107;5,9;60476;Tony Scott;Tom Cruise;Robert Duvall;Randy Quaid;USA;English;PG-13;Action;Drama;Sport;60000000,0;82670733,0;0;1990;22670733,0;37,8;Faible (<6)
Cheaper by the Dozen 2 ;tt0452598;2005;94;5,4;42737;Adam Shankman;Taylor Lautner;Tom Welling;Alyson Stoner;USA;English;PG;Adventure;Comedy;Family;60000000,0;82569532,0;781;2000;22569532,0;37,6;Faible (<6)
The Scorch Trials ;tt4046784;2015;132;6,4;138246;Wes Ball;Ki Hong Lee;Lili Taylor;Rosa Salazar;USA;English;PG-13;Action;Sci-Fi;Thriller;61000000,0;81687587,0;24000;2010;20687587,0;33,9;Moyen (6-7)
Eat Pray Love ;tt0879870;2010;140;5,7;63493;Ryan Murphy;James Franco;Julia Roberts;Billy Crudup;USA;English;PG-13;Drama;Romance;;60000000,0;80574010,0;26000;2010;20574010,0;34,3;Faible (<6)
The Family Man ;tt0218967;2000;125;6,7;85844;Brett Ratner;Nicolas Cage;Don Cheadle;Amber Valletta;USA;English;PG-13;Comedy;Drama;Fantasy;60000000,0;75764085,0;0;2000;15764085,0;26,3;Moyen (6-7)
RED ;tt1245526;2010;111;7,1;238916;Robert Schwentke;Bruce Willis;Morgan Freeman;Jaqueline Fleming;USA;English;PG-13;Action;Comedy;Crime;58000000,0;90356857,0;32000;2010;32356857,0;55,8;Bon (7-8)
Any Given Sunday ;tt0146838;1999;156;6,8;97047;Oliver Stone;Al Pacino;Dennis Quaid;LL Cool J;USA;English;R;Drama;Sport;;55000000,0;75530832,0;0;1990;20530832,0;37,3;Moyen (6-7)
The Horse Whisperer ;tt0119314;1998;170;6,5;32353;Robert Redford;Scarlett Johansson;Kristin Scott Thomas;Jessalyn Gilsig;USA;English;PG-13;Drama;Romance;Western;60000000,0;75370763,0;0;1990;15370763,0;25,6;Moyen (6-7)
Collateral ;tt0369339;2004;120;7,6;293662;Michael Mann;Tom Cruise;Jada Pinkett Smith;Debi Mazar;USA;English;R;Crime;Drama;Thriller;65000000,0;100003492,0;0;2000;35003492,0;53,9;Bon (7-8)
The Scorpion King ;tt0277296;2002;100;5,5;102129;Chuck Russell;Dwayne Johnson;Roger Rees;Bernard Hill;USA;English;PG-13;Action;Adventure;Fantasy;60000000,0;90341670,0;0;2000;30341670,0;50,6;Faible (<6)
Ladder 49 ;tt0349710;2004;115;6,5;48753;Jay Russell;Billy Burke;Jay Hernandez;Jacinda Barrett;USA;English;PG-13;Action;Drama;Thriller;55000000,0;74540762,0;0;2000;19540762,0;35,5;Moyen (6-7)
Jack Reacher ;tt0790724;2012;130;7,0;226570;Christopher McQuarrie;Tom Cruise;Robert Duvall;David Oyelowo;USA;English;PG-13;Action;Crime;Mystery;60000000,0;80033643,0;38000;2010;20033643,0;33,4;Bon (7-8)
Deep Blue Sea ;tt0149261;1999;105;5,8;99043;Renny Harlin;LL Cool J;Michael Rapaport;Saffron Burrows;USA;English;R;Action;Sci-Fi;Thriller;60000000,0;73648142,0;0;1990;13648142,0;22,7;Faible (<6)
This Is It ;tt1477715;2009;111;7,3;33158;Kenny Ortega;Misha Gabriel Hamilton;Mekia Cox;Judith Hill;USA;English;PG;Documentary;Music;;60000000,0;71844424,0;0;2000;11844424,0;19,7;Bon (7-8)
Contagion ;tt1598778;2011;106;6,6;180479;Steven Soderbergh;Matt Damon;Monique Gabriela Curnen;Griffin Kane;USA;English;PG-13;Drama;Thriller;;60000000,0;75638743,0;42000;2010;15638743,0;26,1;Moyen (6-7)
Kangaroo Jack ;tt0257568;2003;89;4,4;23476;David McNally;Estella Warren;Dyan Cannon;Bill Hunter;USA;English;PG;Action;Adventure;Comedy;60000000,0;66734992,0;858;2000;6734992,0;11,2;Faible (<6)
Coraline ;tt0327597;2009;100;7,7;143121;Henry Selick;Jennifer Saunders;Dawn French;John Hodgman;USA;English;PG;Animation;Family;Fantasy;60000000,0;75280058,0;10000;2000;15280058,0;25,5;Bon (7-8)
The Happening ;tt0949731;2008;91;5,0;163130;M. Night Shyamalan;Zooey Deschanel;Alan Ruck;Kristen Connolly;USA;English;R;Sci-Fi;Thriller;;48000000,0;64505912,0;6000;2000;16505912,0;34,4;Faible (<6)
Man on Fire ;tt0328107;2004;146;7,7;266310;Tony Scott;Denzel Washington;Radha Mitchell;Giancarlo Giannini;USA;English;R;Action;Crime;Drama;70000000,0;77862546,0;14000;2000;7862546,0;11,2;Bon (7-8)
The Shaggy Dog ;tt0393735;2006;98;4,4;14888;Brian Robbins;Robert Downey Jr.;Joel David Moore;Kristin Davis;USA;English;PG;Comedy;Family;Fantasy;50000000,0;61112916,0;747;2000;11112916,0;22,2;Faible (<6)
Starsky & Hutch ;tt0335438;2004;101;6,1;120795;Todd Phillips;Snoop Dogg;Carmen Electra;Fred Williamson;USA;English;PG-13;Comedy;Crime;;60000000,0;88200225,0;0;2000;28200225,0;47,0;Moyen (6-7)
Jingle All the Way ;tt0116705;1996;94;5,4;68406;Brian Levant;Jim Belushi;Harvey Korman;Jake Lloyd;USA;English;PG;Comedy;Family;;60000000,0;60573641,0;0;1990;573641,0;1,0;Faible (<6)
Hellboy ;tt0167190;2004;132;6,8;244566;Guillermo del Toro;James Babson;Rupert Evans;Brian Steele;USA;English;PG-13;Action;Fantasy;Horror;66000000,0;59035104,0;0;2000;-6964896,0;-10,6;Moyen (6-7)
A Civil Action ;tt0120633;1998;115;6,5;23302;Steven Zaillian;Robert Duvall;Kathleen Quinlan;Sydney Pollack;USA;English;PG-13;Drama;;;60000000,0;56702901,0;1000;1990;-3297099,0;-5,5;Moyen (6-7)
ParaNorman ;tt1623288;2012;92;7,0;72287;Chris Butler;Anna Kendrick;Kodi Smit-McPhee;Elaine Stritch;USA;English;PG;Adventure;Animation;Comedy;60000000,0;55994557,0;12000;2010;-4005443,0;-6,7;Bon (7-8)
The Jackal ;tt0119395;1997;124;6,3;88225;Michael Caton-Jones;J.K. Simmons;Bruce Willis;Sophie Okonedo;USA;English;R;Action;Adventure;Crime;60000000,0;54910560,0;0;1990;-5089440,0;-8,5;Moyen (6-7)
Paycheck ;tt0338337;2003;119;6,3;89816;John Woo;Ivana Milicevic;Joe Morton;Callum Rennie;USA;English;PG-13;Action;Mystery;Sci-Fi;60000000,0;53789313,0;0;2000;-6210687,0;-10,4;Moyen (6-7)
Up Close & Personal ;tt0118055;1996;124;6,1;11370;Jon Avnet;Joe Mantegna;Stockard Channing;Raymond Cruz;USA;English;PG-13;Drama;Romance;;60000000,0;51045801,0;829;1990;-8954199,0;-14,9;Moyen (6-7)
The Tale of Despereaux ;tt0420238;2008;93;6,1;31209;Sam Fell;Emma Watson;Matthew Broderick;Frank Langella;UK;English;G;Adventure;Animation;Comedy;60000000,0;50818750,0;0;2000;-9181250,0;-15,3;Moyen (6-7)
The Tuxedo ;tt0290095;2002;98;5,3;61966;Kevin Donovan;Romany Malco;Debi Mazar;Ritchie Coster;USA;English;PG-13;Action;Comedy;Sci-Fi;60000000,0;50189179,0;797;2000;-9810821,0;-16,4;Faible (<6)
Under Siege 2: Dark Territory ;tt0114781;1995;92;5,4;35918;Geoff Murphy;Peter Greene;Brenda Bakke;Patrick Kilpatrick;USA;English;R;Action;Thriller;;60000000,0;50024083,0;1000;1990;-9975917,0;-16,6;Faible (<6)
Jack Ryan: Shadow Recruit ;tt1205537;2014;105;6,2;99035;Kenneth Branagh;Colm Feore;Nonso Anozie;Gemma Chan;USA;English;PG-13;Action;Drama;Thriller;60000000,0;50549107,0;17000;2010;-9450893,0;-15,8;Moyen (6-7)
Joy ;tt2446980;2015;124;6,6;75329;David O. Russell;Jennifer Lawrence;Robert De Niro;Bradley Cooper;USA;English;PG-13;Biography;Comedy;Drama;60000000,0;56443482,0;24000;2010;-3556518,0;-5,9;Moyen (6-7)
London Has Fallen ;tt3300542;2016;99;5,9;69484;Babak Najafi;Gerard Butler;Radha Mitchell;Julian Kostov;UK;English;R;Action;Crime;Drama;60000000,0;62401264,0;28000;2010;2401264,0;4,0;Faible (<6)
Alien: Resurrection ;tt0118583;1997;116;6,3;170179;Jean-Pierre Jeunet;Gary Dourdan;Michael Wincott;Raymond Cruz;USA;English;R;Action;Horror;Sci-Fi;75000000,0;47748610,0;0;1990;-27251390,0;-36,3;Moyen (6-7)
Shooter ;tt0822854;2007;124;7,2;256213;Antoine Fuqua;Tate Donovan;Ned Beatty;Louis Ferreira;USA;English;R;Action;Crime;Drama;61000000,0;46975183,0;0;2000;-14024817,0;-23,0;Bon (7-8)
The Boxtrolls ;tt0787474;2014;96;6,8;40883;Graham Annable;Isaac Hempstead Wright;Dee Bradley Baker;Tracy Morgan;USA;English;PG;Adventure;Animation;Comedy;60000000,0;50807639,0;11000;2010;-9192361,0;-15,3;Moyen (6-7)
Practical Magic ;tt0120791;1998;104;6,1;55749;Griffin Dunne;Goran Visnjic;Dianne Wiest;Stockard Channing;USA;English;PG-13;Comedy;Drama;Fantasy;48000000,0;46611204,0;0;1990;-1388796,0;-2,9;Moyen (6-7)
The Lego Movie ;tt1490017;2014;100;7,8;246698;Phil Lord;Morgan Freeman;Will Ferrell;Alison Brie;Australia;English;PG;Action;Adventure;Animation;60000000,0;257756197,0;64000;2010;197756197,0;329,6;Bon (7-8)
Miss Congeniality 2: Armed and Fabulous ;tt0385307;2005;115;5,0;51252;John Pasquin;Eileen Brennan;Diedrich Bader;Treat Williams;USA;English;PG-13;Action;Comedy;Crime;45000000,0;48472213,0;621;2000;3472213,0;7,7;Faible (<6)
Reign of Fire ;tt0253556;2002;101;6,2;107859;Rob Bowman;Christian Bale;Gerard Butler;Matthew McConaughey;USA;English;PG-13;Action;Adventure;Fantasy;60000000,0;43060566,0;0;2000;-16939434,0;-28,2;Moyen (6-7)
Gangster Squad ;tt1321870;2013;113;6,7;173530;Ruben Fleischer;Ryan Gosling;Brandon Molale;Wade Williams;USA;English;R;Action;Crime;Drama;60000000,0;45996718,0;40000;2010;-14003282,0;-23,3;Moyen (6-7)
Year One ;tt1045778;2009;100;4,9;76770;Harold Ramis;Olivia Wilde;Oliver Platt;Xander Berkeley;USA;English;PG-13;Adventure;Comedy;;60000000,0;43337279,0;0;2000;-16662721,0;-27,8;Faible (<6)
Invictus ;tt1057500;2009;134;7,4;124222;Clint Eastwood;Matt Damon;Morgan Freeman;Leleti Khumalo;USA;English;PG-13;Biography;Drama;History;60000000,0;37479778,0;23000;2000;-22520222,0;-37,5;Bon (7-8)
State of Play ;tt0473705;2009;127;7,1;113295;Kevin Macdonald;Robin Wright;Harry Lennix;Michael Weston;USA;English;PG-13;Crime;Drama;Mystery;;36965395,0;0;2000;;;Bon (7-8)
Duplicity ;tt1135487;2009;125;6,2;41727;Tony Gilroy;Julia Roberts;Tom Wilkinson;Denis O'Hare;USA;English;PG-13;Comedy;Crime;Romance;60000000,0;40559930,0;0;2000;-19440070,0;-32,4;Moyen (6-7)
My Favorite Martian ;tt0120764;1999;94;4,9;10883;Donald Petrie;Steven Anthony Lawrence;Ray Walston;Michael Lerner;USA;English;PG;Comedy;Family;Sci-Fi;65000000,0;36830057,0;448;1990;-28169943,0;-43,3;Faible (<6)
The Sentinel ;tt0443632;2006;107;6,1;42144;Clark Johnson;Blair Brown;David Rasche;Martin Donovan;USA;English;PG-13;Action;Crime;Thriller;60000000,0;36279230,0;690;2000;-23720770,0;-39,5;Moyen (6-7)
Planet 51 ;tt0762125;2009;91;6,1;41259;Jorge Blanco;Dwayne Johnson;Gary Oldman;James Corden;Spain;English;PG;Adventure;Animation;Comedy;70000000,0;42194060,0;0;2000;-27805940,0;-39,7;Moyen (6-7)
Star Trek: Nemesis ;tt0253754;2002;116;6,4;58450;Stuart Baird;Tom Hardy;LeVar Burton;Jonathan Frakes;USA;English;PG-13;Action;Adventure;Sci-Fi;60000000,0;43119879,0;0;2000;-16880121,0;-28,1;Moyen (6-7)
Intolerable Cruelty ;tt0138524;2003;100;6,3;76560;Joel Coen;Cedric the Entertainer;Paul Adelstein;Julia Duffy;USA;English;PG-13;Comedy;Crime;Romance;60000000,0;35096190,0;0;2000;-24903810,0;-41,5;Moyen (6-7)
Trouble with the Curve ;tt2083383;2012;111;6,8;47954;Robert Lorenz;Clint Eastwood;Ed Lauter;Bob Gunton;USA;English;PG-13;Drama;Sport;;;35754555,0;11000;2010;;;Moyen (6-7)
Edge of Darkness ;tt1226273;2010;117;6,6;75201;Martin Campbell;Bojana Novakovic;Ray Winstone;Denis O'Hare;UK;English;R;Crime;Drama;Mystery;80000000,0;43290977,0;0;2010;-36709023,0;-45,9;Moyen (6-7)
The Relic ;tt0120004;1997;110;5,7;19176;Peter Hyams;John Kapelos;Penelope Ann Miller;Chi Muoi Lo;UK;English;R;Horror;Mystery;Sci-Fi;40000000,0;33927476,0;956;1990;-6072524,0;-15,2;Faible (<6)
Analyze That ;tt0289848;2002;96;5,9;69319;Harold Ramis;Robert De Niro;Cathy Moriarty;Joe Viterelli;USA;English;R;Comedy;Crime;;60000000,0;32122249,0;846;2000;-27877751,0;-46,5;Faible (<6)
Righteous Kill ;tt1034331;2008;101;6,0;73368;Jon Avnet;Robert De Niro;Al Pacino;50 Cent;USA;English;R;Action;Crime;Drama;60000000,0;40076438,0;0;2000;-19923562,0;-33,2;Moyen (6-7)
Mercury Rising ;tt0120749;1998;111;6,1;54314;Harold Becker;Bruce Willis;Miko Hughes;Carrie Preston;USA;English;R;Action;Crime;Drama;60000000,0;32940507,0;0;1990;-27059493,0;-45,1;Moyen (6-7)
The Soloist ;tt0821642;2009;117;6,7;44099;Joe Wright;Robert Downey Jr.;Stephen Root;Rachael Harris;UK;English;PG-13;Biography;Drama;Music;60000000,0;31670931,0;0;2000;-28329069,0;-47,2;Moyen (6-7)
The Legend of Bagger Vance ;tt0146984;2000;126;6,7;45296;Robert Redford;Matt Damon;Will Smith;Charlize Theron;USA;English;PG-13;Drama;Fantasy;Sport;60000000,0;30695227,0;0;2000;-29304773,0;-48,8;Moyen (6-7)
Almost Famous ;tt0181875;2000;152;7,9;207287;Cameron Crowe;Philip Seymour Hoffman;Zooey Deschanel;Michael Angarano;USA;English;R;Adventure;Comedy;Drama;60000000,0;32522352,0;15000;2000;-27477648,0;-45,8;Bon (7-8)
Garfield 2 ;tt0455499;2006;86;5,0;27517;Tim Hill;Bill Murray;Roger Rees;Ben Falcone;UK;English;PG;Animation;Comedy;Family;;28424210,0;470;2000;;;Faible (<6)
xXx: State of the Union ;tt0329774;2005;101;4,3;51349;Lee Tamahori;Sunny Mabrey;Nona Gaye;Xzibit;USA;English;PG-13;Action;Adventure;Crime;87000000,0;26082914,0;0;2000;-60917086,0;-70,0;Faible (<6)
Priest ;tt0822847;2011;87;5,7;97089;Scott Stewart;Josh Wingate;Alan Dale;Jacob Hopkins;USA;English;PG-13;Action;Fantasy;Horror;60000000,0;29136626,0;20000;2010;-30863374,0;-51,4;Faible (<6)
Sinbad: Legend of the Seven Seas ;tt0165982;2003;85;6,7;36144;Patrick Gilmore;Brad Pitt;Adriano Giannini;Timothy West;USA;English;PG;Adventure;Animation;Comedy;60000000,0;26288320,0;880;2000;-33711680,0;-56,2;Moyen (6-7)
Event Horizon ;tt0119081;1997;130;6,7;120416;Paul W.S. Anderson;Sean Pertwee;Joely Richardson;Kathleen Quinlan;UK;English;R;Horror;Sci-Fi;Thriller;60000000,0;26616590,0;10000;1990;-33383410,0;-55,6;Moyen (6-7)
Dragonfly ;tt0259288;2002;104;6,1;31788;Tom Shadyac;Joe Morton;Susanna Thompson;Matt Craven;USA;English;PG-13;Drama;Fantasy;Mystery;60000000,0;30063805,0;0;2000;-29936195,0;-49,9;Moyen (6-7)
The Black Dahlia ;tt0387877;2006;121;5,6;63363;Brian De Palma;Scarlett Johansson;Mia Kirshner;Mike Starr;Germany;English;R;Crime;Drama;Mystery;50000000,0;22518325,0;0;2000;-27481675,0;-55,0;Faible (<6)
Flyboys ;tt0454824;2006;140;6,6;35565;Tony Bill;James Franco;Tyler Labine;Philip Winchester;UK;English;PG-13;Action;Adventure;Drama;60000000,0;13082288,0;2000;2000;-46917712,0;-78,2;Moyen (6-7)
The Last Castle ;tt0272020;2001;131;6,9;57100;Rod Lurie;Clifton Collins Jr.;Delroy Lindo;Michael Irby;USA;English;R;Action;Drama;Thriller;60000000,0;18208078,0;0;2000;-41791922,0;-69,7;Moyen (6-7)
Supernova ;tt0134983;2000;91;4,8;14596;Walter Hill;Robert Forster;Wilson Cruz;Vanessa Marshall;USA;English;PG-13;Horror;Sci-Fi;Thriller;65000000,0;14218868,0;589;2000;-50781132,0;-78,1;Faible (<6)
Winter's Tale ;tt1837709;2014;118;6,2;41288;Akiva Goldsman;Matt Bomer;William Hurt;Kevin Corrigan;USA;English;PG-13;Drama;Fantasy;Mystery;60000000,0;22451,0;17000;2010;-59977549,0;-100,0;Moyen (6-7)
The Mortal Instruments: City of Bones ;tt1538403;2013;130;6,0;107028;Harald Zwart;Aidan Turner;Kevin Zegers;CCH Pounder;USA;English;PG-13;Fantasy;Horror;Mystery;60000000,0;31165421,0;44000;2010;-28834579,0;-48,1;Moyen (6-7)
Meet Dave ;tt0765476;2008;90;4,9;31640;Brian Robbins;Marc Blucas;Mike O'Malley;Shawn Christian;USA;English;PG;Adventure;Comedy;Family;60000000,0;11802056,0;791;2000;-48197944,0;-80,3;Faible (<6)
Dark Water ;tt0382628;2005;103;5,6;44966;Walter Salles;Dougray Scott;Camryn Manheim;Ariel Gade;USA;English;PG-13;Drama;Horror;Thriller;30000000,0;25472967,0;0;2000;-4527033,0;-15,1;Faible (<6)
Edtv ;tt0131369;1999;122;6,1;35599;Ron Howard;Matthew McConaughey;Adam Goldberg;Clint Howard;USA;English;PG-13;Comedy;Drama;;55000000,0;22362500,0;641;1990;-32637500,0;-59,3;Moyen (6-7)
Inkheart ;tt0494238;2008;106;6,1;60232;Iain Softley;Brendan Fraser;Stephen Graham;Jamie Foreman;Germany;English;PG;Adventure;Family;Fantasy;60000000,0;17281832,0;0;2000;-42718168,0;-71,2;Moyen (6-7)
The Spirit ;tt0831887;2008;103;4,8;53864;Frank Miller;Scarlett Johansson;Jaime King;Louis Lombardi;USA;English;PG-13;Action;Crime;Fantasy;60000000,0;19781879,0;2000;2000;-40218121,0;-67,0;Faible (<6)
Mortdecai ;tt3045616;2015;107;5,5;47320;David Koepp;Johnny Depp;Olivia Munn;Ulrich Thomsen;UK;English;R;Action;Comedy;Mystery;60000000,0;7605668,0;12000;2010;-52394332,0;-87,3;Faible (<6)
In the Name of the King: A Dungeon Siege Tale ;tt0460780;2007;156;3,8;38398;Uwe Boll;Jason Statham;Mike Dopud;Tania Saulnier;Germany;English;PG-13;Action;Adventure;Fantasy;60000000,0;4535117,0;0;2000;-55464883,0;-92,4;Faible (<6)
Beyond Borders ;tt0294357;2003;127;6,5;22570;Martin Campbell;Angelina Jolie Pitt;Teri Polo;Noah Emmerich;USA;English;R;Adventure;Drama;Romance;35000000,0;4426297,0;0;2000;-30573703,0;-87,4;Moyen (6-7)
Xi you ji zhi: Sun Wukong san da Baigu Jing ;tt4591310;2016;119;6,0;1212;Pou-Soi Cheang;Li Gong;Aaron Kwok;Eddie Peng;China;English;;Action;Adventure;Fantasy;68005000,0;;426;2010;;;Moyen (6-7)
The Great Raid ;tt0326905;2005;132;6,7;18209;John Dahl;James Franco;Clayne Crawford;Paolo Montalban;USA;Filipino;R;Action;Drama;War;80000000,0;10166502,0;0;2000;-69833498,0;-87,3;Moyen (6-7)
Deadpool ;tt1431045;2016;108;8,1;479047;Tim Miller;Ryan Reynolds;Ed Skrein;Stefan Kapicic;USA;English;R;Action;Adventure;Comedy;58000000,0;363024263,0;117000;2010;305024263,0;525,9;Excellent (8+)
Holy Man ;tt0120701;1998;114;4,9;16260;Stephen Herek;Kelly Preston;Morgan Fairchild;Eric McCormack;USA;English;PG;Comedy;Drama;;60000000,0;12065985,0;296;1990;-47934015,0;-79,9;Faible (<6)
American Sniper ;tt2179136;2014;133;7,3;325264;Clint Eastwood;Bradley Cooper;Leonard Roberts;Keir O'Donnell;USA;English;R;Action;Biography;Drama;58800000,0;350123553,0;112000;2010;291323553,0;495,4;Bon (7-8)
Goosebumps ;tt1051904;2015;103;6,4;47968;Rob Letterman;Odeya Rush;Dylan Minnette;Ken Marino;USA;English;PG;Adventure;Comedy;Family;58000000,0;80021740,0;35000;2010;22021740,0;38,0;Moyen (6-7)
Just Like Heaven ;tt0425123;2005;95;6,7;82819;Mark Waters;Jon Heder;Ivana Milicevic;Willie Garson;USA;English;PG-13;Comedy;Fantasy;Romance;58000000,0;48291624,0;0;2000;-9708376,0;-16,7;Moyen (6-7)
The Flintstones in Viva Rock Vegas ;tt0158622;2000;90;3,6;15517;Brian Levant;Taylor Negron;Mark Addy;Danny Woodburn;USA;English;PG;Comedy;Family;Romance;60000000,0;35231365,0;500;2000;-24768635,0;-41,3;Faible (<6)
Rambo III ;tt0095956;1988;87;5,7;92106;Peter MacDonald;Sylvester Stallone;Kurtwood Smith;Richard Crenna;USA;English;R;Action;Adventure;Thriller;63000000,0;53715611,0;2000;1980;-9284389,0;-14,7;Faible (<6)
Leatherheads ;tt0379865;2008;114;6,0;27664;George Clooney;Robert Baker;Malcolm Goodwin;Matt Bushell;USA;English;PG-13;Comedy;Drama;Romance;58000000,0;31199215,0;472;2000;-26800785,0;-46,2;Moyen (6-7)
The Ridiculous 6 ;tt2479478;2015;119;4,9;27019;Frank Coraci;Taylor Lautner;Adam Sandler;Jon Lovitz;USA;English;TV-14;Comedy;Western;;;;0;2010;;;Faible (<6)
Did You Hear About the Morgans? ;tt1314228;2009;103;4,7;29523;Marc Lawrence;Michael Kelly;Kim Shaw;Kevin Brown;USA;English;PG-13;Comedy;Drama;Romance;58000000,0;29580087,0;0;2000;-28419913,0;-49,0;Faible (<6)
The Internship ;tt2234155;2013;125;6,3;159931;Shawn Levy;Josh Gad;Jessica Szohr;Rob Riggle;USA;English;PG-13;Comedy;;;58000000,0;44665963,0;22000;2010;-13334037,0;-23,0;Moyen (6-7)
Resident Evil: Afterlife ;tt1220634;2010;97;5,9;131447;Paul W.S. Anderson;Milla Jovovich;Boris Kodjoe;Shawn Roberts;Germany;English;R;Action;Adventure;Horror;60000000,0;60128566,0;19000;2010;128566,0;0,2;Faible (<6)
Red Tails ;tt0485985;2012;125;5,9;28807;Anthony Hemingway;David Oyelowo;Nate Parker;Tristan Mack Wilds;USA;English;PG-13;Action;Adventure;Drama;58000000,0;49875589,0;0;2010;-8124411,0;-14,0;Faible (<6)
The Devil's Advocate ;tt0118971;1997;136;7,5;259519;Taylor Hackford;Keanu Reeves;Al Pacino;Charlize Theron;USA;English;R;Drama;Mystery;Thriller;57000000,0;60984028,0;11000;1990;3984028,0;7,0;Bon (7-8)
That's My Boy ;tt1232200;2012;116;5,6;70681;Sean Anders;Adam Sandler;Leighton Meester;Will Forte;USA;English;R;Comedy;;;70000000,0;36931089,0;12000;2010;-33068911,0;-47,2;Faible (<6)
DragonHeart ;tt0116136;1996;103;6,4;78343;Rob Cohen;Dennis Quaid;Brian Thompson;Terry O'Neill;USA;English;PG-13;Action;Adventure;Fantasy;57000000,0;51317350,0;0;1990;-5682650,0;-10,0;Moyen (6-7)
After the Sunset ;tt0367479;2004;97;6,3;38298;Brett Ratner;Salma Hayek;Don Cheadle;Chris Penn;USA;English;PG-13;Action;Comedy;Crime;58000000,0;28328132,0;782;2000;-29671868,0;-51,2;Moyen (6-7)
Ghost Rider: Spirit of Vengeance ;tt1071875;2011;96;4,3;87745;Mark Neveldine;Nicolas Cage;Spencer Wilding;Christopher Lambert;USA;English;PG-13;Action;Fantasy;Thriller;57000000,0;51774002,0;18000;2010;-5225998,0;-9,2;Faible (<6)
Captain Corelli's Mandolin ;tt0238112;2001;131;5,9;28099;John Madden;Christian Bale;Irene Papas;Mihalis Giannatos;UK;English;R;Drama;Music;Romance;57000000,0;25528495,0;0;2000;-31471505,0;-55,2;Faible (<6)
The Pacifier ;tt0395699;2005;95;5,5;66308;Adam Shankman;Vin Diesel;Brad Garrett;Tate Donovan;Canada;English;PG;Action;Comedy;Drama;56000000,0;113006880,0;0;2000;57006880,0;101,8;Faible (<6)
Walking Tall ;tt0351977;2004;86;6,2;53118;Kevin Bray;Dwayne Johnson;Ashley Scott;Michael Bowen;USA;English;PG-13;Action;Crime;;56000000,0;45860039,0;0;2000;-10139961,0;-18,1;Moyen (6-7)
Forrest Gump ;tt0109830;1994;142;8,8;1251222;Robert Zemeckis;Tom Hanks;Siobhan Fallon Hogan;Sam Anderson;USA;English;PG-13;Comedy;Drama;;55000000,0;329691196,0;59000;1990;274691196,0;499,4;Excellent (8+)
Alvin and the Chipmunks ;tt0952640;2007;92;5,2;57276;Tim Hill;Jesse McCartney;Beth Riesgraf;Matthew Gray Gubler;USA;English;PG;Animation;Comedy;Family;60000000,0;217326336,0;0;2000;157326336,0;262,2;Faible (<6)
Meet the Parents ;tt0212338;2000;108;7,0;260442;Jay Roach;Robert De Niro;Blythe Danner;Teri Polo;USA;English;PG-13;Comedy;;;55000000,0;166225040,0;0;2000;111225040,0;202,2;Bon (7-8)
Pocahontas ;tt0114148;1995;84;6,6;119675;Mike Gabriel;Christian Bale;Frank Welker;Irene Bedard;USA;English;G;Adventure;Animation;Drama;55000000,0;141600000,0;0;1990;86600000,0;157,5;Moyen (6-7)
Superman ;tt0078346;1978;188;7,3;126357;Richard Donner;Marlon Brando;Margot Kidder;Ned Beatty;USA;English;PG;Action;Adventure;Drama;55000000,0;134218018,0;0;1970;79218018,0;144,0;Bon (7-8)
The Nutty Professor ;tt0117218;1996;95;5,6;86556;Tom Shadyac;Jada Pinkett Smith;James Coburn;Dave Chappelle;USA;English;PG-13;Comedy;Romance;Sci-Fi;54000000,0;128769345,0;960;1990;74769345,0;138,5;Faible (<6)
Hitch ;tt0386588;2005;118;6,6;244840;Andy Tennant;Will Smith;Michael Rapaport;Kevin Sussman;USA;English;PG-13;Comedy;Romance;;70000000,0;177575142,0;0;2000;107575142,0;153,7;Moyen (6-7)
George of the Jungle ;tt0119190;1997;92;5,4;56168;Sam Weisman;Brendan Fraser;Abraham Benrubi;Holland Taylor;USA;English;PG;Action;Adventure;Comedy;55000000,0;105263257,0;5000;1990;50263257,0;91,4;Faible (<6)
American Wedding ;tt0328828;2003;74;6,3;162331;Jesse Dylan;Alyson Hannigan;Thomas Ian Nicholas;Fred Willard;USA;English;R;Comedy;Romance;;55000000,0;104354205,0;0;2000;49354205,0;89,7;Moyen (6-7)
Captain Phillips ;tt1535109;2013;134;7,9;323353;Paul Greengrass;Tom Hanks;Chris Mulkey;Michael Chernus;USA;English;PG-13;Biography;Drama;Thriller;55000000,0;107100855,0;65000;2010;52100855,0;94,7;Bon (7-8)
Date Night ;tt1279935;2010;101;6,3;127571;Shawn Levy;Mila Kunis;James Franco;Steve Carell;USA;English;PG-13;Comedy;Crime;Romance;55000000,0;98711404,0;0;2010;43711404,0;79,5;Moyen (6-7)
Casper ;tt0112642;1995;100;6,0;85903;Brad Silberling;Eric Idle;Fred Rogers;Cathy Moriarty;USA;English;PG;Comedy;Family;Fantasy;50000000,0;100328194,0;0;1990;50328194,0;100,7;Moyen (6-7)
The Equalizer ;tt0455944;2014;132;7,2;229574;Antoine Fuqua;Denzel Washington;Chloë Grace Moretz;James Wilcox;USA;English;R;Action;Crime;Thriller;55000000,0;101530738,0;56000;2010;46530738,0;84,6;Bon (7-8)
Maid in Manhattan ;tt0252076;2002;105;5,1;68417;Wayne Wang;Bob Hoskins;Frances Conroy;Natasha Richardson;USA;English;PG-13;Comedy;Drama;Romance;55000000,0;93815117,0;0;2000;38815117,0;70,6;Faible (<6)
Crimson Tide ;tt0112740;1995;123;7,3;81026;Tony Scott;Denzel Washington;Viggo Mortensen;Ricky Schroder;USA;English;R;Action;Drama;Thriller;53000000,0;91400000,0;0;1990;38400000,0;72,5;Bon (7-8)
The Pursuit of Happyness ;tt0454921;2006;117;8,0;338383;Gabriele Muccino;Will Smith;Kurt Fuller;James Karen;USA;English;PG-13;Biography;Drama;;55000000,0;162586036,0;32000;2000;107586036,0;195,6;Excellent (8+)
Flightplan ;tt0408790;2005;98;6,2;126746;Robert Schwentke;Erika Christensen;Michael Irby;Haley Ramm;USA;English;PG-13;Drama;Mystery;Thriller;55000000,0;89706988,0;0;2000;34706988,0;63,1;Moyen (6-7)
Disclosure ;tt0109635;1994;128;6,0;36587;Barry Levinson;Demi Moore;Dylan Baker;Roma Maffia;USA;English;R;Drama;Thriller;;55000000,0;83000000,0;0;1990;28000000,0;50,9;Moyen (6-7)
City of Angels ;tt0120632;1998;114;6,7;94407;Brad Silberling;Nicolas Cage;Andre Braugher;Colm Feore;Germany;English;PG-13;Drama;Fantasy;Romance;55000000,0;78745923,0;0;1990;23745923,0;43,2;Moyen (6-7)
Kill Bill: Vol. 1 ;tt0266697;2003;111;8,1;735784;Quentin Tarantino;David Carradine;Vivica A. Fox;Chiaki Kuriyama;USA;English;R;Action;;;30000000,0;70098138,0;13000;2000;40098138,0;133,7;Excellent (8+)
Bowfinger ;tt0131325;1999;85;6,4;56874;Frank Oz;Robert Downey Jr.;Adam Alexi-Malle;Jamie Kennedy;USA;English;PG-13;Comedy;;;55000000,0;66365290,0;0;1990;11365290,0;20,7;Moyen (6-7)
Kill Bill: Vol. 2 ;tt0378194;2004;137;8,0;512749;Quentin Tarantino;Vivica A. Fox;Michael Parks;Michael Bowen;USA;English;R;Action;Crime;Drama;30000000,0;66207920,0;0;2000;36207920,0;120,7;Excellent (8+)
Tango & Cash ;tt0098439;1989;97;6,3;75365;Andrey Konchalovskiy;Sylvester Stallone;Jack Palance;Brion James;USA;English;R;Action;Comedy;Crime;55000000,0;63408614,0;0;1980;8408614,0;15,3;Moyen (6-7)
Death Becomes Her ;tt0104070;1992;104;6,4;78974;Robert Zemeckis;Bruce Willis;Meryl Streep;Isabella Rossellini;USA;English;PG-13;Comedy;Fantasy;Horror;55000000,0;58422650,0;8000;1990;3422650,0;6,2;Moyen (6-7)
Shanghai Noon ;tt0184894;2000;110;6,6;96690;Tom Dey;Xander Berkeley;Jason Connery;Kate Luyben;USA;English;PG-13;Action;Adventure;Comedy;55000000,0;56932305,0;0;2000;1932305,0;3,5;Moyen (6-7)
Executive Decision ;tt0116253;1996;133;6,4;40858;Stuart Baird;Oliver Platt;Joe Morton;J.T. Walsh;USA;English;R;Action;Adventure;Thriller;55000000,0;68750000,0;0;1990;13750000,0;25,0;Moyen (6-7)
Mr. Popper's Penguins ;tt1396218;2011;94;6,0;67191;Mark Waters;Madeline Carroll;Ophelia Lovibond;Philip Baker Hall;USA;English;PG;Comedy;Family;Fantasy;55000000,0;68218041,0;14000;2010;13218041,0;24,0;Moyen (6-7)
The Forbidden Kingdom ;tt0865556;2008;104;6,6;88049;Rob Minkoff;Jet Li;Thomas McDonell;Michael Angarano;USA;English;PG-13;Action;Adventure;Fantasy;55000000,0;25040293,0;0;2000;-29959707,0;-54,5;Moyen (6-7)
Free Birds ;tt1621039;2013;91;5,9;18042;Jimmy Hayward;Amy Poehler;Carlos Ponce;Dan Fogler;USA;English;PG;Adventure;Animation;Comedy;55000000,0;55747724,0;0;2010;747724,0;1,4;Faible (<6)
Alien 3 ;tt0103644;1992;145;6,4;207686;David Fincher;Charles S. Dutton;Holt McCallany;Paul McGann;USA;English;R;Action;Horror;Sci-Fi;50000000,0;55473600,0;0;1990;5473600,0;10,9;Moyen (6-7)
Evita ;tt0116250;1996;135;6,3;29205;Alan Parker;Andrea Corr;Jimmy Nail;Peter Polycarpou;USA;English;PG;Biography;Drama;History;55000000,0;49994804,0;0;1990;-5005196,0;-9,1;Moyen (6-7)
Ronin ;tt0122690;1998;122;7,3;145422;John Frankenheimer;Robert De Niro;Natascha McElhone;Michael Lonsdale;UK;English;R;Action;Adventure;Crime;55000000,0;41609593,0;0;1990;-13390407,0;-24,3;Bon (7-8)
The Ghost and the Darkness ;tt0116409;1996;110;6,8;46239;Stephen Hopkins;Tom Wilkinson;Bernard Hill;Om Puri;USA;English;R;Adventure;Drama;Horror;55000000,0;38553833,0;0;1990;-16446167,0;-29,9;Moyen (6-7)
Paddington ;tt1109624;2014;95;7,2;49207;Paul King;Julie Walters;Matt Lucas;Sally Hawkins;UK;English;PG;Animation;Comedy;Family;55000000,0;76137505,0;30000;2010;21137505,0;38,4;Bon (7-8)
The Watch ;tt1298649;2012;102;5,7;104066;Akiva Schaffer;Will Forte;Nicholas Braun;Rosemarie DeWitt;USA;English;R;Action;Comedy;Sci-Fi;68000000,0;34350553,0;15000;2010;-33649447,0;-49,5;Faible (<6)
The Hunted ;tt0269347;2003;94;6,0;35830;William Friedkin;Connie Nielsen;Jenna Boyd;Rex Linn;USA;English;R;Action;Crime;Drama;55000000,0;34238611,0;0;2000;-20761389,0;-37,7;Moyen (6-7)
Instinct ;tt0128278;1999;126;6,5;27191;Jon Turteltaub;Anthony Hopkins;Maura Tierney;John Ashton;USA;English;R;Drama;Thriller;;55000000,0;34098563,0;0;1990;-20901437,0;-38,0;Moyen (6-7)
Stuck on You ;tt0338466;2003;118;5,8;44453;Bobby Farrelly;Matt Damon;Terence Bernie Hines;Seymour Cassel;USA;English;PG-13;Comedy;;;55000000,0;33828318,0;0;2000;-21171682,0;-38,5;Faible (<6)
Semi-Pro ;tt0839980;2008;99;5,8;67005;Kent Alterman;Will Ferrell;Maura Tierney;Matt Walsh;USA;English;R;Comedy;Sport;;55000000,0;33472850,0;0;2000;-21527150,0;-39,1;Faible (<6)
The Pirates! Band of Misfits ;tt1430626;2012;88;6,7;36877;Peter Lord;Salma Hayek;Russell Tovey;Brian Blessed;UK;English;PG;Adventure;Animation;Comedy;55000000,0;31051126,0;0;2010;-23948874,0;-43,5;Moyen (6-7)
Changeling ;tt0824747;2008;141;7,8;199056;Clint Eastwood;Angelina Jolie Pitt;Michael Kelly;Colm Feore;USA;English;R;Crime;Drama;Mystery;55000000,0;35707327,0;14000;2000;-19292673,0;-35,1;Bon (7-8)
Chain Reaction ;tt0115857;1996;107;5,6;40346;Andrew Davis;Keanu Reeves;Morgan Freeman;Kevin Dunn;USA;English;PG-13;Action;Drama;Sci-Fi;50000000,0;20550712,0;1000;1990;-29449288,0;-58,9;Faible (<6)
The Fan ;tt0116277;1996;116;5,8;38533;Tony Scott;Robert De Niro;Kurt Fuller;Ellen Barkin;USA;English;R;Action;Drama;Sport;55000000,0;18573791,0;0;1990;-36426209,0;-66,2;Faible (<6)
The Phantom of the Opera ;tt0293508;2004;143;7,4;96654;Joel Schumacher;Gerard Butler;Minnie Driver;Miranda Richardson;UK;English;PG-13;Drama;Musical;Romance;70000000,0;51225796,0;0;2000;-18774204,0;-26,8;Bon (7-8)
Elizabeth: The Golden Age ;tt0414055;2007;114;6,9;54787;Shekhar Kapur;Eddie Redmayne;Abbie Cornish;Jordi Mollà;UK;English;PG-13;Biography;Drama;History;55000000,0;16264475,0;0;2000;-38735525,0;-70,4;Moyen (6-7)
Æon Flux ;tt0402022;2005;93;5,5;110614;Karyn Kusama;Charlize Theron;Sophie Okonedo;Paterson Joseph;USA;English;PG-13;Action;Sci-Fi;;62000000,0;25857987,0;0;2000;-36142013,0;-58,3;Faible (<6)
Gods and Generals ;tt0279111;2003;280;6,3;13215;Ron Maxwell;Billy Campbell;Bruce Boxleitner;John Castle;USA;English;PG-13;Drama;History;War;56000000,0;12870569,0;953;2000;-43129431,0;-77,0;Moyen (6-7)
Turbulence ;tt0120390;1997;100;4,7;8983;Robert Butler;Hector Elizondo;Lauren Holly;Jeffrey DeMunn;USA;English;R;Action;Thriller;;71000000,0;11466088,0;316;1990;-59533912,0;-83,9;Faible (<6)
Imagine That ;tt0780567;2009;107;5,6;10417;Karey Kirkpatrick;Stephen Root;Ronny Cox;Richard Schiff;USA;English;PG;Comedy;Drama;Family;55000000,0;16088610,0;610;2000;-38911390,0;-70,7;Faible (<6)
Muppets Most Wanted ;tt2281587;2014;119;6,4;24285;James Bobin;Ty Burrell;Tina Fey;Hugh Bonneville;USA;English;PG;Adventure;Comedy;Crime;50000000,0;51178893,0;10000;2010;1178893,0;2,4;Moyen (6-7)
Thunderbirds ;tt0167456;2004;95;4,2;11148;Jonathan Frakes;Sophia Myles;Philip Winchester;Brady Corbet;UK;English;PG;Action;Adventure;Comedy;57000000,0;6768055,0;437;2000;-50231945,0;-88,1;Faible (<6)
Burlesque ;tt1126591;2010;119;6,4;61680;Steve Antin;Eric Dane;Peter Gallagher;David Walton;USA;English;PG-13;Drama;Music;Musical;55000000,0;39440655,0;19000;2010;-15559345,0;-28,3;Moyen (6-7)
A Very Long Engagement ;tt0344510;2004;133;7,7;62607;Jean-Pierre Jeunet;Denis Lavant;André Dussollier;Albert Dupontel;France;French;R;Drama;Mystery;Romance;47000000,0;6167817,0;0;2000;-40832183,0;-86,9;Bon (7-8)
Lolita ;tt0056193;1962;152;7,7;67822;Stanley Kubrick;James Mason;Shelley Winters;Lois Maxwell;UK;English;Not Rated;Crime;Drama;Romance;2000000,0;;0;1960;;;Bon (7-8)
Eye See You ;tt0160184;2002;96;5,3;19706;Jim Gillespie;Sylvester Stallone;Tom Berenger;Charles S. Dutton;USA;English;R;Crime;Horror;Mystery;55000000,0;;448;2000;;;Faible (<6)
Blade II ;tt0187738;2002;117;6,7;158267;Guillermo del Toro;Norman Reedus;Thomas Kretschmann;Tony Curran;USA;English;R;Action;Horror;Sci-Fi;54000000,0;81645152,0;0;2000;27645152,0;51,2;Moyen (6-7)
Seven Pounds ;tt0814314;2008;123;7,7;232710;Gabriele Muccino;Will Smith;Rosario Dawson;Madison Pettis;USA;English;PG-13;Drama;Romance;;55000000,0;69951824,0;26000;2000;14951824,0;27,2;Bon (7-8)
Bullet to the Head ;tt1308729;2012;92;5,7;39247;Walter Hill;Sylvester Stallone;Jason Momoa;Jon Seda;USA;English;R;Action;Thriller;;55000000,0;9483821,0;10000;2010;-45516179,0;-82,8;Faible (<6)
The Godfather: Part III ;tt0099674;1990;170;7,6;267980;Francis Ford Coppola;Al Pacino;Joe Mantegna;Bridget Fonda;USA;English;R;Crime;Drama;;54000000,0;66676062,0;0;1990;12676062,0;23,5;Bon (7-8)
Elizabethtown ;tt0368709;2005;123;6,4;58658;Cameron Crowe;Orlando Bloom;Kirsten Dunst;Judy Greer;USA;English;PG-13;Comedy;Drama;Romance;57000000,0;26838389,0;0;2000;-30161611,0;-52,9;Moyen (6-7)
You, Me and Dupree ;tt0463034;2006;110;5,6;68417;Anthony Russo;Todd Stashwick;Billy Gardell;Amanda Detmer;USA;English;PG-13;Comedy;Romance;;54000000,0;75604320,0;0;2000;21604320,0;40,0;Faible (<6)
Superman II ;tt0081573;1980;116;6,8;76331;Richard Lester;Margot Kidder;Ned Beatty;Jackie Cooper;USA;English;PG;Action;Adventure;Romance;54000000,0;108200000,0;0;1980;54200000,0;100,4;Moyen (6-7)
Gigli ;tt0299930;2003;121;2,4;41620;Martin Brest;Todd Giebenhain;Lenny Venito;David Backus;USA;English;R;Comedy;Crime;Romance;54000000,0;5660084,0;2000;2000;-48339916,0;-89,5;Faible (<6)
All the King's Men ;tt0405676;2006;128;6,2;20740;Steven Zaillian;Kate Winslet;Anthony Hopkins;Kevin Dunn;Germany;English;PG-13;Drama;Thriller;;55000000,0;7221458,0;0;2000;-47778542,0;-86,9;Moyen (6-7)
Shaft ;tt0162650;2000;99;5,9;58416;John Singleton;Christian Bale;Vanessa Williams;Daniel von Bargen;Germany;English;R;Action;Crime;Thriller;46000000,0;70327868,0;0;2000;24327868,0;52,9;Faible (<6)
Anastasia ;tt0118617;1997;94;7,1;86347;Don Bluth;Kirsten Dunst;Kelsey Grammer;Bernadette Peters;USA;English;G;Adventure;Animation;Drama;50000000,0;58297830,0;0;1990;8297830,0;16,6;Bon (7-8)
Moulin Rouge! ;tt0203009;2001;127;7,6;224013;Baz Luhrmann;Jim Broadbent;Kylie Minogue;Richard Roxburgh;USA;English;PG-13;Drama;Musical;Romance;52500000,0;57386369,0;10000;2000;4886369,0;9,3;Bon (7-8)
Domestic Disturbance ;tt0249478;2001;89;5,5;21283;Harold Becker;Steve Buscemi;Teri Polo;Matt O'Leary;USA;English;PG-13;Crime;Mystery;Thriller;53000000,0;45207112,0;361;2000;-7792888,0;-14,7;Faible (<6)
Black Mass ;tt1355683;2015;123;7,0;115216;Scott Cooper;Johnny Depp;Benedict Cumberbatch;Adam Scott;USA;English;R;Biography;Crime;Drama;53000000,0;62563543,0;44000;2010;9563543,0;18,0;Bon (7-8)
Flags of Our Fathers ;tt0418689;2006;135;7,1;101221;Clint Eastwood;Paul Walker;Chris Bauer;Tom McCarthy;USA;English;R;Drama;History;War;90000000,0;33574332,0;0;2000;-56425668,0;-62,7;Bon (7-8)
Law Abiding Citizen ;tt1197624;2009;118;7,4;217480;F. Gary Gray;Gerard Butler;Leslie Bibb;Michael Kelly;USA;English;R;Crime;Drama;Thriller;50000000,0;73343413,0;21000;2000;23343413,0;46,7;Bon (7-8)
Grindhouse ;tt0462322;2007;189;7,6;155496;Robert Rodriguez;Quentin Tarantino;Rosario Dawson;Zoë Bell;USA;English;R;Action;Horror;Thriller;53000000,0;25031037,0;0;2000;-27968963,0;-52,8;Bon (7-8)
Beloved ;tt0120603;1998;172;5,9;6082;Jonathan Demme;Oprah Winfrey;Kimberly Elise;Hill Harper;USA;English;R;Drama;History;Horror;55000000,0;22843047,0;853;1990;-32156953,0;-58,5;Faible (<6)
Lucky You ;tt0338216;2007;124;5,9;18310;Curtis Hanson;Robert Downey Jr.;Robert Duvall;Kelvin Han Yee;USA;English;PG-13;Drama;Romance;Sport;55000000,0;5755286,0;672;2000;-49244714,0;-89,5;Faible (<6)
Catch Me If You Can ;tt0264464;2002;141;8,0;525801;Steven Spielberg;Leonardo DiCaprio;Tom Hanks;Jennifer Garner;USA;English;PG-13;Biography;Crime;Drama;52000000,0;164435221,0;15000;2000;112435221,0;216,2;Excellent (8+)
Zero Dark Thirty ;tt1790885;2012;157;7,4;216032;Kathryn Bigelow;Jennifer Ehle;Harold Perrineau;Parker Sawyers;USA;English;R;Drama;History;Thriller;40000000,0;95720716,0;39000;2010;55720716,0;139,3;Bon (7-8)
The Break-Up ;tt0452594;2006;106;5,8;102167;Peyton Reed;Jon Favreau;John Michael Higgins;Ann-Margret;USA;English;PG-13;Comedy;Drama;Romance;52000000,0;118683135,0;0;2000;66683135,0;128,2;Faible (<6)
Mamma Mia! ;tt0795421;2008;108;6,3;145974;Phyllida Lloyd;Colin Firth;Meryl Streep;Julie Walters;USA;English;PG-13;Comedy;Family;Musical;52000000,0;143704210,0;10000;2000;91704210,0;176,4;Moyen (6-7)
Valentine's Day ;tt0817230;2010;125;5,7;95437;Garry Marshall;Bradley Cooper;Taylor Lautner;Anne Hathaway;USA;English;PG-13;Comedy;Romance;;52000000,0;110476776,0;9000;2010;58476776,0;112,5;Faible (<6)
The Dukes of Hazzard ;tt0377818;2005;107;5,1;66382;Jay Chandrasekhar;Alice Greczyn;Jessica Simpson;Michael Weston;USA;English;PG-13;Action;Adventure;Comedy;50000000,0;80270227,0;0;2000;30270227,0;60,5;Faible (<6)
The Thin Red Line ;tt0120863;1998;215;7,6;138941;Terrence Malick;Nick Stahl;Miranda Otto;Dash Mihok;USA;English;R;Drama;War;;52000000,0;36385763,0;0;1990;-15614237,0;-30,0;Bon (7-8)
The Change-Up ;tt1488555;2011;118;6,4;136680;David Dobkin;Ryan Reynolds;Olivia Wilde;Mircea Monroe;USA;English;R;Comedy;Fantasy;;52000000,0;37035845,0;13000;2010;-14964155,0;-28,8;Moyen (6-7)
Man on the Moon ;tt0125664;1999;118;7,4;100743;Milos Forman;Matt Price;Gerry Becker;Tom Dreesen;UK;English;R;Biography;Comedy;Drama;52000000,0;34580635,0;0;1990;-17419365,0;-33,5;Bon (7-8)
Casino ;tt0112641;1995;178;8,2;333542;Martin Scorsese;Robert De Niro;Don Rickles;Kevin Pollak;USA;English;R;Biography;Crime;Drama;52000000,0;42438300,0;11000;1990;-9561700,0;-18,4;Excellent (8+)
From Paris with Love ;tt1179034;2010;92;6,5;97775;Pierre Morel;Kasia Smutniak;Amber Rose Revah;Rebecca Dayan;France;English;R;Action;Thriller;;52000000,0;23324666,0;0;2010;-28675334,0;-55,1;Moyen (6-7)
Bulletproof Monk ;tt0245803;2003;104;5,5;42324;Paul Hunter;Jaime King;Mako;Victoria Smurfit;USA;English;PG-13;Action;Comedy;Fantasy;52000000,0;23020488,0;846;2000;-28979512,0;-55,7;Faible (<6)
Me, Myself & Irene ;tt0183505;2000;116;6,5;185878;Bobby Farrelly;Robert Forster;Tony Cox;Rob Moran;USA;English;R;Comedy;;;51000000,0;90567722,0;0;2000;39567722,0;77,6;Moyen (6-7)
Barnyard ;tt0414853;2006;90;5,6;21396;Steve Oedekerk;Rob Paulsen;Wanda Sykes;Maurice LaMarche;Germany;English;PG;Animation;Comedy;Family;51000000,0;72601713,0;605;2000;21601713,0;42,4;Faible (<6)
Deck the Halls ;tt0790604;2006;93;4,9;15740;John Whitesell;Matthew Broderick;Jorge Garcia;Alia Shawkat;USA;English;PG;Comedy;Family;;;35092918,0;1000;2000;;;Faible (<6)
The Twilight Saga: New Moon ;tt1259571;2009;130;4,6;220758;Chris Weitz;Robert Pattinson;Kristen Stewart;Taylor Lautner;USA;English;PG-13;Adventure;Drama;Fantasy;50000000,0;296623634,0;13000;2000;246623634,0;493,2;Faible (<6)
Shrek ;tt0126029;2001;90;7,9;467113;Andrew Adamson;Kathleen Freeman;Chris Miller;Bobby Block;USA;English;PG;Adventure;Animation;Comedy;60000000,0;267652016,0;0;2000;207652016,0;346,1;Bon (7-8)
The Adjustment Bureau ;tt1385826;2011;106;7,1;200035;George Nolfi;Matt Damon;Michael Kelly;Jon Stewart;USA;English;PG-13;Romance;Sci-Fi;Thriller;50200000,0;62453315,0;36000;2010;12253315,0;24,4;Bon (7-8)
Robin Hood: Prince of Thieves ;tt0102798;1991;155;6,9;145257;Kevin Reynolds;Alan Rickman;Morgan Freeman;Michael Wincott;USA;English;PG-13;Action;Adventure;Drama;48000000,0;165500000,0;0;1990;117500000,0;244,8;Moyen (6-7)
Jerry Maguire ;tt0116695;1996;139;7,3;189923;Cameron Crowe;Tom Cruise;Kelly Preston;Bonnie Hunt;USA;English;R;Comedy;Drama;Romance;50000000,0;153620822,0;0;1990;103620822,0;207,2;Bon (7-8)
Ted ;tt1637725;2012;112;7,0;471644;Seth MacFarlane;Mila Kunis;Seth MacFarlane;Tom Skerritt;USA;English;R;Comedy;Fantasy;;50000000,0;218628680,0;74000;2010;168628680,0;337,3;Bon (7-8)
As Good as It Gets ;tt0119822;1997;139;7,7;224671;James L. Brooks;Lupe Ontiveros;Yeardley Smith;Shirley Knight;USA;English;PG-13;Comedy;Drama;Romance;50000000,0;147637474,0;11000;1990;97637474,0;195,3;Bon (7-8)
Patch Adams ;tt0129290;1998;115;6,7;80580;Tom Shadyac;Robin Williams;Philip Seymour Hoffman;Monica Potter;USA;English;PG-13;Biography;Comedy;Drama;50000000,0;135014968,0;0;1990;85014968,0;170,0;Moyen (6-7)
Anchorman 2: The Legend Continues ;tt1229340;2013;143;6,3;131227;Adam McKay;Harrison Ford;Will Ferrell;Steve Carell;USA;English;PG-13;Comedy;;;50000000,0;2175312,0;41000;2010;-47824688,0;-95,6;Moyen (6-7)
Mr. Deeds ;tt0280590;2002;96;5,8;110432;Steven Brill;Steve Buscemi;Adam Sandler;Peter Gallagher;USA;English;PG-13;Comedy;Romance;;50000000,0;126203320,0;0;2000;76203320,0;152,4;Faible (<6)
Super 8 ;tt1650062;2011;112;7,1;287822;J.J. Abrams;Joel Courtney;AJ Michalka;Zach Mills;USA;English;PG-13;Mystery;Sci-Fi;Thriller;50000000,0;126975169,0;37000;2010;76975169,0;154,0;Bon (7-8)
Erin Brockovich ;tt0195685;2000;131;7,3;135246;Steven Soderbergh;Julia Roberts;Albert Finney;Conchata Ferrell;USA;English;R;Biography;Drama;;52000000,0;125548685,0;0;2000;73548685,0;141,4;Bon (7-8)
How to Lose a Guy in 10 Days ;tt0251127;2003;116;6,4;156717;Donald Petrie;Matthew McConaughey;Adam Goldberg;Thomas Lennon;USA;English;PG-13;Comedy;Romance;;50000000,0;105807520,0;0;2000;55807520,0;111,6;Moyen (6-7)
22 Jump Street ;tt2294449;2014;112;7,1;258186;Phil Lord;Channing Tatum;Craig Roberts;Amber Stevens West;USA;English;R;Action;Comedy;Crime;50000000,0;191616238,0;24000;2010;141616238,0;283,2;Bon (7-8)
Interview with the Vampire: The Vampire Chronicles ;tt0110148;1994;123;7,6;239752;Neil Jordan;Brad Pitt;Tom Cruise;Kirsten Dunst;USA;English;R;Drama;Fantasy;Horror;60000000,0;105264608,0;11000;1990;45264608,0;75,4;Bon (7-8)
Yes Man ;tt1068680;2008;104;6,8;271691;Peyton Reed;Bradley Cooper;Zooey Deschanel;Danny Masterson;USA;English;PG-13;Comedy;Romance;;70000000,0;97680195,0;0;2000;27680195,0;39,5;Moyen (6-7)
Central Intelligence ;tt1489889;2016;107;6,6;33354;Rawson Marshall Thurber;Dwayne Johnson;Thomas Kretschmann;Megan Park;USA;English;PG-13;Action;Comedy;Crime;50000000,0;126088877,0;10000;2010;76088877,0;152,2;Moyen (6-7)
Stepmom ;tt0120686;1998;124;6,7;46482;Chris Columbus;Julia Roberts;Liam Aiken;Herbert Russell;USA;English;PG-13;Comedy;Drama;;50000000,0;91030827,0;0;1990;41030827,0;82,1;Moyen (6-7)
Daddy's Home ;tt1528854;2015;96;6,1;54010;Sean Anders;Will Ferrell;Linda Cardellini;Mark L. Young;USA;English;PG-13;Comedy;Family;;50000000,0;150315155,0;13000;2010;100315155,0;200,6;Moyen (6-7)
Into the Woods ;tt2180411;2014;125;6,0;101178;Rob Marshall;Johnny Depp;Meryl Streep;Anna Kendrick;USA;English;PG;Adventure;Comedy;Drama;50000000,0;127997349,0;90000;2010;77997349,0;156,0;Moyen (6-7)
Inside Man ;tt0454848;2006;129;7,6;273108;Spike Lee;Denzel Washington;James Ransone;Peter Gerety;USA;English;R;Crime;Drama;Mystery;45000000,0;88504640,0;0;2000;43504640,0;96,7;Bon (7-8)
Payback ;tt0120784;1999;90;7,1;111368;Brian Helgeland;Bill Duke;Deborah Kara Unger;William Devane;USA;English;R;Action;Crime;Drama;50000000,0;81517441,0;0;1990;31517441,0;63,0;Bon (7-8)
Congo ;tt0112715;1995;109;5,0;34471;Frank Marshall;Dylan Walsh;Joe Don Baker;Grant Heslov;USA;English;PG-13;Action;Adventure;Mystery;50000000,0;81022333,0;0;1990;31022333,0;62,0;Faible (<6)
We Bought a Zoo ;tt1389137;2011;124;7,1;111003;Cameron Crowe;Scarlett Johansson;Matt Damon;Stephanie Szostak;USA;English;PG;Comedy;Drama;Family;;75621915,0;22000;2010;;;Bon (7-8)
Knowing ;tt0448011;2009;121;6,2;186879;Alex Proyas;Nicolas Cage;Ben Mendelsohn;Chandler Canterbury;USA;English;PG-13;Drama;Mystery;Sci-Fi;50000000,0;79948113,0;0;2000;29948113,0;59,9;Moyen (6-7)
Failure to Launch ;tt0427229;2006;95;5,6;58412;Tom Dey;Bradley Cooper;Matthew McConaughey;Zooey Deschanel;USA;English;PG-13;Comedy;Romance;;50000000,0;88658172,0;2000;2000;38658172,0;77,3;Faible (<6)
The Ring Two ;tt0377109;2005;128;5,4;71153;Hideo Nakata;Naomi Watts;Gary Cole;Sissy Spacek;USA;English;PG-13;Horror;Mystery;;;75888270,0;0;2000;;;Faible (<6)
Crazy, Stupid, Love. ;tt1570728;2011;118;7,4;375456;Glenn Ficarra;Ryan Gosling;Emma Stone;Steve Carell;USA;English;PG-13;Comedy;Drama;Romance;50000000,0;84244877,0;44000;2010;34244877,0;68,5;Bon (7-8)
Garfield ;tt0356634;2004;80;5,0;58961;Peter Hewitt;Bill Murray;Mark Christopher Lawrence;Michael Monks;USA;English;PG;Animation;Comedy;Family;35000000,0;75367693,0;795;2000;40367693,0;115,3;Faible (<6)
Christmas with the Kranks ;tt0388419;2004;99;5,2;27548;Joe Roth;Jamie Lee Curtis;Cheech Marin;Jake Busey;USA;English;PG;Comedy;Family;;60000000,0;73701902,0;0;2000;13701902,0;22,8;Faible (<6)
Moneyball ;tt1210166;2011;133;7,6;283563;Bennett Miller;Philip Seymour Hoffman;Robin Wright;Brad Pitt;USA;English;PG-13;Biography;Drama;Sport;50000000,0;75605492,0;27000;2010;25605492,0;51,2;Bon (7-8)
Outbreak ;tt0114069;1995;127;6,6;91176;Wolfgang Petersen;Kevin Spacey;Morgan Freeman;Rene Russo;USA;English;R;Action;Drama;Thriller;50000000,0;67823573,0;0;1990;17823573,0;35,6;Moyen (6-7)
Non-Stop ;tt2024469;2014;106;7,0;200647;Jaume Collet-Serra;Liam Neeson;Nate Parker;Scoot McNairy;UK;English;PG-13;Action;Mystery;Thriller;50000000,0;91439400,0;24000;2010;41439400,0;82,9;Bon (7-8)
Race to Witch Mountain ;tt1075417;2009;98;5,7;43328;Andy Fickman;Dwayne Johnson;Billy Brown;Tom Everett Scott;USA;English;PG;Action;Adventure;Family;65000000,0;67128202,0;0;2000;2128202,0;3,3;Faible (<6)
V for Vendetta ;tt0434409;2005;132;8,2;791783;James McTeigue;Natalie Portman;Eddie Marsan;Rupert Graves;USA;English;R;Action;Drama;Thriller;54000000,0;70496802,0;48000;2000;16496802,0;30,5;Excellent (8+)
Shanghai Knights ;tt0300471;2003;114;6,2;81444;David Dobkin;Fann Wong;Anna-Louise Plowman;Georgina Chapman;USA;English;PG-13;Action;Adventure;Comedy;50000000,0;60470220,0;955;2000;10470220,0;20,9;Moyen (6-7)
Curious George ;tt0381971;2006;78;6,6;12845;Matthew O'Callaghan;Will Ferrell;Frank Welker;Alexander Gould;USA;English;G;Adventure;Animation;Comedy;50000000,0;58336565,0;624;2000;8336565,0;16,7;Moyen (6-7)
Herbie Fully Loaded ;tt0400497;2005;101;4,7;36431;Angela Robinson;Scoot McNairy;Thomas Lennon;Cheryl Hines;USA;English;G;Adventure;Comedy;Family;50000000,0;66002004,0;1000;2000;16002004,0;32,0;Faible (<6)
Don't Say a Word ;tt0260866;2001;113;6,3;40362;Gary Fleder;Oliver Platt;Jennifer Esposito;Conrad Goode;USA;English;R;Crime;Drama;Mystery;50000000,0;54997476,0;970;2000;4997476,0;10,0;Moyen (6-7)
Hansel & Gretel: Witch Hunters ;tt1428538;2013;98;6,1;159868;Tommy Wirkola;Jeremy Renner;Derek Mears;Ingrid Bolsø Berdal;Germany;English;R;Action;Fantasy;Horror;50000000,0;55682070,0;45000;2010;5682070,0;11,4;Moyen (6-7)
Unfaithful ;tt0250797;2002;124;6,7;63067;Adrian Lyne;Olivier Martinez;Erik Per Sullivan;Chad Lowe;USA;English;R;Drama;Thriller;;50000000,0;52752475,0;0;2000;2752475,0;5,5;Moyen (6-7)
I Am Number Four ;tt1464540;2011;109;6,1;195043;D.J. Caruso;Alex Pettyfer;Emily Wickersham;Reuben Langdon;USA;English;PG-13;Action;Adventure;Sci-Fi;60000000,0;55092830,0;27000;2010;-4907170,0;-8,2;Moyen (6-7)
Syriana ;tt0365737;2005;128;7,0;109188;Stephen Gaghan;Matt Damon;Amr Waked;Kayvan Novak;USA;English;R;Drama;Thriller;;50000000,0;50815288,0;0;2000;815288,0;1,6;Bon (7-8)
13 Hours ;tt4172430;2016;144;7,4;47764;Michael Bay;Toby Stephens;James Badge Dale;David Costabile;USA;English;R;Action;Drama;Thriller;50000000,0;52822418,0;44000;2010;2822418,0;5,6;Bon (7-8)
The Book of Life ;tt2262227;2014;95;7,3;45580;Jorge R. Gutiérrez;Channing Tatum;Hector Elizondo;Ana de la Reguera;USA;English;PG;Adventure;Animation;Comedy;50000000,0;50150619,0;18000;2010;150619,0;0,3;Bon (7-8)
Firewall ;tt0408345;2006;105;5,8;50170;Richard Loncraine;Jimmy Bennett;Harrison Ford;Mary Lynn Rajskub;USA;English;PG-13;Crime;Thriller;;50000000,0;48745150,0;773;2000;-1254850,0;-2,5;Faible (<6)
Absolute Power ;tt0118548;1997;121;6,7;39529;Clint Eastwood;Clint Eastwood;Mark Margolis;Scott Glenn;USA;English;R;Action;Crime;Drama;50000000,0;50007168,0;1000;1990;7168,0;0,0;Moyen (6-7)
G.I. Jane ;tt0119173;1997;125;5,8;60326;Ridley Scott;Viggo Mortensen;Demi Moore;John Michael Higgins;USA;English;R;Action;Drama;War;50000000,0;48154732,0;2000;1990;-1845268,0;-3,7;Faible (<6)
The Game ;tt0119174;1997;129;7,8;261069;David Fincher;Deborah Kara Unger;Armin Mueller-Stahl;Charles Martinet;USA;English;R;Drama;Mystery;Thriller;50000000,0;48265581,0;25000;1990;-1734419,0;-3,5;Bon (7-8)
Silent Hill ;tt0384537;2006;132;6,6;172792;Christophe Gans;Radha Mitchell;Deborah Kara Unger;Alice Krige;Canada;English;R;Adventure;Horror;Mystery;50000000,0;46982632,0;0;2000;-3017368,0;-6,0;Moyen (6-7)
The Replacements ;tt0191397;2000;118;6,5;48322;Howard Deutch;Keanu Reeves;Jon Favreau;Faizon Love;USA;English;PG-13;Comedy;Sport;;50000000,0;44737059,0;0;2000;-5262941,0;-10,5;Moyen (6-7)
American Reunion ;tt1605630;2012;113;6,7;172112;Jon Hurwitz;Alyson Hannigan;Dania Ramirez;Natasha Lyonne;USA;English;R;Comedy;;;50000000,0;56724080,0;39000;2010;6724080,0;13,4;Moyen (6-7)
The Negotiator ;tt0120768;1998;140;7,3;107227;F. Gary Gray;Kevin Spacey;Michael Cudlitz;Siobhan Fallon Hogan;Germany;English;R;Action;Crime;Drama;50000000,0;44484065,0;3000;1990;-5515935,0;-11,0;Bon (7-8)
Into the Storm ;tt2106361;2014;89;5,8;54101;Steven Quale;Matt Walsh;Alycia Debnam-Carey;Scott Lawrence;USA;English;PG-13;Action;Thriller;;50000000,0;47553512,0;15000;2010;-2446488,0;-4,9;Faible (<6)
Beverly Hills Cop III ;tt0109254;1994;104;5,5;60293;John Landis;Louis Lombardi;Jon Tenney;Gilbert R. Hill;USA;English;R;Action;Comedy;Crime;55000000,0;42610000,0;669;1990;-12390000,0;-22,5;Faible (<6)
Gremlins 2: The New Batch ;tt0099700;1990;106;6,3;68428;Joe Dante;Christopher Lee;Robert Picardo;Phoebe Cates;USA;English;PG-13;Comedy;Fantasy;Horror;50000000,0;41482207,0;0;1990;-8517793,0;-17,0;Moyen (6-7)
The Judge ;tt1872194;2014;141;7,4;136973;David Dobkin;Robert Downey Jr.;Robert Duvall;Leighton Meester;USA;English;R;Crime;Drama;;50000000,0;47105085,0;47000;2010;-2894915,0;-5,8;Bon (7-8)
The Peacemaker ;tt0119874;1997;124;5,9;46451;Mimi Leder;Armin Mueller-Stahl;Holt McCallany;Marcel Iures;USA;English;R;Action;Thriller;;50000000,0;41256277,0;0;1990;-8743723,0;-17,5;Faible (<6)
Resident Evil: Apocalypse ;tt0318627;2004;98;6,2;151580;Alexander Witt;Milla Jovovich;Thomas Kretschmann;Mike Epps;Germany;English;R;Action;Horror;Sci-Fi;45000000,0;50740078,0;0;2000;5740078,0;12,8;Moyen (6-7)
Bridget Jones: The Edge of Reason ;tt0317198;2004;108;5,9;74315;Beeban Kidron;Colin Firth;Jim Broadbent;Celia Imrie;UK;English;R;Comedy;Drama;Romance;40000000,0;40203020,0;0;2000;203020,0;0,5;Faible (<6)
Out of Time ;tt0313443;2003;114;6,5;45895;Carl Franklin;Denzel Washington;Sanaa Lathan;John Billingsley;USA;English;R;Crime;Drama;Romance;50000000,0;40905277,0;1000;2000;-9094723,0;-18,2;Moyen (6-7)
On Deadly Ground ;tt0110725;1994;101;4,4;17997;Steven Seagal;Mike Starr;Joan Chen;Sven-Ole Thorsen;USA;English;R;Action;Adventure;Thriller;50000000,0;38590500,0;812;1990;-11409500,0;-22,8;Faible (<6)
The Adventures of Sharkboy and Lavagirl 3-D ;tt0424774;2005;93;3,5;20310;Robert Rodriguez;Taylor Lautner;Kristin Davis;Taylor Dooley;USA;English;PG;Action;Adventure;Family;50000000,0;39177541,0;0;2000;-10822459,0;-21,6;Faible (<6)
The Beach ;tt0163978;2000;119;6,6;176169;Danny Boyle;Leonardo DiCaprio;Virginie Ledoyen;Peter Youngblood Hills;USA;English;R;Adventure;Drama;Thriller;50000000,0;39778599,0;0;2000;-10221401,0;-20,4;Moyen (6-7)
Raising Helen ;tt0350028;2004;119;6,0;30890;Garry Marshall;Amber Valletta;Felicity Huffman;Spencer Breslin;USA;English;PG-13;Comedy;Drama;Romance;50000000,0;37486138,0;718;2000;-12513862,0;-25,0;Moyen (6-7)
Ninja Assassin ;tt1186367;2009;99;6,4;58349;James McTeigue;Shô Kosugi;Ben Miles;Rain;USA;English;R;Action;Crime;Thriller;40000000,0;38105077,0;0;2000;-1894923,0;-4,7;Moyen (6-7)
For Love of the Game ;tt0126916;1999;137;6,5;26034;Sam Raimi;J.K. Simmons;Kelly Preston;Carmine Giovinazzo;USA;English;PG-13;Drama;Romance;Sport;50000000,0;35168395,0;0;1990;-14831605,0;-29,7;Moyen (6-7)
Striptease ;tt0117765;1996;117;4,3;34896;Andrew Bergman;Demi Moore;Rumer Willis;Paul Guilfoyle;USA;English;R;Comedy;Crime;Drama;40000000,0;32800000,0;877;1990;-7200000,0;-18,0;Faible (<6)
Marmaduke ;tt1392197;2010;87;4,2;11257;Tom Dey;Emma Stone;Judy Greer;Steve Coogan;USA;English;PG;Comedy;Family;;50000000,0;33643461,0;0;2010;-16356539,0;-32,7;Faible (<6)
Hereafter ;tt1212419;2010;129;6,5;80140;Clint Eastwood;Matt Damon;Jay Mohr;Cécile De France;USA;English;PG-13;Drama;Fantasy;;50000000,0;32741596,0;16000;2010;-17258404,0;-34,5;Moyen (6-7)
Murder by Numbers ;tt0264935;2002;115;6,1;43574;Barbet Schroeder;Ryan Gosling;Chris Penn;Agnes Bruckner;USA;English;R;Crime;Mystery;Thriller;50000000,0;31874869,0;0;2000;-18125131,0;-36,3;Moyen (6-7)
Assassins ;tt0112401;1995;132;6,3;62981;Richard Donner;Muse Watson;Sylvester Stallone;Kelly Rowan;France;English;R;Action;Crime;Thriller;50000000,0;30306268,0;0;1990;-19693732,0;-39,4;Moyen (6-7)
Hannibal Rising ;tt0367959;2007;131;6,2;86374;Peter Webber;Li Gong;Stephen Walters;Richard Brake;UK;English;R;Crime;Drama;Thriller;50000000,0;27667947,0;3000;2000;-22332053,0;-44,7;Moyen (6-7)
The Story of Us ;tt0160916;1999;95;5,9;18404;Rob Reiner;Bruce Willis;Tim Matheson;Rita Wilson;USA;English;R;Comedy;Drama;Romance;50000000,0;27067160,0;0;1990;-22932840,0;-45,9;Faible (<6)
The Host ;tt1517260;2013;125;5,9;92461;Andrew Niccol;J.D. Evermore;Chandler Canterbury;Rachel Roberts;USA;English;PG-13;Action;Adventure;Romance;40000000,0;26616999,0;43000;2010;-13383001,0;-33,5;Faible (<6)
Basic ;tt0264395;2003;98;6,5;49926;John McTiernan;Connie Nielsen;Harry Connick Jr.;Tim Daly;Germany;English;R;Action;Crime;Drama;50000000,0;26536120,0;0;2000;-23463880,0;-46,9;Moyen (6-7)
Blood Work ;tt0309377;2002;110;6,4;34356;Clint Eastwood;Clint Eastwood;Anjelica Huston;Rick Hoffman;USA;English;R;Action;Crime;Drama;50000000,0;26199517,0;705;2000;-23800483,0;-47,6;Moyen (6-7)
The International ;tt0963178;2009;118;6,5;80196;Tom Tykwer;Naomi Watts;Brían F. O'Byrne;Armin Mueller-Stahl;USA;English;R;Action;Crime;Drama;50000000,0;25450527,0;0;2000;-24549473,0;-49,1;Moyen (6-7)
Escape from L.A. ;tt0116225;1996;101;5,7;54021;John Carpenter;Steve Buscemi;Valeria Golino;Michelle Forbes;USA;English;R;Action;Adventure;Sci-Fi;50000000,0;25407250,0;0;1990;-24592750,0;-49,2;Faible (<6)
The Iron Giant ;tt0129167;1999;90;8,0;128455;Brad Bird;Vin Diesel;Harry Connick Jr.;M. Emmet Walsh;USA;English;PG;Action;Adventure;Animation;70000000,0;23159305,0;0;1990;-46840695,0;-66,9;Excellent (8+)
The Life Aquatic with Steve Zissou ;tt0362270;2004;119;7,3;139535;Wes Anderson;Bill Murray;Anjelica Huston;Matthew Gray Gubler;USA;English;R;Adventure;Comedy;Drama;50000000,0;24006726,0;0;2000;-25993274,0;-52,0;Bon (7-8)
Free State of Jones ;tt1124037;2016;139;6,7;3077;Gary Ross;Matthew McConaughey;Donald Watkins;Jessica Collins;USA;English;R;Action;Biography;Drama;50000000,0;20389967,0;10000;2010;-29610033,0;-59,2;Moyen (6-7)
The Life of David Gale ;tt0289992;2003;130;7,5;88270;Alan Parker;Kevin Spacey;Kate Winslet;Matt Craven;USA;English;R;Crime;Drama;Thriller;50000000,0;19593740,0;0;2000;-30406260,0;-60,8;Bon (7-8)
Man of the House ;tt0331933;2005;100;5,4;19829;Stephen Herek;Christina Milian;Vanessa Ferlito;Kelli Garner;USA;English;PG-13;Action;Comedy;;40000000,0;19118247,0;779;2000;-20881753,0;-52,2;Faible (<6)
Run All Night ;tt2199571;2015;114;6,6;76010;Jaume Collet-Serra;Liam Neeson;Common;Bruce McGill;USA;English;R;Action;Crime;Drama;50000000,0;26442251,0;15000;2010;-23557749,0;-47,1;Moyen (6-7)
Eastern Promises ;tt0765443;2007;96;7,7;189249;David Cronenberg;Viggo Mortensen;Naomi Watts;Raza Jaffrey;USA;English;R;Crime;Mystery;Thriller;25000000,0;17114882,0;0;2000;-7885118,0;-31,5;Bon (7-8)
Into the Blue ;tt0378109;2005;110;5,8;63599;John Stockwell;Paul Walker;James Frain;Ashley Scott;USA;English;PG-13;Action;Adventure;Crime;50000000,0;18472363,0;0;2000;-31527637,0;-63,1;Faible (<6)
The Messenger: The Story of Joan of Arc ;tt0151137;1999;158;6,4;55889;Luc Besson;Paul Brooke;David Bailie;Rab Affleck;France;English;R;Adventure;Biography;Drama;390000000,0;14131298,0;0;1990;-375868702,0;-96,4;Moyen (6-7)
Your Highness ;tt1240982;2011;102;5,6;85237;David Gordon Green;Natalie Portman;Zooey Deschanel;James Franco;USA;English;R;Adventure;Comedy;Fantasy;49900000,0;21557240,0;18000;2010;-28342760,0;-56,8;Faible (<6)
Dream House ;tt1462041;2011;84;6,0;46239;Jim Sheridan;Naomi Watts;Gregory Smith;Sarah Gadon;USA;English;PG-13;Drama;Mystery;Thriller;55000000,0;21283440,0;0;2010;-33716560,0;-61,3;Moyen (6-7)
Mad City ;tt0119592;1997;115;6,2;16562;Costa-Gavras;Mia Kirshner;Blythe Danner;William Atherton;USA;English;PG-13;Crime;Drama;Thriller;50000000,0;10556196,0;697;1990;-39443804,0;-78,9;Moyen (6-7)
Baby's Day Out ;tt0109190;1994;99;5,9;33186;Patrick Read Johnson;Joe Mantegna;Lara Flynn Boyle;Cynthia Nixon;USA;English;PG;Adventure;Comedy;Crime;50000000,0;16671505,0;0;1990;-33328495,0;-66,7;Faible (<6)
The Scarlet Letter ;tt0114345;1995;135;5,1;12037;Roland Joffé;Gary Oldman;Robert Duvall;Demi Moore;USA;English;R;Drama;Romance;;50000000,0;10400000,0;943;1990;-39600000,0;-79,2;Faible (<6)
Fair Game ;tt0977855;2010;108;6,8;38513;Doug Liman;Naomi Watts;Ty Burrell;Brooke Smith;USA;English;PG-13;Biography;Drama;Thriller;22000000,0;9528092,0;9000;2010;-12471908,0;-56,7;Moyen (6-7)
Domino ;tt0421054;2005;127;6,0;58015;Tony Scott;Ian Ziering;Mo'Nique;Edgar Ramírez;France;English;R;Action;Biography;Crime;50000000,0;10137232,0;0;2000;-39862768,0;-79,7;Moyen (6-7)
Jade ;tt0113451;1995;107;5,1;9227;William Friedkin;Michael Biehn;Chazz Palminteri;Linda Fiorentino;USA;English;R;Crime;Drama;Thriller;50000000,0;9795017,0;422;1990;-40204983,0;-80,4;Faible (<6)
Gamer ;tt1034032;2009;95;5,8;113483;Mark Neveldine;Gerard Butler;Logan Lerman;Alison Lohman;USA;English;R;Action;Sci-Fi;Thriller;50000000,0;20488579,0;0;2000;-29511421,0;-59,0;Faible (<6)
Beautiful Creatures ;tt1559547;2013;124;6,2;67796;Richard LaGravenese;Alden Ehrenreich;Zoey Deutch;Pruitt Taylor Vince;USA;English;PG-13;Drama;Fantasy;Romance;60000000,0;19445217,0;14000;2010;-40554783,0;-67,6;Moyen (6-7)
Death to Smoochy ;tt0266452;2002;109;6,4;34730;Danny DeVito;Robin Williams;Vincent Schiavelli;Danny Woodburn;UK;English;R;Comedy;Crime;Drama;55000000,0;8355815,0;0;2000;-46644185,0;-84,8;Moyen (6-7)
Zoolander 2 ;tt1608290;2016;102;4,8;34964;Ben Stiller;Milla Jovovich;Will Ferrell;Justin Theroux;USA;English;PG-13;Comedy;;;50000000,0;28837115,0;28000;2010;-21162885,0;-42,3;Faible (<6)
The Big Bounce ;tt0315824;2004;88;4,9;15880;George Armitage;Morgan Freeman;Andrew Wilson;Willie Nelson;USA;English;PG-13;Comedy;Crime;;50000000,0;6471394,0;288;2000;-43528606,0;-87,1;Faible (<6)
What Planet Are You From? ;tt0181151;2000;87;5,6;8070;Mike Nichols;Judy Greer;Linda Fiorentino;Garry Shandling;USA;English;R;Comedy;Sci-Fi;;50000000,0;6291602,0;255;2000;-43708398,0;-87,4;Faible (<6)
Drive Angry ;tt1502404;2011;104;5,5;81800;Patrick Lussier;Nicolas Cage;Billy Burke;Katy Mixon;USA;English;R;Action;Fantasy;Thriller;50000000,0;10706786,0;15000;2010;-39293214,0;-78,6;Faible (<6)
Street Fighter: The Legend of Chun-Li ;tt0891592;2009;96;3,7;19824;Andrzej Bartkowiak;Chris Klein;Robin Shou;Josie Ho;Canada;English;PG-13;Action;Crime;Drama;18000000,0;8742261,0;0;2000;-9257739,0;-51,4;Faible (<6)
The One ;tt0267804;2001;85;5,9;77684;James Wong;Jason Statham;Jet Li;Delroy Lindo;USA;English;PG-13;Action;Sci-Fi;Thriller;49000000,0;43905746,0;0;2000;-5094254,0;-10,4;Faible (<6)
The Adventures of Ford Fairlane ;tt0098987;1990;104;6,3;14429;Renny Harlin;Lauren Holly;Gilbert Gottfried;David Patrick Kelly;USA;English;R;Action;Adventure;Comedy;40000000,0;21413502,0;2000;1990;-18586498,0;-46,5;Moyen (6-7)
Pirate Radio ;tt1131729;2009;135;7,4;90932;Richard Curtis;Philip Seymour Hoffman;Charlie Rowe;Tom Sturridge;UK;English;R;Comedy;Drama;Music;;7994115,0;21000;2000;;;Bon (7-8)
Traffic ;tt0181865;2000;190;7,6;170684;Steven Soderbergh;Michael O'Neill;Jacob Vargas;James Lew;USA;English;R;Crime;Drama;Thriller;48000000,0;124107476,0;0;2000;76107476,0;158,6;Bon (7-8)
Indiana Jones and the Last Crusade ;tt0097576;1989;127;8,3;515306;Steven Spielberg;Harrison Ford;Julian Glover;Alison Doody;USA;English;PG-13;Action;Adventure;Fantasy;48000000,0;197171806,0;0;1980;149171806,0;310,8;Excellent (8+)
Anna Karenina ;tt1781769;2012;129;6,6;70886;Joe Wright;Kelly Macdonald;Guro Nagelhus Schia;Matthew Macfadyen;UK;English;R;Drama;Romance;;;12802907,0;36000;2010;;;Moyen (6-7)
Chappie ;tt1823672;2015;120;6,9;172965;Neill Blomkamp;Hugh Jackman;Sharlto Copley;Jose Pablo Cantillo;USA;English;R;Action;Crime;Drama;49000000,0;31569268,0;67000;2010;-17430732,0;-35,6;Moyen (6-7)
The Bone Collector ;tt0145681;1999;118;6,7;120202;Phillip Noyce;Denzel Washington;Angelina Jolie Pitt;Leland Orser;USA;English;R;Crime;Drama;Mystery;48000000,0;66488090,0;0;1990;18488090,0;38,5;Moyen (6-7)
Panic Room ;tt0258000;2002;112;6,8;206104;David Fincher;Kristen Stewart;Dwight Yoakam;Mel Rodriguez;USA;English;R;Crime;Drama;Thriller;48000000,0;95308367,0;0;2000;47308367,0;98,6;Moyen (6-7)
The Tooth Fairy ;tt0473553;2006;89;4,6;1263;Chuck Bowman;P.J. Soles;Lochlyn Munro;Steve Bacic;USA;English;;Horror;Thriller;;1500000,0;;352;2000;;;Faible (<6)
Three Kings ;tt0120188;1999;114;7,1;137854;David O. Russell;Judy Greer;Jamie Kennedy;Mykelti Williamson;USA;English;R;Action;Adventure;Comedy;48000000,0;60652036,0;3000;1990;12652036,0;26,4;Bon (7-8)
Child 44 ;tt1014763;2015;137;6,4;40568;Daniel Espinosa;Tom Hardy;Fares Fares;Michael Nardone;Czech Republic;English;R;Crime;Drama;Thriller;50000000,0;1206135,0;18000;2010;-48793865,0;-97,6;Moyen (6-7)
Rat Race ;tt0250687;2001;112;6,4;93367;Jerry Zucker;Corinna Harney;Douglas Haase;Vince Vieluf;Canada;English;PG-13;Adventure;Comedy;;48000000,0;56607223,0;0;2000;8607223,0;17,9;Moyen (6-7)
K-PAX ;tt0272152;2001;120;7,4;148490;Iain Softley;Kevin Spacey;Jeff Bridges;Alfre Woodard;USA;English;PG-13;Drama;Mystery;Sci-Fi;48000000,0;50173190,0;0;2000;2173190,0;4,5;Bon (7-8)
Kate & Leopold ;tt0035423;2001;123;6,4;64595;James Mangold;Hugh Jackman;Natasha Lyonne;Bradley Whitford;USA;English;PG-13;Comedy;Fantasy;Romance;48000000,0;47095453,0;0;2000;-904547,0;-1,9;Moyen (6-7)
Bedazzled ;tt0230030;2000;93;6,0;81888;Harold Ramis;Brendan Fraser;Frances O'Connor;Brian Doyle-Murray;USA;English;PG-13;Comedy;Fantasy;Romance;48000000,0;37879996,0;0;2000;-10120004,0;-21,1;Moyen (6-7)
The Cotton Club ;tt0087089;1984;123;6,5;12771;Francis Ford Coppola;Nicolas Cage;Bob Hoskins;Fred Gwynne;USA;English;R;Crime;Drama;Music;58000000,0;25900000,0;828;1980;-32100000,0;-55,3;Moyen (6-7)
3:10 to Yuma ;tt0381849;2007;122;7,8;237872;James Mangold;Christian Bale;Logan Lerman;Gretchen Mol;USA;English;R;Adventure;Crime;Drama;55000000,0;53574088,0;0;2000;-1425912,0;-2,6;Bon (7-8)
Taken 3 ;tt2446042;2014;115;6,0;133436;Olivier Megaton;Liam Neeson;Dougray Scott;Jon Gries;France;English;PG-13;Action;Thriller;;48000000,0;89253340,0;38000;2010;41253340,0;85,9;Moyen (6-7)
Out of Sight ;tt0120780;1998;123;7,0;71708;Steven Soderbergh;Don Cheadle;Albert Brooks;Keith Hudson;USA;English;R;Crime;Drama;Romance;48000000,0;37339525,0;0;1990;-10660475,0;-22,2;Bon (7-8)
The Cable Guy ;tt0115798;1996;96;6,0;122347;Ben Stiller;Matthew Broderick;Janeane Garofalo;Andy Dick;USA;English;PG-13;Comedy;Drama;Thriller;47000000,0;60154431,0;0;1990;13154431,0;28,0;Moyen (6-7)
Earth ;tt0150433;1998;110;7,8;5639;Deepa Mehta;Nandita Das;Gulshan Grover;Eric Peterson;India;Hindi;Unrated;Drama;Romance;War;;528972,0;522;1990;;;Bon (7-8)
Dick Tracy ;tt0099422;1990;105;6,1;47819;Warren Beatty;Charlie Korsmo;Warren Beatty;Seymour Cassel;USA;English;PG;Action;Comedy;Crime;100000000,0;103738726,0;2000;1990;3738726,0;3,7;Moyen (6-7)
The Thomas Crown Affair ;tt0155267;1999;113;6,8;73068;John McTiernan;Mark Margolis;Faye Dunaway;Denis Leary;USA;English;R;Crime;Romance;Thriller;48000000,0;69304264,0;0;1990;21304264,0;44,4;Moyen (6-7)
Riding in Cars with Boys ;tt0200027;2001;132;6,4;22447;Penny Marshall;Rosie Perez;Adam Garcia;Alissa Dean;USA;English;PG-13;Biography;Comedy;Drama;48000000,0;29781453,0;0;2000;-18218547,0;-38,0;Moyen (6-7)
First Blood ;tt0083944;1982;93;7,7;172489;Ted Kotcheff;Sylvester Stallone;Brian Dennehy;Chris Mulkey;USA;English;R;Action;Adventure;Drama;14000000,0;;0;1980;;;Bon (7-8)
Solaris ;tt0069293;1972;115;8,1;54057;Andrei Tarkovsky;Donatas Banionis;Anatoliy Solonitsyn;Natalya Bondarchuk;Soviet Union;Russian;PG;Drama;Mystery;Sci-Fi;1000000,0;;0;1970;;;Excellent (8+)
Happily N'Ever After ;tt0308353;2006;75;4,5;8693;Paul Bolger;Sarah Michelle Gellar;George Carlin;Rob Paulsen;USA;English;PG;Adventure;Animation;Comedy;47000000,0;15519841,0;261;2000;-31480159,0;-67,0;Faible (<6)
Mary Reilly ;tt0117002;1996;108;5,8;11913;Stephen Frears;Julia Roberts;Bronagh Gallagher;George Cole;USA;English;R;Drama;Horror;Romance;47000000,0;5600000,0;616;1990;-41400000,0;-88,1;Faible (<6)
My Best Friend's Wedding ;tt0119738;1997;105;6,3;98199;P.J. Hogan;Julia Roberts;Christopher Masterson;Rupert Everett;USA;English;PG-13;Comedy;Romance;;46000000,0;126805112,0;0;1990;80805112,0;175,7;Moyen (6-7)
America's Sweethearts ;tt0265029;2001;102;5,7;47573;Joe Roth;Julia Roberts;Rainn Wilson;Larry King;USA;English;PG-13;Comedy;Romance;;48000000,0;93607673,0;881;2000;45607673,0;95,0;Faible (<6)
Insomnia ;tt0278504;2002;118;7,2;218771;Christopher Nolan;Al Pacino;Maura Tierney;Crystal Lowe;USA;English;R;Drama;Mystery;Thriller;46000000,0;67263182,0;0;2000;21263182,0;46,2;Bon (7-8)
Star Trek: First Contact ;tt0117731;1996;111;7,6;97838;Jonathan Frakes;LeVar Burton;Alfre Woodard;Jonathan Frakes;USA;English;PG-13;Action;Adventure;Drama;45000000,0;92001027,0;3000;1990;47001027,0;104,4;Bon (7-8)
Jonah Hex ;tt1075747;2010;81;4,7;45729;Jimmy Hayward;Michael Fassbender;Billy Blair;Julia Jones;USA;English;PG-13;Action;Drama;Fantasy;47000000,0;10539414,0;0;2010;-36460586,0;-77,6;Faible (<6)
Courage Under Fire ;tt0115956;1996;116;6,6;40126;Edward Zwick;Denzel Washington;Matt Damon;Scott Glenn;USA;English;R;Action;Drama;Mystery;46000000,0;58918501,0;975;1990;12918501,0;28,1;Moyen (6-7)
Liar Liar ;tt0119528;1997;86;6,8;220392;Tom Shadyac;Maura Tierney;Swoosie Kurtz;Randall 'Tex' Cobb;USA;English;PG-13;Comedy;Fantasy;Romance;45000000,0;181395380,0;0;1990;136395380,0;303,1;Moyen (6-7)
The Infiltrator ;tt1355631;2016;127;7,3;2581;Brad Furman;Joseph Gilgun;Amy Ryan;Olympia Dukakis;UK;English;R;Biography;Crime;Drama;25000000,0;14946229,0;0;2010;-10053771,0;-40,2;Bon (7-8)
Inchon ;tt0084132;1981;140;2,7;491;Terence Young;Laurence Olivier;Ben Gazzara;Jacqueline Bisset;South Korea;English;PG;Drama;History;War;48000000,0;;115;1980;;;Faible (<6)
The Flintstones ;tt0109813;1994;91;4,8;60884;Brian Levant;Jonathan Winters;Elizabeth Perkins;Harvey Korman;USA;English;PG;Comedy;Family;Fantasy;45000000,0;130512915,0;0;1990;85512915,0;190,0;Faible (<6)
Taken 2 ;tt1397280;2012;98;6,3;238671;Olivier Megaton;Liam Neeson;Luke Grimes;D.B. Sweeney;France;English;PG-13;Action;Crime;Thriller;45000000,0;139852971,0;63000;2010;94852971,0;210,8;Moyen (6-7)
Scary Movie 3 ;tt0306047;2003;84;5,5;111526;David Zucker;Regina Hall;Pamela Anderson;Jenny McCarthy;USA;English;PG-13;Comedy;;;48000000,0;110000082,0;0;2000;62000082,0;129,2;Faible (<6)
Miss Congeniality ;tt0212346;2000;109;6,2;137377;Donald Petrie;Candice Bergen;Wendy Raquel Robinson;Heather Burns;USA;English;PG-13;Action;Comedy;Crime;45000000,0;106807667,0;0;2000;61807667,0;137,4;Moyen (6-7)
Journey to the Center of the Earth ;tt0373051;2008;93;5,8;85323;Eric Brevig;Josh Hutcherson;Brendan Fraser;Anita Briem;USA;English;PG;Action;Adventure;Family;45000000,0;101702060,0;0;2000;56702060,0;126,0;Faible (<6)
The Princess Diaries 2: Royal Engagement ;tt0368933;2004;113;5,7;53687;Garry Marshall;Anne Hathaway;Raven-Symoné;Hector Elizondo;USA;English;G;Comedy;Family;Romance;40000000,0;95149435,0;1000;2000;55149435,0;137,9;Faible (<6)
The Pelican Brief ;tt0107798;1993;141;6,5;59569;Alan J. Pakula;Denzel Washington;Julia Roberts;Tony Goldwyn;USA;English;PG-13;Crime;Drama;Mystery;45000000,0;100768056,0;0;1990;55768056,0;123,9;Moyen (6-7)
The Client ;tt0109446;1994;119;6,7;45798;Joel Schumacher;Bradley Whitford;Anthony LaPaglia;Brad Renfro;USA;English;PG-13;Crime;Drama;Mystery;45000000,0;92115211,0;1000;1990;47115211,0;104,7;Moyen (6-7)
The Bucket List ;tt0825232;2007;97;7,4;184795;Rob Reiner;Morgan Freeman;Noel Gugliemi;Sean Hayes;USA;English;PG-13;Adventure;Comedy;Drama;45000000,0;93452056,0;22000;2000;48452056,0;107,7;Bon (7-8)
Patriot Games ;tt0105112;1992;117;6,9;81442;Phillip Noyce;Harrison Ford;Polly Walker;Patrick Bergin;USA;English;R;Action;Thriller;;45000000,0;83287363,0;0;1990;38287363,0;85,1;Moyen (6-7)
Monster-in-Law ;tt0369735;2005;101;5,5;43358;Robert Luketic;Adam Scott;Jane Fonda;Elaine Stritch;Germany;English;PG-13;Comedy;Romance;;60000000,0;82931301,0;0;2000;22931301,0;38,2;Faible (<6)
Prisoners ;tt1392214;2013;153;8,1;383591;Denis Villeneuve;Hugh Jackman;Jake Gyllenhaal;Dylan Minnette;USA;English;R;Crime;Drama;Mystery;46000000,0;60962878,0;86000;2010;14962878,0;32,5;Excellent (8+)
Training Day ;tt0139654;2001;122;7,7;305929;Antoine Fuqua;Denzel Washington;Snoop Dogg;Tom Berenger;USA;English;R;Crime;Drama;Thriller;45000000,0;76261036,0;0;2000;31261036,0;69,5;Bon (7-8)
Galaxy Quest ;tt0177789;1999;102;7,3;123558;Dean Parisot;Alan Rickman;Enrico Colantoni;Robin Sachs;USA;English;PG;Adventure;Comedy;Sci-Fi;45000000,0;71423726,0;19000;1990;26423726,0;58,7;Bon (7-8)
Scary Movie 2 ;tt0257106;2001;83;5,2;119590;Keenen Ivory Wayans;Natasha Lyonne;Veronica Cartwright;Andy Richter;USA;English;R;Comedy;;;45000000,0;71277420,0;0;2000;26277420,0;58,4;Faible (<6)
The Muppets ;tt1204342;2011;103;7,1;75176;James Bobin;Bill Cobbs;Eric Jacobson;Steve Whitmire;USA;English;PG;Adventure;Comedy;Family;45000000,0;88625922,0;26000;2010;43625922,0;96,9;Bon (7-8)
Blade ;tt0120611;1998;110;7,1;191437;Stephen Norrington;Sanaa Lathan;Traci Lords;Udo Kier;USA;English;R;Action;Horror;;45000000,0;70001065,0;0;1990;25001065,0;55,6;Bon (7-8)
Coach Carter ;tt0393162;2005;136;7,2;92702;Thomas Carter;Channing Tatum;Rick Gonzalez;Robert Ri'chard;USA;English;PG-13;Drama;Sport;;30000000,0;67253092,0;0;2000;37253092,0;124,2;Bon (7-8)
Changing Lanes ;tt0264472;2002;91;6,5;57281;Roger Michell;Sydney Pollack;Matt Malloy;Bruce Altman;USA;English;R;Drama;Thriller;;45000000,0;66790248,0;0;2000;21790248,0;48,4;Moyen (6-7)
Anaconda ;tt0118615;1997;89;4,6;73539;Luis Llosa;Frank Welker;Eric Stoltz;Kari Wuhrer;USA;English;PG-13;Action;Adventure;Horror;45000000,0;65557989,0;0;1990;20557989,0;45,7;Faible (<6)
Coyote Ugly ;tt0200550;2000;107;5,6;90539;David McNally;Adam Garcia;Tyra Banks;Izabella Miko;USA;English;PG-13;Comedy;Drama;Music;45000000,0;60786269,0;0;2000;15786269,0;35,1;Faible (<6)
Love Actually ;tt0314331;2003;129;7,7;318634;Richard Curtis;Colin Firth;Liam Neeson;Kris Marshall;UK;English;R;Comedy;Drama;Romance;45000000,0;59365105,0;52000;2000;14365105,0;31,9;Bon (7-8)
A Bug's Life ;tt0120623;1998;95;7,2;211226;John Lasseter;Kevin Spacey;Madeline Kahn;John Ratzenberger;USA;English;G;Adventure;Animation;Comedy;120000000,0;162792677,0;0;1990;42792677,0;35,7;Bon (7-8)
From Hell ;tt0120681;2001;122;6,8;124765;Albert Hughes;Johnny Depp;Jason Flemyng;Ian Richardson;USA;English;R;Horror;Mystery;Thriller;35000000,0;31598308,0;0;2000;-3401692,0;-9,7;Moyen (6-7)
The Specialist ;tt0111255;1994;110;5,4;50148;Luis Llosa;Sylvester Stallone;Rod Steiger;Emilio Estefan Jr.;Peru;English;R;Action;Crime;Drama;45000000,0;57362581,0;0;1990;12362581,0;27,5;Faible (<6)
Tin Cup ;tt0117918;1996;135;6,3;37911;Ron Shelton;Don Johnson;Cheech Marin;Rene Russo;USA;English;R;Comedy;Drama;Romance;45000000,0;53854588,0;1000;1990;8854588,0;19,7;Moyen (6-7)
Yours, Mine and Ours ;tt0063829;1968;111;7,2;5888;Melville Shavelson;Lucille Ball;Tom Bosley;Tim Matheson;USA;English;Unrated;Comedy;Family;;2500000,0;;0;1960;;;Bon (7-8)
Kicking & Screaming ;tt0384642;2005;95;5,6;30255;Jesse Dylan;Josh Hutcherson;Will Ferrell;Robert Duvall;USA;English;PG;Comedy;Family;Romance;45000000,0;52580895,0;743;2000;7580895,0;16,8;Faible (<6)
The Hitchhiker's Guide to the Galaxy ;tt0371724;2005;109;6,8;155745;Garth Jennings;Zooey Deschanel;Kelly Macdonald;Thomas Lennon;USA;English;PG;Adventure;Comedy;Sci-Fi;50000000,0;51019112,0;10000;2000;1019112,0;2,0;Moyen (6-7)
Fat Albert ;tt0396592;2004;93;4,3;9380;Joel Zwick;Dania Ramirez;Nick Zano;Alice Greczyn;USA;English;PG;Comedy;Family;Fantasy;26000000,0;48114556,0;531;2000;22114556,0;85,1;Faible (<6)
Resident Evil: Extinction ;tt0432021;2007;94;6,3;149549;Russell Mulcahy;Milla Jovovich;Mike Epps;James Tumminia;France;English;R;Action;Horror;Sci-Fi;45000000,0;50648679,0;0;2000;5648679,0;12,6;Moyen (6-7)
Blended ;tt1086772;2014;117;6,5;87165;Frank Coraci;Bella Thorne;Adam Sandler;Joel McHale;USA;English;PG-13;Comedy;Romance;;40000000,0;46280507,0;12000;2010;6280507,0;15,7;Moyen (6-7)
Last Holiday ;tt0408985;2006;112;6,4;21215;Wayne Wang;LL Cool J;Alicia Witt;Timothy Hutton;USA;English;PG-13;Adventure;Comedy;Drama;45000000,0;38360195,0;0;2000;-6639805,0;-14,8;Moyen (6-7)
The River Wild ;tt0110997;1994;111;6,3;32544;Curtis Hanson;Meryl Streep;Glenn Morshower;William Lucking;USA;English;PG-13;Action;Adventure;Crime;45000000,0;46815748,0;0;1990;1815748,0;4,0;Moyen (6-7)
The Indian in the Cupboard ;tt0113419;1995;96;5,9;20688;Frank Oz;Steve Coogan;Vincent Kartheiser;David Keith;USA;English;PG;Drama;Family;Fantasy;45000000,0;35617599,0;0;1990;-9382401,0;-20,8;Faible (<6)
Savages ;tt1615065;2012;141;6,5;104301;Oliver Stone;Demián Bichir;Shea Whigham;Gary Stretch;USA;English;R;Crime;Drama;Thriller;45000000,0;47307550,0;28000;2010;2307550,0;5,1;Moyen (6-7)
Cellular ;tt0337921;2004;94;6,5;79141;David R. Ellis;Richard Burgi;Valerie Cruz;Will Beinbrink;USA;English;PG-13;Action;Crime;Thriller;25000000,0;32003620,0;2000;2000;7003620,0;28,0;Moyen (6-7)
Johnny English ;tt0274166;2003;87;6,1;114692;Peter Howitt;Kevin McNally;Natalie Imbruglia;Ben Miller;UK;English;PG;Action;Adventure;Comedy;35000000,0;27972410,0;2000;2000;-7027590,0;-20,1;Moyen (6-7)
The Ant Bully ;tt0429589;2006;88;5,9;30055;John A. Davis;Nicolas Cage;Meryl Streep;Julia Roberts;USA;English;PG;Adventure;Animation;Comedy;50000000,0;28133159,0;593;2000;-21866841,0;-43,7;Faible (<6)
Dune ;tt0087182;1984;177;6,6;97087;David Lynch;Virginia Madsen;Jürgen Prochnow;José Ferrer;USA;English;PG-13;Action;Adventure;Sci-Fi;40000000,0;27400000,0;11000;1980;-12600000,0;-31,5;Moyen (6-7)
Across the Universe ;tt0445922;2007;133;7,4;91860;Julie Taymor;Jim Sturgess;T.V. Carpio;Robert Clohessy;USA;English;PG-13;Drama;Fantasy;Musical;45000000,0;24343673,0;14000;2000;-20656327,0;-45,9;Bon (7-8)
Revolutionary Road ;tt0959337;2008;119;7,3;152591;Sam Mendes;Leonardo DiCaprio;Kate Winslet;Joe Komara;USA;English;R;Drama;Romance;;35000000,0;22877808,0;0;2000;-12122192,0;-34,6;Bon (7-8)
16 Blocks ;tt0450232;2006;102;6,6;112769;Richard Donner;Bruce Willis;David Zayas;Sasha Roiz;Germany;English;PG-13;Action;Crime;Drama;52000000,0;36883539,0;0;2000;-15116461,0;-29,1;Moyen (6-7)
Babylon A.D. ;tt0364970;2008;101;5,6;81523;Mathieu Kassovitz;Vin Diesel;Charlotte Rampling;David Belle;France;English;PG-13;Action;Adventure;Sci-Fi;70000000,0;22531698,0;0;2000;-47468302,0;-67,8;Faible (<6)
The Glimmer Man ;tt0116421;1996;91;5,3;15455;John Gray;Alexa PenaVega;Bob Gunton;Keenen Ivory Wayans;USA;English;R;Action;Comedy;Crime;45000000,0;20400913,0;451;1990;-24599087,0;-54,7;Faible (<6)
Multiplicity ;tt0117108;1996;117;6,0;24757;Harold Ramis;John de Lancie;Brian Doyle-Murray;Obba Babatundé;USA;English;PG-13;Comedy;Romance;Sci-Fi;45000000,0;20101861,0;0;1990;-24898139,0;-55,3;Moyen (6-7)
Aliens in the Attic ;tt0775552;2009;86;5,4;16580;John Schultz;Malese Jow;Carter Jenkins;Tim Meadows;USA;English;PG;Adventure;Comedy;Family;45000000,0;25200412,0;916;2000;-19799588,0;-44,0;Faible (<6)
The Pledge ;tt0237572;2001;124;6,8;42621;Sean Penn;Costas Mandylor;Adrien Dorval;Nels Lennarson;USA;English;R;Crime;Drama;Mystery;45000000,0;19719930,0;0;2000;-25280070,0;-56,2;Moyen (6-7)
The Producers ;tt0395251;2005;134;6,4;35140;Susan Stroman;Jon Lovitz;Will Ferrell;Matthew Broderick;USA;English;PG-13;Comedy;Musical;;45000000,0;19377727,0;0;2000;-25622273,0;-56,9;Moyen (6-7)
The Phantom ;tt0117331;1996;100;4,9;27648;Simon Wincer;Cary-Hiroyuki Tagawa;Treat Williams;Kristy Swanson;Australia;English;PG;Action;Adventure;Comedy;45000000,0;17300889,0;0;1990;-27699111,0;-61,6;Faible (<6)
All the Pretty Horses ;tt0149624;2000;220;5,8;11388;Billy Bob Thornton;Matt Damon;Henry Thomas;Sam Shepard;USA;English;PG-13;Drama;Romance;Western;57000000,0;15527125,0;652;2000;-41472875,0;-72,8;Faible (<6)
Nixon ;tt0113987;1995;212;7,1;23996;Oliver Stone;Anthony Hopkins;Bob Hoskins;Joan Allen;USA;English;R;Biography;Drama;History;50000000,0;13560960,0;915;1990;-36439040,0;-72,9;Bon (7-8)
The Ghost Writer ;tt1139328;2010;128;7,2;132423;Roman Polanski;Jim Belushi;Olivia Williams;Timothy Hutton;France;English;PG-13;Mystery;Thriller;;45000000,0;15523168,0;15000;2010;-29476832,0;-65,5;Bon (7-8)
Deep Rising ;tt0118956;1998;106;6,0;26551;Stephen Sommers;Djimon Hounsou;Jason Flemyng;Wes Studi;USA;English;R;Action;Adventure;Horror;45000000,0;11146409,0;0;1990;-33853591,0;-75,2;Moyen (6-7)
Miracle at St. Anna ;tt1046997;2008;160;6,0;15697;Spike Lee;Joseph Gordon-Levitt;Omari Hardwick;Laz Alonso;USA;English;R;Action;Crime;Drama;45000000,0;7916887,0;0;2000;-37083113,0;-82,4;Moyen (6-7)
Curse of the Golden Flower ;tt0473444;2006;114;7,0;36455;Yimou Zhang;Li Gong;Ye Liu;Man Li;China;Mandarin;R;Drama;Romance;;45000000,0;6565495,0;0;2000;-38434505,0;-85,4;Bon (7-8)
Bangkok Dangerous ;tt0814022;2008;99;5,4;48245;Danny Pang;Nicolas Cage;Charlie Yeung;James With;USA;English;R;Action;Crime;Thriller;40000000,0;15279680,0;0;2000;-24720320,0;-61,8;Faible (<6)
Big Trouble ;tt0246464;2002;74;6,5;17307;Barry Sonnenfeld;Zooey Deschanel;Janeane Garofalo;Omar Epps;USA;English;PG-13;Comedy;Crime;Thriller;40000000,0;7262288,0;892;2000;-32737712,0;-81,8;Moyen (6-7)
Love in the Time of Cholera ;tt0484740;2007;139;6,4;19114;Mike Newell;Marcela Mar;Giovanna Mezzogiorno;Unax Ugalde;USA;English;R;Drama;Romance;;45000000,0;4584886,0;0;2000;-40415114,0;-89,8;Moyen (6-7)
Shadow Conspiracy ;tt0120107;1997;103;4,9;3803;George P. Cosmatos;Sam Waterston;Ben Gazzara;Nicholas Turturro;USA;English;R;Action;Thriller;;45000000,0;2154540,0;68;1990;-42845460,0;-95,2;Faible (<6)
Johnny English Reborn ;tt1634122;2011;101;6,3;89568;Oliver Parker;Daniel Kaluuya;Tim McInnerny;Togo Igawa;USA;English;PG;Action;Adventure;Comedy;45000000,0;8129455,0;17000;2010;-36870545,0;-81,9;Moyen (6-7)
Foodfight! ;tt0249516;2012;91;1,7;4377;Lawrence Kasanoff;Jerry Stiller;Larry Miller;Harvey Fierstein;USA;English;PG;Action;Animation;Comedy;65000000,0;;0;2010;;;Faible (<6)
Argo ;tt1024648;2012;130;7,7;452465;Ben Affleck;Clea DuVall;Scoot McNairy;Tate Donovan;USA;English;R;Biography;Drama;History;44500000,0;136019448,0;89000;2010;91519448,0;205,7;Bon (7-8)
The Fugitive ;tt0106977;1993;130;7,8;213668;Andrew Davis;Harrison Ford;Daniel Roebuck;Sela Ward;USA;English;PG-13;Action;Adventure;Crime;44000000,0;183875760,0;0;1990;139875760,0;317,9;Bon (7-8)
The Bounty Hunter ;tt1038919;2010;110;5,5;96565;Andy Tennant;Gerard Butler;Dorian Missick;Peter Greene;USA;English;PG-13;Action;Comedy;Romance;40000000,0;67061228,0;0;2010;27061228,0;67,7;Faible (<6)
Sleepers ;tt0117665;1996;147;7,5;154487;Barry Levinson;Robert De Niro;Brad Pitt;Minnie Driver;USA;English;R;Crime;Drama;Thriller;44000000,0;53300852,0;0;1990;9300852,0;21,1;Bon (7-8)
Rambo: First Blood Part II ;tt0089880;1985;96;6,4;117606;George P. Cosmatos;Sylvester Stallone;Julia Nickson;Martin Kove;USA;English;R;Action;Adventure;Thriller;44000000,0;150415432,0;0;1980;106415432,0;241,9;Moyen (6-7)
The Juror ;tt0116731;1996;118;5,6;13995;Brian Gibson;Joseph Gordon-Levitt;Demi Moore;Anne Heche;USA;English;R;Drama;Thriller;;44000000,0;44834712,0;353;1990;834712,0;1,9;Faible (<6)
Pinocchio ;tt0032910;1940;88;7,5;90360;Norman Ferguson;Mel Blanc;Dickie Jones;Cliff Edwards;USA;English;Approved;Animation;Family;Fantasy;2600000,0;84300000,0;0;1940;81700000,0;3142,3;Bon (7-8)
Heaven's Gate ;tt0080855;1980;325;6,8;9830;Michael Cimino;Jeff Bridges;Sam Waterston;Isabelle Huppert;USA;English;R;Adventure;Drama;Western;44000000,0;1500000,0;1000;1980;-42500000,0;-96,6;Moyen (6-7)
Underworld: Evolution ;tt0401855;2006;102;6,8;156225;Len Wiseman;Sophia Myles;Tony Curran;Derek Jacobi;USA;English;R;Action;Adventure;Fantasy;50000000,0;62318875,0;0;2000;12318875,0;24,6;Moyen (6-7)
Victor Frankenstein ;tt1976009;2015;110;6,0;28618;Paul McGuigan;Daniel Radcliffe;Spencer Wilding;Daniel Mays;USA;English;PG-13;Drama;Horror;Sci-Fi;40000000,0;5773519,0;11000;2010;-34226481,0;-85,6;Moyen (6-7)
Finding Forrester ;tt0181536;2000;136;7,3;73006;Gus Van Sant;F. Murray Abraham;Rob Brown;Michael Nouri;USA;English;PG-13;Drama;;;43000000,0;51768623,0;0;2000;8768623,0;20,4;Bon (7-8)
28 Days ;tt0191754;2000;103;6,0;34597;Betty Thomas;Steve Buscemi;Viggo Mortensen;Elizabeth Perkins;USA;English;PG-13;Comedy;Drama;;43000000,0;37035515,0;0;2000;-5964485,0;-13,9;Moyen (6-7)
Unleashed ;tt0342258;2005;103;7,0;85198;Louis Leterrier;Morgan Freeman;Jet Li;Bob Hoskins;France;English;R;Action;Crime;Drama;45000000,0;24520892,0;0;2000;-20479108,0;-45,5;Bon (7-8)
The Sweetest Thing ;tt0253867;2002;90;5,1;46158;Roger Kumble;Judith Chapman;Lillian Adams;Chelsea Bond;USA;English;R;Comedy;Romance;;43000000,0;24430272,0;0;2000;-18569728,0;-43,2;Faible (<6)
The Firm ;tt0106918;1993;154;6,8;88844;Sydney Pollack;Tom Cruise;Holly Hunter;Wilford Brimley;USA;English;R;Drama;Mystery;Thriller;42000000,0;158348400,0;0;1990;116348400,0;277,0;Moyen (6-7)
Charlie St. Cloud ;tt1438254;2010;99;6,5;47364;Burr Steers;Augustus Prew;Charlie Tahan;Valerie Tian;USA;English;PG-13;Drama;Fantasy;Romance;44000000,0;31136950,0;0;2010;-12863050,0;-29,2;Moyen (6-7)
The Mechanic ;tt0472399;2011;93;6,6;117999;Simon West;Jason Statham;Tony Goldwyn;Mini Anden;USA;English;R;Action;Crime;Thriller;40000000,0;29113588,0;16000;2010;-10886412,0;-27,2;Moyen (6-7)
21 Jump Street ;tt1232829;2012;109;7,2;408302;Phil Lord;Channing Tatum;Dax Flame;Rob Riggle;USA;English;R;Action;Comedy;Crime;42000000,0;138447667,0;39000;2010;96447667,0;229,6;Bon (7-8)
Notting Hill ;tt0125439;1999;124;7,0;203269;Roger Michell;Julia Roberts;Clarke Peters;Dylan Moran;UK;English;PG-13;Comedy;Drama;Romance;42000000,0;116006080,0;11000;1990;74006080,0;176,2;Bon (7-8)
Chicken Run ;tt0120630;2000;84;7,0;140499;Peter Lord;Imelda Staunton;Miranda Richardson;Julia Sawalha;UK;English;G;Adventure;Animation;Comedy;45000000,0;106793915,0;0;2000;61793915,0;137,3;Bon (7-8)
Along Came Polly ;tt0343135;2004;90;5,9;106909;John Hamburg;Philip Seymour Hoffman;Masi Oka;Debra Messing;USA;English;PG-13;Comedy;Romance;;42000000,0;87856565,0;0;2000;45856565,0;109,2;Faible (<6)
Boomerang ;tt0103859;1992;117;5,4;20183;Reginald Hudlin;John Witherspoon;Eartha Kitt;Geoffrey Holder;USA;English;R;Comedy;Drama;Romance;40000000,0;70100000,0;0;1990;30100000,0;75,2;Faible (<6)
The Heat ;tt2404463;2013;123;6,6;133177;Paul Feig;Michael Rapaport;William Xifaras;Demián Bichir;USA;English;R;Action;Comedy;Crime;43000000,0;159578352,0;24000;2010;116578352,0;271,1;Moyen (6-7)
Cleopatra ;tt0056937;1963;251;7,0;21554;Joseph L. Mankiewicz;Martin Landau;Richard Burton;Roddy McDowall;UK;English;Approved;Biography;Drama;History;31115000,0;57750000,0;0;1960;26635000,0;85,6;Bon (7-8)
Here Comes the Boom ;tt1648179;2012;105;6,5;74169;Frank Coraci;Salma Hayek;Reggie Lee;Charice;USA;English;PG;Action;Comedy;Sport;42000000,0;45290318,0;17000;2010;3290318,0;7,8;Moyen (6-7)
High Crimes ;tt0257756;2002;115;6,3;30077;Carl Franklin;Morgan Freeman;Adam Scott;Bruce Davison;USA;English;PG-13;Crime;Drama;Mystery;42000000,0;41543207,0;893;2000;-456793,0;-1,1;Moyen (6-7)
The Mirror Has Two Faces ;tt0117057;1996;122;6,5;11453;Barbra Streisand;Jeff Bridges;Austin Pendleton;Mimi Rogers;USA;English;PG-13;Comedy;Drama;Romance;42000000,0;41252428,0;0;1990;-747572,0;-1,8;Moyen (6-7)
The Mothman Prophecies ;tt0265349;2002;119;6,5;63677;Mark Pellington;Debra Messing;Will Patton;David Eigenberg;USA;English;PG-13;Drama;Horror;Mystery;32000000,0;35228696,0;0;2000;3228696,0;10,1;Moyen (6-7)
Brüno ;tt0889583;2009;81;5,8;119622;Larry Charles;Bono;Elton John;Slash;USA;English;R;Comedy;;;42000000,0;59992760,0;0;2000;17992760,0;42,8;Faible (<6)
Licence to Kill ;tt0097742;1989;133;6,6;74009;John Glen;Robert Davi;Talisa Soto;Anthony Zerbe;UK;English;PG-13;Action;Adventure;Thriller;32000000,0;34667015,0;0;1980;2667015,0;8,3;Moyen (6-7)
Red Riding Hood ;tt1486185;2011;100;5,4;91151;Catherine Hardwicke;Gary Oldman;Billy Burke;Virginia Madsen;USA;English;PG-13;Fantasy;Horror;Mystery;42000000,0;37652565,0;20000;2010;-4347435,0;-10,4;Faible (<6)
15 Minutes ;tt0179626;2001;120;6,1;42547;John Herzfeld;Robert De Niro;Charlize Theron;Kelsey Grammer;USA;English;R;Action;Crime;Drama;42000000,0;24375436,0;748;2000;-17624564,0;-42,0;Moyen (6-7)
Super Mario Bros. ;tt0108255;1993;104;4,0;38203;Annabel Jankel;Bob Hoskins;Fisher Stevens;Fiona Shaw;UK;English;PG;Adventure;Comedy;Family;42000000,0;20915465,0;0;1990;-21084535,0;-50,2;Faible (<6)
Lord of War ;tt0399295;2005;122;7,6;248123;Andrew Niccol;Nicolas Cage;Jeremy Crutchley;Jared Burke;USA;English;R;Crime;Drama;Thriller;50000000,0;24127895,0;10000;2000;-25872105,0;-51,7;Bon (7-8)
Hero ;tt0299977;2002;80;7,9;149414;Yimou Zhang;Jet Li;Tony Chiu Wai Leung;Maggie Cheung;China;Mandarin;PG-13;Action;Adventure;History;31000000,0;84961,0;0;2000;-30915039,0;-99,7;Bon (7-8)
One for the Money ;tt1598828;2012;91;5,3;34203;Julie Anne Robinson;Fisher Stevens;Debbie Reynolds;Patrick Fischler;USA;English;PG-13;Action;Comedy;Crime;40000000,0;26404753,0;19000;2010;-13595247,0;-34,0;Faible (<6)
The Interview ;tt2788710;2014;112;6,6;247020;Evan Goldberg;James Franco;Randall Park;Anders Holm;USA;English;R;Comedy;;;44000000,0;6105175,0;50000;2010;-37894825,0;-86,1;Moyen (6-7)
The Warrior's Way ;tt1032751;2010;100;6,3;22309;Sngmoo Lee;Tony Cox;Dong-gun Jang;Jed Brophy;New Zealand;English;R;Action;Fantasy;Western;45000000,0;5664251,0;0;2010;-39335749,0;-87,4;Moyen (6-7)
Micmacs ;tt1149361;2009;105;7,2;24657;Jean-Pierre Jeunet;Omar Sy;Dany Boon;André Dussollier;France;French;R;Action;Comedy;Crime;27000000,0;1260917,0;0;2000;-25739083,0;-95,3;Bon (7-8)
8 Mile ;tt0298203;2002;110;7,0;187181;Curtis Hanson;Mekhi Phifer;Omar Benson Miller;Evan Jones;USA;English;R;Drama;Music;;41000000,0;116724075,0;0;2000;75724075,0;184,7;Bon (7-8)
Animal Kingdom: Let's go Ape ;tt1220911;2015;101;4,9;590;Jamel Debbouze;Jamel Debbouze;Youssef Hajdi;Mélissa Theuriau;France;French;;Adventure;Animation;Comedy;;;161;2010;;;Faible (<6)
A Knight's Tale ;tt0183790;2001;144;6,9;137003;Brian Helgeland;Heath Ledger;Rufus Sewell;Bérénice Bejo;USA;English;PG-13;Action;Adventure;Romance;65000000,0;56083966,0;0;2000;-8916034,0;-13,7;Moyen (6-7)
The Medallion ;tt0288045;2003;108;5,2;29861;Gordon Chan;Julian Sands;Lee Evans;Anthony Chau-Sang Wong;Hong Kong;English;PG-13;Action;Comedy;Fantasy;41000000,0;22108977,0;505;2000;-18891023,0;-46,1;Faible (<6)
The Sixth Sense ;tt0167404;1999;107;8,1;704766;M. Night Shyamalan;Bruce Willis;Haley Joel Osment;Olivia Williams;USA;English;PG-13;Drama;Mystery;Thriller;40000000,0;293501675,0;14000;1990;253501675,0;633,8;Excellent (8+)
Man on a Ledge ;tt1568338;2012;102;6,6;125198;Asger Leth;Robert Clohessy;Mandy Gonzalez;J. Smith-Cameron;USA;English;PG-13;Action;Crime;Thriller;42000000,0;18600911,0;11000;2010;-23399089,0;-55,7;Moyen (6-7)
The Big Year ;tt1053810;2011;100;6,2;34809;David Frankel;Joel McHale;Kevin Pollak;JoBeth Williams;USA;English;PG;Comedy;;;41000000,0;7204138,0;11000;2010;-33795862,0;-82,4;Moyen (6-7)
The Karate Kid ;tt0087538;1984;126;7,2;126907;John G. Avildsen;Martin Kove;William Zabka;William Bassett;USA;English;PG;Action;Drama;Family;8000000,0;90800000,0;0;1980;82800000,0;1035,0;Bon (7-8)
American Hustle ;tt1800241;2013;138;7,3;358416;David O. Russell;Jennifer Lawrence;Christian Bale;Bradley Cooper;USA;English;R;Crime;Drama;;40000000,0;150117807,0;63000;2010;110117807,0;275,3;Bon (7-8)
The Proposal ;tt1041829;2009;108;6,7;227824;Anne Fletcher;Ryan Reynolds;Denis O'Hare;Craig T. Nelson;USA;English;PG-13;Comedy;Drama;Romance;40000000,0;163947053,0;10000;2000;123947053,0;309,9;Moyen (6-7)
Double Jeopardy ;tt0150377;1999;105;6,4;56646;Bruce Beresford;Bruce Greenwood;Annabeth Gish;Bruce Campbell;USA;English;R;Crime;Mystery;Thriller;70000000,0;116735231,0;0;1990;46735231,0;66,8;Moyen (6-7)
Back to the Future Part II ;tt0096874;1989;108;7,8;340085;Robert Zemeckis;Lea Thompson;Jeffrey Weissman;Thomas F. Wilson;USA;English;PG;Adventure;Comedy;Sci-Fi;40000000,0;118500000,0;12000;1980;78500000,0;196,2;Bon (7-8)
Lucy ;tt2872732;2014;89;6,4;327367;Luc Besson;Scarlett Johansson;Morgan Freeman;Amr Waked;France;English;R;Action;Sci-Fi;Thriller;40000000,0;126546825,0;83000;2010;86546825,0;216,4;Moyen (6-7)
Fifty Shades of Grey ;tt2322441;2015;129;4,1;220020;Sam Taylor-Johnson;Jennifer Ehle;Luke Grimes;Callum Rennie;USA;English;R;Drama;Romance;;40000000,0;166147885,0;101000;2010;126147885,0;315,4;Faible (<6)
Spy Kids 3-D: Game Over ;tt0338459;2003;84;4,1;40227;Robert Rodriguez;Sylvester Stallone;Salma Hayek;Alexa PenaVega;USA;English;PG;Action;Adventure;Comedy;38000000,0;111760631,0;681;2000;73760631,0;194,1;Faible (<6)
A Time to Kill ;tt0117913;1996;149;7,4;99558;Joel Schumacher;Kevin Spacey;Matthew McConaughey;Oliver Platt;USA;English;R;Crime;Drama;Thriller;40000000,0;108706165,0;0;1990;68706165,0;171,8;Bon (7-8)
Cheaper by the Dozen ;tt0349205;2003;94;5,8;75152;Shawn Levy;Tom Welling;Alyson Stoner;Bonnie Hunt;USA;English;PG;Comedy;Family;;40000000,0;138614544,0;0;2000;98614544,0;246,5;Faible (<6)
Lone Survivor ;tt1091191;2013;121;7,6;203963;Peter Berg;Jerry Ferrara;Scott Elrod;Dan Bilzerian;USA;English;R;Action;Biography;Drama;40000000,0;125069696,0;58000;2010;85069696,0;212,7;Bon (7-8)
A League of Their Own ;tt0104694;1992;128;7,2;71754;Penny Marshall;Tom Hanks;Lori Petty;Rosie O'Donnell;USA;English;PG;Comedy;Drama;Sport;40000000,0;107458785,0;0;1990;67458785,0;168,6;Bon (7-8)
The Conjuring 2 ;tt3065204;2016;134;7,8;64989;James Wan;Javier Botet;Frances O'Connor;Robin Atkin Downes;USA;English;R;Horror;Mystery;Thriller;40000000,0;102310175,0;40000;2010;62310175,0;155,8;Bon (7-8)
The Social Network ;tt1285016;2010;120;7,7;479453;David Fincher;Andrew Garfield;Dustin Fitzsimons;Marcella Lentz-Pope;USA;English;PG-13;Biography;Drama;;40000000,0;96917897,0;74000;2010;56917897,0;142,3;Bon (7-8)
He's Just Not That Into You ;tt1001508;2009;129;6,4;132048;Ken Kwapis;Carmen Perez;Sabrina Revelle;Sachiko Ishida;USA;English;PG-13;Comedy;Drama;Romance;40000000,0;93952276,0;12000;2000;53952276,0;134,9;Moyen (6-7)
Scary Movie 4 ;tt0362120;2006;89;5,1;93748;David Zucker;Beau Mirchoff;Carmen Electra;Regina Hall;USA;English;PG-13;Comedy;;;45000000,0;90703745,0;1000;2000;45703745,0;101,6;Faible (<6)
Scream 3 ;tt0134084;2000;116;5,5;98535;Wes Craven;Kelly Rutherford;Roger Jackson;Nancy O'Dell;USA;English;R;Horror;Mystery;;40000000,0;89138076,0;0;2000;49138076,0;122,8;Faible (<6)
Back to the Future Part III ;tt0099088;1990;118;7,4;283480;Robert Zemeckis;Lea Thompson;Jeffrey Weissman;Thomas F. Wilson;USA;English;PG;Adventure;Comedy;Sci-Fi;40000000,0;87666629,0;0;1990;47666629,0;119,2;Bon (7-8)
Get Hard ;tt2561572;2015;107;6,0;85629;Etan Cohen;Will Ferrell;Alison Brie;Craig T. Nelson;USA;English;R;Comedy;Crime;;40000000,0;90353764,0;14000;2010;50353764,0;125,9;Moyen (6-7)
Bram Stoker's Dracula ;tt0103874;1992;155;7,5;143835;Francis Ford Coppola;Keanu Reeves;Anthony Hopkins;Gary Oldman;USA;English;R;Fantasy;Horror;Romance;40000000,0;82522790,0;14000;1990;42522790,0;106,3;Bon (7-8)
Julie & Julia ;tt1135503;2009;123;7,0;79264;Nora Ephron;Meryl Streep;Mary Lynn Rajskub;Vanessa Ferlito;USA;English;PG-13;Biography;Drama;Romance;40000000,0;94125426,0;13000;2000;54125426,0;135,3;Bon (7-8)
42 ;tt0453562;2013;128;7,5;66511;Brian Helgeland;Harrison Ford;Christopher Meloni;Nicole Beharie;USA;English;PG-13;Biography;Drama;Sport;40000000,0;95001343,0;28000;2010;55001343,0;137,5;Bon (7-8)
The Talented Mr. Ripley ;tt0134119;1999;139;7,3;137891;Anthony Minghella;Philip Seymour Hoffman;Matt Damon;Jack Davenport;USA;English;R;Crime;Drama;Thriller;40000000,0;81292135,0;0;1990;41292135,0;103,2;Bon (7-8)
Dumb and Dumber To ;tt2096672;2014;109;5,7;97045;Bobby Farrelly;Bill Murray;Kathleen Turner;Rob Riggle;USA;English;PG-13;Comedy;;;35000000,0;86208010,0;55000;2010;51208010,0;146,3;Faible (<6)
Eight Below ;tt0397313;2006;120;7,3;48806;Frank Marshall;Paul Walker;Bruce Greenwood;Wendy Crewson;USA;English;PG;Adventure;Drama;Family;40000000,0;81593527,0;11000;2000;41593527,0;104,0;Bon (7-8)
The Intern ;tt2361509;2015;121;7,2;130661;Nancy Meyers;Robert De Niro;Anne Hathaway;Rene Russo;USA;English;PG-13;Comedy;Drama;;35000000,0;75274748,0;54000;2010;40274748,0;115,1;Bon (7-8)
Ride Along 2 ;tt2869728;2016;102;5,9;28621;Tim Story;Olivia Munn;Nadine Velazquez;Bruce McGill;USA;English;PG-13;Action;Comedy;;40000000,0;90835030,0;0;2010;50835030,0;127,1;Faible (<6)
The Last of the Mohicans ;tt0104691;1992;117;7,8;113068;Michael Mann;Wes Studi;Terry Kinney;Eric Schweig;USA;English;R;Action;Adventure;Drama;40000000,0;72455275,0;0;1990;32455275,0;81,1;Bon (7-8)
Ray ;tt0350258;2004;178;7,7;110394;Taylor Hackford;Bokeem Woodbine;Curtis Armstrong;Harry Lennix;USA;English;PG-13;Biography;Drama;Music;40000000,0;75305995,0;0;2000;35305995,0;88,3;Bon (7-8)
Sin City ;tt0401792;2005;147;8,1;656640;Frank Miller;Rosario Dawson;Powers Boothe;Jason Douglas;USA;English;R;Crime;Thriller;;40000000,0;74098862,0;13000;2000;34098862,0;85,2;Excellent (8+)
Vantage Point ;tt0443274;2008;90;6,6;127528;Pete Travis;Dennis Quaid;Edgar Ramírez;William Hurt;USA;English;PG-13;Crime;Drama;Mystery;40000000,0;72266306,0;0;2000;32266306,0;80,7;Moyen (6-7)
I Love You, Man ;tt1155056;2009;105;7,1;166194;John Hamburg;J.K. Simmons;Jon Favreau;Jane Curtin;USA;English;R;Comedy;Romance;;40000000,0;71347010,0;0;2000;31347010,0;78,4;Bon (7-8)
Shallow Hal ;tt0256380;2001;114;5,9;109445;Bobby Farrelly;Jason Alexander;Bruce McGill;Susan Ward;USA;English;PG-13;Comedy;Drama;Fantasy;40000000,0;70836296,0;0;2000;30836296,0;77,1;Faible (<6)
JFK ;tt0102138;1991;206;8,0;113472;Oliver Stone;Sally Kirkland;Jay O. Sanders;Cheryl Penland;France;English;R;Drama;History;Thriller;40000000,0;70405498,0;0;1990;30405498,0;76,0;Excellent (8+)
Big Momma's House 2 ;tt0421729;2006;99;4,6;31968;John Whitesell;Chloë Grace Moretz;Nia Long;Marisol Nichols;USA;English;PG-13;Comedy;Crime;;40000000,0;70163652,0;663;2000;30163652,0;75,4;Faible (<6)
The Mexican ;tt0236493;2001;123;6,1;87351;Gore Verbinski;J.K. Simmons;Brad Pitt;Julia Roberts;USA;English;R;Adventure;Comedy;Crime;34000000,0;66808615,0;2000;2000;32808615,0;96,5;Moyen (6-7)
17 Again ;tt0974661;2009;102;6,4;146899;Burr Steers;Matthew Perry;Hunter Parrish;Thomas Lennon;USA;English;PG-13;Comedy;Drama;Family;20000000,0;64149837,0;0;2000;44149837,0;220,7;Moyen (6-7)
The Other Woman ;tt2203939;2014;109;6,0;104481;Nick Cassavetes;Don Johnson;Kate Upton;David Thornton;USA;English;PG-13;Comedy;Romance;;40000000,0;83906114,0;16000;2010;43906114,0;109,8;Moyen (6-7)
The Final Destination ;tt1144884;2009;82;5,2;75345;David R. Ellis;Krista Allen;Andrew Fiscella;Shantel VanSanten;USA;English;R;Horror;;;40000000,0;66466372,0;0;2000;26466372,0;66,2;Faible (<6)
Bridge of Spies ;tt3682448;2015;142;7,6;178118;Steven Spielberg;Tom Hanks;Mark Rylance;Amy Ryan;USA;English;PG-13;Drama;History;Thriller;40000000,0;72306065,0;55000;2010;32306065,0;80,8;Bon (7-8)
Behind Enemy Lines ;tt0159273;2001;106;6,4;86902;John Moore;Joaquim de Almeida;David Keith;Sam Jaeger;USA;English;PG-13;Action;Drama;Thriller;40000000,0;59068786,0;0;2000;19068786,0;47,7;Moyen (6-7)
Get Him to the Greek ;tt1226229;2010;114;6,4;147317;Nicholas Stoller;Pink;Mario Lopez;Lino Facioli;USA;English;R;Comedy;Music;;;60923325,0;12000;2010;;;Moyen (6-7)
Shall We Dance ;tt0358135;2004;106;6,1;35508;Peter Chelsom;Lisa Ann Walter;Nick Cannon;Omar Benson Miller;USA;English;PG-13;Comedy;Drama;Romance;50000000,0;57887882,0;0;2000;7887882,0;15,8;Moyen (6-7)
Small Soldiers ;tt0122718;1998;108;6,1;77415;Joe Dante;Kirsten Dunst;Denis Leary;Robert Picardo;USA;English;PG-13;Action;Adventure;Comedy;40000000,0;53955614,0;0;1990;13955614,0;34,9;Moyen (6-7)
Spawn ;tt0120177;1997;98;5,2;52805;Mark A.Z. Dippé;Michael Jai White;Frank Welker;Miko Hughes;USA;English;R;Action;Horror;;40000000,0;54967359,0;0;1990;14967359,0;37,4;Faible (<6)
The Count of Monte Cristo ;tt0245844;2002;131;7,7;104991;Kevin Reynolds;Henry Cavill;James Frain;Michael Wincott;UK;English;PG-13;Action;Adventure;Drama;35000000,0;54228104,0;0;2000;19228104,0;54,9;Bon (7-8)
The Lincoln Lawyer ;tt1189340;2011;118;7,3;173848;Brad Furman;Matthew McConaughey;Margarita Levieva;Frances Fisher;USA;English;R;Crime;Drama;Thriller;40000000,0;57981889,0;25000;2010;17981889,0;45,0;Bon (7-8)
Unknown ;tt1401152;2011;113;6,9;210542;Jaume Collet-Serra;Liam Neeson;Frank Langella;Aidan Quinn;UK;English;PG-13;Action;Mystery;Thriller;30000000,0;61094903,0;29000;2010;31094903,0;103,6;Moyen (6-7)
The Prestige ;tt0482571;2006;130;8,5;844052;Christopher Nolan;Christian Bale;Hugh Jackman;Scarlett Johansson;USA;English;PG-13;Drama;Mystery;Sci-Fi;40000000,0;53082743,0;49000;2000;13082743,0;32,7;Excellent (8+)
Horrible Bosses 2 ;tt2170439;2014;116;6,3;114294;Sean Anders;Kevin Spacey;Christoph Waltz;Lindsay Sloane;USA;English;R;Comedy;Crime;;42000000,0;54414716,0;12000;2010;12414716,0;29,6;Moyen (6-7)
Escape from Planet Earth ;tt0765446;2013;89;5,9;20615;Cal Brunker;Brendan Fraser;Paul Scheer;Jonathan Morgan Heit;USA;English;PG;Adventure;Animation;Comedy;40000000,0;57011847,0;0;2010;17011847,0;42,5;Faible (<6)
Apocalypto ;tt0472043;2006;139;7,8;236000;Mel Gibson;Rudy Youngblood;Dalia Hernández;Jonathan Brewer;USA;Maya;R;Action;Adventure;Drama;40000000,0;50859889,0;14000;2000;10859889,0;27,1;Bon (7-8)
The Living Daylights ;tt0093428;1987;130;6,7;69457;John Glen;Joe Don Baker;Desmond Llewelyn;Art Malik;UK;English;PG;Action;Adventure;Thriller;30000000,0;51185897,0;0;1980;21185897,0;70,6;Moyen (6-7)
Predators ;tt1424381;2010;107;6,4;171418;Nimród Antal;Topher Grace;Alice Braga;Derek Mears;USA;English;R;Action;Adventure;Sci-Fi;40000000,0;52000688,0;17000;2010;12000688,0;30,0;Moyen (6-7)
Legal Eagles ;tt0091396;1986;116;5,9;7900;Ivan Reitman;Brian Dennehy;Debra Winger;Roscoe Lee Browne;USA;English;PG;Comedy;Crime;Romance;40000000,0;49851591,0;263;1980;9851591,0;24,6;Faible (<6)
Secret Window ;tt0363988;2004;96;6,6;147504;David Koepp;Johnny Depp;Charles S. Dutton;Timothy Hutton;USA;English;PG-13;Mystery;Thriller;;40000000,0;47781388,0;0;2000;7781388,0;19,5;Moyen (6-7)
The Lake House ;tt0410297;2006;99;6,8;114321;Alejandro Agresti;Keanu Reeves;Dylan Walsh;Ebon Moss-Bachrach;USA;English;PG;Drama;Fantasy;Romance;40000000,0;52320979,0;0;2000;12320979,0;30,8;Moyen (6-7)
The Skeleton Key ;tt0397101;2005;104;6,5;87447;Iain Softley;Gena Rowlands;Deneen Tyler;Joy Bryant;USA;English;PG-13;Horror;Mystery;Thriller;43000000,0;47806295,0;0;2000;4806295,0;11,2;Moyen (6-7)
The Odd Life of Timothy Green ;tt1462769;2012;105;6,6;37398;Peter Hedges;Jennifer Garner;Odeya Rush;Common;USA;English;PG;Comedy;Drama;Family;25000000,0;51853450,0;11000;2010;26853450,0;107,4;Moyen (6-7)
Made of Honor ;tt0866439;2008;101;5,8;54421;Paul Weiland;Busy Philipps;Beau Garrett;Kevin Sussman;USA;English;PG-13;Comedy;Romance;;40000000,0;46012734,0;3000;2000;6012734,0;15,0;Faible (<6)
Jersey Boys ;tt1742044;2014;134;6,9;25465;Clint Eastwood;Johnny Cannizzaro;Steve Schirripa;Scott Vance;USA;English;R;Biography;Drama;Music;40000000,0;47034272,0;16000;2010;7034272,0;17,6;Moyen (6-7)
The Rainmaker ;tt0119978;1997;135;7,1;46221;Francis Ford Coppola;Matt Damon;Dean Stockwell;Virginia Madsen;USA;English;PG-13;Crime;Drama;Thriller;40000000,0;45856732,0;0;1990;5856732,0;14,6;Bon (7-8)
Gothika ;tt0348836;2003;98;5,8;89557;Mathieu Kassovitz;Robert Downey Jr.;Charles S. Dutton;Bernard Hill;USA;English;R;Horror;Mystery;Thriller;40000000,0;59588068,0;0;2000;19588068,0;49,0;Faible (<6)
Amistad ;tt0118607;1997;155;7,2;56509;Steven Spielberg;Anthony Hopkins;Morgan Freeman;Matthew McConaughey;USA;English;R;Drama;History;;36000000,0;44175394,0;0;1990;8175394,0;22,7;Bon (7-8)
Medicine Man ;tt0104839;1992;106;6,0;17443;John McTiernan;Lorraine Bracco;José Wilker;Sean Connery;USA;English;PG-13;Adventure;Drama;Romance;40000000,0;45500797,0;694;1990;5500797,0;13,8;Moyen (6-7)
Aliens vs. Predator: Requiem ;tt0758730;2007;102;4,7;92789;Colin Strause;Sam Trammell;Johnny Lewis;Ian Whyte;USA;English;R;Action;Horror;Sci-Fi;40000000,0;41797066,0;0;2000;1797066,0;4,5;Faible (<6)
Ri¢hie Ri¢h ;tt0110989;1994;95;5,2;49612;Donald Petrie;Macaulay Culkin;John Larroquette;Jonathan Hyde;USA;English;PG;Comedy;Family;;40000000,0;38087756,0;0;1990;-1912244,0;-4,8;Faible (<6)
Autumn in New York ;tt0174480;2000;103;5,5;20201;Joan Chen;J.K. Simmons;Sam Trammell;Elaine Stritch;USA;English;PG-13;Drama;Romance;;40000000,0;37752931,0;0;2000;-2247069,0;-5,6;Faible (<6)
Music and Lyrics ;tt0758766;2007;95;6,5;81334;Marc Lawrence;Brad Garrett;Scott Porter;Haley Bennett;USA;English;PG-13;Comedy;Music;Romance;;50562555,0;0;2000;;;Moyen (6-7)
Paul ;tt1092026;2011;109;7,0;192462;Greg Mottola;Bobby Lee;Nelson Ascencio;Jeremy Owen;USA;English;R;Adventure;Comedy;Sci-Fi;40000000,0;37371385,0;42000;2010;-2628615,0;-6,6;Bon (7-8)
The Guilt Trip ;tt1694020;2012;95;5,8;30394;Anne Fletcher;Miriam Margolyes;Tom Virtue;Julene Renee;USA;English;PG-13;Comedy;Drama;;40000000,0;37101011,0;0;2010;-2898989,0;-7,2;Faible (<6)
Scream 4 ;tt1262416;2011;111;6,2;104119;Wes Craven;Alison Brie;Aimee Teegarden;Shenae Grimes-Beech;USA;English;R;Horror;Mystery;;40000000,0;38176892,0;26000;2010;-1823108,0;-4,6;Moyen (6-7)
8MM ;tt0134273;1999;123;6,5;104564;Joel Schumacher;Nicolas Cage;Chris Bauer;Anthony Heald;Germany;English;R;Mystery;Thriller;;40000000,0;36283504,0;0;1990;-3716496,0;-9,3;Moyen (6-7)
The Doors ;tt0101761;1991;140;7,2;68159;Oliver Stone;Michael Wincott;Kevin Dillon;Kathleen Quinlan;USA;English;R;Biography;Drama;Music;38000000,0;35183792,0;0;1990;-2816208,0;-7,4;Bon (7-8)
Sex Tape ;tt1956620;2014;94;5,1;84382;Jake Kasdan;James Wilcox;Randall Park;Nat Faxon;USA;English;R;Comedy;;;40000000,0;38543473,0;0;2010;-1456527,0;-3,6;Faible (<6)
Hanging Up ;tt0162983;2000;94;4,7;10132;Diane Keaton;Adam Arkin;Celia Weston;Jesse James;Germany;English;PG-13;Comedy;Drama;;60000000,0;36037909,0;390;2000;-23962091,0;-39,9;Faible (<6)
Final Destination 5 ;tt1622979;2011;92;5,9;83788;Steven Quale;Emma Bell;Jacqueline MacInnes Wood;Courtney B. Vance;USA;English;R;Horror;;;40000000,0;42575718,0;20000;2010;2575718,0;6,4;Faible (<6)
Mickey Blue Eyes ;tt0130121;1999;102;5,8;29968;Kelly Makin;Jeanne Tripplehorn;Burt Young;Vincent Pastore;UK;English;PG-13;Comedy;Crime;Romance;40000000,0;33864342,0;445;1990;-6135658,0;-15,3;Faible (<6)
Pay It Forward ;tt0223897;2000;123;7,2;95860;Mimi Leder;Kevin Spacey;Haley Joel Osment;Angie Dickinson;USA;English;PG-13;Drama;;;40000000,0;33508922,0;16000;2000;-6491078,0;-16,2;Bon (7-8)
Fever Pitch ;tt0332047;2005;104;6,2;36223;Bobby Farrelly;Jimmy Fallon;KaDee Strickland;Ione Skye;USA;English;PG-13;Comedy;Drama;Romance;30000000,0;42071069,0;0;2000;12071069,0;40,2;Moyen (6-7)
Drillbit Taylor ;tt0817538;2008;102;5,7;50199;Steven Brill;Lisa Ann Walter;Shaun Weiss;Matt Walsh;USA;English;PG-13;Comedy;Drama;;40000000,0;32853640,0;702;2000;-7146360,0;-17,9;Faible (<6)
A Million Ways to Die in the West ;tt2557490;2014;136;6,1;136093;Seth MacFarlane;Liam Neeson;Charlize Theron;Seth MacFarlane;USA;English;R;Comedy;Western;;40000000,0;42615685,0;24000;2010;2615685,0;6,5;Moyen (6-7)
The Shadow ;tt0111143;1994;93;6,0;18723;Russell Mulcahy;Jonathan Winters;Peter Boyle;John Kapelos;USA;English;PG-13;Action;Adventure;Crime;25000000,0;32055248,0;0;1990;7055248,0;28,2;Moyen (6-7)
Extremely Loud & Incredibly Close ;tt0477302;2011;129;6,9;81298;Stephen Daldry;Tom Hanks;Thomas Horn;Stephen Henderson;USA;English;PG-13;Adventure;Drama;Mystery;40000000,0;31836745,0;39000;2010;-8163255,0;-20,4;Moyen (6-7)
Morning Glory ;tt1126618;2010;107;6,5;58871;Roger Michell;Noah Bean;Patti D'Arbanville;Vanessa Aspillaga;USA;English;PG-13;Comedy;Drama;Romance;40000000,0;30993544,0;0;2010;-9006456,0;-22,5;Moyen (6-7)
Get Rich or Die Tryin' ;tt0430308;2005;117;5,0;35834;Jim Sheridan;50 Cent;Bill Duke;Marc John Jefferies;USA;English;R;Biography;Crime;Drama;40000000,0;30981850,0;0;2000;-9018150,0;-22,5;Faible (<6)
The Art of War ;tt0160009;2000;116;5,7;25346;Christian Duguay;Michael Biehn;Cary-Hiroyuki Tagawa;Anne Archer;USA;English;R;Action;Adventure;Crime;40000000,0;30199105,0;470;2000;-9800895,0;-24,5;Faible (<6)
Rent ;tt0294870;2005;135;7,0;41685;Chris Columbus;Rosario Dawson;David Fine;Jesse L. Martin;USA;English;PG-13;Drama;Musical;Romance;40000000,0;29077547,0;3000;2000;-10922453,0;-27,3;Bon (7-8)
Bless the Child ;tt0163983;2000;107;5,1;12093;Chuck Russell;Rufus Sewell;Jimmy Smits;Angela Bettis;USA;English;R;Crime;Drama;Horror;40000000,0;29374178,0;394;2000;-10625822,0;-26,6;Faible (<6)
The Out-of-Towners ;tt0129280;1999;90;5,3;10446;Sam Weisman;Oliver Hudson;Valerie Perri;Carlease Burke;USA;English;PG-13;Comedy;;;40000000,0;28535768,0;279;1990;-11464232,0;-28,7;Faible (<6)
The Island of Dr. Moreau ;tt0116654;1996;99;4,4;26051;John Frankenheimer;Marlon Brando;Temuera Morrison;Marco Hofschneider;USA;English;PG-13;Horror;Sci-Fi;Thriller;40000000,0;27663982,0;0;1990;-12336018,0;-30,8;Faible (<6)
The Musketeer ;tt0246544;2001;104;4,7;12856;Peter Hyams;Catherine Deneuve;Justin Chambers;Stephen Rea;Germany;English;PG-13;Action;Adventure;Romance;40000000,0;27053815,0;299;2000;-12946185,0;-32,4;Faible (<6)
The Other Boleyn Girl ;tt0467200;2008;115;6,7;84357;Justin Chadwick;Natalie Portman;Scarlett Johansson;Benedict Cumberbatch;UK;English;PG-13;Biography;Drama;History;35000000,0;26814957,0;0;2000;-8185043,0;-23,4;Moyen (6-7)
Sweet November ;tt0230838;2001;119;6,7;70292;Pat O'Connor;Keanu Reeves;Charlize Theron;Frank Langella;USA;English;PG-13;Drama;Romance;;40000000,0;25178165,0;8000;2000;-14821835,0;-37,1;Moyen (6-7)
The Reaping ;tt0444682;2007;99;5,7;37412;Stephen Hopkins;Stephen Rea;Andrea Frankle;William Ragsdale;USA;English;R;Horror;Thriller;;40000000,0;25117498,0;0;2000;-14882502,0;-37,2;Faible (<6)
Mean Streets ;tt0070379;1973;112;7,4;67797;Martin Scorsese;Robert De Niro;David Carradine;David Proval;USA;English;R;Crime;Drama;Romance;500000,0;32645,0;0;1970;-467355,0;-93,5;Bon (7-8)
Renaissance Man ;tt0110971;1994;128;6,1;13830;Penny Marshall;Ed Begley Jr.;Cliff Robertson;Lillo Brancato;USA;English;PG-13;Comedy;Drama;;40000000,0;24332324,0;680;1990;-15667676,0;-39,2;Moyen (6-7)
Colombiana ;tt1657507;2011;112;6,4;76498;Olivier Megaton;Jordi Mollà;Callum Blue;Jesse Borrego;France;English;PG-13;Action;Crime;Drama;40000000,0;36665854,0;15000;2010;-3334146,0;-8,3;Moyen (6-7)
The Magic Sword: Quest for Camelot ;tt0120800;1998;86;6,2;11156;Frederik Du Chau;Gary Oldman;Jaleel White;Eric Idle;USA;English;G;Adventure;Animation;Comedy;40000000,0;22717758,0;0;1990;-17282242,0;-43,2;Moyen (6-7)
City by the Sea ;tt0269095;2002;108;6,2;21319;Michael Caton-Jones;Robert De Niro;James Franco;John Doman;USA;English;R;Crime;Drama;Mystery;60000000,0;22433915,0;416;2000;-37566085,0;-62,6;Moyen (6-7)
At First Sight ;tt0132512;1999;128;5,9;11232;Irwin Winkler;Mira Sorvino;Nathan Lane;Steven Weber;USA;English;PG-13;Drama;Romance;;60000000,0;22326247,0;0;1990;-37673753,0;-62,8;Faible (<6)
Torque ;tt0329691;2004;84;4,0;23747;Joseph Kahn;Dane Cook;Jay Hernandez;Christina Milian;USA;English;PG-13;Action;Comedy;Crime;40000000,0;21176322,0;0;2000;-18823678,0;-47,1;Faible (<6)
City Hall ;tt0115907;1996;111;6,2;16741;Harold Becker;Al Pacino;Martin Landau;Bridget Fonda;USA;English;R;Drama;Thriller;;40000000,0;20300000,0;309;1990;-19700000,0;-49,2;Moyen (6-7)
Showgirls ;tt0114436;1995;131;4,6;49874;Paul Verhoeven;Bobbie Phillips;Elizabeth Berkley;Robert Davi;France;English;NC-17;Drama;;;45000000,0;20302961,0;0;1990;-24697039,0;-54,9;Faible (<6)
Marie Antoinette ;tt0422720;2006;123;6,4;79892;Sofia Coppola;Kirsten Dunst;Shirley Henderson;Rip Torn;USA;English;PG-13;Biography;Drama;History;40000000,0;15962471,0;0;2000;-24037529,0;-60,1;Moyen (6-7)
Kiss of Death ;tt0113552;1995;101;5,9;14226;Barbet Schroeder;Nicolas Cage;Michael Rapaport;Philip Baker Hall;USA;English;R;Action;Crime;Thriller;40000000,0;14942422,0;555;1990;-25057578,0;-62,6;Faible (<6)
Get Carter ;tt0208988;2000;102;5,1;27305;Stephen Kay;Sylvester Stallone;Miranda Richardson;Lauren Lee Smith;USA;English;R;Action;Crime;Drama;40000000,0;14967182,0;604;2000;-25032818,0;-62,6;Faible (<6)
The Impossible ;tt1649419;2012;114;7,6;145270;J.A. Bayona;Naomi Watts;Geraldine Chaplin;Oaklee Pendergast;Spain;English;PG-13;Drama;Thriller;;45000000,0;18996755,0;54000;2010;-26003245,0;-57,8;Bon (7-8)
Ishtar ;tt0093278;1987;107;4,2;8692;Elaine May;Carol Kane;Warren Beatty;Isabelle Adjani;USA;English;PG-13;Action;Adventure;Comedy;51000000,0;14375181,0;754;1980;-36624819,0;-71,8;Faible (<6)
Fantastic Mr. Fox ;tt0432283;2009;87;7,8;139114;Wes Anderson;Bill Murray;Meryl Streep;Helen McCrory;USA;English;PG;Adventure;Animation;Comedy;40000000,0;20999103,0;15000;2000;-19000897,0;-47,5;Bon (7-8)
Life or Something Like It ;tt0282687;2002;103;5,8;19364;Stephen Herek;Angelina Jolie Pitt;Stockard Channing;James Gammon;USA;English;PG-13;Comedy;Romance;;40000000,0;14448589,0;835;2000;-25551411,0;-63,9;Faible (<6)
Memoirs of an Invisible Man ;tt0104850;1992;99;5,9;17365;John Carpenter;Richard Epcar;Michael McKean;Patricia Heaton;USA;English;PG-13;Comedy;Romance;Sci-Fi;40000000,0;14358033,0;630;1990;-25641967,0;-64,1;Faible (<6)
Amélie ;tt0211915;2001;122;8,4;534262;Jean-Pierre Jeunet;Mathieu Kassovitz;Jamel Debbouze;Isabelle Nanty;France;French;R;Comedy;Romance;;77000000,0;33201661,0;39000;2000;-43798339,0;-56,9;Excellent (8+)
New York Minute ;tt0363282;2004;91;4,8;17722;Dennie Gordon;Mary-Kate Olsen;Bob Saget;Riley Smith;USA;English;PG;Comedy;Crime;Family;30000000,0;14018364,0;849;2000;-15981636,0;-53,3;Faible (<6)
Alfie ;tt0375173;2004;103;6,2;43442;Charles Shyer;Omar Epps;Nia Long;Jane Krakowski;UK;English;R;Comedy;Drama;Romance;60000000,0;13395939,0;0;2000;-46604061,0;-77,7;Moyen (6-7)
Big Miracle ;tt1430615;2012;107;6,5;15231;Ken Kwapis;Ted Danson;Tim Blake Nelson;Andrew Daly;USA;English;PG;Biography;Drama;Romance;40000000,0;20113965,0;0;2010;-19886035,0;-49,7;Moyen (6-7)
The Deep End of the Ocean ;tt0120646;1999;106;6,3;10413;Ulu Grosbard;Alexa PenaVega;Treat Williams;Jonathan Jackson;USA;English;PG-13;Drama;;;40000000,0;13376506,0;579;1990;-26623494,0;-66,6;Moyen (6-7)
Feardotcom ;tt0295254;2002;101;3,3;17309;William Malone;Natascha McElhone;Jeffrey Combs;Udo Kier;UK;English;R;Crime;Horror;Thriller;42000000,0;13208023,0;612;2000;-28791977,0;-68,6;Faible (<6)
Cirque du Freak: The Vampire's Assistant ;tt0450405;2009;109;5,9;35990;Paul Weitz;Josh Hutcherson;Salma Hayek;Patrick Fugit;USA;English;PG-13;Action;Adventure;Fantasy;40000000,0;13838130,0;0;2000;-26161870,0;-65,4;Faible (<6)
Duplex ;tt0266489;2003;89;5,8;46205;Danny DeVito;Justin Theroux;Amber Valletta;Harvey Fierstein;USA;English;PG-13;Comedy;;;40000000,0;9652000,0;0;2000;-30348000,0;-75,9;Faible (<6)
Soul Men ;tt1111948;2008;100;6,5;7794;Malcolm D. Lee;Bernie Mac;Sean Hayes;Mike Epps;USA;English;R;Comedy;Drama;Music;;12081447,0;866;2000;;;Moyen (6-7)
Raise the Titanic ;tt0081400;1980;119;4,7;2933;Jerry Jameson;M. Emmet Walsh;Jason Robards;Anne Archer;UK;English;PG;Action;Adventure;Drama;36000000,0;7000000,0;328;1980;-29000000,0;-80,6;Faible (<6)
Universal Soldier: The Return ;tt0176269;1999;83;4,1;24216;Mic Rodgers;Michael Jai White;Daniel von Bargen;Xander Berkeley;USA;English;R;Action;Sci-Fi;;24000000,0;10431220,0;401;1990;-13568780,0;-56,5;Faible (<6)
Pandorum ;tt1188729;2009;108;6,8;121432;Christian Alvart;Norman Reedus;Dennis Quaid;Eddie Rouse;Germany;English;R;Action;Horror;Mystery;33000000,0;10326062,0;10000;2000;-22673938,0;-68,7;Moyen (6-7)
Impostor ;tt0160399;2001;102;6,2;19986;Gary Fleder;Gary Dourdan;Mekhi Phifer;Tim Guinee;USA;English;R;Drama;Mystery;Sci-Fi;40000000,0;6114237,0;892;2000;-33885763,0;-84,7;Moyen (6-7)
Extreme Ops ;tt0283160;2002;93;4,5;4821;Christian Duguay;Rufus Sewell;Bridgette Wilson-Sampras;Rupert Graves;UK;English;PG-13;Action;Adventure;Thriller;40000000,0;4835968,0;158;2000;-35164032,0;-87,9;Faible (<6)
Just Visiting ;tt0189192;2001;84;5,8;15130;Jean-Marie Poiré;Bridgette Wilson-Sampras;Matt Ross;John Aylward;France;English;PG-13;Comedy;Fantasy;Sci-Fi;40000000,0;4777007,0;565;2000;-35222993,0;-88,1;Faible (<6)
Sunshine ;tt0448134;2007;107;7,3;190132;Danny Boyle;Chris Evans;Benedict Wong;Troy Garity;UK;English;R;Adventure;Sci-Fi;Thriller;26000000,0;3675072,0;15000;2000;-22324928,0;-85,9;Bon (7-8)
A Thousand Words ;tt0763831;2012;91;5,9;30842;Brian Robbins;John Gatins;Lou Saliba;Greg Collins;USA;English;PG-13;Comedy;Drama;;40000000,0;18438149,0;0;2010;-21561851,0;-53,9;Faible (<6)
Delgo ;tt0361500;2008;94;4,4;2458;Marc F. Adler;Eric Idle;Anne Bancroft;Kelly Ripa;USA;English;PG;Adventure;Animation;Comedy;40000000,0;511920,0;211;2000;-39488080,0;-98,7;Faible (<6)
The Gunman ;tt2515034;2015;115;5,8;28429;Pierre Morel;Ray Winstone;Mark Rylance;Jasmine Trinca;USA;English;R;Action;Crime;Drama;40000000,0;10640645,0;0;2010;-29359355,0;-73,4;Faible (<6)
Alex Rider: Operation Stormbreaker ;tt0457495;2006;93;5,1;20201;Geoffrey Sax;Alex Pettyfer;Sophie Okonedo;Ashley Walters;Germany;English;PG;Action;Adventure;Family;40000000,0;652526,0;823;2000;-39347474,0;-98,4;Faible (<6)
Disturbia ;tt0486822;2007;105;6,9;186982;D.J. Caruso;Sarah Roemer;Aaron Yoo;Jose Pablo Cantillo;USA;English;PG-13;Drama;Mystery;Thriller;20000000,0;80050171,0;0;2000;60050171,0;300,3;Moyen (6-7)
Hackers ;tt0113243;1995;107;6,2;54650;Iain Softley;Angelina Jolie Pitt;Fisher Stevens;Lorraine Bracco;USA;English;PG-13;Comedy;Crime;Drama;20000000,0;7564000,0;12000;1990;-12436000,0;-62,2;Moyen (6-7)
The Hunting Party ;tt0455782;2007;101;6,9;22010;Richard Shepard;James Brolin;Zan Marolt;Ljubomir Kerekes;USA;English;R;Adventure;Comedy;Drama;25000000,0;876671,0;0;2000;-24123329,0;-96,5;Moyen (6-7)
The Hudsucker Proxy ;tt0110074;1994;111;7,3;65474;Joel Coen;Jennifer Jason Leigh;Bill Cobbs;John Mahoney;UK;English;PG;Comedy;Fantasy;;30000000,0;2869369,0;0;1990;-27130631,0;-90,4;Bon (7-8)
The Warlords ;tt0913968;2007;113;7,1;22897;Peter Ho-Sun Chan;Jet Li;Takeshi Kaneshiro;Andy Lau;Hong Kong;Mandarin;R;Action;Drama;History;40000000,0;128978,0;0;2000;-39871022,0;-99,7;Bon (7-8)
Nomad: The Warrior ;tt0374089;2005;112;6,0;3322;Sergey Bodrov;Jay Hernandez;Kuno Becker;Jason Scott Lee;France;Kazakh;R;Drama;History;War;25000000,0;77231,0;265;2000;-24922769,0;-99,7;Moyen (6-7)
Snowpiercer ;tt1706620;2013;126;7,0;181472;Joon-ho Bong;Chris Evans;Ewen Bremner;Kang-ho Song;South Korea;English;R;Action;Drama;Sci-Fi;39200000,0;4563029,0;58000;2010;-34636971,0;-88,4;Bon (7-8)
A Monster in Paris ;tt0961097;2011;90;6,8;15790;Bibo Bergeron;Adam Goldberg;Bob Balaban;François Cluzet;France;French;PG;Adventure;Animation;Comedy;25000000,0;;0;2010;;;Moyen (6-7)
The Last Shot ;tt0357054;2004;93;5,7;3789;Jeff Nathanson;Matthew Broderick;Glenn Morshower;Tim Blake Nelson;USA;English;R;Comedy;;;;463730,0;89;2000;;;Faible (<6)
The Crow ;tt0109506;1994;98;7,6;136580;Alex Proyas;Michael Wincott;Bai Ling;David Patrick Kelly;USA;English;R;Action;Drama;Fantasy;23000000,0;50693162,0;15000;1990;27693162,0;120,4;Bon (7-8)
Baahubali: The Beginning ;tt2631186;2015;159;8,4;62756;S.S. Rajamouli;Tamannaah Bhatia;Anushka Shetty;Prabhas;India;Telugu;;Action;Adventure;Drama;18026148,0;6498000,0;21000;2010;-11528148,0;-64,0;Excellent (8+)
The Time Traveler's Wife ;tt0452694;2009;107;7,1;114925;Robert Schwentke;Arliss Howard;Brooklynn Proulx;Michelle Nolden;USA;English;PG-13;Drama;Fantasy;Romance;39000000,0;63411478,0;13000;2000;24411478,0;62,6;Bon (7-8)
Because I Said So ;tt0490084;2007;102;5,6;32412;Michael Lehmann;Colin Ferguson;Stephen Collins;Tom Everett Scott;USA;English;PG-13;Comedy;Romance;;;42640890,0;0;2000;;;Faible (<6)
Frankenweenie ;tt1142977;2012;87;7,0;73886;Tim Burton;Martin Landau;Catherine O'Hara;Atticus Shaffer;USA;English;PG;Animation;Comedy;Family;39000000,0;35287788,0;25000;2010;-3712212,0;-9,5;Bon (7-8)
Serenity ;tt0379786;2005;119;8,0;242599;Joss Whedon;Adam Baldwin;Sean Maher;Michael Hitchcock;USA;English;PG-13;Action;Adventure;Sci-Fi;40000000,0;25335935,0;14000;2000;-14664065,0;-36,7;Excellent (8+)
Against the Ropes ;tt0312329;2004;110;5,3;5917;Charles S. Dutton;Omar Epps;Charles S. Dutton;Tim Daly;USA;English;PG-13;Biography;Drama;Romance;39000000,0;5881504,0;177;2000;-33118496,0;-84,9;Faible (<6)
Superman III ;tt0086393;1983;125;4,9;49934;Richard Lester;Margot Kidder;Robert Vaughn;Jackie Cooper;UK;English;PG;Action;Comedy;Sci-Fi;39000000,0;60000000,0;0;1980;21000000,0;53,8;Faible (<6)
Grudge Match ;tt1661382;2013;113;6,4;46480;Peter Segal;Robert De Niro;Sylvester Stallone;Oscar Gale;USA;English;PG-13;Comedy;Sport;;40000000,0;29802761,0;12000;2010;-10197239,0;-25,5;Moyen (6-7)
Red Cliff ;tt0425637;2008;150;7,4;36894;John Woo;Takeshi Kaneshiro;Tony Chiu Wai Leung;Wei Zhao;China;Mandarin;R;Action;Adventure;Drama;553632000,0;626809,0;0;2000;-553005191,0;-99,9;Bon (7-8)
Sweet Home Alabama ;tt0256415;2002;108;6,1;83786;Andy Tennant;Ethan Embry;Mary Lynn Rajskub;Courtney Gains;USA;English;PG-13;Comedy;Romance;;38000000,0;127214072,0;0;2000;89214072,0;234,8;Moyen (6-7)
The Ugly Truth ;tt1142988;2009;96;6,5;163665;Robert Luketic;Gerard Butler;John Michael Higgins;Eric Winter;USA;English;R;Comedy;Romance;;38000000,0;88915214,0;9000;2000;50915214,0;134,0;Moyen (6-7)
Sgt. Bilko ;tt0117608;1996;93;5,7;17810;Jonathan Lynn;Austin Pendleton;Phil Hartman;Max Casella;USA;English;PG;Comedy;;;39000000,0;30400000,0;478;1990;-8600000,0;-22,1;Faible (<6)
Spy Kids 2: Island of Lost Dreams ;tt0287717;2002;100;5,1;44885;Robert Rodriguez;Steve Buscemi;Alexa PenaVega;Emily Osment;USA;English;PG;Action;Adventure;Comedy;38000000,0;85570368,0;478;2000;47570368,0;125,2;Faible (<6)
Star Trek: Generations ;tt0111280;1994;118;6,6;60504;David Carson;LeVar Burton;Alan Ruck;Jonathan Frakes;USA;English;PG;Action;Adventure;Mystery;35000000,0;75668868,0;0;1990;40668868,0;116,2;Moyen (6-7)
The Grandmaster ;tt1462900;2013;122;6,5;24557;Kar-Wai Wong;Tony Chiu Wai Leung;Hye-kyo Song;Elvis Tsui;Hong Kong;Mandarin;PG-13;Action;Biography;Drama;38600000,0;6594136,0;13000;2010;-32005864,0;-82,9;Moyen (6-7)
Water for Elephants ;tt1067583;2011;120;6,9;95367;Francis Lawrence;Robert Pattinson;Christoph Waltz;James Frain;USA;English;PG-13;Drama;Romance;;38000000,0;58700247,0;33000;2010;20700247,0;54,5;Moyen (6-7)
Dragon Nest: Warriors' Dawn ;tt2911342;2014;88;6,4;2169;Yuefeng Song;Blythe Auffarth;Bianca Collins;Jiao Xu;China;English;;Adventure;Animation;Family;40000000,0;;0;2010;;;Moyen (6-7)
The Hurricane ;tt0174856;1999;146;7,6;76016;Norman Jewison;Denzel Washington;Vincent Pastore;Deborah Kara Unger;USA;English;R;Biography;Drama;Sport;38000000,0;50668906,0;0;1990;12668906,0;33,3;Bon (7-8)
Enough ;tt0278435;2002;115;5,6;30667;Michael Apted;Bill Cobbs;Jeff Kober;Billy Campbell;USA;English;PG-13;Crime;Drama;Thriller;38000000,0;39177215,0;0;2000;1177215,0;3,1;Faible (<6)
Heartbreakers ;tt0125022;2001;123;6,2;44168;David Mirkin;Sarah Silverman;Anne Bancroft;Jeffrey Jones;USA;English;PG-13;Comedy;Crime;Romance;35000000,0;40334024,0;989;2000;5334024,0;15,2;Moyen (6-7)
Paul Blart: Mall Cop 2 ;tt3450650;2015;94;4,4;23473;Andy Fickman;D.B. Woodside;Daniella Alonso;Eduardo Verástegui;USA;English;PG;Action;Comedy;Crime;30000000,0;71038190,0;8000;2010;41038190,0;136,8;Faible (<6)
Angel Eyes ;tt0225071;2001;102;5,6;19686;Luis Mandoki;Sonia Braga;Shirley Knight;Kari Matchett;USA;English;R;Drama;Romance;;38000000,0;24044532,0;689;2000;-13955468,0;-36,7;Faible (<6)
Joe Somebody ;tt0279889;2001;98;5,5;8433;John Pasquin;Jim Belushi;Ken Marino;Kelly Lynch;USA;English;PG;Comedy;Drama;;38000000,0;22770864,0;168;2000;-15229136,0;-40,1;Faible (<6)
The Ninth Gate ;tt0142688;1999;133;6,7;137722;Roman Polanski;Johnny Depp;Frank Langella;Lena Olin;Spain;English;R;Mystery;Thriller;;38000000,0;18653746,0;0;1990;-19346254,0;-50,9;Moyen (6-7)
Extreme Measures ;tt0116259;1996;118;6,1;14066;Michael Apted;J.K. Simmons;Paul Guilfoyle;Bill Nunn;USA;English;R;Crime;Drama;Mystery;38000000,0;17305211,0;352;1990;-20694789,0;-54,5;Moyen (6-7)
Rock Star ;tt0202470;2001;105;6,2;34592;Stephen Herek;Beth Grant;Dagmara Dominczyk;Matthew Glave;USA;English;R;Drama;Music;;57000000,0;16991902,0;0;2000;-40008098,0;-70,2;Moyen (6-7)
Precious ;tt0929632;2009;109;7,3;86955;Lee Daniels;Mo'Nique;Gabourey Sidibe;Mariah Carey;USA;English;R;Drama;;;10000000,0;47536959,0;12000;2000;37536959,0;375,4;Bon (7-8)
White Squall ;tt0118158;1996;129;6,6;17859;Ridley Scott;Jeff Bridges;Jason Marsden;Ethan Embry;USA;English;PG-13;Adventure;Drama;;38000000,0;10300000,0;911;1990;-27700000,0;-72,9;Moyen (6-7)
The Thing ;tt0084787;1982;109;8,2;258078;John Carpenter;Wilford Brimley;Richard Masur;David Clennon;USA;English;R;Horror;Mystery;Sci-Fi;15000000,0;13782838,0;23000;1980;-1217162,0;-8,1;Excellent (8+)
Riddick ;tt1411250;2013;127;6,4;125305;David Twohy;Vin Diesel;Nolan Gerard Funk;Bokeem Woodbine;USA;English;R;Action;Sci-Fi;Thriller;38000000,0;41997790,0;39000;2010;3997790,0;10,5;Moyen (6-7)
Switchback ;tt0119210;1997;118;6,4;9740;Jeb Stuart;Gregory Scott Cummins;Claudia Stedelin;Ted Markland;USA;English;R;Crime;Mystery;Thriller;37000000,0;6482195,0;389;1990;-30517805,0;-82,5;Moyen (6-7)
Texas Rangers ;tt0193560;2001;110;5,2;4757;Steve Miner;Tom Skerritt;Usher Raymond;Leonor Varela;USA;English;PG-13;Action;Adventure;Drama;38000000,0;623374,0;474;2000;-37376626,0;-98,4;Faible (<6)
City of Ember ;tt0970411;2008;90;6,5;52908;Gil Kenan;Bill Murray;Toby Jones;Harry Treadaway;USA;English;PG;Adventure;Family;Fantasy;55000000,0;7871693,0;0;2000;-47128307,0;-85,7;Moyen (6-7)
The Master ;tt1560747;2012;144;7,1;105144;Paul Thomas Anderson;Mike Howard;Jeffrey W. Jenkins;Bruce Goodchild;USA;English;R;Drama;;;32000000,0;16377274,0;27000;2010;-15622726,0;-48,8;Bon (7-8)
Virgin Territory ;tt0437954;2007;97;4,8;6691;David Leland;Hayden Christensen;Ryan Cartwright;David Walliams;Italy;English;R;Adventure;Comedy;History;38000000,0;;366;2000;;;Faible (<6)
The Express ;tt0469903;2008;130;7,3;16673;Gary Fleder;Dennis Quaid;Nicole Beharie;Charles S. Dutton;USA;English;PG;Biography;Drama;Sport;40000000,0;9589875,0;0;2000;-30410125,0;-76,0;Bon (7-8)
The 5th Wave ;tt2304933;2016;112;5,2;55617;J Blakeson;Chloë Grace Moretz;Maggie Siff;Nick Robinson;USA;English;PG-13;Action;Adventure;Sci-Fi;38000000,0;34912982,0;14000;2010;-3087018,0;-8,1;Faible (<6)
Creed ;tt3076658;2015;133;7,7;146708;Ryan Coogler;Sylvester Stallone;Phylicia Rashad;Graham McTavish;USA;English;PG-13;Drama;Sport;;35000000,0;109712885,0;70000;2010;74712885,0;213,5;Bon (7-8)
The Town ;tt0840361;2010;150;7,6;280228;Ben Affleck;Jeremy Renner;Jon Hamm;Owen Burke;USA;English;R;Crime;Drama;Thriller;37000000,0;92173235,0;29000;2010;55173235,0;149,1;Bon (7-8)
What to Expect When You're Expecting ;tt1586265;2012;110;5,7;57266;Kirk Jones;Anna Kendrick;Dennis Quaid;Thomas Lennon;USA;English;PG-13;Comedy;Drama;Romance;40000000,0;41102171,0;14000;2010;1102171,0;2,8;Faible (<6)
Burn After Reading ;tt0887883;2008;96;7,0;248468;Ethan Coen;J.K. Simmons;Brad Pitt;Kevin Sussman;USA;English;R;Comedy;Drama;;37000000,0;60338891,0;0;2000;23338891,0;63,1;Bon (7-8)
Nim's Island ;tt0410377;2008;96;6,0;28109;Jennifer Flackett;Gerard Butler;Anthony Simcoe;Christopher James Baker;USA;English;PG;Adventure;Comedy;Family;37000000,0;48006503,0;0;2000;11006503,0;29,7;Moyen (6-7)
Rush ;tt1979320;2013;123;8,1;312629;Ron Howard;Chris Hemsworth;Olivia Wilde;Alexandra Maria Lara;UK;English;R;Action;Biography;Drama;38000000,0;26903709,0;83000;2010;-11096291,0;-29,2;Excellent (8+)
Magnolia ;tt0175880;1999;188;8,0;241030;Paul Thomas Anderson;Patton Oswalt;Neil Flynn;Jim Meskimen;USA;English;R;Drama;;;37000000,0;22450975,0;13000;1990;-14549025,0;-39,3;Excellent (8+)
Cop Out ;tt1385867;2010;107;5,6;75347;Kevin Smith;Bruce Willis;Tracy Morgan;Kevin Pollak;USA;English;R;Action;Comedy;Crime;37000000,0;44867349,0;0;2010;7867349,0;21,3;Faible (<6)
How to Be Single ;tt1292566;2016;110;6,1;39440;Christian Ditter;Alison Brie;Damon Wayans Jr.;Nicholas Braun;USA;English;R;Comedy;Romance;;38000000,0;46813366,0;15000;2010;8813366,0;23,2;Moyen (6-7)
Dolphin Tale ;tt1564349;2011;113;6,9;17948;Charles Martin Smith;Morgan Freeman;Michael Roark;Harry Connick Jr.;USA;English;PG;Drama;Family;;37000000,0;72279690,0;0;2010;35279690,0;95,4;Moyen (6-7)
Twilight ;tt1099212;2008;122;5,2;348007;Catherine Hardwicke;Kristen Stewart;Taylor Lautner;Anna Kendrick;USA;English;PG-13;Drama;Fantasy;Romance;37000000,0;191449475,0;19000;2000;154449475,0;417,4;Faible (<6)
John Q ;tt0251160;2002;116;7,0;98899;Nick Cassavetes;Denzel Washington;Laura Harring;Anne Heche;USA;English;PG-13;Crime;Drama;Thriller;36000000,0;71026631,0;0;2000;35026631,0;97,3;Bon (7-8)
Blue Streak ;tt0181316;1999;93;6,3;60572;Les Mayfield;Peter Greene;Dave Chappelle;Tamala Jones;USA;English;PG-13;Action;Comedy;Crime;65000000,0;68208190,0;0;1990;3208190,0;4,9;Moyen (6-7)
We're the Millers ;tt1723121;2013;118;7,0;316671;Rawson Marshall Thurber;Laura-Leigh;Molly C. Quinn;Thomas Lennon;USA;English;R;Comedy;Crime;;37000000,0;150368971,0;35000;2010;113368971,0;306,4;Bon (7-8)
Obitaemyy ostrov ;tt0972558;2009;115;5,3;4387;Fedor Bondarchuk;Yuliya Snigir;Fedor Bondarchuk;Aleksey Serebryakov;Russia;Russian;;Action;Adventure;Sci-Fi;29500000,0;;240;2000;;;Faible (<6)
Breakdown ;tt0118771;1997;93;6,9;38399;Jonathan Mostow;Kathleen Quinlan;M.C. Gainey;J.T. Walsh;USA;English;R;Action;Crime;Drama;36000000,0;50129186,0;0;1990;14129186,0;39,2;Moyen (6-7)
Never Say Never Again ;tt0086006;1983;121;6,2;48636;Irvin Kershner;Bernie Casey;Klaus Maria Brandauer;Barbara Carrera;UK;English;PG;Action;Adventure;Thriller;36000000,0;55500000,0;0;1980;19500000,0;54,2;Moyen (6-7)
Hot Tub Time Machine ;tt1231587;2010;101;6,4;139184;Steve Pink;Charlie McDermott;Collette Wolfe;Crystal Lowe;USA;English;R;Comedy;Sci-Fi;;36000000,0;50213619,0;12000;2010;14213619,0;39,5;Moyen (6-7)
Dolphin Tale 2 ;tt2978462;2014;107;6,4;6069;Charles Martin Smith;Morgan Freeman;Taylor Blackwell;Harry Connick Jr.;USA;English;PG;Drama;Family;;36000000,0;42019483,0;0;2010;6019483,0;16,7;Moyen (6-7)
Reindeer Games ;tt0184858;2000;124;5,7;31113;John Frankenheimer;Charlize Theron;James Frain;Clarence Williams III;USA;English;R;Action;Adventure;Crime;34000000,0;23360779,0;852;2000;-10639221,0;-31,3;Faible (<6)
A Man Apart ;tt0266465;2003;109;6,1;38348;F. Gary Gray;Vin Diesel;Jeff Kober;Larenz Tate;USA;English;R;Action;Crime;Drama;36000000,0;26183197,0;0;2000;-9816803,0;-27,3;Moyen (6-7)
Aloha ;tt1243974;2015;105;5,4;39778;Cameron Crowe;Emma Stone;Bradley Cooper;Bill Murray;USA;English;PG-13;Comedy;Drama;Romance;37000000,0;20991497,0;11000;2010;-16008503,0;-43,3;Faible (<6)
Ghosts of Mississippi ;tt0116410;1996;130;6,7;8531;Rob Reiner;Alexa PenaVega;Virginia Madsen;Craig T. Nelson;USA;English;PG-13;Drama;History;;36000000,0;13052741,0;591;1990;-22947259,0;-63,7;Moyen (6-7)
Snow Falling on Cedars ;tt0120834;1999;127;6,8;12375;Scott Hicks;Rick Yune;Reeve Carney;Daniel von Bargen;USA;English;PG-13;Drama;Mystery;Romance;36000000,0;14378353,0;846;1990;-21621647,0;-60,1;Moyen (6-7)
The Rite ;tt1161864;2011;114;6,0;75864;Mikael Håfström;Anthony Hopkins;Colin O'Donoghue;Toby Jones;USA;English;PG-13;Drama;Horror;Mystery;37000000,0;33037754,0;23000;2010;-3962246,0;-10,7;Moyen (6-7)
Gattaca ;tt0119177;1997;106;7,8;220591;Andrew Niccol;Blair Underwood;Xander Berkeley;Mason Gamble;USA;English;PG-13;Drama;Sci-Fi;Thriller;36000000,0;12339633,0;17000;1990;-23660367,0;-65,7;Bon (7-8)
Isn't She Great ;tt0141399;2000;95;5,3;1977;Andrew Bergman;Stockard Channing;Nathan Lane;John Larroquette;USA;English;R;Biography;Comedy;Romance;36000000,0;2954405,0;133;2000;-33045595,0;-91,8;Faible (<6)
Space Chimps ;tt0482603;2008;81;4,5;8860;Kirk De Micco;Cheryl Hines;Kenan Thompson;Omid Abtahi;USA;English;G;Adventure;Animation;Comedy;37000000,0;30105968,0;279;2000;-6894032,0;-18,6;Faible (<6)
Head of State ;tt0325537;2003;95;5,4;15046;Chris Rock;Bernie Mac;Dylan Baker;Tracy Morgan;USA;English;PG-13;Comedy;;;35200000,0;37788228,0;638;2000;2588228,0;7,4;Faible (<6)
The Hangover ;tt1119646;2009;108;7,8;583341;Todd Phillips;Bradley Cooper;Rob Riggle;Mike Epps;USA;English;R;Comedy;;;35000000,0;277313371,0;24000;2000;242313371,0;692,3;Bon (7-8)
Ip Man 3 ;tt2888046;2015;105;7,2;21912;Wilson Yip;Mike Tyson;Lynn Hung;Kwok-Kwan Chan;Hong Kong;Cantonese;PG-13;Action;Biography;Drama;36000000,0;2126511,0;12000;2010;-33873489,0;-94,1;Bon (7-8)
Austin Powers: The Spy Who Shagged Me ;tt0145660;1999;95;6,6;181225;Jay Roach;Muse Watson;Verne Troyer;Robert Wagner;USA;English;PG-13;Action;Adventure;Comedy;33000000,0;205399422,0;0;1990;172399422,0;522,4;Moyen (6-7)
Batman ;tt0096895;1989;126;7,6;269033;Tim Burton;Michael Gough;Jack Palance;William Hootkins;USA;English;PG-13;Action;Adventure;;35000000,0;251188924,0;12000;1980;216188924,0;617,7;Bon (7-8)
There Be Dragons ;tt1316616;2011;102;5,9;3865;Roland Joffé;Jordi Mollà;Dougray Scott;Lily Cole;Spain;English;PG-13;Biography;Drama;War;36000000,0;1068392,0;2000;2010;-34931608,0;-97,0;Faible (<6)
Lethal Weapon 3 ;tt0104714;1992;121;6,7;128010;Richard Donner;Rene Russo;Nick Chinlund;Stuart Wilson;USA;English;R;Action;Crime;Thriller;35000000,0;144731527,0;0;1990;109731527,0;313,5;Moyen (6-7)
The Blind Side ;tt0878804;2009;129;7,7;223127;John Lee Hancock;Catherine Dyer;Quinton Aaron;Kim Dickens;USA;English;PG-13;Biography;Drama;Sport;29000000,0;255950375,0;38000;2000;226950375,0;782,6;Bon (7-8)
Spy Kids ;tt0227538;2001;88;5,4;84325;Robert Rodriguez;Alexa PenaVega;Cheech Marin;Daryl Sabara;USA;English;PG;Action;Adventure;Comedy;35000000,0;112692062,0;0;2000;77692062,0;222,0;Faible (<6)
Horrible Bosses ;tt1499658;2011;106;6,9;353442;Seth Gordon;Kevin Spacey;Lindsay Sloane;Reginald Ballard;USA;English;R;Comedy;Crime;;35000000,0;117528646,0;31000;2010;82528646,0;235,8;Moyen (6-7)
True Grit ;tt1403865;2010;110;7,7;240962;Ethan Coen;Matt Damon;Jeff Bridges;Bruce Green;USA;English;PG-13;Adventure;Drama;Western;38000000,0;171031347,0;36000;2010;133031347,0;350,1;Bon (7-8)
The Devil Wears Prada ;tt0458352;2006;109;6,8;286178;David Frankel;Meryl Streep;Anne Hathaway;Rebecca Mader;USA;English;PG-13;Comedy;Drama;Romance;35000000,0;124732962,0;0;2000;89732962,0;256,4;Moyen (6-7)
Star Trek: The Motion Picture ;tt0079945;1979;143;6,4;63330;Robert Wise;Leonard Nimoy;Nichelle Nichols;Walter Koenig;USA;English;PG;Adventure;Mystery;Sci-Fi;35000000,0;82300000,0;0;1970;47300000,0;135,1;Moyen (6-7)
Identity Thief ;tt2024432;2013;120;5,7;97664;Seth Gordon;Jon Favreau;Eric Stonestreet;T.I.;USA;English;R;Comedy;Crime;;35000000,0;134455175,0;17000;2010;99455175,0;284,2;Faible (<6)
Cape Fear ;tt0101540;1991;128;7,3;127503;Martin Scorsese;Robert De Niro;Robert Mitchum;Joe Don Baker;USA;English;R;Crime;Thriller;;35000000,0;79100000,0;0;1990;44100000,0;126,0;Bon (7-8)
21 ;tt0478087;2008;123;6,8;191470;Robert Luketic;Kevin Spacey;Jim Sturgess;Josh Gad;USA;English;PG-13;Crime;Drama;Thriller;35000000,0;81159365,0;0;2000;46159365,0;131,9;Moyen (6-7)
Trainwreck ;tt3152624;2015;129;6,3;94241;Judd Apatow;Amy Schumer;Randall Park;Josh Segarra;Japan;English;R;Comedy;Romance;;35000000,0;110008260,0;25000;2010;75008260,0;214,3;Moyen (6-7)
Guess Who ;tt0372237;2005;105;5,9;33887;Kevin Rodney Sullivan;Bernie Mac;Nicole Sullivan;Sherri Shepherd;USA;English;PG-13;Comedy;Romance;;35000000,0;67962333,0;919;2000;32962333,0;94,2;Faible (<6)
The English Patient ;tt0116209;1996;162;7,4;142067;Anthony Minghella;Colin Firth;Kristin Scott Thomas;Jürgen Prochnow;USA;English;R;Drama;Romance;War;27000000,0;78651430,0;0;1990;51651430,0;191,3;Bon (7-8)
L.A. Confidential ;tt0119488;1997;138;8,3;414219;Curtis Hanson;Kevin Spacey;Matt McCoy;Paul Guilfoyle;USA;English;R;Crime;Drama;Mystery;35000000,0;64604977,0;11000;1990;29604977,0;84,6;Excellent (8+)
Sky High ;tt0405325;2005;100;6,2;61321;Mike Mitchell;Michael Angarano;Kelly Preston;Nicholas Braun;USA;English;PG;Adventure;Comedy;Family;35000000,0;63939454,0;0;2000;28939454,0;82,7;Moyen (6-7)
In & Out ;tt0119360;1997;90;6,3;32416;Frank Oz;Tom Selleck;Wilford Brimley;Lauren Ambrose;USA;English;PG-13;Comedy;;;35000000,0;63826569,0;0;1990;28826569,0;82,4;Moyen (6-7)
Species ;tt0114508;1995;108;5,8;61018;Roger Donaldson;Natasha Henstridge;Marg Helgenberger;Jordan Lund;USA;English;R;Action;Horror;Sci-Fi;35000000,0;60054449,0;0;1990;25054449,0;71,6;Faible (<6)
A Nightmare on Elm Street ;tt0087800;1984;101;7,5;149285;Wes Craven;Johnny Depp;Lin Shaye;Amanda Wyss;USA;English;X;Horror;;;1800000,0;26505000,0;10000;1980;24705000,0;1372,5;Bon (7-8)
The Cell ;tt0209958;2000;109;6,3;79877;Tarsem Singh;Dylan Baker;Jake Weber;James Gammon;USA;English;R;Horror;Sci-Fi;Thriller;33000000,0;61280963,0;0;2000;28280963,0;85,7;Moyen (6-7)
The Man in the Iron Mask ;tt0120744;1998;132;6,4;125219;Randall Wallace;Leonardo DiCaprio;Anne Parillaud;Judith Godrèche;USA;English;PG-13;Action;Adventure;;35000000,0;56876365,0;0;1990;21876365,0;62,5;Moyen (6-7)
Secretariat ;tt1028576;2010;123;7,2;20827;Randall Wallace;Scott Glenn;Kevin Connolly;Dylan Walsh;USA;English;PG;Biography;Drama;Family;35000000,0;59699513,0;0;2010;24699513,0;70,6;Bon (7-8)
TMNT ;tt0453556;2007;87;6,3;53786;Kevin Munroe;Chris Evans;Sarah Michelle Gellar;Mako;Hong Kong;English;PG;Action;Adventure;Animation;34000000,0;54132596,0;0;2000;20132596,0;59,2;Moyen (6-7)
Radio ;tt0316465;2003;109;6,9;32370;Michael Tollin;Alfre Woodard;Riley Smith;Debra Winger;USA;English;PG;Biography;Drama;Sport;35000000,0;52277485,0;0;2000;17277485,0;49,4;Moyen (6-7)
Friends with Benefits ;tt1632708;2011;109;6,6;270228;Will Gluck;Mila Kunis;Justin Timberlake;Masi Oka;USA;English;R;Comedy;Romance;;35000000,0;55802754,0;41000;2010;20802754,0;59,4;Moyen (6-7)
Neighbors 2: Sorority Rising ;tt4438848;2016;92;6,0;28041;Nicholas Stoller;Chloë Grace Moretz;Ike Barinholtz;Kiersey Clemons;USA;English;R;Comedy;;;35000000,0;55291815,0;0;2010;20291815,0;58,0;Moyen (6-7)
Saving Mr. Banks ;tt2140373;2013;125;7,5;117719;John Lee Hancock;Tom Hanks;Ruth Wilson;B.J. Novak;USA;English;PG-13;Biography;Comedy;Drama;35000000,0;83299761,0;39000;2010;48299761,0;138,0;Bon (7-8)
Malcolm X ;tt0104797;1992;202;7,7;63923;Spike Lee;Denzel Washington;Delroy Lindo;Al Freeman Jr.;USA;English;PG-13;Biography;Drama;History;33000000,0;48169908,0;0;1990;15169908,0;46,0;Bon (7-8)
This Is 40 ;tt1758830;2012;134;6,2;104005;Judd Apatow;Charlyne Yi;Maude Apatow;Mackenzie Aladjem;USA;English;R;Comedy;;;35000000,0;67523385,0;18000;2010;32523385,0;92,9;Moyen (6-7)
Old Dogs ;tt0976238;2009;88;5,4;31191;Walt Becker;Robin Williams;Bernie Mac;Ann-Margret;USA;English;PG;Comedy;Family;;35000000,0;49474048,0;0;2000;14474048,0;41,4;Faible (<6)
Underworld: Rise of the Lycans ;tt0834001;2009;92;6,6;119974;Patrick Tatopoulos;Craig Parker;Kevin Grevioux;Steven Mackintosh;USA;English;R;Action;Adventure;Fantasy;35000000,0;45802315,0;0;2000;10802315,0;30,9;Moyen (6-7)
License to Wed ;tt0762114;2007;91;5,3;32157;Ken Kwapis;Robin Williams;Christine Taylor;Mindy Kaling;USA;English;PG-13;Comedy;Romance;;35000000,0;43792641,0;913;2000;8792641,0;25,1;Faible (<6)
The Benchwarmers ;tt0437863;2006;75;5,6;40651;Dennis Dugan;Jon Lovitz;Jon Heder;Tim Meadows;USA;English;PG-13;Comedy;Romance;Sport;33000000,0;57651794,0;0;2000;24651794,0;74,7;Faible (<6)
Must Love Dogs ;tt0417001;2005;98;5,9;25883;Gary David Goldberg;Stockard Channing;Victor Webster;Elizabeth Perkins;USA;English;PG-13;Comedy;Romance;;30000000,0;43894863,0;0;2000;13894863,0;46,3;Faible (<6)
Donnie Brasco ;tt0119008;1997;147;7,8;225122;Mike Newell;Johnny Depp;Al Pacino;Anne Heche;USA;English;R;Biography;Crime;Drama;35000000,0;41954997,0;0;1990;6954997,0;19,9;Bon (7-8)
Resident Evil ;tt0120804;2002;100;6,7;198701;Paul W.S. Anderson;Milla Jovovich;Jaymes Butler;Colin Salmon;UK;English;R;Action;Horror;Sci-Fi;33000000,0;39532308,0;0;2000;6532308,0;19,8;Moyen (6-7)
Poltergeist ;tt0084516;1982;120;7,4;105446;Tobe Hooper;Heather O'Rourke;Zelda Rubinstein;Craig T. Nelson;USA;English;PG;Fantasy;Horror;;10700000,0;76600000,0;11000;1980;65900000,0;615,9;Bon (7-8)
The Ladykillers ;tt0335245;2004;104;6,2;84131;Ethan Coen;J.K. Simmons;Tom Hanks;Stephen Root;USA;English;R;Comedy;Crime;Thriller;35000000,0;39692139,0;0;2000;4692139,0;13,4;Moyen (6-7)
Max Payne ;tt0467197;2008;103;5,4;107772;John Moore;Mila Kunis;Beau Bridges;Jamie Hector;Canada;English;PG-13;Action;Crime;Drama;35000000,0;40687294,0;0;2000;5687294,0;16,2;Faible (<6)
In Time ;tt1637688;2011;109;6,7;304318;Andrew Niccol;Matt Bomer;Olivia Wilde;Justin Timberlake;USA;English;PG-13;Action;Sci-Fi;Thriller;40000000,0;37553932,0;52000;2010;-2446068,0;-6,1;Moyen (6-7)
The Back-up Plan ;tt1212436;2010;104;5,3;40654;Alan Poul;Danneel Ackles;Noureen DeWulf;Tom Bosley;USA;English;PG-13;Comedy;Romance;;35000000,0;37481242,0;0;2010;2481242,0;7,1;Faible (<6)
Something Borrowed ;tt0491152;2011;112;5,9;48019;Luke Greenfield;Ashley Williams;Steve Howey;Kirsten Day;USA;English;PG-13;Comedy;Drama;Romance;35000000,0;39026186,0;13000;2010;4026186,0;11,5;Faible (<6)
Black Knight ;tt0265087;2001;95;4,8;30771;Gil Junger;Tom Wilkinson;Marsha Thomason;Vincent Regan;USA;English;PG-13;Adventure;Comedy;Fantasy;50000000,0;33422806,0;0;2000;-16577194,0;-33,2;Faible (<6)
The Bad News Bears ;tt0074174;1976;102;7,3;16323;Michael Ritchie;Tatum O'Neal;Vic Morrow;Joyce Van Patten;USA;English;PG;Comedy;Drama;Family;;;0;1970;;;Bon (7-8)
Street Fighter ;tt0111301;1994;102;3,8;53115;Steven E. de Souza;Ming-Na Wen;Raul Julia;Kylie Minogue;Japan;English;PG-13;Action;Adventure;Comedy;35000000,0;33423521,0;0;1990;-1576479,0;-4,5;Faible (<6)
The Pianist ;tt0253474;2002;150;8,5;497946;Roman Polanski;Emilia Fox;Frank Finlay;Ed Stoppard;France;English;R;Biography;Drama;War;35000000,0;32519322,0;21000;2000;-2480678,0;-7,1;Excellent (8+)
The Nativity Story ;tt0762121;2006;101;6,8;8143;Catherine Hardwicke;Keisha Castle-Hughes;Hiam Abbass;Shaun Toub;USA;English;PG;Drama;Family;Fantasy;30000000,0;37617947,0;0;2000;7617947,0;25,4;Moyen (6-7)
House of Wax ;tt0397065;2005;108;5,3;94456;Jaume Collet-Serra;Robert Ri'chard;Paris Hilton;Brian Van Holt;Australia;English;R;Horror;;;30000000,0;32048809,0;0;2000;2048809,0;6,8;Faible (<6)
Closer ;tt0376541;2004;98;7,3;168314;Mike Nichols;Natalie Portman;Julia Roberts;Colin Stinton;USA;English;R;Drama;Romance;;27000000,0;33987757,0;12000;2000;6987757,0;25,9;Bon (7-8)
J. Edgar ;tt1616195;2011;137;6,6;102728;Clint Eastwood;Leonardo DiCaprio;Naomi Watts;Kaitlyn Dever;USA;English;R;Biography;Crime;Drama;35000000,0;37304950,0;16000;2010;2304950,0;6,6;Moyen (6-7)
Mirrors ;tt0790686;2008;112;6,2;86205;Alexandre Aja;Jason Flemyng;Cameron Boyce;Julian Glover;USA;English;R;Horror;Mystery;;35000000,0;30691439,0;5000;2000;-4308561,0;-12,3;Moyen (6-7)
Queen of the Damned ;tt0238546;2002;101;5,2;43991;Michael Rymer;Aaliyah;Lena Olin;Bruce Spence;USA;English;R;Drama;Fantasy;Horror;35000000,0;30307804,0;0;2000;-4692196,0;-13,4;Faible (<6)
Predator 2 ;tt0100403;1990;103;6,2;105478;Stephen Hopkins;Adam Baldwin;Robert Davi;Kevin Peter Hall;USA;English;R;Action;Horror;Sci-Fi;35000000,0;30669413,0;0;1990;-4330587,0;-12,4;Moyen (6-7)
Untraceable ;tt0880578;2008;101;6,2;40964;Gregory Hoblit;Billy Burke;Jesse Tyler Ferguson;Joseph Cross;USA;English;R;Crime;Drama;Thriller;35000000,0;28687835,0;0;2000;-6312165,0;-18,0;Moyen (6-7)
Blast from the Past ;tt0124298;1999;112;6,6;48621;Hugh Wilson;Brendan Fraser;Sissy Spacek;Douglas Smith;USA;English;PG-13;Comedy;Drama;Romance;35000000,0;26494611,0;0;1990;-8505389,0;-24,3;Moyen (6-7)
Flash Gordon ;tt0080745;1980;111;6,4;38017;Mike Hodges;Brian Blessed;William Hootkins;Sam J. Jones;UK;English;PG;Action;Adventure;Sci-Fi;20000000,0;;12000;1980;;;Moyen (6-7)
Jersey Girl ;tt0300051;2004;102;6,2;54346;Kevin Smith;Stephen Root;Mike Starr;George Carlin;USA;English;PG-13;Comedy;Drama;Romance;35000000,0;25266129,0;0;2000;-9733871,0;-27,8;Moyen (6-7)
Alex Cross ;tt1712170;2012;101;5,1;28257;Rob Cohen;Cicely Tyson;Chad Lindberg;Carmen Ejogo;USA;English;PG-13;Action;Crime;Mystery;35000000,0;25863915,0;11000;2010;-9136085,0;-26,1;Faible (<6)
Midnight in the Garden of Good and Evil ;tt0119668;1997;155;6,6;31751;Clint Eastwood;Kevin Spacey;Bob Gunton;Leon Rippy;USA;English;R;Crime;Drama;Mystery;30000000,0;25078937,0;0;1990;-4921063,0;-16,4;Moyen (6-7)
Heist ;tt3276924;2015;93;6,1;16193;Scott Mann;Robert De Niro;Joshua Mikel;D.B. Sweeney;USA;English;R;Action;Crime;Thriller;19000000,0;;0;2010;;;Moyen (6-7)
Nanny McPhee Returns ;tt1415283;2010;109;6,1;19230;Susanna White;Daniel Mays;Bill Bailey;Eros Vlahos;UK;English;PG;Comedy;Family;Fantasy;35000000,0;28995450,0;0;2010;-6004550,0;-17,2;Moyen (6-7)
Hoffa ;tt0104427;1992;140;6,6;17124;Danny DeVito;Frank Whaley;J.T. Walsh;Paul Guilfoyle;USA;English;R;Biography;Crime;Drama;35000000,0;24276500,0;949;1990;-10723500,0;-30,6;Moyen (6-7)
The X Files: I Want to Believe ;tt0443701;2008;108;5,9;78256;Chris Carter;Mitch Pileggi;Callum Rennie;Nicki Aycox;USA;English;PG-13;Drama;Mystery;Sci-Fi;30000000,0;20981633,0;0;2000;-9018367,0;-30,1;Faible (<6)
Ella Enchanted ;tt0327679;2004;96;6,3;47800;Tommy O'Haver;Anne Hathaway;Steve Coogan;Joanna Lumley;USA;English;PG;Comedy;Family;Fantasy;35000000,0;22913677,0;0;2000;-12086323,0;-34,5;Moyen (6-7)
Concussion ;tt3322364;2015;123;7,1;44788;Peter Landesman;Will Smith;Eddie Marsan;Albert Brooks;UK;English;PG-13;Biography;Drama;Sport;35000000,0;34531832,0;23000;2010;-468168,0;-1,3;Bon (7-8)
Abduction ;tt1600195;2011;106;5,0;65044;John Singleton;Ken Arnold;Benjamin J. Cain Jr.;Richard Cetrone;USA;English;PG-13;Action;Mystery;Thriller;35000000,0;28064226,0;13000;2010;-6935774,0;-19,8;Faible (<6)
Valiant ;tt0361089;2005;76;5,6;15788;Gary Chapman;Jim Broadbent;Olivia Williams;Pip Torrens;UK;English;G;Adventure;Animation;Comedy;35000000,0;19447478,0;538;2000;-15552522,0;-44,4;Faible (<6)
Wonder Boys ;tt0185014;2000;107;7,4;54643;Curtis Hanson;Robert Downey Jr.;Rip Torn;Richard Thomas;USA;English;R;Comedy;Drama;;55000000,0;19389454,0;0;2000;-35610546,0;-64,7;Bon (7-8)
Superhero Movie ;tt0426592;2008;82;4,5;52052;Craig Mazin;Drake Bell;Tracy Morgan;Marion Ross;USA;English;PG-13;Action;Comedy;Sci-Fi;35000000,0;25871834,0;0;2000;-9128166,0;-26,1;Faible (<6)
Broken City ;tt1235522;2013;109;6,2;63548;Allen Hughes;Alona Tal;James Ransone;Michael Beach;USA;English;R;Crime;Drama;Thriller;35000000,0;19692608,0;0;2010;-15307392,0;-43,7;Moyen (6-7)
Cursed ;tt0257516;2005;99;5,0;26126;Wes Craven;Shannon Elizabeth;Portia de Rossi;Derek Mears;USA;English;PG-13;Comedy;Horror;;35000000,0;19294901,0;0;2000;-15705099,0;-44,9;Faible (<6)
Premium Rush ;tt1547234;2012;91;6,5;95274;David Koepp;Joseph Gordon-Levitt;Dania Ramirez;Aasif Mandvi;USA;English;PG-13;Action;Crime;Thriller;35000000,0;20275446,0;20000;2010;-14724554,0;-42,1;Moyen (6-7)
Hot Pursuit ;tt2967224;2015;87;5,1;34948;Anne Fletcher;Jim Gaffigan;Richard T. Jones;Michael Mosley;USA;English;PG-13;Action;Comedy;Crime;35000000,0;34507079,0;0;2010;-492921,0;-1,4;Faible (<6)
The Four Feathers ;tt0240510;2002;125;6,5;28130;Shekhar Kapur;Djimon Hounsou;Lucy Gordon;Alex Jennings;UK;English;PG-13;Adventure;Drama;Romance;35000000,0;18306166,0;0;2000;-16693834,0;-47,7;Moyen (6-7)
Parker ;tt1904996;2013;118;6,2;90046;Taylor Hackford;Jason Statham;Clifton Collins Jr.;Wendell Pierce;USA;English;R;Action;Crime;Romance;35000000,0;17609982,0;17000;2010;-17390018,0;-49,7;Moyen (6-7)
Wimbledon ;tt0360201;2004;98;6,3;51842;Richard Loncraine;Kirsten Dunst;Jon Favreau;Austin Nichols;UK;English;PG-13;Comedy;Romance;Sport;31000000,0;16831505,0;0;2000;-14168495,0;-45,7;Moyen (6-7)
Furry Vengeance ;tt0492389;2010;92;3,8;12399;Roger Kumble;Brendan Fraser;Brooke Shields;Matt Prokop;USA;English;PG;Comedy;Family;;35000000,0;17596256,0;0;2010;-17403744,0;-49,7;Faible (<6)
Bait ;tt1438173;2012;93;5,2;11482;Kimble Rendall;Alex Russell;Cariba Heine;Richard Brancatisano;Australia;English;R;Action;Horror;Sci-Fi;30000000,0;;0;2010;;;Faible (<6)
Krull ;tt0085811;1983;116;6,0;23351;Peter Yates;Liam Neeson;Alun Armstrong;Lysette Anthony;UK;English;PG;Action;Adventure;Fantasy;27000000,0;;0;1980;;;Moyen (6-7)
Lions for Lambs ;tt0891527;2007;92;6,2;41170;Robert Redford;Meryl Streep;Tom Cruise;Andrew Garfield;USA;English;R;Drama;Thriller;War;35000000,0;14998070,0;0;2000;-20001930,0;-57,1;Moyen (6-7)
Flight of the Intruder ;tt0099587;1991;115;5,7;4795;John Milius;Rosanna Arquette;Dann Florek;Christopher Rich;USA;English;PG-13;Action;Drama;Thriller;35000000,0;14587732,0;452;1990;-20412268,0;-58,3;Faible (<6)
Walk Hard: The Dewey Cox Story ;tt0841046;2007;120;6,7;55630;Jake Kasdan;Tim Meadows;Nat Faxon;Matt Price;USA;English;R;Comedy;Music;;35000000,0;18317151,0;0;2000;-16682849,0;-47,7;Moyen (6-7)
The Shipping News ;tt0120824;2001;111;6,8;28542;Lasse Hallström;Kevin Spacey;Scott Glenn;Jason Behr;USA;English;R;Drama;;;35000000,0;11405825,0;0;2000;-23594175,0;-67,4;Moyen (6-7)
American Outlaws ;tt0244000;2001;94;6,0;12077;Les Mayfield;Gregory Smith;Ronny Cox;Harris Yulin;USA;English;PG-13;Action;Western;;35000000,0;13264986,0;433;2000;-21735014,0;-62,1;Moyen (6-7)
The Young Victoria ;tt0962736;2009;100;7,3;44931;Jean-Marc Vallée;Michiel Huisman;Jim Broadbent;Thomas Kretschmann;UK;English;PG;Biography;Drama;History;35000000,0;10991381,0;0;2000;-24008619,0;-68,6;Bon (7-8)
Whiteout ;tt0365929;2009;101;5,5;31918;Dominic Sena;Tom Skerritt;Bashar Rahal;Shawn Doyle;USA;English;R;Action;Crime;Mystery;35000000,0;10268846,0;0;2000;-24731154,0;-70,7;Faible (<6)
The Tree of Life ;tt0478304;2011;139;6,7;136367;Terrence Malick;Brad Pitt;Tye Sheridan;Fiona Shaw;USA;English;PG-13;Drama;Fantasy;;32000000,0;13303319,0;39000;2010;-18696681,0;-58,4;Moyen (6-7)
Knock Off ;tt0120724;1998;91;4,8;11512;Hark Tsui;Paul Sorvino;Lela Rochon;Ray Nicholas;Aruba;English;R;Action;Comedy;Thriller;35000000,0;10076136,0;471;1990;-24923864,0;-71,2;Faible (<6)
Sabotage ;tt1742334;2014;109;5,7;47498;David Ayer;Mireille Enos;Martin Donovan;Maurice Compte;USA;English;R;Action;Crime;Drama;35000000,0;10499968,0;10000;2010;-24500032,0;-70,0;Faible (<6)
The Order ;tt0304711;2003;102;5,1;14962;Brian Helgeland;Heath Ledger;Mark Addy;Benno Fürmann;USA;English;R;Action;Mystery;Thriller;38000000,0;7659747,0;704;2000;-30340253,0;-79,8;Faible (<6)
Punisher: War Zone ;tt0450314;2008;103;6,0;48999;Lexi Alexander;Julie Benz;Wayne Knight;Colin Salmon;USA;English;R;Action;Crime;Drama;35000000,0;7948159,0;0;2000;-27051841,0;-77,3;Moyen (6-7)
Zoom ;tt0383060;2006;83;4,2;15015;Peter Hewitt;Kevin Zegers;Rip Torn;Thomas F. Wilson;USA;English;PG;Action;Adventure;Family;35000000,0;11631245,0;494;2000;-23368755,0;-66,8;Faible (<6)
The Walk ;tt3488710;2015;123;7,4;77394;Robert Zemeckis;Joseph Gordon-Levitt;Soleyman Pierini;Jade Kindar-Martin;USA;English;PG;Adventure;Biography;Drama;35000000,0;10137502,0;24000;2010;-24862498,0;-71,0;Bon (7-8)
Warriors of Virtue ;tt0120479;1997;101;4,6;2189;Ronny Yu;Marley Shelton;Lee Arenberg;Angus Macfadyen;USA;English;PG;Action;Adventure;Fantasy;35000000,0;6448817,0;0;1990;-28551183,0;-81,6;Faible (<6)
A Good Year ;tt0401445;2006;117;6,9;70698;Ridley Scott;Archie Panjabi;Albert Finney;Richard Coyle;USA;English;PG-13;Comedy;Drama;Romance;35000000,0;7458269,0;9000;2000;-27541731,0;-78,7;Moyen (6-7)
Radio Flyer ;tt0105211;1992;114;6,9;10410;Richard Donner;Adam Baldwin;Thomas Ian Nicholas;John Heard;USA;English;PG-13;Drama;;;35000000,0;4651977,0;892;1990;-30348023,0;-86,7;Moyen (6-7)
Blood In, Blood Out ;tt0106469;1993;330;8,0;23181;Taylor Hackford;Delroy Lindo;Jesse Borrego;Raymond Cruz;USA;English;R;Crime;Drama;;35000000,0;4496583,0;6000;1990;-30503417,0;-87,2;Excellent (8+)
Smilla's Sense of Snow ;tt0120152;1997;121;6,4;11747;Bille August;Jim Broadbent;Tom Wilkinson;Julia Ormond;Denmark;English;R;Action;Drama;Sci-Fi;35000000,0;2221994,0;561;1990;-32778006,0;-93,7;Moyen (6-7)
Femme Fatale ;tt0280665;2002;114;6,3;28584;Brian De Palma;Peter Coyote;Gregg Henry;Rie Rasmussen;France;English;R;Crime;Drama;Mystery;35000000,0;6592103,0;675;2000;-28407897,0;-81,2;Moyen (6-7)
Lion of the Desert ;tt0081059;1980;156;8,4;9852;Moustapha Akkad;Oliver Reed;Rod Steiger;John Gielgud;Libya;English;PG;Biography;Drama;History;35000000,0;;0;1980;;;Excellent (8+)
The Horseman on the Roof ;tt0113362;1995;135;7,1;4885;Jean-Paul Rappeneau;Olivier Martinez;François Cluzet;Isabelle Carré;France;French;R;Adventure;Drama;Romance;;1877179,0;262;1990;;;Bon (7-8)
Ride with the Devil ;tt0134154;1999;148;6,8;11101;Ang Lee;Jeremy W. Auman;Jeffrey Dover;Tobey Maguire;USA;English;R;Drama;Romance;War;35000000,0;630779,0;633;1990;-34369221,0;-98,2;Moyen (6-7)
Biutiful ;tt1164999;2010;148;7,5;68885;Alejandro G. Iñárritu;Maricel Álvarez;Hanaa Bouchaib;Eduard Fernández;Mexico;Spanish;R;Drama;;;;5100937,0;29000;2010;;;Bon (7-8)
Bandidas ;tt0416496;2006;93;5,7;28848;Joachim Rønning;Salma Hayek;Sam Shepard;Dwight Yoakam;France;English;PG-13;Action;Comedy;Crime;32000000,0;;0;2000;;;Faible (<6)
Black Water Transit ;tt0490087;2009;0;7,2;219;Tony Kaye;Bill Cobbs;Aisha Tyler;Beverly D'Angelo;USA;English;;Crime;Drama;;23000000,0;;26;2000;;;Bon (7-8)
The Maze Runner ;tt1790864;2014;113;6,8;310903;Wes Ball;Ki Hong Lee;Aml Ameen;Jacob Latimore;USA;English;PG-13;Action;Mystery;Sci-Fi;34000000,0;102413606,0;38000;2010;68413606,0;201,2;Moyen (6-7)
Unfinished Business ;tt2358925;2015;91;5,4;23072;Ken Scott;Tom Wilkinson;June Diane Raphael;Melissa McMeekin;USA;English;R;Comedy;;;35000000,0;10214013,0;0;2010;-24785987,0;-70,8;Faible (<6)
The Age of Innocence ;tt0106226;1993;139;7,2;36267;Martin Scorsese;Richard E. Grant;Geraldine Chaplin;Stuart Wilson;USA;English;PG;Drama;Romance;;30000000,0;32000000,0;0;1990;2000000,0;6,7;Bon (7-8)
The Fountain ;tt0414993;2006;96;7,3;190990;Darren Aronofsky;Hugh Jackman;Ellen Burstyn;Mark Margolis;USA;English;PG-13;Drama;Sci-Fi;;35000000,0;10139254,0;23000;2000;-24860746,0;-71,0;Bon (7-8)
Chill Factor ;tt0163579;1999;102;5,2;8367;Hugh Johnson;David Paymer;Kevin J. O'Connor;Hudson Leick;USA;English;R;Action;Adventure;Comedy;34000000,0;11227940,0;120;1990;-22772060,0;-67,0;Faible (<6)
Stolen ;tt1656186;2012;96;5,5;36914;Simon West;Nicolas Cage;Mark Valley;Sami Gayle;USA;English;R;Action;Crime;Drama;35000000,0;183125,0;0;2010;-34816875,0;-99,5;Faible (<6)
Ponyo ;tt0876563;2008;101;7,7;85589;Hayao Miyazaki;Rumi Hiiragi;Yûki Amami;Yuria Nara;Japan;Japanese;G;Adventure;Animation;Family;34000000,0;15081783,0;0;2000;-18918217,0;-55,6;Bon (7-8)
The Longest Ride ;tt2726560;2015;128;7,1;50041;George Tillman Jr.;Tiago Riani;Melissa Benoist;Hayley Lovitt;USA;English;PG-13;Drama;Romance;;34000000,0;37432299,0;23000;2010;3432299,0;10,1;Bon (7-8)
The Astronaut's Wife ;tt0138304;1999;109;5,3;45497;Rand Ravich;Johnny Depp;Charlize Theron;Clea DuVall;USA;English;R;Drama;Sci-Fi;Thriller;34000000,0;10654581,0;1000;1990;-23345419,0;-68,7;Faible (<6)
I Dreamed of Africa ;tt0167203;2000;114;5,6;3740;Hugh Hudson;Liam Aiken;Eva Marie Saint;Vincent Perez;USA;English;PG-13;Adventure;Drama;Romance;34000000,0;6543194,0;314;2000;-27456806,0;-80,8;Faible (<6)
Playing for Keeps ;tt1540128;2012;105;5,7;23916;Gabriele Muccino;Gerard Butler;Dennis Quaid;Judy Greer;USA;English;PG-13;Comedy;Romance;Sport;35000000,0;13101142,0;0;2010;-21898858,0;-62,6;Faible (<6)
Mandela: Long Walk to Freedom ;tt2304771;2013;141;7,1;21223;Justin Chadwick;Terry Pheto;Fana Mokoena;Tony Kgoroge;UK;English;PG-13;Biography;Drama;History;35000000,0;8324748,0;13000;2010;-26675252,0;-76,2;Bon (7-8)
Reds ;tt0082979;1981;195;7,5;16255;Warren Beatty;Paul Sorvino;Warren Beatty;M. Emmet Walsh;USA;English;PG;Biography;Drama;History;35000000,0;;0;1980;;;Bon (7-8)
A Few Good Men ;tt0104257;1992;138;7,6;181879;Rob Reiner;Tom Cruise;Demi Moore;Kevin Pollak;USA;English;R;Drama;Thriller;;40000000,0;141340178,0;0;1990;101340178,0;253,4;Bon (7-8)
Exit Wounds ;tt0242445;2001;101;5,5;27580;Andrzej Bartkowiak;Michael Jai White;Bill Duke;Bruce McGill;USA;English;R;Action;Comedy;Crime;33000000,0;51758599,0;742;2000;18758599,0;56,8;Faible (<6)
Big Momma's House ;tt0208003;2000;99;5,1;66941;Raja Gosnell;Nia Long;Cedric the Entertainer;Tichina Arnold;USA;English;PG-13;Action;Comedy;Crime;30000000,0;117559438,0;1000;2000;87559438,0;291,9;Faible (<6)
Thunder and the House of Magic ;tt3148834;2013;85;6,3;4265;Jeremy Degruson;Kyle Hebert;Brianne Brozey;Joe Ochman;Belgium;English;;Adventure;Animation;Comedy;34000000,0;4091,0;0;2010;-33995909,0;-100,0;Moyen (6-7)
The Darkest Hour ;tt1093357;2011;89;4,9;49312;Chris Gorak;Max Minghella;Veronika Vernadskaya;Dato Bakhtadze;USA;English;PG-13;Action;Adventure;Horror;30000000,0;21426805,0;0;2010;-8573195,0;-28,6;Faible (<6)
Step Up Revolution ;tt1800741;2012;99;6,5;45394;Scott Speer;Ryan Guzman;Stephen Boss;Misha Gabriel Hamilton;USA;English;PG-13;Drama;Music;Romance;33000000,0;35057332,0;19000;2010;2057332,0;6,2;Moyen (6-7)
Snakes on a Plane ;tt0417148;2006;105;5,6;115649;David R. Ellis;Lin Shaye;Kenan Thompson;Rachel Blanchard;Germany;English;R;Action;Adventure;Crime;33000000,0;34014398,0;4000;2000;1014398,0;3,1;Faible (<6)
The Watcher ;tt0204626;2000;97;5,3;22220;Joe Charbanic;Keanu Reeves;Joseph Sikora;Chris Ellis;USA;English;R;Crime;Horror;Mystery;33000000,0;28927720,0;463;2000;-4072280,0;-12,3;Faible (<6)
The Punisher ;tt0330793;2004;140;6,5;124242;Jonathan Hensleigh;Laura Harring;Marco St. John;Eddie Jemison;USA;English;R;Action;Crime;Drama;33000000,0;33682273,0;4000;2000;682273,0;2,1;Moyen (6-7)
Goal! The Dream Begins ;tt0380389;2005;118;6,8;50919;Danny Cannon;Sean Pertwee;Kuno Becker;Stephen Dillane;USA;English;PG-13;Drama;Romance;Sport;10000000,0;4280577,0;0;2000;-5719423,0;-57,2;Moyen (6-7)
Safe ;tt1656190;2012;94;6,5;83097;Boaz Yakin;Jason Statham;Reggie Lee;Robert John Burke;USA;English;R;Action;Crime;Thriller;30000000,0;17120019,0;12000;2010;-12879981,0;-42,9;Moyen (6-7)
Pushing Tin ;tt0120797;1999;124;6,0;24826;Mike Newell;Angelina Jolie Pitt;Kurt Fuller;Jake Weber;USA;English;R;Comedy;Drama;Romance;38000000,0;8406264,0;783;1990;-29593736,0;-77,9;Moyen (6-7)
Star Wars: Episode VI - Return of the Jedi ;tt0086190;1983;134;8,4;681857;Richard Marquand;Harrison Ford;Ian McDiarmid;Kenny Baker;USA;English;PG;Action;Adventure;Fantasy;32500000,0;309125409,0;14000;1980;276625409,0;851,2;Excellent (8+)
Doomsday ;tt0483607;2008;113;6,0;62770;Neil Marshall;Ryan Kruger;Jason Cope;Jeremy Crutchley;UK;English;R;Action;Sci-Fi;Thriller;30000000,0;10955425,0;0;2000;-19044575,0;-63,5;Moyen (6-7)
The Reader ;tt0976051;2008;124;7,6;189812;Stephen Daldry;Kate Winslet;David Kross;Susanne Lothar;USA;English;R;Drama;Romance;;32000000,0;34180954,0;15000;2000;2180954,0;6,8;Bon (7-8)
Wanderlust ;tt1655460;2012;98;5,6;62198;David Wain;Justin Theroux;Lauren Ambrose;Joe Lo Truglio;USA;English;R;Comedy;;;;17225675,0;0;2010;;;Faible (<6)
Elf ;tt0319343;2003;97;6,9;147597;Jon Favreau;Peter Dinklage;Zooey Deschanel;Will Ferrell;USA;English;PG;Comedy;Family;Fantasy;33000000,0;173381405,0;21000;2000;140381405,0;425,4;Moyen (6-7)
Phenomenon ;tt0117333;1996;123;6,4;63839;Jon Turteltaub;Robert Duvall;Kyra Sedgwick;David Gallagher;USA;English;PG;Drama;Fantasy;Romance;32000000,0;104632573,0;0;1990;72632573,0;227,0;Moyen (6-7)
Snow Dogs ;tt0281373;2002;99;5,1;20219;Brian Levant;James Coburn;Nichelle Nichols;M. Emmet Walsh;Canada;English;PG;Adventure;Comedy;Family;35000000,0;81150692,0;0;2000;46150692,0;131,9;Faible (<6)
Scrooged ;tt0096061;1988;101;7,0;61396;Richard Donner;Bill Murray;Alfre Woodard;Robert Mitchum;USA;English;PG-13;Comedy;Drama;Fantasy;32000000,0;60328558,0;11000;1980;28328558,0;88,5;Bon (7-8)
Nacho Libre ;tt0457510;2006;92;5,7;65551;Jared Hess;Ana de la Reguera;Moises Arias;Héctor Jiménez;Germany;English;PG;Comedy;Family;Sport;32000000,0;80197993,0;0;2000;48197993,0;150,6;Faible (<6)
Bridesmaids ;tt1478338;2011;131;6,8;218711;Paul Feig;Matt Lucas;Wendi McLendon-Covey;Steve Bannos;USA;English;R;Comedy;Romance;;32500000,0;169076745,0;27000;2010;136576745,0;420,2;Moyen (6-7)
This Is the End ;tt1245492;2013;107;6,7;310540;Evan Goldberg;Channing Tatum;James Franco;Emma Watson;USA;English;R;Comedy;Fantasy;;32000000,0;101470202,0;97000;2010;69470202,0;217,1;Moyen (6-7)
Stigmata ;tt0145531;1999;103;6,2;54390;Rupert Wainwright;Nia Long;Enrico Colantoni;Portia de Rossi;USA;English;R;Horror;;;29000000,0;50041732,0;0;1990;21041732,0;72,6;Moyen (6-7)
Men of Honor ;tt0203019;2000;129;7,2;89424;George Tillman Jr.;Robert De Niro;Charlize Theron;Michael Rapaport;USA;English;R;Biography;Drama;;32000000,0;48814909,0;0;2000;16814909,0;52,5;Bon (7-8)
Takers ;tt1135084;2010;107;6,2;46961;John Luessenhop;Paul Walker;Hayden Christensen;Jay Hernandez;USA;English;PG-13;Action;Crime;Thriller;20000000,0;57744720,0;0;2010;37744720,0;188,7;Moyen (6-7)
The Big Wedding ;tt1931435;2013;89;5,6;37493;Justin Zackham;Robin Williams;Robert De Niro;Topher Grace;USA;English;R;Comedy;;;35000000,0;21784432,0;0;2010;-13215568,0;-37,8;Faible (<6)
Big Mommas: Like Father, Like Son ;tt1464174;2011;113;4,4;19671;John Whitesell;Brandon T. Jackson;Tony Curran;Portia Doubleday;USA;English;PG-13;Action;Comedy;Crime;32000000,0;37911876,0;0;2010;5911876,0;18,5;Faible (<6)
Source Code ;tt0945513;2011;93;7,5;379462;Duncan Jones;Jake Gyllenhaal;Cas Anvar;Russell Peters;USA;English;PG-13;Mystery;Sci-Fi;Thriller;32000000,0;54696902,0;56000;2010;22696902,0;70,9;Bon (7-8)
Alive ;tt0106246;1993;120;7,1;38949;Frank Marshall;Illeana Douglas;Danny Nucci;Michael DeLorenzo;USA;English;R;Adventure;Biography;Drama;32000000,0;36733909,0;0;1990;4733909,0;14,8;Bon (7-8)
The Number 23 ;tt0481369;2007;98;6,4;164608;Joel Schumacher;Logan Lerman;Virginia Madsen;Ed Lauter;USA;English;R;Mystery;Thriller;;32000000,0;35063732,0;10000;2000;3063732,0;9,6;Moyen (6-7)
The Young and Prodigious T.S. Spivet ;tt1981107;2013;105;7,1;11347;Jean-Pierre Jeunet;Callum Rennie;Julian Richings;Judy Davis;France;English;PG;Action;Adventure;Drama;33000000,0;99462,0;5000;2010;-32900538,0;-99,7;Bon (7-8)
1941 ;tt0078723;1979;142;5,9;25193;Steven Spielberg;Christopher Lee;John Belushi;Treat Williams;USA;English;PG;Action;Comedy;War;35000000,0;;2000;1970;;;Faible (<6)
Dreamer: Inspired by a True Story ;tt0418647;2005;98;6,9;10018;John Gatins;Ken Howard;Freddy Rodríguez;Holmes Osborne;USA;English;PG;Drama;Family;Sport;32000000,0;32701088,0;0;2000;701088,0;2,2;Moyen (6-7)
A History of Violence ;tt0399146;2005;96;7,5;186606;David Cronenberg;Viggo Mortensen;Kyle Schmid;William Hurt;USA;English;R;Crime;Drama;Thriller;32000000,0;31493782,0;0;2000;-506218,0;-1,6;Bon (7-8)
Transporter 2 ;tt0388482;2005;87;6,3;156267;Louis Leterrier;Jason Statham;Jason Flemyng;Matthew Modine;France;English;PG-13;Action;Crime;Thriller;32000000,0;43095600,0;0;2000;11095600,0;34,7;Moyen (6-7)
The Quick and the Dead ;tt0114214;1995;107;6,4;69197;Sam Raimi;Leonardo DiCaprio;Pat Hingle;Roberts Blossom;Japan;English;R;Action;Thriller;Western;32000000,0;18636537,0;0;1990;-13363463,0;-41,8;Moyen (6-7)
Laws of Attraction ;tt0323033;2004;90;5,9;18771;Peter Howitt;Frances Fisher;Mike Doyle;Nora Dunn;Ireland;English;PG-13;Comedy;Romance;;28000000,0;17848322,0;702;2000;-10151678,0;-36,3;Faible (<6)
Bringing Out the Dead ;tt0163988;1999;121;6,8;53028;Martin Scorsese;Nicolas Cage;Marc Anthony;Sonja Sohn;USA;English;R;Drama;Thriller;;55000000,0;16640210,0;0;1990;-38359790,0;-69,7;Moyen (6-7)
Repo Men ;tt1053424;2010;119;6,3;87768;Miguel Sapochnik;Alice Braga;RZA;Yvette Nicole Brown;USA;English;R;Action;Crime;Sci-Fi;32000000,0;13763130,0;12000;2010;-18236870,0;-57,0;Moyen (6-7)
Dragon Wars: D-War ;tt0372873;2007;107;3,6;21506;Hyung-rae Shim;Robert Forster;Aimee Garcia;Chris Mulkey;South Korea;English;PG-13;Action;Drama;Fantasy;35000000,0;10956379,0;0;2000;-24043621,0;-68,7;Faible (<6)
Bogus ;tt0115725;1996;110;5,3;5176;Norman Jewison;Haley Joel Osment;Nancy Travis;Andrea Martin;USA;English;PG;Comedy;Family;Fantasy;30000000,0;4357000,0;350;1990;-25643000,0;-85,5;Faible (<6)
The Incredible Burt Wonderstone ;tt0790628;2013;100;5,9;60596;Don Scardino;Steve Buscemi;Olivia Wilde;Steve Carell;USA;English;PG-13;Comedy;;;30000000,0;22525921,0;13000;2010;-7474079,0;-24,9;Faible (<6)
Cats Don't Dance ;tt0118829;1997;75;6,9;5600;Mark Dindal;George Kennedy;Frank Welker;Hal Holbrook;USA;English;G;Animation;Comedy;Family;32000000,0;3562749,0;643;1990;-28437251,0;-88,9;Moyen (6-7)
Cradle Will Rock ;tt0150216;1999;132;6,9;8039;Tim Robbins;Bill Murray;Vanessa Redgrave;Emily Watson;USA;English;R;Drama;;;32000000,0;2899970,0;625;1990;-29100030,0;-90,9;Moyen (6-7)
The Good German ;tt0452624;2006;105;6,1;21481;Steven Soderbergh;Tony Curran;Beau Bridges;Leland Orser;USA;English;R;Drama;Mystery;Thriller;32000000,0;1304837,0;559;2000;-30695163,0;-95,9;Moyen (6-7)
George and the Dragon ;tt0306892;2004;93;5,7;3088;Tom Reeve;Joan Plowright;Rollo Weeks;Simon Callow;USA;English;PG;Action;Adventure;Comedy;32000000,0;;290;2000;;;Faible (<6)
Apocalypse Now ;tt0078788;1979;289;8,5;450676;Francis Ford Coppola;Harrison Ford;Marlon Brando;Robert Duvall;USA;English;R;Drama;War;;31500000,0;78800000,0;19000;1970;47300000,0;150,2;Excellent (8+)
Going the Distance ;tt1322312;2010;102;6,3;50523;Nanette Burstein;Rob Riggle;Kelli Garner;Jim Gaffigan;USA;English;R;Comedy;Romance;;32000000,0;17797316,0;0;2010;-14202684,0;-44,4;Moyen (6-7)
Mr. Holland's Opus ;tt0113862;1995;143;7,3;30230;Stephen Herek;Alicia Witt;Olympia Dukakis;Jean Louisa Kelly;USA;English;PG;Drama;Music;;6500000,0;82528097,0;0;1990;76028097,0;1169,7;Bon (7-8)
Criminal ;tt3014866;2016;113;6,3;17319;Ariel Vromen;Gary Oldman;Jordi Mollà;Doug Cockle;UK;English;R;Action;Crime;Drama;31500000,0;14268533,0;0;2010;-17231467,0;-54,7;Moyen (6-7)
Out of Africa ;tt0089755;1985;161;7,2;52339;Sydney Pollack;Meryl Streep;Michael Gough;Michael Kitchen;USA;English;PG;Biography;Drama;Romance;31000000,0;87100000,0;0;1980;56100000,0;181,0;Bon (7-8)
Flight ;tt1907668;2012;138;7,3;264047;Robert Zemeckis;Denzel Washington;Bruce Greenwood;Nadine Velazquez;USA;English;R;Drama;Thriller;;31000000,0;93749203,0;64000;2010;62749203,0;202,4;Bon (7-8)
Moonraker ;tt0079574;1979;126;6,3;69534;Lewis Gilbert;Desmond Llewelyn;Lois Chiles;Lois Maxwell;UK;English;PG;Action;Adventure;Sci-Fi;34000000,0;62700000,0;0;1970;28700000,0;84,4;Moyen (6-7)
The Grand Budapest Hotel ;tt2278388;2014;99;8,1;475518;Wes Anderson;Bill Murray;Tom Wilkinson;F. Murray Abraham;USA;English;R;Adventure;Comedy;Crime;25000000,0;59073773,0;149000;2010;34073773,0;136,3;Excellent (8+)
Hearts in Atlantis ;tt0252501;2001;101;6,9;30339;Scott Hicks;Anthony Hopkins;Mika Boorem;Hope Davis;USA;English;PG-13;Drama;Mystery;;31000000,0;24185781,0;0;2000;-6814219,0;-22,0;Moyen (6-7)
Arachnophobia ;tt0099052;1990;103;6,3;50389;Frank Marshall;Julian Sands;Peter Jason;Brian McNamara;USA;English;PG-13;Comedy;Fantasy;Horror;31000000,0;53133888,0;0;1990;22133888,0;71,4;Moyen (6-7)
Frequency ;tt0186151;2000;118;7,3;81866;Gregory Hoblit;Dennis Quaid;Andre Braugher;Noah Emmerich;USA;English;PG-13;Crime;Drama;Mystery;31000000,0;44983704,0;0;2000;13983704,0;45,1;Bon (7-8)
Vacation ;tt1524930;2015;99;6,1;66123;John Francis Daley;Chris Hemsworth;Norman Reedus;Beverly D'Angelo;USA;English;R;Adventure;Comedy;;31000000,0;58879132,0;28000;2010;27879132,0;89,9;Moyen (6-7)
Get Shorty ;tt0113161;1995;105;6,9;62986;Barry Sonnenfeld;Delroy Lindo;Rene Russo;Jon Gries;USA;English;R;Comedy;Crime;Thriller;30250000,0;72077000,0;0;1990;41827000,0;138,3;Moyen (6-7)
Chicago ;tt0299658;2002;113;7,2;172080;Rob Marshall;Colm Feore;Chita Rivera;Jayne Eastwood;USA;English;PG-13;Comedy;Crime;Musical;45000000,0;170684505,0;0;2000;125684505,0;279,3;Bon (7-8)
Big Daddy ;tt0142342;1999;93;6,4;161858;Dennis Dugan;Steve Buscemi;Adam Sandler;Joey Lauren Adams;USA;English;PG-13;Comedy;Drama;;34200000,0;163479795,0;0;1990;129279795,0;378,0;Moyen (6-7)
American Pie 2 ;tt0252866;2001;108;6,4;200260;J.B. Rogers;Alyson Hannigan;Shannon Elizabeth;Natasha Lyonne;USA;English;R;Comedy;;;30000000,0;145096820,0;0;2000;115096820,0;383,7;Moyen (6-7)
Toy Story ;tt0114709;1995;74;8,3;623757;John Lasseter;Tom Hanks;John Ratzenberger;Jim Varney;USA;English;G;Adventure;Animation;Comedy;30000000,0;191796233,0;0;1990;161796233,0;539,3;Excellent (8+)
Speed ;tt0111257;1994;116;7,2;260981;Jan de Bont;Keanu Reeves;Alan Ruck;Joe Morton;USA;English;R;Action;Adventure;Crime;25000000,0;121248145,0;0;1990;96248145,0;385,0;Bon (7-8)
The Vow ;tt1606389;2012;104;6,8;145852;Michael Sucsy;Channing Tatum;Lucas Bryant;Dillon Casey;USA;English;PG-13;Drama;Romance;;30000000,0;125014030,0;32000;2010;95014030,0;316,7;Moyen (6-7)
Extraordinary Measures ;tt1244659;2010;106;6,5;14281;Tom Vaughan;Harrison Ford;Brendan Fraser;Alan Ruck;USA;English;PG;Drama;;;31000000,0;11854694,0;0;2010;-19145306,0;-61,8;Moyen (6-7)
Remember the Titans ;tt0210945;2000;120;7,8;160776;Boaz Yakin;Ryan Gosling;Denzel Washington;Ethan Suplee;USA;English;PG;Biography;Drama;Sport;30000000,0;115648585,0;0;2000;85648585,0;285,5;Bon (7-8)
The Hunt for Red October ;tt0099810;1990;135;7,6;143696;John McTiernan;Scott Glenn;Jeffrey Jones;Courtney B. Vance;USA;English;PG;Action;Adventure;Thriller;30000000,0;122012643,0;0;1990;92012643,0;306,7;Bon (7-8)
Lee Daniels' The Butler ;tt1327773;2013;132;7,2;87665;Lee Daniels;Alex Pettyfer;David Oyelowo;Vanessa Redgrave;USA;English;PG-13;Biography;Drama;;30000000,0;116631310,0;41000;2010;86631310,0;288,8;Bon (7-8)
Dodgeball: A True Underdog Story ;tt0364725;2004;92;6,7;185338;Rawson Marshall Thurber;Gary Cole;Stephen Root;Joel David Moore;USA;English;PG-13;Comedy;Sport;;20000000,0;114324072,0;0;2000;94324072,0;471,6;Moyen (6-7)
The Addams Family ;tt0101272;1991;99;6,8;96607;Barry Sonnenfeld;Anjelica Huston;Raul Julia;Carel Struycken;USA;English;PG-13;Comedy;Fantasy;;38000000,0;113502246,0;5000;1990;75502246,0;198,7;Moyen (6-7)
Ace Ventura: When Nature Calls ;tt0112281;1995;90;6,3;160321;Steve Oedekerk;Bruce Spence;Bob Gunton;Sophie Okonedo;USA;English;PG-13;Adventure;Comedy;;30000000,0;108360000,0;0;1990;78360000,0;261,2;Moyen (6-7)
The Princess Diaries ;tt0247638;2001;111;6,2;94049;Garry Marshall;Anne Hathaway;Hector Elizondo;Heather Matarazzo;USA;English;G;Comedy;Family;Romance;37000000,0;108244774,0;0;2000;71244774,0;192,6;Moyen (6-7)
The First Wives Club ;tt0116313;1996;103;6,2;31817;Hugh Wilson;Stockard Channing;Elizabeth Berkley;Stephen Collins;USA;English;PG;Comedy;;;26000000,0;105444419,0;0;1990;79444419,0;305,6;Moyen (6-7)
Se7en ;tt0114369;1995;127;8,6;1023511;David Fincher;Morgan Freeman;Brad Pitt;Reg E. Cathey;USA;English;R;Crime;Drama;Mystery;33000000,0;100125340,0;39000;1990;67125340,0;203,4;Excellent (8+)
District 9 ;tt1136608;2009;112;8,0;531737;Neill Blomkamp;Sharlto Copley;Jed Brophy;Jason Cope;South Africa;English;R;Action;Sci-Fi;Thriller;30000000,0;115646235,0;22000;2000;85646235,0;285,5;Excellent (8+)
The SpongeBob SquarePants Movie ;tt0345950;2004;87;7,0;58906;Stephen Hillenburg;Scarlett Johansson;Bill Fagerbakke;Rodger Bumpass;USA;English;PG;Adventure;Animation;Comedy;30000000,0;85416609,0;0;2000;55416609,0;184,7;Bon (7-8)
Mystic River ;tt0327056;2003;138;8,0;338415;Clint Eastwood;John Doman;Spencer Treat Clark;Tom Guiry;USA;English;R;Crime;Drama;Mystery;25000000,0;90135191,0;12000;2000;65135191,0;260,5;Excellent (8+)
Million Dollar Baby ;tt0405159;2004;132;8,1;482064;Clint Eastwood;Clint Eastwood;Morgan Freeman;Mike Colter;USA;English;PG-13;Drama;Sport;;30000000,0;100422786,0;14000;2000;70422786,0;234,7;Excellent (8+)
Analyze This ;tt0122933;1999;103;6,7;123940;Harold Ramis;Robert De Niro;Chazz Palminteri;Molly Shannon;USA;English;R;Comedy;Crime;;30000000,0;106694016,0;0;1990;76694016,0;255,6;Moyen (6-7)
The Notebook ;tt0332280;2004;123;7,9;396396;Nick Cassavetes;Ryan Gosling;Kevin Connolly;Gena Rowlands;USA;English;PG-13;Drama;Romance;;29000000,0;64286,0;57000;2000;-28935714,0;-99,8;Bon (7-8)
27 Dresses ;tt0988595;2008;111;6,1;124501;Anne Fletcher;Judy Greer;Bern Cohen;Yetta Gottesman;USA;English;PG-13;Comedy;Romance;;30000000,0;76806312,0;0;2000;46806312,0;156,0;Moyen (6-7)
Hannah Montana: The Movie ;tt1114677;2009;102;4,2;31760;Peter Chelsom;Emily Osment;Vanessa Williams;Moises Arias;USA;English;G;Comedy;Drama;Family;30000000,0;79566871,0;0;2000;49566871,0;165,2;Faible (<6)
Rugrats in Paris: The Movie ;tt0213203;2000;78;6,1;8146;Stig Bergqvist;Elizabeth Daily;Casey Kasem;Debbie Reynolds;Germany;English;G;Adventure;Animation;Comedy;30000000,0;76501438,0;181;2000;46501438,0;155,0;Moyen (6-7)
The Prince of Tides ;tt0102713;1991;132;6,6;12549;Barbra Streisand;George Carlin;Blythe Danner;Melinda Dillon;USA;English;R;Drama;Romance;;30000000,0;74787599,0;883;1990;44787599,0;149,3;Moyen (6-7)
Legends of the Fall ;tt0110322;1994;133;7,5;112175;Edward Zwick;Anthony Hopkins;Brad Pitt;Julia Ormond;USA;English;R;Drama;Romance;War;30000000,0;66528842,0;11000;1990;36528842,0;121,8;Bon (7-8)
Up in the Air ;tt1193138;2009;108;7,4;270238;Jason Reitman;J.K. Simmons;Anna Kendrick;Chris Lowell;USA;English;R;Drama;Romance;;25000000,0;83813460,0;19000;2000;58813460,0;235,3;Bon (7-8)
About Schmidt ;tt0257360;2002;125;7,2;107557;Alexander Payne;Hope Davis;June Squibb;Howard Hesseman;USA;English;R;Comedy;Drama;;30000000,0;65010106,0;0;2000;35010106,0;116,7;Bon (7-8)
Warm Bodies ;tt1588173;2013;98;6,9;184641;Jonathan Levine;Cory Hardrict;Vincent Leclerc;Daniel Rindress-Kay;USA;English;PG-13;Comedy;Horror;Romance;35000000,0;66359959,0;81000;2010;31359959,0;89,6;Moyen (6-7)
Looper ;tt1276104;2012;119;7,4;428916;Rian Johnson;Joseph Gordon-Levitt;Bruce Willis;Tracie Thoms;USA;English;R;Action;Crime;Drama;30000000,0;66468315,0;75000;2010;36468315,0;121,6;Bon (7-8)
Down to Earth ;tt0231775;2001;87;5,4;19079;Chris Weitz;Chazz Palminteri;Mark Addy;Wanda Sykes;USA;English;PG-13;Comedy;Fantasy;;30000000,0;64172251,0;602;2000;34172251,0;113,9;Faible (<6)
Babe ;tt0112431;1995;91;6,8;94435;Chris Noonan;Miriam Margolyes;Christine Cavanaugh;Roscoe Lee Browne;Australia;English;G;Comedy;Drama;Family;30000000,0;66600000,0;5000;1990;36600000,0;122,0;Moyen (6-7)
Hope Springs ;tt1535438;2012;100;6,3;34258;David Frankel;Meryl Streep;Steve Carell;Jean Smart;USA;English;PG-13;Comedy;Drama;Romance;30000000,0;63536011,0;0;2010;33536011,0;111,8;Moyen (6-7)
Forgetting Sarah Marshall ;tt0800039;2008;118;7,2;217507;Nicholas Stoller;Mila Kunis;Jack McBrayer;Maria Thayer;USA;English;R;Comedy;Drama;Romance;30000000,0;62877175,0;0;2000;32877175,0;109,6;Bon (7-8)
Four Brothers ;tt0430105;2005;109;6,9;109894;John Singleton;Josh Charles;Tony Nappo;Fionnula Flanagan;USA;English;R;Action;Crime;Drama;45000000,0;74484168,0;0;2000;29484168,0;65,5;Moyen (6-7)
Baby Mama ;tt0871426;2008;99;6,0;34079;Michael McCullers;Tina Fey;Amy Poehler;Romany Malco;USA;English;PG-13;Comedy;Romance;;30000000,0;60269340,0;0;2000;30269340,0;100,9;Moyen (6-7)
Hope Floats ;tt0119313;1998;114;5,9;18973;Forest Whitaker;Bill Cobbs;Harry Connick Jr.;Gena Rowlands;USA;English;PG-13;Drama;Romance;;30000000,0;60033780,0;0;1990;30033780,0;100,1;Faible (<6)
Bride Wars ;tt0901476;2009;89;5,4;79094;Gary Winick;Anne Hathaway;Steve Howey;Candice Bergen;USA;English;PG;Comedy;Romance;;30000000,0;58715510,0;0;2000;28715510,0;95,7;Faible (<6)
Without a Paddle ;tt0364751;2004;95;5,9;37479;Steven Brill;Antony Starr;Scott Adsit;Bonnie Somerville;USA;English;PG-13;Adventure;Comedy;Mystery;19000000,0;58156435,0;0;2000;39156435,0;206,1;Faible (<6)
13 Going on 30 ;tt0337563;2004;98;6,1;122187;Gary Winick;Jennifer Garner;Judy Greer;Christa B. Allen;USA;English;PG-13;Comedy;Fantasy;Romance;37000000,0;56044241,0;0;2000;19044241,0;51,5;Moyen (6-7)
Midnight in Paris ;tt1605783;2011;94;7,7;301149;Woody Allen;Kurt Fuller;Audrey Fleurot;Nina Arianda;Spain;English;PG-13;Comedy;Fantasy;Romance;17000000,0;56816662,0;78000;2010;39816662,0;234,2;Bon (7-8)
The Nut Job ;tt1821658;2014;85;5,8;19547;Peter Lepeniotis;Liam Neeson;Brendan Fraser;Sarah Gadon;Canada;English;PG;Adventure;Animation;Comedy;42000000,0;64238770,0;0;2010;22238770,0;52,9;Faible (<6)
Blow ;tt0221027;2001;124;7,6;198066;Ted Demme;Johnny Depp;Ethan Suplee;Jordi Mollà;USA;English;R;Biography;Crime;Drama;30000000,0;52937130,0;13000;2000;22937130,0;76,5;Bon (7-8)
Message in a Bottle ;tt0139462;1999;131;6,1;28942;Luis Mandoki;Robin Wright;John Savage;Raphael Sbarge;USA;English;PG-13;Drama;Romance;;55000000,0;52799004,0;0;1990;-2200996,0;-4,0;Moyen (6-7)
Star Trek V: The Final Frontier ;tt0098382;1989;107;5,4;43743;William Shatner;Leonard Nimoy;Nichelle Nichols;Walter Koenig;USA;English;PG;Action;Adventure;Sci-Fi;27800000,0;55210049,0;0;1980;27410049,0;98,6;Faible (<6)
Like Mike ;tt0308506;2002;99;5,1;15074;John Schultz;Brenda Song;Robert Forster;Anne Meara;USA;English;PG;Comedy;Family;Fantasy;30000000,0;51432423,0;1000;2000;21432423,0;71,4;Faible (<6)
Naked Gun 33 1/3: The Final Insult ;tt0110622;1994;83;6,4;76850;Peter Segal;George Kennedy;Fred Ward;Priscilla Presley;USA;English;PG-13;Comedy;Crime;;30000000,0;51109400,0;1000;1990;21109400,0;70,4;Moyen (6-7)
A View to a Kill ;tt0090264;1985;131;6,3;68565;John Glen;Patrick Macnee;Alison Doody;Tanya Roberts;UK;English;PG;Action;Adventure;Thriller;30000000,0;50300000,0;0;1980;20300000,0;67,7;Moyen (6-7)
The Curse of the Were-Rabbit ;tt0312004;2005;85;7,5;98160;Steve Box;Mark Gatiss;Geraldine McEwan;Peter Sallis;UK;English;G;Animation;Comedy;Family;30000000,0;56068547,0;0;2000;26068547,0;86,9;Bon (7-8)
P.S. I Love You ;tt0431308;2007;126;7,1;167967;Richard LaGravenese;Gerard Butler;Harry Connick Jr.;Nellie McKay;USA;English;PG-13;Drama;Romance;;30000000,0;53680848,0;20000;2000;23680848,0;78,9;Bon (7-8)
Racing Stripes ;tt0376105;2005;102;5,2;12570;Frederik Du Chau;Bruce Greenwood;Frankie Muniz;M. Emmet Walsh;USA;English;PG;Adventure;Comedy;Drama;;49186871,0;771;2000;;;Faible (<6)
Atonement ;tt0783233;2007;123;7,8;192930;Joe Wright;Benedict Cumberbatch;Alfie Allen;Brenda Blethyn;UK;English;R;Drama;Mystery;Romance;30000000,0;50921738,0;12000;2000;20921738,0;69,7;Bon (7-8)
Letters to Juliet ;tt0892318;2010;105;6,5;74630;Gary Winick;Vanessa Redgrave;Marcia DeBonis;Luisa Ranieri;USA;English;PG;Comedy;Drama;Romance;30000000,0;53021560,0;13000;2010;23021560,0;76,7;Moyen (6-7)
Black Rain ;tt0096933;1989;125;6,6;39306;Ridley Scott;Stephen Root;Ken Takakura;Kate Capshaw;USA;English;R;Action;Crime;Thriller;30000000,0;45645204,0;0;1980;15645204,0;52,2;Moyen (6-7)
The Three Stooges ;tt0383010;2012;92;5,1;25484;Bobby Farrelly;Kate Upton;Larry David;Sean Hayes;USA;English;PG;Comedy;;;;44328238,0;13000;2010;;;Faible (<6)
Corpse Bride ;tt0121164;2005;77;7,4;188785;Tim Burton;Johnny Depp;Christopher Lee;Joanna Lumley;USA;English;PG;Animation;Drama;Family;40000000,0;53337608,0;0;2000;13337608,0;33,3;Bon (7-8)
Glory Road ;tt0385726;2006;118;7,2;34910;James Gartner;Mehcad Brooks;Austin Nichols;Derek Luke;USA;English;PG;Biography;Drama;Sport;;42643187,0;0;2000;;;Bon (7-8)
Sicario ;tt3397884;2015;121;7,6;196217;Denis Villeneuve;Edgar Arreola;Bernardo Saracino;Daniel Kaluuya;USA;English;R;Action;Crime;Drama;30000000,0;46875468,0;59000;2010;16875468,0;56,3;Bon (7-8)
Southpaw ;tt1798684;2015;124;7,5;147128;Antoine Fuqua;Jake Gyllenhaal;50 Cent;Oona Laurence;USA;English;R;Drama;Sport;;30000000,0;52418902,0;44000;2010;22418902,0;74,7;Bon (7-8)
Drag Me to Hell ;tt1127180;2009;99;6,6;158354;Sam Raimi;Bojana Novakovic;Alison Lohman;Reggie Lee;USA;English;PG-13;Horror;Thriller;;30000000,0;42057340,0;11000;2000;12057340,0;40,2;Moyen (6-7)
The Age of Adaline ;tt1655441;2015;112;7,2;93767;Lee Toland Krieger;Harrison Ford;Michiel Huisman;Ellen Burstyn;USA;English;PG-13;Drama;Fantasy;Romance;25000000,0;42478175,0;34000;2010;17478175,0;69,9;Bon (7-8)
Secondhand Lions ;tt0327137;2003;111;7,6;43378;Tim McCanlies;Haley Joel Osment;Robert Duvall;Emmanuelle Vaugier;USA;English;PG;Comedy;Drama;Family;30000000,0;41407470,0;0;2000;11407470,0;38,0;Bon (7-8)
Step Up 3D ;tt1193631;2010;107;6,2;47297;Jon M. Chu;Alyson Stoner;Stephen Boss;Facundo Lombard;USA;English;PG-13;Drama;Music;Romance;30000000,0;42385520,0;16000;2010;12385520,0;41,3;Moyen (6-7)
Blue Crush ;tt0300532;2002;104;5,6;26066;John Stockwell;Faizon Love;Mika Boorem;Sanoe Lake;USA;English;PG-13;Drama;Romance;Sport;30000000,0;40118420,0;0;2000;10118420,0;33,7;Faible (<6)
Stranger Than Fiction ;tt0420223;2006;113;7,6;186977;Marc Forster;Will Ferrell;Christian Stolte;Danny Rhodes;USA;English;PG-13;Comedy;Drama;Fantasy;38000000,0;40137776,0;13000;2000;2137776,0;5,6;Bon (7-8)
30 Days of Night ;tt0389722;2007;113;6,6;138435;David Slade;Danny Huston;Mark Rendall;Megan Franich;USA;English;R;Horror;;;32000000,0;39568996,0;0;2000;7568996,0;23,7;Moyen (6-7)
The Cabin in the Woods ;tt1259521;2012;95;7,0;277172;Drew Goddard;Chris Hemsworth;Bradley Whitford;Kristen Connolly;USA;English;R;Fantasy;Horror;Mystery;30000000,0;42043633,0;66000;2010;12043633,0;40,1;Bon (7-8)
Meet the Spartans ;tt1073498;2008;86;2,7;88518;Jason Friedberg;Carmen Electra;Diedrich Bader;Method Man;USA;English;PG-13;Comedy;;;30000000,0;38232624,0;0;2000;8232624,0;27,4;Faible (<6)
Midnight Run ;tt0095631;1988;126;7,6;54042;Martin Brest;Robert De Niro;Yaphet Kotto;Philip Baker Hall;USA;English;R;Action;Comedy;Crime;30000000,0;38413606,0;0;1980;8413606,0;28,0;Bon (7-8)
The Running Man ;tt0093894;1987;101;6,6;112669;Paul Michael Glaser;Yaphet Kotto;Maria Conchita Alonso;Richard Dawson;USA;English;R;Action;Crime;Sci-Fi;27000000,0;38122105,0;0;1980;11122105,0;41,2;Moyen (6-7)
Little Shop of Horrors ;tt0091419;1986;102;6,9;49349;Frank Oz;Bill Murray;Jim Belushi;Tisha Campbell-Martin;USA;English;PG-13;Comedy;Horror;Musical;25000000,0;38747385,0;0;1980;13747385,0;55,0;Moyen (6-7)
Hanna ;tt0993842;2011;111;6,8;159198;Joe Wright;Jessica Barden;Vicky Krieps;John Macmillan;USA;English;PG-13;Action;Drama;Thriller;30000000,0;40247512,0;38000;2010;10247512,0;34,2;Moyen (6-7)
Mortal Kombat: Annihilation ;tt0119707;1997;95;3,7;36363;John R. Leonetti;Brian Thompson;Talisa Soto;Robin Shou;USA;English;PG-13;Action;Adventure;Fantasy;30000000,0;35927406,0;1000;1990;5927406,0;19,8;Faible (<6)
Larry Crowne ;tt1583420;2011;98;6,1;49205;Tom Hanks;Tom Hanks;Rob Riggle;Randall Park;USA;English;PG-13;Comedy;Drama;Romance;30000000,0;35565975,0;0;2010;5565975,0;18,6;Moyen (6-7)
Carrie ;tt1939659;2013;100;5,9;108242;Kimberly Peirce;Chloë Grace Moretz;Judy Greer;Portia Doubleday;USA;English;R;Drama;Fantasy;Horror;30000000,0;35266619,0;39000;2010;5266619,0;17,6;Faible (<6)
Take the Lead ;tt0446046;2006;118;6,7;21767;Liz Friedlander;Alfre Woodard;Yaya DaCosta;Jasika Nicole;USA;English;PG-13;Drama;Music;;30000000,0;34703228,0;0;2000;4703228,0;15,7;Moyen (6-7)
Gridiron Gang ;tt0421206;2006;125;6,9;33067;Phil Joanou;Dwayne Johnson;Jurnee Smollett-Bell;Kevin Dunn;USA;English;PG-13;Crime;Drama;Sport;30000000,0;38432823,0;0;2000;8432823,0;28,1;Moyen (6-7)
What's the Worst That Could Happen? ;tt0161083;2001;94;5,5;12466;Sam Weisman;Bernie Mac;Larry Miller;Richard Schiff;USA;English;PG-13;Comedy;Crime;;45000000,0;32095318,0;304;2000;-12904682,0;-28,7;Faible (<6)
9 ;tt0472033;2009;79;7,1;111117;Shane Acker;Martin Landau;Alan Oppenheimer;Tom Kane;USA;English;PG-13;Action;Adventure;Animation;30000000,0;31743332,0;13000;2000;1743332,0;5,8;Bon (7-8)
Side Effects ;tt2053463;2013;106;7,1;148327;Steven Soderbergh;Channing Tatum;David Costabile;Katie Lowes;USA;English;R;Crime;Drama;Thriller;30000000,0;32154410,0;29000;2010;2154410,0;7,2;Bon (7-8)
The Prince and Me ;tt0337697;2004;111;5,9;31984;Martha Coolidge;Devin Ratray;Miranda Richardson;Luke Mably;USA;English;PG;Comedy;Family;Romance;;28165882,0;0;2000;;;Faible (<6)
Winnie the Pooh ;tt1449283;2011;63;7,3;15600;Stephen J. Anderson;Craig Ferguson;Robert Lopez;Huell Howser;USA;English;G;Adventure;Animation;Comedy;30000000,0;26687172,0;0;2010;-3312828,0;-11,0;Bon (7-8)
Dumb and Dumberer: When Harry Met Lloyd ;tt0329028;2003;85;3,4;30651;Troy Miller;Elden Henson;Mimi Rogers;Cheri Oteri;USA;English;PG-13;Comedy;;;19000000,0;26096584,0;1000;2000;7096584,0;37,4;Faible (<6)
Bulworth ;tt0118798;1998;108;6,8;21998;Warren Beatty;Warren Beatty;Kirk Baltz;Graham Beckel;USA;English;R;Comedy;Drama;Romance;30000000,0;26525834,0;0;1990;-3474166,0;-11,6;Moyen (6-7)
Get on Up ;tt2473602;2014;139;6,9;15843;Tate Taylor;Tika Sumpter;Josh Hopkins;Aunjanue Ellis;USA;English;PG-13;Biography;Drama;Music;30000000,0;30513940,0;11000;2010;513940,0;1,7;Moyen (6-7)
One True Thing ;tt0120776;1998;127;7,0;9283;Carl Franklin;Meryl Streep;William Hurt;Tom Everett Scott;USA;English;R;Drama;;;30000000,0;23209440,0;592;1990;-6790560,0;-22,6;Bon (7-8)
Virtuosity ;tt0114857;1995;106;5,5;23579;Brett Leonard;Denzel Washington;Costas Mandylor;Traci Lords;USA;English;R;Action;Crime;Sci-Fi;30000000,0;24048000,0;0;1990;-5952000,0;-19,8;Faible (<6)
My Super Ex-Girlfriend ;tt0465624;2006;95;5,1;53884;Ivan Reitman;Rainn Wilson;Eddie Izzard;Wanda Sykes;USA;English;PG-13;Comedy;Romance;Sci-Fi;30000000,0;22526144,0;1000;2000;-7473856,0;-24,9;Faible (<6)
Deliver Us from Evil ;tt2377322;2014;118;6,2;54447;Scott Derrickson;Olivia Munn;Dorian Missick;Edgar Ramírez;USA;English;R;Horror;Mystery;Thriller;30000000,0;30523568,0;18000;2010;523568,0;1,7;Moyen (6-7)
Sanctum ;tt0881320;2011;108;5,9;47003;Alister Grierson;Ioan Gruffudd;Rhys Wakefield;Richard Roxburgh;USA;English;R;Adventure;Drama;Thriller;30000000,0;23070045,0;11000;2010;-6929955,0;-23,1;Faible (<6)
Little Black Book ;tt0361841;2004;105;5,2;15052;Nick Hurran;Holly Hunter;Kevin Sussman;Dave Annable;USA;English;PG-13;Comedy;Drama;Romance;35000000,0;20422207,0;484;2000;-14577793,0;-41,7;Faible (<6)
The Five-Year Engagement ;tt1195478;2012;131;6,2;78974;Nicholas Stoller;Alison Brie;Jacki Weaver;David Paymer;USA;English;R;Comedy;Romance;;30000000,0;28644770,0;11000;2010;-1355230,0;-4,5;Moyen (6-7)
Mr 3000 ;tt0339412;2004;104;5,5;12164;Charles Stone III;Bernie Mac;Chris Noth;Paul Sorvino;USA;English;PG-13;Comedy;Drama;Romance;30000000,0;21800302,0;491;2000;-8199698,0;-27,3;Faible (<6)
The Next Three Days ;tt1458175;2010;133;7,4;146364;Paul Haggis;Olivia Wilde;Daniel Stern;Aisha Hinds;USA;English;PG-13;Crime;Drama;Romance;35000000,0;21129348,0;27000;2010;-13870652,0;-39,6;Bon (7-8)
Ultraviolet ;tt0370032;2006;94;4,4;70341;Kurt Wimmer;Milla Jovovich;Cameron Bright;Nick Chinlund;USA;English;PG-13;Action;Horror;Sci-Fi;30000000,0;18500966,0;0;2000;-11499034,0;-38,3;Faible (<6)
Assault on Precinct 13 ;tt0398712;2005;109;6,3;65979;Jean-François Richet;Brian Dennehy;Drea de Matteo;Hugh Dillon;USA;English;R;Action;Crime;Drama;20000000,0;19976073,0;999;2000;-23927,0;-0,1;Moyen (6-7)
The Replacement Killers ;tt0120008;1998;96;6,1;23345;Antoine Fuqua;Mira Sorvino;Clifton Collins Jr.;Patrick Kilpatrick;USA;English;R;Action;Crime;Thriller;30000000,0;18967571,0;629;1990;-11032429,0;-36,8;Moyen (6-7)
Fled ;tt0116320;1996;105;5,3;7073;Kevin Hooks;Salma Hayek;Stephen Baldwin;Will Patton;USA;English;R;Action;Adventure;Crime;25000000,0;17100000,0;204;1990;-7900000,0;-31,6;Faible (<6)
Eight Legged Freaks ;tt0271367;2002;99;5,4;43764;Ellory Elkayem;Scarlett Johansson;Doug E. Doug;Riley Smith;USA;English;PG-13;Action;Comedy;Horror;30000000,0;17266505,0;0;2000;-12733495,0;-42,4;Faible (<6)
Love & Other Drugs ;tt0758752;2010;112;6,7;143368;Edward Zwick;Jake Gyllenhaal;Anne Hathaway;Judy Greer;USA;English;R;Comedy;Drama;Romance;30000000,0;32357532,0;24000;2010;2357532,0;7,9;Moyen (6-7)
88 Minutes ;tt0411061;2007;108;5,9;65628;Jon Avnet;Al Pacino;Alicia Witt;Deborah Kara Unger;USA;English;R;Crime;Drama;Mystery;30000000,0;16930884,0;0;2000;-13069116,0;-43,6;Faible (<6)
North Country ;tt0395972;2005;126;7,3;32815;Niki Caro;Jeremy Renner;Charlize Theron;Sissy Spacek;USA;English;R;Drama;;;35000000,0;18324242,0;0;2000;-16675758,0;-47,6;Bon (7-8)
The Whole Ten Yards ;tt0327247;2004;98;5,5;45775;Howard Deutch;Bruce Willis;Matthew Perry;Natasha Henstridge;USA;English;PG-13;Comedy;Crime;Thriller;40000000,0;16323969,0;462;2000;-23676031,0;-59,2;Faible (<6)
Splice ;tt1017460;2009;104;5,8;79517;Vincenzo Natali;Sarah Polley;David Hewlett;Delphine Chanéac;Canada;English;R;Drama;Horror;Sci-Fi;26000000,0;16999046,0;12000;2000;-9000954,0;-34,6;Faible (<6)
Howard the Duck ;tt0091225;1986;110;4,6;33669;Willard Huyck;Lea Thompson;Jeffrey Jones;Jordan Prentice;USA;English;PG;Action;Adventure;Comedy;35000000,0;16295774,0;0;1980;-18704226,0;-53,4;Faible (<6)
Pride and Glory ;tt0482572;2008;130;6,7;53053;Gavin O'Connor;Jennifer Ehle;Rick Gonzalez;Frank Grillo;USA;English;R;Crime;Drama;Thriller;30000000,0;15709385,0;0;2000;-14290615,0;-47,6;Moyen (6-7)
The Cave ;tt0402901;2005;93;5,1;28606;Bruce Hunt;Eddie Cibrian;Cole Hauser;Marcel Iures;USA;English;PG-13;Adventure;Horror;Thriller;30000000,0;14888028,0;0;2000;-15111972,0;-50,4;Faible (<6)
Alex & Emma ;tt0318283;2003;96;5,6;11520;Rob Reiner;David Paymer;Lobo Sebastian;Robert Costanzo;USA;English;PG-13;Comedy;Romance;;30000000,0;14208384,0;625;2000;-15791616,0;-52,6;Faible (<6)
Wicker Park ;tt0324554;2004;114;7,0;44979;Paul McGuigan;Jessica Paré;Christopher Cousins;Mark Camacho;USA;English;PG-13;Drama;Mystery;Romance;30000000,0;12831121,0;0;2000;-17168879,0;-57,2;Bon (7-8)
Fright Night ;tt1438176;2011;106;6,4;85024;Craig Gillespie;Grace Phipps;Reid Ewing;Sandra Vergara;USA;English;R;Comedy;Horror;;30000000,0;18298649,0;23000;2010;-11701351,0;-39,0;Moyen (6-7)
The New World ;tt0402399;2005;150;6,7;70771;Terrence Malick;Christian Bale;Michael Greyeyes;Wes Studi;USA;English;PG-13;Biography;Drama;History;30000000,0;12712093,0;0;2000;-17287907,0;-57,6;Moyen (6-7)
Wing Commander ;tt0131646;1999;100;4,1;14747;Chris Roberts;Saffron Burrows;David Suchet;Jürgen Prochnow;USA;English;PG-13;Action;Adventure;Sci-Fi;30000000,0;11576087,0;858;1990;-18423913,0;-61,4;Faible (<6)
In Dreams ;tt0120710;1999;100;5,5;11003;Neil Jordan;Robert Downey Jr.;Aidan Quinn;Paul Guilfoyle;USA;English;R;Drama;Fantasy;Thriller;30000000,0;11900000,0;654;1990;-18100000,0;-60,3;Faible (<6)
Dragonball: Evolution ;tt1098327;2009;100;2,7;56451;James Wong;Ian Whyte;Texas Battle;Randall Duk Kim;USA;English;PG;Action;Adventure;Fantasy;45000000,0;9353573,0;0;2000;-35646427,0;-79,2;Faible (<6)
The Last Stand ;tt1549920;2013;107;6,4;114241;Jee-woon Kim;Zach Gilford;James Burnett;Christiana Leucas;USA;English;R;Action;Crime;Thriller;45000000,0;12026670,0;24000;2010;-32973330,0;-73,3;Moyen (6-7)
Godsend ;tt0335121;2004;102;4,8;22449;Nick Hamm;Robert De Niro;Cameron Bright;Munro Chambers;USA;English;PG-13;Drama;Horror;Sci-Fi;25000000,0;14334645,0;387;2000;-10665355,0;-42,7;Faible (<6)
Chasing Liberty ;tt0360139;2004;101;6,1;30092;Andy Cadiff;Annabella Sciorra;Stark Sands;Terence Maynard;USA;English;PG-13;Comedy;Romance;;23000000,0;12189514,0;0;2000;-10810486,0;-47,0;Moyen (6-7)
Hoodwinked Too! Hood vs. Evil ;tt0844993;2011;86;4,8;9682;Mike Disa;Amy Poehler;Phil LaMarr;Cheech Marin;USA;English;PG;Animation;Comedy;Family;30000000,0;10134754,0;0;2010;-19865246,0;-66,2;Faible (<6)
An Unfinished Life ;tt0350261;2005;108;7,0;24033;Lasse Hallström;Morgan Freeman;Camryn Manheim;Lynda Boyd;USA;English;PG-13;Drama;;;30000000,0;8535575,0;0;2000;-21464425,0;-71,5;Bon (7-8)
The Imaginarium of Doctor Parnassus ;tt1054606;2009;123;6,8;126307;Terry Gilliam;Andrew Garfield;Lily Cole;Verne Troyer;UK;English;PG-13;Adventure;Fantasy;Mystery;40000000,0;7689458,0;19000;2000;-32310542,0;-80,8;Moyen (6-7)
Barney's Version ;tt1423894;2010;134;7,3;21086;Richard J. Lewis;Mark Addy;Atom Egoyan;Paul Gross;Canada;English;R;Comedy;Drama;;;7501404,0;0;2010;;;Bon (7-8)
Runner Runner ;tt2364841;2013;88;5,6;52069;Brad Furman;Justin Timberlake;John Heard;David Costabile;USA;English;R;Crime;Thriller;;30000000,0;19316646,0;0;2010;-10683354,0;-35,6;Faible (<6)
Antitrust ;tt0218817;2001;109;6,1;25558;Peter Howitt;Tyler Labine;Richard Roundtree;Ned Bellamy;USA;English;PG-13;Action;Crime;Drama;30000000,0;10965209,0;0;2000;-19034791,0;-63,4;Moyen (6-7)
Glory ;tt0097441;1989;122;7,9;101888;Edward Zwick;Denzel Washington;Morgan Freeman;Matthew Broderick;USA;English;R;Drama;History;War;18000000,0;26830000,0;0;1980;8830000,0;49,1;Bon (7-8)
Once Upon a Time in America ;tt0087843;1984;251;8,4;221000;Sergio Leone;Robert De Niro;Burt Young;Treat Williams;Italy;English;R;Crime;Drama;;30000000,0;5300000,0;12000;1980;-24700000,0;-82,3;Excellent (8+)
Dead Man Down ;tt2101341;2013;118;6,5;54147;Niels Arden Oplev;Dominic Cooper;Isabelle Huppert;James Biberi;USA;English;R;Action;Crime;Drama;30000000,0;10880926,0;0;2010;-19119074,0;-63,7;Moyen (6-7)
The Merchant of Venice ;tt0379889;2004;131;7,1;29715;Michael Radford;Al Pacino;Mackenzie Crook;Kris Marshall;USA;English;R;Drama;Romance;;18000000,0;3752725,0;0;2000;-14247275,0;-79,2;Bon (7-8)
The Good Thief ;tt0281820;2002;109;6,6;9004;Neil Jordan;Emir Kusturica;Saïd Taghmaoui;Tchéky Karyo;France;English;R;Action;Crime;Drama;25000000,0;3517797,0;287;2000;-21482203,0;-85,9;Moyen (6-7)
Supercross ;tt0403016;2005;80;4,0;3926;Steve Boyum;Channing Tatum;Mike Vogel;Steve Howey;USA;English;PG-13;Action;Drama;Romance;;3101301,0;353;2000;;;Faible (<6)
Miss Potter ;tt0482546;2006;88;7,0;23864;Chris Noonan;Emily Watson;Bill Paterson;Lucy Boynton;UK;English;PG;Biography;Drama;Romance;30000000,0;2975649,0;0;2000;-27024351,0;-90,1;Bon (7-8)
The Promise ;tt0417976;2005;103;5,6;8215;Kaige Chen;Dong-gun Jang;Toby Leonard Moore;Nicholas Tse;China;Mandarin;PG-13;Action;Drama;Fantasy;60000000,0;668171,0;445;2000;-59331829,0;-98,9;Faible (<6)
DOA: Dead or Alive ;tt0398913;2006;87;4,8;38503;Corey Yuen;Steve Howey;Holly Valance;Sarah Carter;USA;English;PG-13;Action;Adventure;;21000000,0;480314,0;0;2000;-20519686,0;-97,7;Faible (<6)
The Assassination of Jesse James by the Coward Robert Ford ;tt0443680;2007;160;7,5;136104;Andrew Dominik;Brad Pitt;Jeremy Renner;Sam Shepard;USA;English;R;Biography;Crime;Drama;30000000,0;3904982,0;0;2000;-26095018,0;-87,0;Bon (7-8)
1911 ;tt1772230;2011;121;6,0;4670;Li Zhang;Bingbing Li;Joan Chen;Jaycee Chan;China;Mandarin;R;Action;Adventure;Drama;18000000,0;127437,0;0;2010;-17872563,0;-99,3;Moyen (6-7)
Little Nicholas ;tt1264904;2009;91;7,2;9214;Laurent Tirard;Louise Bourgoin;Sandrine Kiberlain;Kad Merad;France;French;;Comedy;Family;;;;0;2000;;;Bon (7-8)
Wild Card ;tt2231253;2015;92;5,6;36487;Simon West;Jason Statham;Michael Angarano;Jason Alexander;USA;English;R;Action;Crime;Drama;30000000,0;;0;2010;;;Faible (<6)
Machine Gun Preacher ;tt1586752;2011;129;6,8;52972;Marc Forster;Gerard Butler;Madeline Carroll;Kathy Baker;USA;English;R;Action;Biography;Crime;30000000,0;537580,0;21000;2010;-29462420,0;-98,2;Moyen (6-7)
Animals United ;tt1620449;2010;93;4,9;4599;Reinhard Klooss;Jim Broadbent;Vanessa Redgrave;James Corden;Germany;German;PG;Animation;Comedy;Family;;;885;2010;;;Faible (<6)
The Color of Freedom ;tt0438859;2007;118;7,1;10175;Bille August;Terry Pheto;Patrick Lyster;Tyrone Keogh;Germany;English;R;Biography;Drama;History;30000000,0;;0;2000;;;Bon (7-8)
United Passions ;tt2814362;2014;110;2,0;3279;Frédéric Auburtin;Fisher Stevens;Thomas Kretschmann;Jemima West;France;English;Not Rated;Drama;History;Sport;24000000,0;;0;2010;;;Faible (<6)
Grace of Monaco ;tt2095649;2014;103;5,7;12410;Olivier Dahan;Paz Vega;Frank Langella;Derek Jacobi;Switzerland;English;;Biography;Drama;Romance;30000000,0;;6000;2010;;;Faible (<6)
A Warrior's Tail ;tt4075322;2015;85;4,1;393;Maksim Fadeev;Konstantin Khabenskiy;Fedor Bondarchuk;Sergey Garmash;Russia;Russian;;Adventure;Animation;Fantasy;30000000,0;;161;2010;;;Faible (<6)
Ripley's Game ;tt0265651;2002;110;6,7;14618;Liliana Cavani;Ray Winstone;Dougray Scott;Chiara Caselli;Italy;English;R;Crime;Drama;Mystery;30000000,0;;447;2000;;;Moyen (6-7)
Sausage Party ;tt1700841;2016;89;7,5;3302;Greg Tiernan;James Franco;Salma Hayek;Anders Holm;USA;English;R;Adventure;Animation;Comedy;19000000,0;;13000;2010;;;Bon (7-8)
Pitch Perfect 2 ;tt2848292;2015;115;6,5;97697;Elizabeth Banks;Anna Kendrick;Birgitte Hjort Sørensen;Hana Mae Lee;USA;English;PG-13;Comedy;Music;;29000000,0;183436380,0;40000;2010;154436380,0;532,5;Moyen (6-7)
Walk the Line ;tt0358273;2005;153;7,9;188637;James Mangold;Sandra Ellis Lafferty;Dallas Roberts;Tyler Hilton;USA;English;PG-13;Biography;Drama;Music;28000000,0;119518352,0;11000;2000;91518352,0;326,9;Bon (7-8)
Keeping the Faith ;tt0171433;2000;128;6,4;44816;Edward Norton;Lisa Edelstein;Milos Forman;Anne Bancroft;USA;English;PG-13;Comedy;Drama;Romance;30000000,0;37036404,0;0;2000;7036404,0;23,5;Moyen (6-7)
The Borrowers ;tt0118755;1997;89;5,8;16222;Peter Hewitt;Jim Broadbent;Bradley Pierce;Mark Williams;UK;English;PG;Adventure;Comedy;Family;29000000,0;22359293,0;0;1990;-6640707,0;-22,9;Faible (<6)
Frost/Nixon ;tt0870111;2008;122;7,7;88682;Ron Howard;Toby Jones;Clint Howard;Oliver Platt;USA;English;R;Drama;;;35000000,0;18593156,0;0;2000;-16406844,0;-46,9;Bon (7-8)
Confessions of a Dangerous Mind ;tt0270288;2002;113;7,1;71596;George Clooney;Dick Clark;David Julian Hirsh;Jennifer Hall;USA;English;R;Biography;Comedy;Crime;29000000,0;;3000;2000;;;Bon (7-8)
Serving Sara ;tt0261289;2002;99;5,3;14315;Reginald Hudlin;Matthew Perry;Jerry Stiller;Vincent Pastore;Germany;English;PG-13;Comedy;Romance;;29000000,0;16930185,0;201;2000;-12069815,0;-41,6;Faible (<6)
The Boss ;tt2702724;2016;99;5,3;16984;Ben Falcone;Peter Dinklage;Tyler Labine;Ben Falcone;USA;English;R;Comedy;;;29000000,0;63034755,0;0;2010;34034755,0;117,4;Faible (<6)
Cry Freedom ;tt0092804;1987;147;7,5;9913;Richard Attenborough;Denzel Washington;Kevin McNally;Penelope Wilton;UK;English;PG;Biography;Drama;History;29000000,0;5899797,0;0;1980;-23100203,0;-79,7;Bon (7-8)
Mumford ;tt0140397;1999;112;6,9;8134;Lawrence Kasdan;Zooey Deschanel;Alfre Woodard;Mary McDonnell;USA;English;R;Comedy;Drama;;28000000,0;4554569,0;209;1990;-23445431,0;-83,7;Moyen (6-7)
Seed of Chucky ;tt0387575;2004;88;4,9;28632;Don Mancini;Jason Flemyng;Billy Boyd;Hannah Spearritt;Romania;English;R;Comedy;Fantasy;Horror;12000000,0;17016190,0;0;2000;5016190,0;41,8;Faible (<6)
The Jacket ;tt0366627;2005;94;7,1;92850;John Maybury;Jennifer Jason Leigh;Jason Lewis;Angel Coulby;USA;English;R;Drama;Mystery;Sci-Fi;29000000,0;6301131,0;0;2000;-22698869,0;-78,3;Bon (7-8)
Aladdin ;tt0103639;1992;90;8,0;260939;Ron Clements;Robin Williams;Frank Welker;Scott Weinger;USA;English;G;Adventure;Animation;Comedy;28000000,0;217350219,0;0;1990;189350219,0;676,3;Excellent (8+)
Straight Outta Compton ;tt1398426;2015;167;7,9;119928;F. Gary Gray;Aldis Hodge;Neil Brown Jr.;R. Marcos Taylor;USA;English;R;Biography;Crime;Drama;28000000,0;161029270,0;76000;2010;133029270,0;475,1;Bon (7-8)
Indiana Jones and the Temple of Doom ;tt0087469;1984;118;7,6;329969;Steven Spielberg;Harrison Ford;Amrish Puri;Kate Capshaw;USA;English;PG;Action;Adventure;;28000000,0;179870271,0;0;1980;151870271,0;542,4;Bon (7-8)
The Rugrats Movie ;tt0134067;1998;83;5,9;14005;Igor Kovalyov;Elizabeth Daily;Cree Summer;Christine Cavanaugh;USA;English;G;Adventure;Animation;Comedy;24000000,0;100491683,0;418;1990;76491683,0;318,7;Faible (<6)
Along Came a Spider ;tt0164334;2001;104;6,3;59232;Lee Tamahori;Morgan Freeman;Billy Burke;Monica Potter;USA;English;R;Crime;Drama;Thriller;60000000,0;74058698,0;0;2000;14058698,0;23,4;Moyen (6-7)
Florence Foster Jenkins ;tt4136084;2016;110;7,1;2167;Stephen Frears;Meryl Streep;Nina Arianda;John Sessions;UK;English;PG-13;Biography;Comedy;Drama;29000000,0;;0;2010;;;Bon (7-8)
Once Upon a Time in Mexico ;tt0285823;2003;102;6,4;130094;Robert Rodriguez;Johnny Depp;Salma Hayek;Enrique Iglesias;USA;English;R;Action;Crime;Thriller;29000000,0;55845943,0;0;2000;26845943,0;92,6;Moyen (6-7)
Die Hard ;tt0095016;1988;131;8,2;592582;John McTiernan;Alan Rickman;Bruce Willis;Reginald VelJohnson;USA;English;R;Action;Thriller;;28000000,0;81350242,0;25000;1980;53350242,0;190,5;Excellent (8+)
Role Models ;tt0430922;2008;101;6,9;195255;David Wain;Joe Lo Truglio;Ken Marino;Bobb'e J. Thompson;Germany;English;R;Comedy;;;28000000,0;67266300,0;0;2000;39266300,0;140,2;Moyen (6-7)
The Big Short ;tt1596363;2015;130;7,8;182983;Adam McKay;Ryan Gosling;Christian Bale;Charlie Talbert;USA;English;R;Biography;Comedy;Drama;28000000,0;70235322,0;99000;2010;42235322,0;150,8;Bon (7-8)
Taking Woodstock ;tt1127896;2009;120;6,7;24663;Ang Lee;Imelda Staunton;Kevin Chamberlin;Demetri Martin;USA;English;R;Comedy;Drama;Music;30000000,0;7443007,0;0;2000;-22556993,0;-75,2;Moyen (6-7)
Miracle ;tt0349825;2004;135;7,5;36636;Gavin O'Connor;Eddie Cahill;Noah Emmerich;Kenneth Mitchell;USA;English;PG;Biography;Drama;History;28000000,0;64371181,0;0;2000;36371181,0;129,9;Bon (7-8)
Dawn of the Dead ;tt0363547;2004;110;7,4;194422;Zack Snyder;Ty Burrell;Kevin Zegers;Mekhi Phifer;USA;English;R;Action;Horror;Thriller;26000000,0;58885635,0;7000;2000;32885635,0;126,5;Bon (7-8)
The Wedding Planner ;tt0209475;2001;103;5,2;61317;Adam Shankman;Matthew McConaughey;Judy Greer;Alex Rocco;Germany;English;PG-13;Comedy;Romance;;35000000,0;60400856,0;0;2000;25400856,0;72,6;Faible (<6)
Harlock: Space Pirate ;tt2668134;2013;115;6,5;8227;Shinji Aramaki;Shun Oguri;Yû Aoi;Haruma Miura;Japan;Japanese;Not Rated;Adventure;Animation;Sci-Fi;30000000,0;;0;2010;;;Moyen (6-7)
The Royal Tenenbaums ;tt0265666;2001;110;7,6;209133;Wes Anderson;Bill Murray;Anjelica Huston;Seymour Cassel;USA;English;R;Comedy;Drama;;21000000,0;52353636,0;0;2000;31353636,0;149,3;Bon (7-8)
Identity ;tt0309698;2003;91;7,3;177828;James Mangold;Clea DuVall;Rebecca De Mornay;Jake Busey;USA;English;R;Mystery;Thriller;;30000000,0;51475962,0;11000;2000;21475962,0;71,6;Bon (7-8)
Last Vegas ;tt1204975;2013;105;6,6;106755;Jon Turteltaub;Robert De Niro;Morgan Freeman;Romany Malco;USA;English;PG-13;Comedy;Romance;;28000000,0;63910583,0;27000;2010;35910583,0;128,3;Moyen (6-7)
For Your Eyes Only ;tt0082398;1981;127;6,8;72085;John Glen;Julian Glover;Topol;Desmond Llewelyn;UK;English;PG;Action;Adventure;Thriller;28000000,0;62300000,0;2000;1980;34300000,0;122,5;Moyen (6-7)
Serendipity ;tt0240890;2001;82;6,9;85423;Peter Chelsom;Lilli Lavine;David Sparrow;Ann Talman;USA;English;PG-13;Comedy;Romance;;28000000,0;49968653,0;12000;2000;21968653,0;78,5;Moyen (6-7)
Timecop ;tt0111438;1994;99;5,8;44394;Peter Hyams;Mia Sara;Bruce McGill;Gloria Reuben;Canada;English;R;Action;Crime;Sci-Fi;27000000,0;44450000,0;0;1990;17450000,0;64,6;Faible (<6)
Zoolander ;tt0196229;2001;90;6,6;201084;Ben Stiller;Milla Jovovich;Alexander Skarsgård;Will Ferrell;Germany;English;PG-13;Comedy;;;28000000,0;45162741,0;0;2000;17162741,0;61,3;Moyen (6-7)
Safe Haven ;tt1702439;2013;115;6,7;78008;Lasse Hallström;David Lyons;Noah Lomax;Mimi Kirkland;USA;English;PG-13;Drama;Romance;Thriller;28000000,0;71346930,0;23000;2010;43346930,0;154,8;Moyen (6-7)
Hocus Pocus ;tt0107120;1993;96;6,7;60494;Kenny Ortega;Vinessa Shaw;Omri Katz;Larry Bagby;USA;English;PG;Comedy;Family;Fantasy;28000000,0;39514713,0;16000;1990;11514713,0;41,1;Moyen (6-7)
No Reservations ;tt0481141;2007;104;6,3;59068;Scott Hicks;Zoë Kravitz;Lily Rabe;Bob Balaban;USA;English;PG;Comedy;Drama;Romance;28000000,0;43097652,0;0;2000;15097652,0;53,9;Moyen (6-7)
Kick-Ass ;tt1250777;2010;117;7,7;435864;Matthew Vaughn;Elizabeth McGovern;Deborah Twiss;Michael Rispoli;UK;English;R;Action;Comedy;;30000000,0;48043505,0;36000;2010;18043505,0;60,1;Bon (7-8)
30 Minutes or Less ;tt1622547;2011;83;6,1;77935;Ruben Fleischer;Bianca Kajlich;Dilshad Vadsaria;Fred Ward;Germany;English;R;Action;Comedy;Crime;28000000,0;37053924,0;0;2010;9053924,0;32,3;Moyen (6-7)
Dracula 2000 ;tt0219653;2000;99;4,9;27378;Patrick Lussier;Gerard Butler;Danny Masterson;Jeri Ryan;USA;English;R;Action;Fantasy;Horror;28000000,0;33000377,0;0;2000;5000377,0;17,9;Faible (<6)
Alexander and the Terrible, Horrible, No Good, Very Bad Day ;tt1698641;2014;81;6,2;29738;Miguel Arteta;Bella Thorne;Steve Carell;Jennifer Garner;USA;English;PG;Comedy;Family;;28000000,0;66950483,0;12000;2010;38950483,0;139,1;Moyen (6-7)
Pride & Prejudice ;tt0414387;2005;135;7,8;193455;Joe Wright;Talulah Riley;Brenda Blethyn;Simon Woods;France;English;PG;Drama;Romance;;28000000,0;38372662,0;17000;2000;10372662,0;37,0;Bon (7-8)
Blade Runner ;tt0083658;1982;117;8,2;461609;Ridley Scott;Harrison Ford;Sean Young;M. Emmet Walsh;USA;English;R;Sci-Fi;Thriller;;28000000,0;27000000,0;34000;1980;-1000000,0;-3,6;Excellent (8+)
Rob Roy ;tt0114287;1995;139;6,9;34427;Michael Caton-Jones;Liam Neeson;Jason Flemyng;Eric Stoltz;USA;English;R;Adventure;Biography;;28000000,0;31600000,0;0;1990;3600000,0;12,9;Moyen (6-7)
3 Days to Kill ;tt2172934;2014;123;6,2;69355;McG;Connie Nielsen;Richard Sammel;Tómas Lemarquis;USA;English;PG-13;Action;Drama;Thriller;28000000,0;30688364,0;10000;2010;2688364,0;9,6;Moyen (6-7)
We Own the Night ;tt0498399;2007;117;6,9;72693;James Gray;Robert Duvall;Oleg Taktarov;Antoni Corone;USA;English;R;Crime;Drama;Thriller;21000000,0;28563179,0;0;2000;7563179,0;36,0;Moyen (6-7)
Lost Souls ;tt0160484;2000;97;4,8;9338;Janusz Kaminski;Philip Baker Hall;Bob Clendenin;Ben Chaplin;USA;English;R;Drama;Horror;Thriller;28000000,0;16779636,0;209;2000;-11220364,0;-40,1;Faible (<6)
Winged Migration ;tt0301727;2001;81;8,0;10369;Jacques Perrin;Jacques Perrin;Philippe Labro;;France;English;G;Documentary;;;160000000,0;10762178,0;1000;2000;-149237822,0;-93,3;Excellent (8+)
Just My Luck ;tt0397078;2006;103;5,3;44103;Donald Petrie;Samaire Armstrong;Carlos Ponce;Faizon Love;USA;English;PG-13;Comedy;Fantasy;Romance;28000000,0;17324744,0;0;2000;-10675256,0;-38,1;Faible (<6)
Mystery, Alaska ;tt0134618;1999;119;6,7;22250;Jay Roach;Scott Grimes;Mary McCormack;Ron Eldard;Canada;English;R;Comedy;Drama;Sport;28000000,0;8888143,0;913;1990;-19111857,0;-68,3;Moyen (6-7)
The Spy Next Door ;tt1273678;2010;94;5,4;29971;Brian Levant;Madeline Carroll;Amber Valletta;George Lopez;USA;English;PG;Action;Comedy;Family;28000000,0;24268828,0;0;2010;-3731172,0;-13,3;Faible (<6)
A Simple Wish ;tt0120133;1997;89;5,4;4288;Michael Ritchie;Mara Wilson;Francis Capra;Kathleen Turner;USA;English;PG;Comedy;Family;Fantasy;28000000,0;8119205,0;517;1990;-19880795,0;-71,0;Faible (<6)
Ghosts of Mars ;tt0228333;2001;98;4,9;43006;John Carpenter;Jason Statham;Clea DuVall;Natasha Henstridge;USA;English;R;Action;Horror;Sci-Fi;28000000,0;8434601,0;0;2000;-19565399,0;-69,9;Faible (<6)
Our Brand Is Crisis ;tt1018765;2015;107;6,1;11476;David Gordon Green;Dominic Flores;Zoe Kazan;Scoot McNairy;USA;English;R;Comedy;Drama;;28000000,0;6998324,0;0;2010;-21001676,0;-75,0;Moyen (6-7)
Pride and Prejudice and Zombies ;tt1374989;2016;108;5,8;23775;Burr Steers;Matt Smith;Bella Heathcote;Sam Riley;USA;English;PG-13;Action;Horror;Romance;28000000,0;10907291,0;73000;2010;-17092709,0;-61,0;Faible (<6)
Kundun ;tt0119485;1997;134;7,0;21606;Martin Scorsese;Tenzin Thuthob Tsarong;Tulku Jamyang Kunga Tenzin;Tencho Gyalpo;USA;English;PG-13;Biography;Drama;History;28000000,0;5532301,0;0;1990;-22467699,0;-80,2;Bon (7-8)
How to Lose Friends & Alienate People ;tt0455538;2008;110;6,5;61269;Robert B. Weide;James Corden;Katherine Parkinson;Fenella Woolgar;UK;English;R;Comedy;Drama;Romance;27000000,0;2775593,0;0;2000;-24224407,0;-89,7;Moyen (6-7)
Kick-Ass 2 ;tt1650554;2013;103;6,6;202967;Jeff Wadlow;Chloë Grace Moretz;Donald Faison;Augustus Prew;USA;English;R;Action;Comedy;Crime;28000000,0;28751715,0;36000;2010;751715,0;2,7;Moyen (6-7)
Captain Alatriste: The Spanish Musketeer ;tt0395119;2006;145;6,1;10266;Agustín Díaz Yanes;Viggo Mortensen;Elena Anaya;Eduardo Noriega;Spain;Spanish;;Adventure;Drama;History;24000000,0;;0;2000;;;Moyen (6-7)
Brick Mansions ;tt1430612;2014;100;5,7;32103;Camille Delamarre;Paul Walker;Robert Maillet;RZA;France;English;PG-13;Action;Crime;Drama;28000000,0;20285518,0;0;2010;-7714482,0;-27,6;Faible (<6)
Octopussy ;tt0086034;1983;131;6,6;74374;John Glen;Louis Jourdan;Kabir Bedi;Steven Berkoff;UK;English;PG;Action;Adventure;Thriller;27500000,0;67900000,0;0;1980;40400000,0;146,9;Moyen (6-7)
Knocked Up ;tt0478311;2007;133;7,0;298590;Judd Apatow;Harold Ramis;Martin Starr;Charlyne Yi;USA;English;R;Comedy;Romance;;30000000,0;148734225,0;0;2000;118734225,0;395,8;Bon (7-8)
My Sister's Keeper ;tt1078588;2009;109;7,4;74476;Nick Cassavetes;Jason Patric;Sofia Vassilieva;Jeffrey Markle;USA;English;PG-13;Drama;;;30000000,0;49185998,0;15000;2000;19185998,0;64,0;Bon (7-8)
Welcome Home, Roscoe Jenkins ;tt0494652;2008;114;5,3;10791;Malcolm D. Lee;Mo'Nique;Mike Epps;Cedric the Entertainer;USA;English;PG-13;Comedy;Drama;Romance;35000000,0;42168445,0;464;2000;7168445,0;20,5;Faible (<6)
A Passage to India ;tt0087892;1984;164;7,4;12980;David Lean;Richard Wilson;Judy Davis;Art Malik;UK;English;PG;Adventure;Drama;History;16000000,0;26400000,0;845;1980;10400000,0;65,0;Bon (7-8)
Notes on a Scandal ;tt0465551;2006;92;7,4;64625;Richard Eyre;Phil Davis;Andrew Simpson;Shaun Parkes;UK;English;R;Crime;Drama;Romance;15000000,0;17508670,0;0;2000;2508670,0;16,7;Bon (7-8)
Rendition ;tt0804522;2007;122;6,8;47203;Gavin Hood;J.K. Simmons;Jake Gyllenhaal;Meryl Streep;USA;English;R;Drama;Thriller;;27500000,0;9664316,0;0;2000;-17835684,0;-64,9;Moyen (6-7)
Star Trek VI: The Undiscovered Country ;tt0102975;1991;110;7,2;55513;Nicholas Meyer;Leonard Nimoy;Kurtwood Smith;Nichelle Nichols;USA;English;PG;Action;Adventure;Sci-Fi;30000000,0;74888996,0;0;1990;44888996,0;149,6;Bon (7-8)
Divine Secrets of the Ya-Ya Sisterhood ;tt0279778;2002;116;6,0;15352;Callie Khouri;Ellen Burstyn;Fionnula Flanagan;Matthew Settle;USA;English;PG-13;Drama;;;27000000,0;69586544,0;0;2000;42586544,0;157,7;Moyen (6-7)
Kiss the Girls ;tt0119468;1997;115;6,6;50653;Gary Fleder;Morgan Freeman;Tony Goldwyn;Tatyana Ali;USA;English;R;Crime;Drama;Mystery;27000000,0;60491560,0;0;1990;33491560,0;124,0;Moyen (6-7)
The Blues Brothers ;tt0080455;1980;148;7,9;142448;John Landis;John Belushi;Aretha Franklin;Ray Charles;USA;English;R;Action;Comedy;Crime;27000000,0;54200000,0;14000;1980;27200000,0;100,7;Bon (7-8)
The Sisterhood of the Traveling Pants 2 ;tt1018785;2008;119;6,2;22304;Sanaa Hamri;America Ferrera;Blythe Danner;Michael Rady;USA;English;PG-13;Comedy;Drama;Family;;44087387,0;894;2000;;;Moyen (6-7)
Joyful Noise ;tt1710396;2012;118;5,7;6476;Todd Graff;Dolly Parton;Jeremy Jordan;Jesse L. Martin;USA;English;PG-13;Comedy;Music;;25000000,0;30920167,0;0;2010;5920167,0;23,7;Faible (<6)
About a Boy ;tt0276751;2002;101;7,1;144021;Chris Weitz;Sharon Small;Christopher Webster;Peter McNicholl;UK;English;PG-13;Comedy;Drama;Romance;30000000,0;40566655,0;0;2000;10566655,0;35,2;Bon (7-8)
Lake Placid ;tt0139414;1999;82;5,6;42761;Steve Miner;Oliver Platt;Bridget Fonda;Ty Olsson;USA;English;R;Action;Comedy;Horror;27000000,0;31768374,0;2000;1990;4768374,0;17,7;Faible (<6)
Lucky Number Slevin ;tt0425210;2006;110;7,8;262153;Paul McGuigan;Bruce Willis;Morgan Freeman;Dorian Missick;Germany;English;R;Crime;Drama;Mystery;27000000,0;22494487,0;10000;2000;-4505513,0;-16,7;Bon (7-8)
The Right Stuff ;tt0086197;1983;193;7,9;45271;Philip Kaufman;Dennis Quaid;Scott Glenn;Sam Shepard;USA;English;PG;Adventure;Drama;History;27000000,0;21500000,0;0;1980;-5500000,0;-20,4;Bon (7-8)
Anonymous ;tt1521197;2011;130;6,9;34488;Roland Emmerich;Vanessa Redgrave;Joely Richardson;Rafe Spall;UK;English;PG-13;Drama;History;Thriller;30000000,0;4463292,0;15000;2010;-25536708,0;-85,1;Moyen (6-7)
The NeverEnding Story ;tt0088323;1984;94;7,4;99557;Wolfgang Petersen;Gerald McRaney;Barret Oliver;Alan Oppenheimer;West Germany;English;PG;Adventure;Drama;Family;27000000,0;;21000;1980;;;Bon (7-8)
Dark City ;tt0118929;1998;111;7,7;156929;Alex Proyas;Rufus Sewell;William Hurt;Bruce Spence;Australia;English;R;Action;Drama;Fantasy;27000000,0;14337579,0;14000;1990;-12662421,0;-46,9;Bon (7-8)
The Duchess ;tt0864761;2008;110;6,9;61777;Saul Dibb;Dominic Cooper;Hayley Atwell;Charlotte Rampling;UK;English;PG-13;Biography;Drama;History;13500000,0;13823741,0;0;2000;323741,0;2,4;Moyen (6-7)
Return to Oz ;tt0089908;1985;109;6,7;19568;Walter Murch;Piper Laurie;Jean Marsh;Tim Rose;UK;English;PG;Adventure;Family;Fantasy;25000000,0;;0;1980;;;Moyen (6-7)
The Newton Boys ;tt0120769;1998;123;6,0;8309;Richard Linklater;Matthew McConaughey;Lew Temple;Dwight Yoakam;USA;English;PG-13;Action;Crime;Drama;27000000,0;10297897,0;315;1990;-16702103,0;-61,9;Moyen (6-7)
Case 39 ;tt0795351;2009;109;6,2;60555;Christian Alvart;Bradley Cooper;Callum Rennie;Vanesa Tomasino;USA;English;R;Horror;Mystery;Thriller;27000000,0;13248477,0;0;2000;-13751523,0;-50,9;Moyen (6-7)
Suspect Zero ;tt0324127;2004;99;5,9;16555;E. Elias Merhige;Harry Lennix;Kevin Chamberlin;William Mapother;USA;English;R;Crime;Drama;Mystery;27000000,0;8712564,0;817;2000;-18287436,0;-67,7;Faible (<6)
Martian Child ;tt0415965;2007;106;6,8;17436;Menno Meyjes;Oliver Platt;Richard Schiff;Sophie Okonedo;USA;English;PG;Comedy;Drama;Family;27000000,0;7486906,0;0;2000;-19513094,0;-72,3;Moyen (6-7)
Spy Kids: All the Time in the World in 4D ;tt1517489;2011;89;3,6;15866;Robert Rodriguez;Alexa PenaVega;Joel McHale;Daryl Sabara;USA;English;PG;Action;Adventure;Comedy;27000000,0;38536376,0;0;2010;11536376,0;42,7;Faible (<6)
Money Monster ;tt2241351;2016;98;6,7;19611;Jodie Foster;Julia Roberts;Jack O'Connell;Chris Bauer;USA;English;R;Crime;Drama;Thriller;27000000,0;41008532,0;0;2010;14008532,0;51,9;Moyen (6-7)
Formula 51 ;tt0227984;2001;93;6,3;42876;Ronny Yu;Meat Loaf;Junix Inocian;Paul Barber;UK;English;R;Action;Comedy;Crime;28000000,0;5204007,0;0;2000;-22795993,0;-81,4;Moyen (6-7)
Flawless ;tt0155711;1999;112;6,4;14612;Joel Schumacher;Robert De Niro;Philip Seymour Hoffman;Chris Bauer;USA;English;R;Comedy;Crime;Drama;15000000,0;4485485,0;0;1990;-10514515,0;-70,1;Moyen (6-7)
Mindhunters ;tt0297284;2004;101;6,4;49405;Renny Harlin;LL Cool J;Clifton Collins Jr.;Eion Bailey;USA;English;R;Crime;Horror;Mystery;27000000,0;4476235,0;2000;2000;-22523765,0;-83,4;Moyen (6-7)
What Just Happened ;tt0486674;2008;104;5,7;23767;Barry Levinson;Robert De Niro;Robin Wright;Kristen Stewart;USA;English;R;Comedy;Drama;;25000000,0;1089365,0;845;2000;-23910635,0;-95,6;Faible (<6)
The Statement ;tt0340376;2003;120;6,2;4257;Norman Jewison;Charlotte Rampling;Colin Salmon;John Neville;Canada;English;R;Drama;Thriller;;23000000,0;763044,0;188;2000;-22236956,0;-96,7;Moyen (6-7)
The Magic Flute ;tt0475331;2006;135;6,6;926;Kenneth Branagh;Kim-Marie Woodhouse;Amy Carson;Joseph Kaiser;France;English;;Drama;Musical;Romance;27000000,0;;359;2000;;;Moyen (6-7)
Paul Blart: Mall Cop ;tt1114740;2009;91;5,2;84209;Steve Carr;Erick Avari;Adhir Kalyan;Allen Covert;USA;English;PG;Action;Comedy;Crime;26000000,0;20819129,0;0;2000;-5180871,0;-19,9;Faible (<6)
Freaky Friday ;tt0322330;2003;97;6,1;96693;Mark Waters;Jamie Lee Curtis;Julie Gonzalo;Willie Garson;USA;English;PG;Comedy;Family;Fantasy;26000000,0;110222438,0;0;2000;84222438,0;323,9;Moyen (6-7)
The 40-Year-Old Virgin ;tt0405422;2005;133;7,1;313797;Judd Apatow;Steve Carell;Romany Malco;Gerry Bednob;USA;English;R;Comedy;Romance;;26000000,0;109243478,0;0;2000;83243478,0;320,2;Bon (7-8)
Shakespeare in Love ;tt0138097;1998;123;7,2;175524;John Madden;Tom Wilkinson;Martin Clunes;Simon Callow;USA;English;R;Comedy;Drama;Romance;25000000,0;100241322,0;0;1990;75241322,0;301,0;Bon (7-8)
A Walk Among the Tombstones ;tt0365907;2014;114;6,5;87950;Scott Frank;Liam Neeson;Boyd Holbrook;David Harbour;USA;English;R;Crime;Drama;Mystery;28000000,0;25977365,0;15000;2010;-2022635,0;-7,2;Moyen (6-7)
Kindergarten Cop ;tt0099938;1990;111;6,0;107801;Ivan Reitman;Richard Tyson;Cathy Moriarty;Penelope Ann Miller;USA;English;PG-13;Action;Comedy;Crime;26000000,0;91457688,0;0;1990;65457688,0;251,8;Moyen (6-7)
Pineapple Express ;tt0910936;2008;117;7,0;255257;David Gordon Green;James Franco;Gary Cole;Rosie Perez;USA;English;R;Action;Comedy;Crime;27000000,0;87341380,0;0;2000;60341380,0;223,5;Bon (7-8)
Ever After: A Cinderella Story ;tt0120631;1998;121;7,0;57958;Andy Tennant;Anjelica Huston;Dougray Scott;Jeanne Moreau;USA;English;PG-13;Comedy;Drama;Romance;26000000,0;65703412,0;0;1990;39703412,0;152,7;Bon (7-8)
Open Range ;tt0316356;2003;139;7,5;54096;Kevin Costner;Robert Duvall;Michael Jeter;Julian Richings;USA;English;R;Drama;Romance;Western;22000000,0;58328680,0;0;2000;36328680,0;165,1;Bon (7-8)
Flatliners ;tt0099582;1990;115;6,6;62037;Joel Schumacher;Julia Roberts;Oliver Platt;Hope Davis;USA;English;R;Drama;Horror;Sci-Fi;26000000,0;61490000,0;0;1990;35490000,0;136,5;Moyen (6-7)
A Bridge Too Far ;tt0075784;1977;175;7,4;40277;Richard Attenborough;Ryan O'Neal;Dirk Bogarde;Wolfgang Preiss;USA;English;PG;Drama;History;War;26000000,0;50800000,0;0;1970;24800000,0;95,4;Bon (7-8)
Red Eye ;tt0421239;2005;85;6,5;94108;Wes Craven;Robert Pine;Carl Gilliard;Suzie Plakson;USA;English;PG-13;Mystery;Thriller;;26000000,0;57859105,0;0;2000;31859105,0;122,5;Moyen (6-7)
Final Destination 2 ;tt0309593;2003;90;6,2;120786;David R. Ellis;Sarah Carter;Michael Landes;Keegan Connor Tracy;USA;English;R;Horror;Thriller;;26000000,0;46455802,0;0;2000;20455802,0;78,7;Moyen (6-7)
O Brother, Where Art Thou? ;tt0190590;2000;107;7,8;225102;Joel Coen;Holly Hunter;Tim Blake Nelson;Daniel von Bargen;UK;English;PG-13;Adventure;Comedy;Crime;26000000,0;45506619,0;16000;2000;19506619,0;75,0;Bon (7-8)
Legion ;tt1038686;2010;100;5,2;80870;Scott Stewart;Dennis Quaid;Kate Walsh;Charles S. Dutton;USA;English;R;Action;Fantasy;Horror;26000000,0;40168080,0;0;2010;14168080,0;54,5;Faible (<6)
Pain & Gain ;tt1980209;2013;129;6,5;161168;Michael Bay;Dwayne Johnson;Larry Hankin;Michael Rispoli;USA;English;R;Comedy;Crime;Drama;26000000,0;49874933,0;43000;2010;23874933,0;91,8;Moyen (6-7)
In Good Company ;tt0385267;2004;109;6,5;48973;Paul Weitz;Scarlett Johansson;Ty Burrell;Dennis Quaid;USA;English;PG-13;Comedy;Drama;Romance;26000000,0;45489752,0;736;2000;19489752,0;75,0;Moyen (6-7)
Clockstoppers ;tt0157472;2002;94;5,2;11212;Jonathan Frakes;Michael Biehn;Paula Garcés;Jason George;USA;English;PG;Action;Adventure;Comedy;26000000,0;36985501,0;874;2000;10985501,0;42,3;Faible (<6)
Silverado ;tt0090022;1985;133;7,2;28247;Lawrence Kasdan;Scott Glenn;Todd Allen;Brad Leland;USA;English;PG-13;Action;Crime;Drama;26000000,0;33200000,0;0;1980;7200000,0;27,7;Bon (7-8)
Brothers ;tt0765010;2009;105;7,1;88035;Jim Sheridan;Natalie Portman;Jake Gyllenhaal;Bailee Madison;USA;English;R;Drama;Thriller;;26000000,0;28501651,0;10000;2000;2501651,0;9,6;Bon (7-8)
Agent Cody Banks 2: Destination London ;tt0358349;2004;100;4,5;11092;Kevin Allen;Daniel Roebuck;Frankie Muniz;David Kelly;USA;English;PG;Action;Adventure;Comedy;26000000,0;23222861,0;167;2000;-2777139,0;-10,7;Faible (<6)
New Year's Eve ;tt1598822;2011;113;5,7;66579;Garry Marshall;Robert De Niro;Common;Seth Meyers;USA;English;PG-13;Comedy;Romance;;56000000,0;54540525,0;20000;2010;-1459475,0;-2,6;Faible (<6)
Original Sin ;tt0218922;2001;118;6,0;44913;Michael Cristofer;Angelina Jolie Pitt;Gregory Itzin;Jack Thompson;France;English;R;Drama;Mystery;Romance;42000000,0;16252765,0;3000;2000;-25747235,0;-61,3;Moyen (6-7)
The Raven ;tt1486192;2012;110;6,4;72886;James McTeigue;Pam Ferris;Dave Legeno;Kevin McNally;USA;English;R;Crime;Mystery;Thriller;26000000,0;16005978,0;35000;2010;-9994022,0;-38,4;Moyen (6-7)
Welcome to Mooseport ;tt0361925;2004;110;5,2;10667;Donald Petrie;Rip Torn;Ray Romano;Maura Tierney;USA;English;PG-13;Comedy;Romance;;26000000,0;14469428,0;260;2000;-11530572,0;-44,3;Faible (<6)
Highlander: The Final Dimension ;tt0110027;1994;99;4,3;16194;Andrew Morahan;Christopher Lambert;Mako;Mario Van Peebles;Canada;English;PG-13;Action;Fantasy;Romance;26000000,0;13829734,0;319;1990;-12170266,0;-46,8;Faible (<6)
Blood and Wine ;tt0115710;1996;101;6,1;7772;Bob Rafelson;Harold Perrineau;Mike Starr;Judy Davis;USA;English;R;Crime;Drama;Thriller;22000000,0;1075288,0;145;1990;-20924712,0;-95,1;Moyen (6-7)
Snow White: A Tale of Terror ;tt0119227;1997;100;6,3;8118;Michael Cohn;David Conrad;Chris Bauer;Monica Keena;USA;English;R;Fantasy;Horror;;26000000,0;;0;1990;;;Moyen (6-7)
The Curse of the Jade Scorpion ;tt0256524;2001;103;6,8;31798;Woody Allen;Woody Allen;Elizabeth Berkley;Peter Gerety;USA;English;PG-13;Comedy;Crime;Mystery;26000000,0;7496522,0;826;2000;-18503478,0;-71,2;Moyen (6-7)
Accidental Love ;tt1137470;2015;100;4,0;5006;David O. Russell;Jake Gyllenhaal;Kirstie Alley;Beverly D'Angelo;USA;English;PG-13;Comedy;Romance;;26000000,0;;0;2010;;;Faible (<6)
Flipper ;tt0116322;1996;95;5,2;8008;Alan Shapiro;Paul Hogan;Chelsea Field;Jessica Wesson;USA;English;PG;Adventure;Family;;25530000,0;20047715,0;504;1990;-5482285,0;-21,5;Faible (<6)
Self/less ;tt2140379;2015;117;6,5;57674;Tarsem Singh;Ryan Reynolds;Derek Luke;Sandra Ellis Lafferty;USA;English;PG-13;Action;Mystery;Sci-Fi;26000000,0;12276810,0;11000;2010;-13723190,0;-52,8;Moyen (6-7)
The Constant Gardener ;tt0387131;2005;129;7,5;111351;Fernando Meirelles;Archie Panjabi;Danny Huston;Donald Sumpter;UK;English;R;Drama;Mystery;Romance;15000000,0;33565375,0;0;2000;18565375,0;123,8;Bon (7-8)
The Passion of the Christ ;tt0335345;2004;120;7,1;179235;Mel Gibson;Christo Jivkov;Maia Morgenstern;Hristo Shopov;USA;Aramaic;R;Drama;;;30000000,0;499263,0;13000;2000;-29500737,0;-98,3;Bon (7-8)
Mrs. Doubtfire ;tt0107614;1993;125;6,9;181380;Chris Columbus;Robin Williams;Mara Wilson;Matthew Lawrence;USA;English;PG-13;Comedy;Drama;Family;25000000,0;219200000,0;0;1990;194200000,0;776,8;Moyen (6-7)
Rain Man ;tt0095953;1988;133;8,0;383784;Barry Levinson;Tom Cruise;Valeria Golino;Beth Grant;USA;English;R;Drama;;;25000000,0;172825435,0;12000;1980;147825435,0;591,3;Excellent (8+)
Gran Torino ;tt1205489;2008;116;8,2;561773;Clint Eastwood;Clint Eastwood;Dreama Walker;Ahney Her;USA;English;R;Drama;;;33000000,0;148085755,0;28000;2000;115085755,0;348,7;Excellent (8+)
W. ;tt1175491;2008;129;6,4;40941;Oliver Stone;Toby Jones;Scott Glenn;Bruce McGill;USA;English;PG-13;Biography;Drama;History;25100000,0;25517500,0;0;2000;417500,0;1,7;Moyen (6-7)
Taken ;tt0936501;2008;93;7,9;483756;Pierre Morel;Liam Neeson;Holly Valance;Xander Berkeley;France;English;PG-13;Action;Thriller;;25000000,0;145000989,0;29000;2000;120000989,0;480,0;Bon (7-8)
The Best of Me ;tt1972779;2014;118;6,7;43084;Michael Hoffman;Luke Bracey;Gerald McRaney;Clarke Peters;USA;English;PG-13;Drama;Romance;;26000000,0;26761283,0;19000;2010;761283,0;2,9;Moyen (6-7)
The Bodyguard ;tt0103855;1992;129;6,1;89972;Mick Jackson;Bill Cobbs;Mike Starr;DeVaughn Nixon;USA;English;R;Action;Drama;Music;25000000,0;121945720,0;0;1990;96945720,0;387,8;Moyen (6-7)
Schindler's List ;tt0108052;1993;185;8,9;865020;Steven Spielberg;Liam Neeson;Embeth Davidtz;Caroline Goodall;USA;English;R;Biography;Drama;History;22000000,0;96067179,0;41000;1990;74067179,0;336,7;Excellent (8+)
The Help ;tt1454029;2011;146;8,1;318955;Tate Taylor;Emma Stone;Bryce Dallas Howard;Mike Vogel;USA;English;PG-13;Drama;;;25000000,0;169705587,0;75000;2010;144705587,0;578,8;Excellent (8+)
The Fifth Estate ;tt1837703;2013;128;6,2;29282;Bill Condon;Benedict Cumberbatch;Peter Capaldi;Jamie Blackley;USA;English;R;Biography;Drama;Thriller;28000000,0;3254172,0;11000;2010;-24745828,0;-88,4;Moyen (6-7)
Scooby-Doo 2: Monsters Unleashed ;tt0331632;2004;93;4,9;33180;Raja Gosnell;Sarah Michelle Gellar;Linda Cardellini;Tim Blake Nelson;USA;English;PG;Adventure;Comedy;Family;80000000,0;84185387,0;567;2000;4185387,0;5,2;Faible (<6)
Viy ;tt1224378;2014;107;5,4;3170;Oleg Stepchenko;Jason Flemyng;Igor Jijikine;Agnia Ditkovskite;Russia;Russian;;Adventure;Fantasy;Mystery;26000000,0;;0;2010;;;Faible (<6)
Freddy vs. Jason ;tt0329101;2003;97;5,8;89101;Ronny Yu;Katharine Isabelle;Jason Ritter;Zack Ward;USA;English;R;Action;Horror;Thriller;30000000,0;82163317,0;3000;2000;52163317,0;173,9;Faible (<6)
The Face of an Angel ;tt2967008;2014;101;4,7;2863;Michael Winterbottom;Cara Delevingne;Ava Acres;Sara Stewart;UK;English;Not Rated;Drama;;;;;488;2010;;;Faible (<6)
Jimmy Neutron: Boy Genius ;tt0268397;2001;82;6,0;23943;John A. Davis;Martin Short;Rob Paulsen;Andrea Martin;USA;English;G;Action;Adventure;Animation;30000000,0;80920948,0;425;2000;50920948,0;169,7;Moyen (6-7)
Cloverfield ;tt1060277;2008;85;7,0;296787;Matt Reeves;Mike Vogel;Ben Feldman;Liza Lapira;USA;English;PG-13;Action;Adventure;Horror;25000000,0;80034302,0;0;2000;55034302,0;220,1;Bon (7-8)
Teenage Mutant Ninja Turtles II: The Secret of the Ooze ;tt0103060;1991;88;6,0;42765;Michael Pressman;Kevin Nash;Paige Turco;Ernie Reyes Jr.;USA;English;PG;Action;Adventure;Comedy;25000000,0;78656813,0;0;1990;53656813,0;214,6;Moyen (6-7)
The Untouchables ;tt0094226;1987;119;7,9;219008;Brian De Palma;Robert De Niro;Billy Drago;Charles Martin Smith;USA;English;R;Crime;Drama;Thriller;25000000,0;76270454,0;0;1980;51270454,0;205,1;Bon (7-8)
No Country for Old Men ;tt0477348;2007;122;8,1;612060;Ethan Coen;Kelly Macdonald;Stephen Root;Barry Corbin;USA;English;R;Crime;Drama;Thriller;25000000,0;74273505,0;21000;2000;49273505,0;197,1;Excellent (8+)
Ride Along ;tt1408253;2014;99;6,2;75903;Tim Story;Bruce McGill;Tika Sumpter;Bryan Callen;USA;English;PG-13;Action;Comedy;Crime;25000000,0;134141530,0;0;2010;109141530,0;436,6;Moyen (6-7)
Bridget Jones's Diary ;tt0243155;2001;97;6,7;171568;Sharon Maguire;Colin Firth;Jim Broadbent;Shirley Henderson;UK;English;R;Comedy;Drama;Romance;26000000,0;71500556,0;0;2000;45500556,0;175,0;Moyen (6-7)
Chocolat ;tt0241303;2000;121;7,3;150308;Lasse Hallström;Lena Olin;Leslie Caron;Hugh O'Conor;UK;English;PG-13;Drama;Romance;;25000000,0;71309760,0;18000;2000;46309760,0;185,2;Bon (7-8)
Legally Blonde 2: Red, White & Blonde ;tt0333780;2003;95;4,6;46417;Charles Herman-Wurmfeld;Mary Lynn Rajskub;Bruce McGill;Bob Newhart;USA;English;PG-13;Comedy;;;45000000,0;89808372,0;660;2000;44808372,0;99,6;Faible (<6)
Parental Guidance ;tt1047540;2012;105;6,1;21176;Andy Fickman;Bailee Madison;Gedde Watanabe;Tom Everett Scott;USA;English;PG;Comedy;Family;;25000000,0;77264926,0;0;2010;52264926,0;209,1;Moyen (6-7)
No Strings Attached ;tt1411238;2011;108;6,2;168717;Ivan Reitman;Natalie Portman;Greta Gerwig;Mindy Kaling;USA;English;R;Comedy;Romance;;25000000,0;70625986,0;24000;2010;45625986,0;182,5;Moyen (6-7)
Tombstone ;tt0108358;1993;134;7,8;95241;George P. Cosmatos;Michael Biehn;Dana Delany;Powers Boothe;USA;English;R;Action;Biography;Drama;25000000,0;56505065,0;11000;1990;31505065,0;126,0;Bon (7-8)
Romeo Must Die ;tt0165929;2000;115;6,1;57040;Andrzej Bartkowiak;Jet Li;Delroy Lindo;Aaliyah;USA;English;R;Action;Crime;Thriller;25000000,0;55973336,0;0;2000;30973336,0;123,9;Moyen (6-7)
The Omen ;tt0075005;1976;107;7,6;80958;Richard Donner;Lee Remick;Patrick Troughton;Billie Whitelaw;UK;English;R;Fantasy;Horror;Mystery;2800000,0;;7000;1970;;;Bon (7-8)
Final Destination 3 ;tt0414982;2006;86;5,8;102861;James Wong;Chelan Simmons;Gina Holden;Crystal Lowe;Germany;English;R;Horror;;;25000000,0;54098051,0;0;2000;29098051,0;116,4;Faible (<6)
The Lucky One ;tt1327194;2012;101;6,5;76882;Scott Hicks;Blythe Danner;Riley Thomas Stewart;Jay R. Ferguson;USA;English;PG-13;Drama;Romance;;25000000,0;60443237,0;29000;2010;35443237,0;141,8;Moyen (6-7)
Bridge to Terabithia ;tt0398808;2007;96;7,2;110390;Gabor Csupo;Josh Hutcherson;Zooey Deschanel;Bailee Madison;USA;English;PG;Adventure;Drama;Family;17000000,0;82234139,0;6000;2000;65234139,0;383,7;Bon (7-8)
Finding Neverland ;tt0308644;2004;101;7,8;174591;Marc Forster;Johnny Depp;Kate Winslet;Kelly Macdonald;USA;English;PG;Biography;Drama;Family;25000000,0;51676606,0;0;2000;26676606,0;106,7;Bon (7-8)
A Madea Christmas ;tt2609758;2013;100;4,7;4265;Tyler Perry;Alicia Witt;Tika Sumpter;Larry the Cable Guy;USA;English;PG-13;Comedy;Drama;;25000000,0;52528330,0;0;2010;27528330,0;110,1;Faible (<6)
The Grey ;tt1601913;2011;117;6,8;203111;Joe Carnahan;Liam Neeson;Frank Grillo;James Badge Dale;USA;English;R;Action;Adventure;Drama;25000000,0;51533608,0;32000;2010;26533608,0;106,1;Moyen (6-7)
Hide and Seek ;tt0382077;2005;101;5,9;70205;John Polson;Robert De Niro;Dylan Baker;Robert John Burke;USA;English;R;Drama;Horror;Mystery;30000000,0;51097664,0;0;2000;21097664,0;70,3;Faible (<6)
Anchorman: The Legend of Ron Burgundy ;tt0357413;2004;98;7,2;267921;Adam McKay;Darcy Donavan;Will Ferrell;Steve Carell;USA;English;PG-13;Comedy;;;26000000,0;84136909,0;0;2000;58136909,0;223,6;Bon (7-8)
Goodfellas ;tt0099685;1990;146;8,7;728685;Martin Scorsese;Robert De Niro;Mike Starr;Paul Sorvino;USA;English;R;Biography;Crime;Drama;25000000,0;46836394,0;25000;1990;21836394,0;87,3;Excellent (8+)
Agent Cody Banks ;tt0313911;2003;102;5,0;26755;Harald Zwart;Daniel Roebuck;Frankie Muniz;Chris Gauthier;USA;English;PG;Action;Adventure;Comedy;26000000,0;47285499,0;542;2000;21285499,0;81,9;Faible (<6)
Nanny McPhee ;tt0396752;2005;97;6,6;49676;Kirk Jones;Colin Firth;Kelly Macdonald;Imelda Staunton;USA;English;PG;Comedy;Family;Fantasy;25000000,0;47124400,0;0;2000;22124400,0;88,5;Moyen (6-7)
Scarface ;tt0086250;1983;142;8,3;537442;Brian De Palma;Al Pacino;F. Murray Abraham;Mary Elizabeth Mastrantonio;USA;English;R;Crime;Drama;;25000000,0;44700000,0;19000;1980;19700000,0;78,8;Excellent (8+)
Nothing to Lose ;tt0119807;1997;98;6,7;36253;Steve Oedekerk;Kelly Preston;Michael McKean;Rebecca Gayheart;USA;English;R;Action;Adventure;Comedy;25000000,0;44455658,0;0;1990;19455658,0;77,8;Moyen (6-7)
The Last Emperor ;tt0093389;1987;219;7,8;70274;Bernardo Bertolucci;Cary-Hiroyuki Tagawa;Joan Chen;Victor Wong;China;English;PG-13;Biography;Drama;History;23000000,0;43984230,0;0;1980;20984230,0;91,2;Bon (7-8)
Contraband ;tt1524137;2012;109;6,5;101977;Baltasar Kormákur;J.K. Simmons;David O'Hara;Lukas Haas;USA;English;R;Action;Crime;Drama;25000000,0;66489425,0;0;2010;41489425,0;166,0;Moyen (6-7)
Money Talks ;tt0119695;1997;97;6,1;22748;Brett Ratner;Heather Locklear;Paul Sorvino;Faizon Love;USA;English;R;Action;Comedy;Crime;25000000,0;41067398,0;666;1990;16067398,0;64,3;Moyen (6-7)
There Will Be Blood ;tt0469494;2007;158;8,1;372990;Paul Thomas Anderson;Jim Meskimen;Paul F. Tompkins;Kevin Breznahan;USA;English;R;Drama;;;25000000,0;40218903,0;16000;2000;15218903,0;60,9;Excellent (8+)
The Wild Thornberrys Movie ;tt0282120;2002;85;5,2;12218;Cathy Malkasian;Alfre Woodard;Flea;Cree Summer;USA;English;PG;Adventure;Animation;Comedy;25000000,0;39880476,0;187;2000;14880476,0;59,5;Faible (<6)
Rugrats Go Wild ;tt0337711;2003;80;5,6;5674;John Eng;Elizabeth Daily;Cree Summer;Nancy Cartwright;USA;English;PG;Adventure;Animation;Comedy;25000000,0;39399750,0;329;2000;14399750,0;57,6;Faible (<6)
Undercover Brother ;tt0279493;2002;86;5,8;29661;Malcolm D. Lee;Dave Chappelle;Eddie Griffin;Chi McBride;USA;English;PG-13;Action;Comedy;;25000000,0;38230435,0;0;2000;13230435,0;52,9;Faible (<6)
The Sisterhood of the Traveling Pants ;tt0403508;2005;119;6,6;44838;Ken Kwapis;Mike Vogel;America Ferrera;Kyle Schmid;USA;English;PG;Comedy;Drama;Family;25000000,0;39008741,0;0;2000;14008741,0;56,0;Moyen (6-7)
Kiss of the Dragon ;tt0271027;2001;98;6,6;53126;Chris Nahon;Jet Li;Bridget Fonda;Max Ryan;France;English;R;Action;Crime;Drama;25000000,0;36833473,0;0;2000;11833473,0;47,3;Moyen (6-7)
The House Bunny ;tt0852713;2008;97;5,5;63969;Fred Wolf;Emma Stone;Katharine McPhee;Beverly D'Angelo;USA;English;PG-13;Comedy;Romance;;25000000,0;48237389,0;0;2000;23237389,0;92,9;Faible (<6)
Beauty Shop ;tt0388500;2005;105;5,5;13194;Bille Woodruff;Alfre Woodard;Keshia Knight Pulliam;LisaRaye McCoy;USA;English;PG-13;Comedy;;;;36310118,0;671;2000;;;Faible (<6)
Million Dollar Arm ;tt1647668;2014;124;7,0;35833;Craig Gillespie;Jon Hamm;Suraj Sharma;Gregory Alan Williams;USA;English;PG;Biography;Drama;Sport;25000000,0;36447959,0;10000;2010;11447959,0;45,8;Bon (7-8)
The Giver ;tt0435651;2014;97;6,5;86251;Phillip Noyce;Jeff Bridges;Meryl Streep;Alexander Skarsgård;South Africa;English;PG-13;Drama;Romance;Sci-Fi;25000000,0;45089048,0;58000;2010;20089048,0;80,4;Moyen (6-7)
What a Girl Wants ;tt0286788;2003;105;5,8;48095;Dennie Gordon;Colin Firth;Oliver James;Kelly Preston;USA;English;PG;Comedy;Drama;Family;20000000,0;35990505,0;0;2000;15990505,0;80,0;Faible (<6)
Jeepers Creepers II ;tt0301470;2003;104;5,6;45102;Victor Salva;Nicki Aycox;Jonathan Breck;Billy Aaron Brown;USA;English;R;Horror;;;17000000,0;35143332,0;0;2000;18143332,0;106,7;Faible (<6)
Good Luck Chuck ;tt0452625;2007;101;5,6;74622;Mark Helfrich;Dane Cook;Dan Fogler;Chelan Simmons;USA;English;R;Comedy;Romance;;25000000,0;35000629,0;0;2000;10000629,0;40,0;Faible (<6)
Cradle 2 the Grave ;tt0306685;2003;101;5,8;34942;Andrzej Bartkowiak;Jet Li;Tom Arnold;DMX;USA;English;R;Action;Crime;Drama;30000000,0;34604054,0;1000;2000;4604054,0;15,3;Faible (<6)
The Hours ;tt0274558;2002;114;7,6;102123;Stephen Daldry;Meryl Streep;Stephen Dillane;Miranda Richardson;USA;English;PG-13;Drama;Romance;;25000000,0;41597830,0;0;2000;16597830,0;66,4;Bon (7-8)
She's the Man ;tt0454945;2006;105;6,4;116762;Andy Fickman;Channing Tatum;Alexandra Breckenridge;Laura Ramsey;USA;English;PG-13;Comedy;Romance;;20000000,0;33687630,0;0;2000;13687630,0;68,4;Moyen (6-7)
Mr. Bean's Holiday ;tt0453451;2007;90;6,3;88714;Steve Bendelack;Lily Atkinson;Emma de Caunes;Steve Pemberton;UK;English;PG;Comedy;Family;;25000000,0;32553210,0;0;2000;7553210,0;30,2;Moyen (6-7)
Anacondas: The Hunt for the Blood Orchid ;tt0366174;2004;97;4,6;22243;Dwight H. Little;Nicholas Gonzalez;Salli Richardson-Whitfield;Johnny Messner;USA;English;PG-13;Action;Adventure;Horror;25000000,0;31526393,0;686;2000;6526393,0;26,1;Faible (<6)
Blood Ties ;tt1747958;2013;144;6,5;14612;Guillaume Canet;Mila Kunis;Lili Taylor;Billy Crudup;France;English;R;Crime;Drama;Thriller;25500000,0;41229,0;0;2010;-25458771,0;-99,8;Moyen (6-7)
August Rush ;tt0426931;2007;114;7,5;87331;Kirsten Sheridan;Robin Williams;Aaron Staton;Marian Seldes;USA;English;PG;Drama;Music;;30000000,0;31655091,0;18000;2000;1655091,0;5,5;Bon (7-8)
Elizabeth ;tt0127536;1998;124;7,5;75973;Shekhar Kapur;Fanny Ardant;John Gielgud;Eric Cantona;UK;English;R;Biography;Drama;History;25000000,0;30012990,0;0;1990;5012990,0;20,1;Bon (7-8)
Bride of Chucky ;tt0144120;1998;89;5,3;39768;Ronny Yu;Alexis Arquette;Park Bench;Vince Corazza;Canada;English;R;Comedy;Fantasy;Horror;25000000,0;32368960,0;0;1990;7368960,0;29,5;Faible (<6)
Tora! Tora! Tora! ;tt0066473;1970;160;7,5;25019;Richard Fleischer;Joseph Cotten;Richard Anderson;James Whitmore;Japan;English;G;Action;Drama;History;25000000,0;14500000,0;0;1970;-10500000,0;-42,0;Bon (7-8)
Spice World ;tt0120185;1997;93;3,3;28377;Bob Spiers;Jason Flemyng;Richard Briers;Victoria Beckham;UK;English;PG;Comedy;Family;Music;25000000,0;29247405,0;0;1990;4247405,0;17,0;Faible (<6)
The Sitter ;tt1366344;2011;87;5,7;60202;David Gordon Green;Ari Graynor;J.B. Smoove;Kylie Bunbury;USA;English;R;Comedy;;;;30538669,0;0;2010;;;Faible (<6)
Dance Flick ;tt1153706;2009;88;3,5;10161;Damien Dante Wayans;Damon Wayans Jr.;Essence Atkins;Chris Elliott;USA;English;PG-13;Action;Comedy;Music;25000000,0;25615792,0;657;2000;615792,0;2,5;Faible (<6)
The Shawshank Redemption ;tt0111161;1994;142;9,3;1689764;Frank Darabont;Morgan Freeman;Jeffrey DeMunn;Bob Gunton;USA;English;R;Crime;Drama;;25000000,0;28341469,0;108000;1990;3341469,0;13,4;Excellent (8+)
Crocodile Dundee in Los Angeles ;tt0231402;2001;92;4,8;19699;Simon Wincer;Jere Burns;Paul Hogan;Linda Kozlowski;Australia;English;PG;Adventure;Comedy;Crime;21150000,0;25590119,0;387;2000;4440119,0;21,0;Faible (<6)
Kingpin ;tt0116778;1996;117;6,9;63459;Bobby Farrelly;Bill Murray;Lin Shaye;Richard Tyson;USA;English;PG-13;Comedy;Sport;;27000000,0;24944213,0;3000;1990;-2055787,0;-7,6;Moyen (6-7)
The Gambler ;tt2039393;2014;111;6,0;48559;Rupert Wyatt;George Kennedy;Cjon Saulsberry;Griffin Cleveland;USA;English;R;Crime;Drama;Thriller;25000000,0;33631221,0;0;2010;8631221,0;34,5;Moyen (6-7)
August: Osage County ;tt1322269;2013;121;7,3;67797;John Wells;Benedict Cumberbatch;Meryl Streep;Julia Roberts;USA;English;R;Drama;;;25000000,0;37738400,0;30000;2010;12738400,0;51,0;Bon (7-8)
Ice Princess ;tt0396652;2005;98;6,0;19737;Tim Fywell;Connie Ray;Trevor Blumas;Amy Stewart;USA;English;G;Comedy;Drama;Family;;24381334,0;901;2000;;;Moyen (6-7)
A Lot Like Love ;tt0391304;2005;107;6,6;58297;Nigel Cole;Aimee Garcia;Tyrone Giordano;James Read;USA;English;PG-13;Comedy;Drama;Romance;30000000,0;21835784,0;0;2000;-8164216,0;-27,2;Moyen (6-7)
Eddie the Eagle ;tt1083452;2016;106;7,5;32507;Dexter Fletcher;Hugh Jackman;Taron Egerton;Tim McInnerny;UK;English;PG-13;Biography;Comedy;Drama;23000000,0;15785632,0;15000;2010;-7214368,0;-31,4;Bon (7-8)
He Got Game ;tt0124718;1998;136;6,9;36108;Spike Lee;Denzel Washington;Milla Jovovich;Rosario Dawson;USA;English;R;Drama;Sport;;25000000,0;21554585,0;0;1990;-3445415,0;-13,8;Moyen (6-7)
Don Juan DeMarco ;tt0112883;1994;97;6,8;41310;Jeremy Leven;Johnny Depp;Marlon Brando;Faye Dunaway;USA;English;PG-13;Comedy;Drama;Romance;25000000,0;22200000,0;0;1990;-2800000,0;-11,2;Moyen (6-7)
Dear John ;tt0989757;2010;108;6,3;104356;Lasse Hallström;Channing Tatum;Henry Thomas;Scott Porter;USA;English;PG-13;Drama;Romance;War;25000000,0;80014842,0;14000;2010;55014842,0;220,1;Moyen (6-7)
The Losers ;tt0480255;2010;97;6,4;74691;Sylvain White;Chris Evans;Jason Patric;Óscar Jaenada;USA;English;PG-13;Action;Crime;Drama;25000000,0;23527955,0;0;2010;-1472045,0;-5,9;Moyen (6-7)
Don't Be Afraid of the Dark ;tt1270761;2010;99;5,6;40776;Troy Nixey;Bailee Madison;Alan Dale;Jack Thompson;USA;English;R;Fantasy;Horror;Thriller;25000000,0;24042490,0;10000;2010;-957510,0;-3,8;Faible (<6)
War ;tt0499556;2007;103;6,3;72673;Philip G. Atwell;Jason Statham;Jet Li;Nadine Velazquez;USA;English;R;Action;Crime;Thriller;25000000,0;22466994,0;0;2000;-2533006,0;-10,1;Moyen (6-7)
Punch-Drunk Love ;tt0272338;2002;95;7,3;109855;Paul Thomas Anderson;Adam Sandler;Emily Watson;Don McManus;USA;English;R;Comedy;Drama;Romance;25000000,0;17791031,0;0;2000;-7208969,0;-28,8;Bon (7-8)
EuroTrip ;tt0356150;2004;93;6,6;162067;Jeff Schaffer;Matt Damon;Scott Mechlowicz;Jacob Pitts;USA;English;R;Comedy;;;25000000,0;17718223,0;0;2000;-7281777,0;-29,1;Moyen (6-7)
Half Past Dead ;tt0297162;2002;98;4,6;12263;Don Michael Paul;Claudia Christian;Nia Peeples;Tony Plana;Germany;English;PG-13;Action;Crime;Thriller;13000000,0;15361537,0;564;2000;2361537,0;18,2;Faible (<6)
Unaccompanied Minors ;tt0488658;2006;90;5,1;8398;Paul Feig;Tyler James Williams;Rob Riggle;B.J. Novak;USA;English;PG;Adventure;Comedy;Family;26000000,0;16647384,0;498;2000;-9352616,0;-36,0;Faible (<6)
Bright Lights, Big City ;tt0094799;1988;107;5,6;5817;James Bridges;Dianne Wiest;Phoebe Cates;Swoosie Kurtz;USA;English;R;Drama;;;25000000,0;16118077,0;377;1980;-8881923,0;-35,5;Faible (<6)
The Adventures of Pinocchio ;tt0115472;1996;90;5,3;4086;Steve Barron;Martin Landau;Udo Kier;Bebe Neuwirth;UK;Italian;G;Adventure;Family;Fantasy;25000000,0;15091542,0;246;1990;-9908458,0;-39,6;Faible (<6)
The Greatest Game Ever Played ;tt0388980;2005;120;7,5;22289;Bill Paxton;Stephen Dillane;Matthew Knight;Amanda Tilson;USA;English;PG;Drama;History;Sport;;15331289,0;0;2000;;;Bon (7-8)
The Box ;tt0362478;2009;115;5,6;76303;Richard Kelly;Frank Langella;Gillian Jacobs;Celia Weston;USA;English;PG-13;Drama;Fantasy;Mystery;16000000,0;15045676,0;0;2000;-954324,0;-6,0;Faible (<6)
The Ruins ;tt0963794;2008;93;5,9;60062;Carter Smith;Laura Ramsey;Jonathan Tucker;Sergio Calderón;USA;English;R;Horror;;;8000000,0;17427926,0;0;2000;9427926,0;117,8;Faible (<6)
The Next Best Thing ;tt0156841;2000;99;4,7;9361;John Schlesinger;Mark Valley;Rupert Everett;Illeana Douglas;USA;English;PG-13;Comedy;Drama;Romance;25000000,0;14983572,0;378;2000;-10016428,0;-40,1;Faible (<6)
My Soul to Take ;tt0872230;2010;107;4,8;16411;Wes Craven;Frank Grillo;Emily Meade;Zena Grey;USA;English;R;Horror;Mystery;Thriller;25000000,0;14637490,0;0;2010;-10362510,0;-41,5;Faible (<6)
The Girl Next Door ;tt0265208;2004;110;6,8;171151;Luke Greenfield;Chris Marquette;Timothy Bottoms;Jacob Young;USA;English;R;Comedy;Drama;Romance;25000000,0;14589444,0;0;2000;-10410556,0;-41,6;Moyen (6-7)
Maximum Risk ;tt0117011;1996;101;5,4;15814;Ringo Lam;Natasha Henstridge;Zach Grenier;Paul Ben-Victor;USA;English;R;Action;Crime;Mystery;25000000,0;14095303,0;503;1990;-10904697,0;-43,6;Faible (<6)
Stealing Harvard ;tt0265808;2002;85;5,1;11211;Bruce McCulloch;Martin Starr;Megan Mullally;Chris Penn;USA;English;PG-13;Comedy;Crime;;25000000,0;13973532,0;215;2000;-11026468,0;-44,1;Faible (<6)
Legend ;tt3569230;2015;132;7,0;87682;Brian Helgeland;Tom Hardy;Paul Anderson;Tara Fitzgerald;UK;English;R;Biography;Crime;Drama;30000000,0;1865774,0;43000;2010;-28134226,0;-93,8;Bon (7-8)
Hot Rod ;tt0787475;2007;88;6,7;59900;Akiva Schaffer;Sissy Spacek;Jorma Taccone;Chris Parnell;USA;English;PG-13;Comedy;;;;13920741,0;0;2000;;;Moyen (6-7)
Shark Night 3D ;tt1633356;2011;90;4,0;20823;David R. Ellis;Chris Zylka;Joel David Moore;Katharine McPhee;USA;English;PG-13;Horror;Thriller;;25000000,0;18860403,0;0;2010;-6139597,0;-24,6;Faible (<6)
Angela's Ashes ;tt0145653;1999;145;7,3;16995;Alan Parker;Emily Watson;Devon Murray;Pauline McLynn;USA;English;R;Drama;;;25000000,0;13038660,0;0;1990;-11961340,0;-47,8;Bon (7-8)
Draft Day ;tt2223990;2014;110;6,8;39357;Ivan Reitman;Jennifer Garner;Chi McBride;Patrick St. Esprit;USA;English;R;Drama;Sport;;25000000,0;28831145,0;14000;2010;3831145,0;15,3;Moyen (6-7)
Lifeforce ;tt0089489;1985;101;6,1;15531;Tobe Hooper;Frank Finlay;Steve Railsback;Peter Firth;UK;English;R;Action;Horror;Sci-Fi;25000000,0;;0;1980;;;Moyen (6-7)
The Conspirator ;tt0968264;2010;122;7,0;23696;Robert Redford;Robin Wright;Tom Wilkinson;Stephen Root;USA;English;PG-13;Crime;Drama;History;25000000,0;11538204,0;0;2010;-13461796,0;-53,8;Bon (7-8)
Lords of Dogtown ;tt0355702;2005;107;7,1;43903;Catherine Hardwicke;Heath Ledger;Michael Angarano;Rebecca De Mornay;USA;English;PG-13;Biography;Drama;Sport;25000000,0;11008432,0;5000;2000;-13991568,0;-56,0;Bon (7-8)
The 33 ;tt2006295;2015;127;6,9;21098;Patricia Riggen;Marco Treviño;James Brolin;Jacob Vargas;Chile;English;PG-13;Biography;Drama;History;26000000,0;12188642,0;0;2010;-13811358,0;-53,1;Moyen (6-7)
Big Trouble in Little China ;tt0090728;1986;99;7,3;92464;John Carpenter;Victor Wong;Kate Burton;Peter Kwong;USA;English;PG-13;Action;Adventure;Comedy;25000000,0;11100000,0;19000;1980;-13900000,0;-55,6;Bon (7-8)
A Perfect Plan ;tt1986843;2012;104;6,3;5525;Pascal Chaumeil;Dany Boon;Malonn Lévana;Alice Pol;France;French;;Comedy;Romance;;17000000,0;;853;2010;;;Moyen (6-7)
Warrior ;tt1291584;2011;140;8,2;332276;Gavin O'Connor;Tom Hardy;Frank Grillo;Kevin Dunn;USA;English;PG-13;Drama;Sport;;25000000,0;13651662,0;77000;2010;-11348338,0;-45,4;Excellent (8+)
Michael Collins ;tt0117039;1996;133;7,1;24145;Neil Jordan;Alan Rickman;Liam Neeson;Julia Roberts;UK;English;R;Biography;Drama;Thriller;28000000,0;11030963,0;0;1990;-16969037,0;-60,6;Bon (7-8)
Gettysburg ;tt0107007;1993;271;7,7;21940;Ron Maxwell;Tom Berenger;William Morgan Sheppard;James Patrick Stuart;USA;English;PG;Drama;History;War;25000000,0;10769960,0;0;1990;-14230040,0;-56,9;Bon (7-8)
Stop-Loss ;tt0489281;2008;112;6,5;17757;Kimberly Peirce;Joseph Gordon-Levitt;Channing Tatum;Abbie Cornish;USA;English;R;Drama;War;;25000000,0;10911750,0;982;2000;-14088250,0;-56,4;Moyen (6-7)
Abandon ;tt0267248;2002;99;4,9;7909;Stephen Gaghan;Charlie Hunnam;Zooey Deschanel;Tony Goldwyn;USA;English;PG-13;Drama;Music;Mystery;25000000,0;10719367,0;261;2000;-14280633,0;-57,1;Faible (<6)
Brokedown Palace ;tt0120620;1999;100;6,4;18693;Jonathan Kaplan;John Doe;Tom Amandes;Daniel Lapaine;USA;English;PG-13;Drama;Mystery;Thriller;25000000,0;10114315,0;0;1990;-14885685,0;-59,5;Moyen (6-7)
The Possession ;tt0431021;2012;92;5,9;47169;Ole Bornedal;Kyra Sedgwick;Madison Davenport;Natasha Calis;USA;English;PG-13;Horror;Thriller;;14000000,0;49122319,0;17000;2010;35122319,0;250,9;Faible (<6)
Mrs. Winterbourne ;tt0117104;1996;105;6,2;5668;Richard Benjamin;Brendan Fraser;Jane Krakowski;Cathryn de Prume;USA;English;PG-13;Comedy;Drama;Romance;25000000,0;10070000,0;491;1990;-14930000,0;-59,7;Moyen (6-7)
Straw Dogs ;tt0999913;2011;110;5,8;27117;Rod Lurie;Alexander Skarsgård;Laz Alonso;Rhys Coiro;USA;English;R;Action;Drama;Thriller;25000000,0;10324441,0;7000;2010;-14675559,0;-58,7;Faible (<6)
The Hoax ;tt0462338;2006;116;6,7;14581;Lasse Hallström;Hope Davis;Christopher Evan Welch;James Biberi;USA;English;R;Comedy;Drama;;25000000,0;7156933,0;348;2000;-17843067,0;-71,4;Moyen (6-7)
Stone Cold ;tt0102984;1991;88;5,9;4972;Craig R. Baxley;Brian Bosworth;Sam McMurray;Richard Gant;USA;English;R;Action;Crime;Drama;17000000,0;9286314,0;0;1990;-7713686,0;-45,4;Faible (<6)
The Road ;tt0898367;2009;111;7,3;177401;John Hillcoat;Viggo Mortensen;Charlize Theron;Robert Duvall;USA;English;R;Adventure;Drama;;25000000,0;56692,0;32000;2000;-24943308,0;-99,8;Bon (7-8)
Sheena ;tt0088103;1984;117;4,8;3334;John Guillermin;Tanya Roberts;Donovan Scott;Ted Wass;UK;English;PG;Adventure;Fantasy;;25000000,0;;739;1980;;;Faible (<6)
Underclassman ;tt0373416;2005;95;4,1;4875;Marcos Siega;Cheech Marin;Nick Cannon;Kaylee DeFer;USA;English;PG-13;Action;Comedy;Crime;25000000,0;5654777,0;206;2000;-19345223,0;-77,4;Faible (<6)
Say It Isn't So ;tt0239949;2001;95;4,9;11375;J.B. Rogers;Eddie Cibrian;Chris Klein;Jack Plotnick;USA;English;R;Comedy;Romance;;25000000,0;5516708,0;295;2000;-19483292,0;-77,9;Faible (<6)
The World's Fastest Indian ;tt0412080;2005;127;7,9;44198;Roger Donaldson;Anthony Hopkins;Antony Starr;Craig Hall;New Zealand;English;PG-13;Biography;Drama;Sport;25000000,0;5128124,0;11000;2000;-19871876,0;-79,5;Bon (7-8)
Tank Girl ;tt0114614;1995;104;5,2;24790;Rachel Talalay;Naomi Watts;Lori Petty;Jeff Kober;USA;English;R;Action;Comedy;Sci-Fi;25000000,0;4064333,0;0;1990;-20935667,0;-83,7;Faible (<6)
King's Ransom ;tt0388183;2005;95;4,1;3229;Jeffrey W. Byrd;Donald Faison;Loretta Devine;Regina Hall;USA;English;PG-13;Comedy;Crime;;15000000,0;4006906,0;83;2000;-10993094,0;-73,3;Faible (<6)
Blindness ;tt0861689;2008;121;6,6;59462;Fernando Meirelles;Don McKellar;Joe Pingue;Yûsuke Iseya;Canada;English;R;Drama;Mystery;Sci-Fi;25000000,0;3073392,0;0;2000;-21926608,0;-87,7;Moyen (6-7)
BloodRayne ;tt0383222;2005;92;2,9;30628;Uwe Boll;Meat Loaf;Udo Kier;Michael Paré;USA;English;R;Action;Adventure;Fantasy;25000000,0;1550000,0;937;2000;-23450000,0;-93,8;Faible (<6)
Carnage ;tt1692486;2011;80;7,2;96480;Roman Polanski;Kate Winslet;Christoph Waltz;Julie Adams;France;English;R;Comedy;Drama;;25000000,0;;21000;2010;;;Bon (7-8)
Where the Truth Lies ;tt0373450;2005;107;6,5;14982;Atom Egoyan;Colin Firth;Alison Lohman;Rachel Blanchard;Canada;English;R;Crime;Drama;Mystery;25000000,0;871527,0;507;2000;-24128473,0;-96,5;Moyen (6-7)
Cirque du Soleil: Worlds Away ;tt1792647;2012;91;6,8;7100;Andrew Adamson;Dallas Barnett;Erica Linz;Igor Zaripov;USA;English;PG;Fantasy;;;;12495865,0;0;2010;;;Moyen (6-7)
Without Limits ;tt0119934;1998;117;7,2;5841;Robert Towne;Billy Burke;Monica Potter;Billy Crudup;USA;English;PG-13;Biography;Drama;Sport;25000000,0;777423,0;942;1990;-24222577,0;-96,9;Bon (7-8)
Me and Orson Welles ;tt1175506;2008;107;6,8;9264;Richard Linklater;Zoe Kazan;Aidan McArdle;James Tupper;UK;English;PG-13;Drama;;;25000000,0;1186957,0;0;2000;-23813043,0;-95,3;Moyen (6-7)
The Best Offer ;tt1924396;2013;131;7,8;69676;Giuseppe Tornatore;Jim Sturgess;Sean Buchanan;Liya Kebede;Italy;English;R;Crime;Drama;Mystery;13500000,0;85433,0;31000;2010;-13414567,0;-99,4;Bon (7-8)
Bad Lieutenant: Port of Call New Orleans ;tt1095217;2009;122;6,7;64944;Werner Herzog;Nicolas Cage;Shea Whigham;Shawn Hatosy;USA;English;R;Crime;Drama;;20000000,0;1697956,0;6000;2000;-18302044,0;-91,5;Moyen (6-7)
A Turtle's Tale: Sammy's Adventures ;tt1230204;2010;88;6,1;5385;Ben Stassen;Ed Begley Jr.;Jenny McCarthy;Stacy Keach;France;English;PG;Adventure;Animation;Family;;;0;2010;;;Moyen (6-7)
Little White Lies ;tt1440232;2010;134;7,1;18395;Guillaume Canet;François Cluzet;Benoît Magimel;Gilles Lellouche;France;French;Not Rated;Comedy;Drama;;25000000,0;183662,0;0;2010;-24816338,0;-99,3;Bon (7-8)
Love Ranch ;tt1125929;2010;117;5,7;2395;Taylor Hackford;Scout Taylor-Compton;Bai Ling;Gil Birmingham;USA;English;R;Comedy;Drama;Romance;25000000,0;134904,0;636;2010;-24865096,0;-99,5;Faible (<6)
The True Story of Puss'N Boots ;tt1239462;2009;80;2,9;753;Jérôme Deschamps;Yolande Moreau;André Wilms;Jérôme Deschamps;France;English;G;Adventure;Animation;Comedy;25000000,0;;90;2000;;;Faible (<6)
Space Dogs ;tt1272051;2010;85;5,2;891;Inna Evlannikova;Sergey Garmash;Evgeniy Mironov;Aleksandr Bashirov;Russia;Russian;G;Adventure;Animation;Comedy;25000000,0;;200;2010;;;Faible (<6)
The Counselor ;tt2193215;2013;138;5,3;80861;Ridley Scott;Michael Fassbender;Brad Pitt;Goran Visnjic;USA;English;R;Crime;Drama;Thriller;25000000,0;16969390,0;24000;2010;-8030610,0;-32,1;Faible (<6)
Ironclad ;tt1233301;2011;121;6,2;34338;Jonathan English;Jason Flemyng;Mackenzie Crook;Derek Jacobi;UK;English;R;Action;Adventure;History;25000000,0;;0;2010;;;Moyen (6-7)
Waterloo ;tt0066549;1970;134;7,3;5911;Sergey Bondarchuk;Rod Steiger;Dan O'Herlihy;Jack Hawkins;Italy;English;G;Action;Drama;History;25000000,0;;690;1970;;;Bon (7-8)
Kung Fu Killer ;tt2952602;2014;100;6,5;5900;Teddy Chan;Siu-Wong Fan;Charlie Yeung;Wai-Keung Lau;China;Cantonese;;Action;Drama;;25000000,0;129115,0;0;2010;-24870885,0;-99,5;Moyen (6-7)
Red Sky ;tt1946381;2014;100;4,1;1084;Mario Van Peebles;Martin Kove;Mario Van Peebles;Jacob Vargas;USA;English;PG-13;Action;Thriller;;25000000,0;;437;2010;;;Faible (<6)
Dangerous Liaisons ;tt0094947;1988;119;7,7;52846;Stephen Frears;Keanu Reeves;Peter Capaldi;Swoosie Kurtz;USA;English;R;Drama;Romance;;14000000,0;34700000,0;0;1980;20700000,0;147,9;Bon (7-8)
On the Road ;tt0337692;2012;137;6,1;33107;Walter Salles;Kristen Stewart;Viggo Mortensen;Kirsten Dunst;France;English;R;Adventure;Drama;;25000000,0;717753,0;27000;2010;-24282247,0;-97,1;Moyen (6-7)
Star Trek IV: The Voyage Home ;tt0092007;1986;119;7,3;61621;Leonard Nimoy;Leonard Nimoy;Nichelle Nichols;Walter Koenig;USA;English;PG;Adventure;Comedy;Sci-Fi;25000000,0;109713132,0;0;1980;84713132,0;338,9;Bon (7-8)
Rocky Balboa ;tt0479143;2006;139;7,2;162130;Sylvester Stallone;Sylvester Stallone;Burt Young;Mike Tyson;USA;English;PG;Drama;Sport;;24000000,0;70269171,0;0;2000;46269171,0;192,8;Bon (7-8)
Scream 2 ;tt0120082;1997;120;6,1;124941;Wes Craven;Omar Epps;Jada Pinkett Smith;Kevin Williamson;USA;English;R;Horror;Mystery;;24000000,0;101334374,0;0;1990;77334374,0;322,2;Moyen (6-7)
Jane Got a Gun ;tt2140037;2016;98;5,8;8885;Gavin O'Connor;Natalie Portman;Noah Emmerich;Boyd Holbrook;USA;English;R;Action;Drama;Western;25000000,0;1512815,0;0;2010;-23487185,0;-93,9;Faible (<6)
Think Like a Man Too ;tt2239832;2014;106;5,7;15310;Tim Story;Romany Malco;Regina Hall;David Walton;USA;English;PG-13;Comedy;Romance;;24000000,0;65182182,0;3000;2010;41182182,0;171,6;Faible (<6)
The Whole Nine Yards ;tt0190138;2000;98;6,7;90374;Jonathan Lynn;Bruce Willis;Matthew Perry;Natasha Henstridge;USA;English;R;Comedy;Crime;;24000000,0;57262492,0;0;2000;33262492,0;138,6;Moyen (6-7)
Footloose ;tt0087277;1984;107;6,5;51459;Herbert Ross;Dianne Wiest;Chris Penn;Lori Singer;USA;English;PG;Drama;Music;Romance;8200000,0;80000000,0;0;1980;71800000,0;875,6;Moyen (6-7)
Old School ;tt0302886;2003;88;7,2;185258;Todd Phillips;Will Ferrell;Leah Remini;Patrick Fischler;USA;English;R;Comedy;;;24000000,0;74608545,0;0;2000;50608545,0;210,9;Bon (7-8)
The Fisher King ;tt0101889;1991;137;7,6;63274;Terry Gilliam;Jeff Bridges;David Hyde Pierce;Harry Shearer;USA;English;R;Comedy;Drama;Fantasy;24000000,0;41895491,0;12000;1990;17895491,0;74,6;Bon (7-8)
I Still Know What You Did Last Summer ;tt0130018;1998;100;4,6;55398;Danny Cannon;Muse Watson;Mekhi Phifer;Bill Cobbs;USA;English;R;Horror;Mystery;;24000000,0;39989008,0;891;1990;15989008,0;66,6;Faible (<6)
Return to Me ;tt0122459;2000;115;6,9;16469;Bonnie Hunt;Minnie Driver;Jim Belushi;Bonnie Hunt;USA;English;PG;Comedy;Drama;Romance;24000000,0;32662299,0;0;2000;8662299,0;36,1;Moyen (6-7)
Zack and Miri Make a Porno ;tt1007028;2008;101;6,6;149835;Kevin Smith;Gerry Bednob;Jeff Anderson;Jennifer Schwalbach Smith;USA;English;R;Comedy;Romance;;24000000,0;31452765,0;0;2000;7452765,0;31,1;Moyen (6-7)
Nurse Betty ;tt0171580;2000;110;6,3;30119;Neil LaBute;Morgan Freeman;Pruitt Taylor Vince;Kathleen Wilhoite;Germany;English;R;Comedy;Crime;Drama;24000000,0;25167270,0;455;2000;1167270,0;4,9;Moyen (6-7)
The Men Who Stare at Goats ;tt1234548;2009;94;6,2;109620;Grant Heslov;Kevin Spacey;Jeff Bridges;Stephen Root;USA;English;R;Comedy;War;;25000000,0;32416109,0;15000;2000;7416109,0;29,7;Moyen (6-7)
Double Take ;tt0238948;2001;88;5,3;5431;George Gallo;Daniel Roebuck;Eddie Griffin;Garcelle Beauvais;USA;English;PG-13;Action;Comedy;Crime;24000000,0;20218,0;204;2000;-23979782,0;-99,9;Faible (<6)
Girl, Interrupted ;tt0172493;1999;127;7,3;125421;James Mangold;Angelina Jolie Pitt;Clea DuVall;Vanessa Redgrave;USA;English;R;Biography;Drama;;24000000,0;28871190,0;0;1990;4871190,0;20,3;Bon (7-8)
Win a Date with Tad Hamilton! ;tt0335559;2004;95;5,6;22844;Robert Luketic;Topher Grace;Gary Cole;Nathan Lane;USA;English;PG-13;Comedy;Romance;;24000000,0;16964743,0;876;2000;-7035257,0;-29,3;Faible (<6)
Muppets from Space ;tt0158811;1999;87;6,2;14637;Tim Hill;Josh Charles;F. Murray Abraham;David Arquette;USA;English;G;Adventure;Comedy;Family;24000000,0;16290976,0;619;1990;-7709024,0;-32,1;Moyen (6-7)
The Wiz ;tt0078504;1978;118;5,2;10895;Sidney Lumet;Lena Horne;Diana Ross;Theresa Merritt;USA;English;G;Adventure;Family;Fantasy;24000000,0;13000000,0;0;1970;-11000000,0;-45,8;Faible (<6)
Ready to Rumble ;tt0217756;2000;107;5,3;11709;Brian Robbins;Oliver Platt;Ellen Albertini Dow;Martin Landau;USA;English;PG-13;Comedy;Sport;;24000000,0;12372410,0;650;2000;-11627590,0;-48,4;Faible (<6)
Play It to the Bone ;tt0196857;1999;124;5,4;10100;Ron Shelton;Willie Garson;Robert Wagner;Lolita Davidovich;USA;English;R;Comedy;Drama;Sport;24000000,0;8427204,0;153;1990;-15572796,0;-64,9;Faible (<6)
I Don't Know How She Does It ;tt1742650;2011;89;4,9;16437;Douglas McGrath;Olivia Munn;Busy Philipps;Jessica Szohr;USA;English;PG-13;Comedy;Romance;;24000000,0;9639242,0;0;2010;-14360758,0;-59,8;Faible (<6)
Piranha 3D ;tt0464154;2010;88;5,5;72552;Alexandre Aja;Adam Scott;Kelly Brook;Jessica Szohr;USA;English;R;Comedy;Horror;;24000000,0;25003072,0;13000;2010;1003072,0;4,2;Faible (<6)
Beyond the Sea ;tt0363473;2004;118;6,7;12821;Kevin Spacey;Kevin Spacey;Bob Hoskins;Brenda Blethyn;USA;English;PG-13;Biography;Drama;Music;23000000,0;6144806,0;0;2000;-16855194,0;-73,3;Moyen (6-7)
Meet the Deedles ;tt0120645;1998;93;3,9;2265;Steve Boyum;Paul Walker;M.C. Gainey;A.J. Langer;USA;English;PG;Comedy;Family;;24000000,0;4308981,0;839;1990;-19691019,0;-82,0;Faible (<6)
The Princess and the Cobbler ;tt0112389;1993;80;7,2;2541;Richard Williams;Donald Pleasence;Kenneth Williams;Clive Revill;UK;English;G;Action;Adventure;Animation;28000000,0;669276,0;408;1990;-27330724,0;-97,6;Bon (7-8)
The Bridge of San Luis Rey ;tt0356443;2004;120;5,1;2919;Mary McGuckian;Robert De Niro;F. Murray Abraham;Geraldine Chaplin;UK;English;PG;Drama;Romance;;24000000,0;42880,0;181;2000;-23957120,0;-99,8;Faible (<6)
Faster ;tt1433108;2010;98;6,5;80574;George Tillman Jr.;Dwayne Johnson;Tom Berenger;Mike Epps;USA;English;R;Action;Crime;Drama;24000000,0;23225911,0;12000;2010;-774089,0;-3,2;Moyen (6-7)
Howl's Moving Castle ;tt0347149;2004;119;8,2;214091;Hayao Miyazaki;Christian Bale;Blythe Danner;Jean Simmons;Japan;Japanese;PG;Adventure;Animation;Family;24000000,0;4710455,0;13000;2000;-19289545,0;-80,4;Excellent (8+)
Zombieland ;tt1156398;2009;88;7,7;386217;Ruben Fleischer;Emma Stone;Bill Murray;Derek Graf;USA;English;R;Adventure;Comedy;Horror;23600000,0;75590286,0;26000;2000;51990286,0;220,3;Bon (7-8)
The Waterboy ;tt0120484;1998;90;6,1;119450;Frank Coraci;Adam Sandler;Clint Howard;Peter Dante;USA;English;PG-13;Comedy;Sport;;20000000,0;161487252,0;0;1990;141487252,0;707,4;Moyen (6-7)
Star Wars: Episode V - The Empire Strikes Back ;tt0080684;1980;127;8,8;837759;Irvin Kershner;Harrison Ford;Kenny Baker;Anthony Daniels;USA;English;PG;Action;Adventure;Fantasy;18000000,0;290158751,0;17000;1980;272158751,0;1512,0;Excellent (8+)
Bad Boys ;tt0112442;1995;119;6,8;172405;Michael Bay;Will Smith;Tchéky Karyo;Theresa Randle;USA;English;R;Action;Comedy;Crime;19000000,0;65807024,0;0;1990;46807024,0;246,4;Moyen (6-7)
The Naked Gun 2½: The Smell of Fear ;tt0102510;1991;85;6,8;83269;David Zucker;George Kennedy;Priscilla Presley;O.J. Simpson;USA;English;PG-13;Comedy;Crime;;23000000,0;86930411,0;0;1990;63930411,0;278,0;Moyen (6-7)
Final Destination ;tt0195714;2000;98;6,7;181058;James Wong;Daniel Roebuck;Brendan Fehr;Kerr Smith;USA;English;R;Horror;Thriller;;23000000,0;53302314,0;0;2000;30302314,0;131,7;Moyen (6-7)
The Ides of March ;tt1124035;2011;101;7,1;188652;George Clooney;Ryan Gosling;Philip Seymour Hoffman;Jennifer Ehle;USA;English;R;Drama;;;12500000,0;40962534,0;22000;2010;28462534,0;227,7;Bon (7-8)
Pitch Black ;tt0134847;2000;112;7,1;193962;David Twohy;Vin Diesel;Radha Mitchell;Cole Hauser;USA;English;R;Horror;Sci-Fi;;23000000,0;39235088,0;5000;2000;16235088,0;70,6;Bon (7-8)
Someone Like You... ;tt0244970;2001;97;6,1;19709;Tony Goldwyn;Hugh Jackman;Ellen Barkin;Catherine Dent;USA;English;PG-13;Comedy;Romance;;23000000,0;27338033,0;0;2000;4338033,0;18,9;Moyen (6-7)
Her ;tt1798709;2013;126;8,0;355126;Spike Jonze;Scarlett Johansson;Brian Johnson;Matt Letscher;USA;English;R;Drama;Romance;Sci-Fi;23000000,0;25556065,0;148000;2010;2556065,0;11,1;Excellent (8+)
Joy Ride ;tt0206314;2001;97;6,6;53415;John Dahl;Paul Walker;Jessica Bowman;Dell Yount;USA;English;R;Mystery;Thriller;;23000000,0;21973182,0;0;2000;-1026818,0;-4,5;Moyen (6-7)
The Adventurer: The Curse of the Midas Box ;tt1376213;2013;100;5,4;4191;Jonathan Newman;Ioan Gruffudd;Keeley Hawes;Oliver Stark;UK;English;PG;Adventure;Family;Fantasy;25000000,0;4756,0;0;2010;-24995244,0;-100,0;Faible (<6)
Anywhere But Here ;tt0149691;1999;114;6,1;14786;Wayne Wang;Natalie Portman;Eva Amurri Martino;Shawn Hatosy;USA;English;PG-13;Comedy;Drama;;23000000,0;18653615,0;638;1990;-4346385,0;-18,9;Moyen (6-7)
The Crew ;tt0198386;2000;88;5,6;3914;Michael Dinner;Seymour Cassel;Dan Hedaya;Lainie Kazan;USA;English;PG-13;Comedy;Crime;;23000000,0;13019253,0;153;2000;-9980747,0;-43,4;Faible (<6)
Haywire ;tt1506999;2011;93;5,8;72646;Steven Soderbergh;Channing Tatum;Michael Fassbender;Michael Angarano;Ireland;English;R;Action;Thriller;;23000000,0;18934858,0;0;2010;-4065142,0;-17,7;Faible (<6)
Jaws: The Revenge ;tt0093300;1987;92;2,8;30840;Joseph Sargent;Judith Barsi;Mario Van Peebles;Lynn Whitfield;USA;English;PG-13;Adventure;Horror;Thriller;23000000,0;20763013,0;0;1980;-2236987,0;-9,7;Faible (<6)
Marvin's Room ;tt0116999;1996;98;6,7;20163;Jerry Zaks;Leonardo DiCaprio;Robert De Niro;Meryl Streep;USA;English;PG-13;Drama;;;23000000,0;12782508,0;1000;1990;-10217492,0;-44,4;Moyen (6-7)
The Longshots ;tt1091751;2008;94;5,1;3174;Fred Durst;Tasha Smith;Dash Mihok;Garrett Morris;USA;English;PG;Biography;Comedy;Drama;23000000,0;11508423,0;376;2000;-11491577,0;-50,0;Faible (<6)
The End of the Affair ;tt0172396;1999;102;7,2;17740;Neil Jordan;Stephen Rea;Ian Hart;James Bolam;UK;English;R;Drama;Romance;;23000000,0;10660147,0;0;1990;-12339853,0;-53,7;Bon (7-8)
Harley Davidson and the Marlboro Man ;tt0102005;1991;98;6,0;14473;Simon Wincer;Vanessa Williams;Tia Carrere;Don Johnson;USA;English;R;Action;Crime;Drama;23000000,0;7434726,0;0;1990;-15565274,0;-67,7;Moyen (6-7)
In the Valley of Elah ;tt0478134;2007;121;7,2;60115;Paul Haggis;James Franco;Charlize Theron;Barry Corbin;USA;English;R;Crime;Drama;Mystery;;6777589,0;0;2000;;;Bon (7-8)
Coco Before Chanel ;tt1035736;2009;111;6,7;32003;Anne Fontaine;Alessandro Nivola;Benoît Poelvoorde;Marie Gillain;France;French;PG-13;Biography;Drama;;19430000,0;6109075,0;0;2000;-13320925,0;-68,6;Moyen (6-7)
Forsaken ;tt2271563;2015;90;6,3;4693;Jon Cassar;Demi Moore;Landon Liboiron;Michael Wincott;Canada;English;R;Drama;Western;;11000000,0;;0;2010;;;Moyen (6-7)
Chéri ;tt1179258;2009;100;6,2;8924;Stephen Frears;Tom Burke;Iben Hjejle;Gaye Brown;UK;English;R;Comedy;Drama;Romance;23000000,0;2708188,0;0;2000;-20291812,0;-88,2;Moyen (6-7)
Vanity Fair ;tt0241025;2004;141;6,2;17373;Mira Nair;Romola Garai;Roger Lloyd Pack;Lillete Dubey;USA;English;PG-13;Drama;;;23000000,0;16123851,0;767;2000;-6876149,0;-29,9;Moyen (6-7)
Bodyguards and Assassins ;tt1403130;2009;139;6,9;6263;Teddy Chan;Bingbing Fan;Simon Yam;Nicholas Tse;China;Mandarin;;Action;Drama;History;23000000,0;;765;2000;;;Moyen (6-7)
1408 ;tt0450385;2007;114;6,8;209396;Mikael Håfström;Drew Powell;Kim Thomson;Alexandra Silber;USA;English;PG-13;Fantasy;Horror;;25000000,0;71975611,0;11000;2000;46975611,0;187,9;Moyen (6-7)
Spaceballs ;tt0094012;1987;96;7,1;136667;Mel Brooks;Joan Rivers;Dick Van Patten;Michael Winslow;USA;English;PG;Adventure;Comedy;Sci-Fi;22700000,0;38119483,0;13000;1980;15419483,0;67,9;Bon (7-8)
The Water Diviner ;tt3007512;2014;111;7,1;53341;Russell Crowe;Cem Yilmaz;Ryan Corr;Steve Bastoni;Australia;English;R;Drama;War;;22500000,0;4190530,0;18000;2010;-18309470,0;-81,4;Bon (7-8)
Ghost ;tt0099653;1990;127;7,0;154199;Jerry Zucker;Demi Moore;Tony Goldwyn;Phil Leeds;USA;English;PG-13;Drama;Fantasy;Romance;22000000,0;217631306,0;0;1990;195631306,0;889,2;Bon (7-8)
There's Something About Mary ;tt0129387;1998;107;7,1;247289;Bobby Farrelly;Sarah Silverman;Lin Shaye;Richard Tyson;USA;English;R;Comedy;Romance;;23000000,0;176483808,0;0;1990;153483808,0;667,3;Bon (7-8)
The Santa Clause ;tt0111070;1994;97;6,4;64742;John Pasquin;Judge Reinhold;Eric Lloyd;Peter Boyle;USA;English;PG;Comedy;Drama;Family;22000000,0;144833357,0;0;1990;122833357,0;558,3;Moyen (6-7)
The Rookie ;tt0265662;2002;127;7,0;26434;John Lee Hancock;Dennis Quaid;Jay Hernandez;Angus T. Jones;USA;English;G;Drama;Family;Sport;20000000,0;75597042,0;0;2000;55597042,0;278,0;Bon (7-8)
The Game Plan ;tt0492956;2007;110;6,2;44021;Andy Fickman;Dwayne Johnson;Kyra Sedgwick;Madison Pettis;USA;English;PG;Comedy;Family;Sport;22000000,0;90636983,0;0;2000;68636983,0;312,0;Moyen (6-7)
The Bridges of Madison County ;tt0112579;1995;135;7,5;54631;Clint Eastwood;Clint Eastwood;Meryl Streep;Debra Monk;USA;English;PG-13;Drama;Romance;;35000000,0;70960517,0;0;1990;35960517,0;102,7;Bon (7-8)
The Animal ;tt0255798;2001;84;4,8;47383;Luke Greenfield;Louis Lombardi;Michael Papajohn;Colleen Haskell;USA;English;PG-13;Comedy;Sci-Fi;;22000000,0;55762229,0;1000;2000;33762229,0;153,5;Faible (<6)
Gandhi ;tt0083987;1982;240;8,1;171726;Richard Attenborough;Candice Bergen;Amrish Puri;John Gielgud;UK;English;PG;Biography;Drama;History;22000000,0;;12000;1980;;;Excellent (8+)
The Hundred-Foot Journey ;tt2980648;2014;122;7,3;52894;Lasse Hallström;Manish Dayal;Charlotte Le Bon;Juhi Chawla;USA;English;PG;Comedy;Drama;;22000000,0;54235441,0;55000;2010;32235441,0;146,5;Bon (7-8)
The Net ;tt0113957;1995;114;5,8;48909;Irwin Winkler;Ken Howard;Jeremy Northam;Ray McKinnon;USA;English;PG-13;Action;Crime;Drama;22000000,0;50728000,0;0;1990;28728000,0;130,6;Faible (<6)
I Am Sam ;tt0277027;2001;132;7,6;121937;Jessie Nelson;Dianne Wiest;Loretta Devine;Richard Schiff;USA;English;PG-13;Drama;;;22000000,0;40270895,0;15000;2000;18270895,0;83,0;Bon (7-8)
Son of God ;tt3210686;2014;170;5,6;15448;Christopher Spencer;Roma Downey;Amber Rose Revah;Darwin Shaw;USA;English;PG-13;Biography;Drama;History;22000000,0;59696176,0;15000;2010;37696176,0;171,3;Faible (<6)
Underworld ;tt0320691;2003;133;7,0;208092;Len Wiseman;Sophia Myles;Kevin Grevioux;Shane Brolly;UK;English;R;Action;Fantasy;Thriller;22000000,0;51483949,0;0;2000;29483949,0;134,0;Bon (7-8)
Derailed ;tt0398017;2005;112;6,6;62584;Mikael Håfström;Denis O'Hare;RZA;Xzibit;USA;English;R;Drama;Thriller;;22000000,0;36020063,0;0;2000;14020063,0;63,7;Moyen (6-7)
The Informant! ;tt1130080;2009;108;6,5;52888;Steven Soderbergh;Matt Damon;Joel McHale;Thomas F. Wilson;USA;English;R;Comedy;Crime;Drama;21000000,0;33313582,0;0;2000;12313582,0;58,6;Moyen (6-7)
Shadowlands ;tt0108101;1993;115;7,4;13455;Richard Attenborough;Anthony Hopkins;James Frain;Julian Fellowes;UK;English;PG;Biography;Drama;Romance;22000000,0;25842000,0;2000;1990;3842000,0;17,5;Bon (7-8)
Deuce Bigalow: European Gigolo ;tt0367652;2005;83;4,6;41239;Mike Bigelow;Carlos Ponce;Eddie Griffin;Charles Keating;USA;English;R;Comedy;;;22000000,0;22264487,0;887;2000;264487,0;1,2;Faible (<6)
Delivery Man ;tt2387559;2013;105;6,4;59805;Ken Scott;Jack Reynor;Bobby Moynihan;Matthew Daddario;USA;English;PG-13;Comedy;Drama;;26000000,0;30659817,0;0;2010;4659817,0;17,9;Moyen (6-7)
Our Kind of Traitor ;tt1995390;2016;108;6,4;2587;Susanna White;Radivoje Bukvic;Pawel Szajda;Grigoriy Dobrygin;UK;English;R;Thriller;;;;3108216,0;0;2010;;;Moyen (6-7)
Saving Silverman ;tt0239948;2001;96;5,9;33287;Dennis Dugan;Amanda Detmer;Neil Diamond;Kyle Gass;USA;English;PG-13;Comedy;Crime;Romance;22000000,0;19351569,0;739;2000;-2648431,0;-12,0;Faible (<6)
Diary of a Wimpy Kid: Dog Days ;tt2023453;2012;94;6,4;15665;David Bowers;Zachary Gordon;Rachael Harris;Karan Brar;USA;English;PG;Comedy;Family;;22000000,0;49002815,0;0;2010;27002815,0;122,7;Moyen (6-7)
Summer of Sam ;tt0162677;1999;142;6,6;31227;Spike Lee;Mira Sorvino;Jennifer Esposito;Mike Starr;USA;English;R;Crime;Drama;Romance;22000000,0;19283782,0;0;1990;-2716218,0;-12,3;Moyen (6-7)
Jay and Silent Bob Strike Back ;tt0261392;2001;104;6,9;128593;Kevin Smith;Will Ferrell;Shannon Elizabeth;Jason Mewes;USA;English;R;Comedy;;;22000000,0;30059386,0;0;2000;8059386,0;36,6;Moyen (6-7)
The Glass House ;tt0221218;2001;106;5,8;25462;Daniel Sackheim;Chris Noth;Bruce Dern;Trevor Morgan;USA;English;PG-13;Crime;Drama;Mystery;30000000,0;17951431,0;804;2000;-12048569,0;-40,2;Faible (<6)
Hail, Caesar! ;tt0475290;2016;106;6,4;60926;Ethan Coen;Scarlett Johansson;Channing Tatum;Alden Ehrenreich;UK;English;PG-13;Comedy;Mystery;;22000000,0;29997095,0;23000;2010;7997095,0;36,4;Moyen (6-7)
Josie and the Pussycats ;tt0236348;2001;98;5,3;18900;Harry Elfont;Rosario Dawson;Paulo Costanzo;Aries Spears;Canada;English;PG-13;Comedy;Music;;22000000,0;14252830,0;0;2000;-7747170,0;-35,2;Faible (<6)
Homefront ;tt2312718;2013;100;6,5;82804;Gary Fleder;Jason Statham;James Franco;Frank Grillo;USA;English;R;Action;Crime;Drama;22000000,0;19783777,0;15000;2010;-2216223,0;-10,1;Moyen (6-7)
The Little Vampire ;tt0192255;2000;95;5,7;7242;Uli Edel;Richard E. Grant;Jim Carter;Alice Krige;Germany;English;PG;Adventure;Comedy;Family;22000000,0;13555988,0;0;2000;-8444012,0;-38,4;Faible (<6)
I Heart Huckabees ;tt0356721;2004;107;6,7;56813;David O. Russell;Naomi Watts;Lily Tomlin;Isabelle Huppert;USA;English;R;Comedy;;;22000000,0;12784713,0;0;2000;-9215287,0;-41,9;Moyen (6-7)
RoboCop 3 ;tt0107978;1993;104;3,9;35018;Fred Dekker;CCH Pounder;Rip Torn;Mako;USA;English;PG-13;Action;Crime;Sci-Fi;23500000,0;10696210,0;716;1990;-12803790,0;-54,5;Faible (<6)
Megiddo: The Omega Code 2 ;tt0263728;2001;104;4,1;2253;Brian Trenchard-Smith;Michael Biehn;Udo Kier;Franco Nero;USA;English;PG-13;Action;Adventure;Fantasy;22000000,0;5974653,0;158;2000;-16025347,0;-72,8;Faible (<6)
Darling Lili ;tt0065611;1970;143;6,2;1547;Blake Edwards;Rock Hudson;Vernon Dobtcheff;Jeremy Kemp;USA;English;G;Comedy;Drama;Musical;25000000,0;5000000,0;104;1970;-20000000,0;-80,0;Moyen (6-7)
Dudley Do-Right ;tt0160236;1999;77;3,8;8176;Hugh Wilson;Brendan Fraser;Alex Rocco;Eric Idle;USA;English;PG;Comedy;Family;Romance;22000000,0;9694105,0;272;1990;-12305895,0;-55,9;Faible (<6)
The Transporter Refueled ;tt2938956;2015;96;5,1;26767;Camille Delamarre;Ed Skrein;Noémie Lenoir;Radivoje Bukvic;France;English;PG-13;Action;Crime;Thriller;25000000,0;16027866,0;0;2010;-8972134,0;-35,9;Faible (<6)
The Libertine ;tt0375920;2004;114;6,4;31433;Laurence Dunmore;Johnny Depp;Jack Davenport;Richard Coyle;UK;English;R;Drama;Romance;;;4829497,0;0;2000;;;Moyen (6-7)
Black Book ;tt0389557;2006;145;7,8;59507;Paul Verhoeven;Michiel Huisman;Sebastian Koch;Christian Berkel;Netherlands;Dutch;R;Drama;Thriller;War;21000000,0;4398392,0;0;2000;-16601608,0;-79,1;Bon (7-8)
Joyeux Noel ;tt0424205;2005;116;7,8;21394;Christian Carion;Gary Lewis;Dany Boon;Ian Richardson;France;French;PG-13;Drama;History;Music;22000000,0;1050445,0;11000;2000;-20949555,0;-95,2;Bon (7-8)
Hit and Run ;tt2097307;2012;100;6,1;29322;David Palmer;Bradley Cooper;Tom Arnold;Beau Bridges;USA;English;R;Action;Comedy;Romance;2000000,0;13746550,0;0;2010;11746550,0;587,3;Moyen (6-7)
Mad Money ;tt0951216;2008;104;5,8;16831;Callie Khouri;Stephen Root;Ted Danson;Roger Cross;USA;English;PG-13;Comedy;Crime;Thriller;22000000,0;20668843,0;687;2000;-1331157,0;-6,1;Faible (<6)
Before I Go to Sleep ;tt1726592;2014;92;6,3;48873;Rowan Joffe;Colin Firth;Ben Crompton;Anne-Marie Duff;UK;English;R;Drama;Mystery;Thriller;22000000,0;2963012,0;11000;2010;-19036988,0;-86,5;Moyen (6-7)
Sorcerer ;tt0076740;1977;92;7,7;9513;William Friedkin;Roy Scheider;Joe Spinell;Amidou;USA;English;PG;Adventure;Drama;Thriller;12000000,0;;0;1970;;;Bon (7-8)
Stone ;tt1423995;2010;105;5,4;34985;John Curran;Robert De Niro;Milla Jovovich;Frances Conroy;USA;English;R;Drama;Thriller;;22000000,0;1796024,0;0;2010;-20203976,0;-91,8;Faible (<6)
Molière ;tt0796335;2007;120;7,3;5166;Laurent Tirard;Romain Duris;Ludivine Sagnier;Fabrice Luchini;France;French;PG-13;Comedy;History;;16000000,0;634277,0;815;2000;-15365723,0;-96,0;Bon (7-8)
Out of the Furnace ;tt1206543;2013;116;6,8;83171;Scott Cooper;Christian Bale;Sam Shepard;Dendrie Taylor;USA;English;R;Crime;Drama;Thriller;22000000,0;11326836,0;17000;2010;-10673164,0;-48,5;Moyen (6-7)
Michael Clayton ;tt0465538;2007;119;7,3;133367;Tony Gilroy;Tom Wilkinson;Denis O'Hare;Sydney Pollack;USA;English;R;Crime;Drama;Mystery;25000000,0;49024969,0;0;2000;24024969,0;96,1;Bon (7-8)
My Fellow Americans ;tt0117119;1996;101;6,5;12278;Peter Segal;Wilford Brimley;Bradley Whitford;Sela Ward;USA;English;PG-13;Adventure;Comedy;;21500000,0;22294341,0;758;1990;794341,0;3,7;Moyen (6-7)
Arlington Road ;tt0137363;1999;117;7,2;69980;Mark Pellington;Jeff Bridges;Spencer Treat Clark;Hope Davis;USA;English;R;Crime;Drama;Thriller;21500000,0;24362501,0;0;1990;2862501,0;13,3;Bon (7-8)
Underdogs ;tt1634003;2013;106;6,7;6920;Juan José Campanella;Pablo Rago;Diego Ramos;Gabriel Almirón;Spain;Spanish;PG;Adventure;Animation;Family;22000000,0;;0;2010;;;Moyen (6-7)
To Rome with Love ;tt1859650;2012;112;6,3;67893;Woody Allen;Ornella Muti;Judy Davis;Alessandra Mastronardi;USA;English;R;Comedy;Romance;;17000000,0;16684352,0;18000;2010;-315648,0;-1,9;Moyen (6-7)
Firefox ;tt0083943;1982;136;5,9;19832;Clint Eastwood;Clint Eastwood;Warren Clarke;Kenneth Colley;USA;English;PG;Action;Adventure;Thriller;21000000,0;46700000,0;0;1980;25700000,0;122,4;Faible (<6)
South Park: Bigger Longer & Uncut ;tt0158983;1999;81;7,8;162037;Trey Parker;Minnie Driver;Eric Idle;Trey Parker;USA;English;R;Animation;Comedy;Fantasy;21000000,0;52008288,0;0;1990;31008288,0;147,7;Bon (7-8)
Death at a Funeral ;tt0795368;2007;87;7,4;89547;Frank Oz;Peter Dinklage;Ewen Bremner;Kris Marshall;USA;English;R;Comedy;;;9000000,0;8579684,0;0;2000;-420316,0;-4,7;Bon (7-8)
Teenage Mutant Ninja Turtles III ;tt0108308;1993;96;4,8;25086;Stuart Gillard;Paige Turco;John Aylward;Matt Hill;USA;English;PG;Action;Adventure;Comedy;17000000,0;42660000,0;1000;1990;25660000,0;150,9;Faible (<6)
Hardball ;tt0180734;2001;106;6,3;22649;Brian Robbins;Keanu Reeves;D.B. Sweeney;DeWayne Warren;USA;English;PG-13;Drama;Sport;;21000000,0;40219708,0;0;2000;19219708,0;91,5;Moyen (6-7)
Silver Linings Playbook ;tt1045658;2012;122;7,8;533607;David O. Russell;Jennifer Lawrence;Robert De Niro;Bradley Cooper;USA;English;R;Comedy;Drama;Romance;21000000,0;132088910,0;117000;2010;111088910,0;529,0;Bon (7-8)
Freedom Writers ;tt0463998;2007;123;7,5;52533;Richard LaGravenese;Hunter Parrish;Scott Glenn;Imelda Staunton;Germany;English;PG-13;Biography;Crime;Drama;21000000,0;36581633,0;10000;2000;15581633,0;74,2;Bon (7-8)
For Colored Girls ;tt1405500;2010;133;6,0;6067;Tyler Perry;Omari Hardwick;Loretta Devine;Kimberly Elise;USA;English;R;Drama;;;;37721949,0;0;2010;;;Moyen (6-7)
The Transporter ;tt0293662;2002;92;6,8;237248;Louis Leterrier;Jason Statham;Qi Shu;Matt Schulze;France;English;PG-13;Action;Crime;Thriller;21000000,0;25296447,0;0;2000;4296447,0;20,5;Moyen (6-7)
Never Back Down ;tt1023111;2008;110;6,6;80556;Jeff Wadlow;Djimon Hounsou;Neil Brown Jr.;Leslie Hope;USA;English;PG-13;Action;Drama;Sport;20000000,0;24848292,0;0;2000;4848292,0;24,2;Moyen (6-7)
The Rage: Carrie 2 ;tt0144814;1999;104;4,6;13065;Katt Shea;Jason London;Rachel Blanchard;Eddie Kaye Thomas;USA;English;R;Horror;Sci-Fi;Thriller;21000000,0;17757087,0;897;1990;-3242913,0;-15,4;Faible (<6)
Away We Go ;tt1176740;2009;98;7,1;45992;Sam Mendes;Catherine O'Hara;Jim Gaffigan;Carmen Ejogo;USA;English;R;Comedy;Drama;Romance;17000000,0;9430988,0;7000;2000;-7569012,0;-44,5;Bon (7-8)
Swing Vote ;tt1027862;2008;120;6,1;15079;Joshua Michael Stern;Madeline Carroll;Judge Reinhold;Nathan Lane;USA;English;PG-13;Comedy;Drama;;21000000,0;16284360,0;1000;2000;-4715640,0;-22,5;Moyen (6-7)
Moonlight Mile ;tt0179098;2002;112;6,7;11983;Brad Silberling;Jake Gyllenhaal;Holly Hunter;Bob Clendenin;USA;English;PG-13;Drama;Romance;;21000000,0;6830957,0;365;2000;-14169043,0;-67,5;Moyen (6-7)
Tinker Tailor Soldier Spy ;tt1340800;2011;127;7,1;149066;Tomas Alfredson;Benedict Cumberbatch;Colin Firth;Gary Oldman;France;English;R;Drama;Mystery;Thriller;20000000,0;24104113,0;24000;2010;4104113,0;20,5;Bon (7-8)
Molly ;tt0143746;1999;102;5,8;2295;John Duigan;Elaine Hendrix;Jill Hennessy;Sarah Wynter;USA;English;PG-13;Comedy;Drama;Romance;21000000,0;15593,0;284;1990;-20984407,0;-99,9;Faible (<6)
The Beaver ;tt1321860;2011;91;6,7;39764;Jodie Foster;Jennifer Lawrence;Cherry Jones;Riley Thomas Stewart;USA;English;PG-13;Drama;;;21000000,0;958319,0;17000;2010;-20041681,0;-95,4;Moyen (6-7)
The Best Little Whorehouse in Texas ;tt0083642;1982;114;5,8;7748;Colin Higgins;Dolly Parton;Barry Corbin;Dom DeLuise;USA;English;R;Comedy;Musical;;35000000,0;69700000,0;0;1980;34700000,0;99,1;Faible (<6)
eXistenZ ;tt0120907;1999;115;6,8;77493;David Cronenberg;Jennifer Jason Leigh;Sarah Polley;Callum Rennie;Canada;English;R;Horror;Sci-Fi;Thriller;31000000,0;2840417,0;6000;1990;-28159583,0;-90,8;Moyen (6-7)
Raiders of the Lost Ark ;tt0082971;1981;115;8,5;661017;Steven Spielberg;Harrison Ford;Karen Allen;William Hootkins;USA;English;PG;Action;Adventure;;18000000,0;242374454,0;16000;1980;224374454,0;1246,5;Excellent (8+)
Home Alone 2: Lost in New York ;tt0104431;1992;120;6,6;200077;Chris Columbus;Macaulay Culkin;Kieran Culkin;Devin Ratray;USA;English;PG;Adventure;Comedy;Family;18000000,0;173585516,0;0;1990;155585516,0;864,4;Moyen (6-7)
Close Encounters of the Third Kind ;tt0075860;1977;135;7,7;139288;Steven Spielberg;Bob Balaban;Teri Garr;Melinda Dillon;USA;English;PG;Drama;Sci-Fi;;19400870,0;128300000,0;0;1970;108899130,0;561,3;Bon (7-8)
Pulse ;tt0454919;2006;90;4,7;24969;Jim Sonzero;Ian Somerhalder;Christina Milian;Rick Gonzalez;USA;English;PG-13;Drama;Horror;Sci-Fi;20000000,0;20259297,0;0;2000;259297,0;1,3;Faible (<6)
Beverly Hills Cop II ;tt0092644;1987;100;6,4;84824;Tony Scott;Dean Stockwell;Judge Reinhold;Ronny Cox;USA;English;R;Action;Comedy;Crime;28000000,0;153665036,0;0;1980;125665036,0;448,8;Moyen (6-7)
Bringing Down the House ;tt0305669;2003;105;5,5;30058;Adam Shankman;Angus T. Jones;Kimberly J. Brown;Steve Harris;USA;English;PG-13;Comedy;;;33000000,0;132541238,0;800;2000;99541238,0;301,6;Faible (<6)
The Silence of the Lambs ;tt0102926;1991;138;8,6;887467;Jonathan Demme;Anthony Hopkins;Scott Glenn;Anthony Heald;USA;English;R;Crime;Drama;Horror;19000000,0;130727000,0;40000;1990;111727000,0;588,0;Excellent (8+)
Wayne's World ;tt0105793;1992;94;7,0;114610;Penelope Spheeris;Tia Carrere;Lara Flynn Boyle;Kurt Fuller;USA;English;PG-13;Comedy;Music;;20000000,0;121697350,0;0;1990;101697350,0;508,5;Bon (7-8)
Jackass 3D ;tt1116184;2010;101;7,1;47794;Jeff Tremaine;Bam Margera;Steve-O;Chris Pontius;USA;English;R;Action;Comedy;Documentary;20000000,0;117224271,0;0;2010;97224271,0;486,1;Bon (7-8)
Jaws 2 ;tt0077766;1978;131;5,7;51314;Jeannot Szwarc;Roy Scheider;Murray Hamilton;Joseph Mascolo;USA;English;PG;Adventure;Horror;Thriller;20000000,0;102922376,0;0;1970;82922376,0;414,6;Faible (<6)
Beverly Hills Chihuahua ;tt1014775;2008;91;3,7;17829;Raja Gosnell;Jamie Lee Curtis;Nick Zano;Ali Hillis;USA;English;PG;Adventure;Comedy;Drama;20000000,0;94497271,0;0;2000;74497271,0;372,5;Faible (<6)
The Conjuring ;tt1457767;2013;112;7,5;300110;James Wan;Mackenzie Foy;Lili Taylor;Hayley McFarland;USA;English;R;Horror;Mystery;Thriller;20000000,0;137387272,0;131000;2010;117387272,0;586,9;Bon (7-8)
Are We There Yet? ;tt0368578;2005;95;4,6;22679;Brian Levant;Nia Long;Tracy Morgan;Jay Mohr;USA;English;PG;Adventure;Comedy;Family;32000000,0;82301521,0;773;2000;50301521,0;157,2;Faible (<6)
Tammy ;tt2103254;2014;100;4,9;35965;Ben Falcone;Gary Cole;Mark Duplass;Ben Falcone;USA;English;R;Comedy;;;20000000,0;84518155,0;11000;2010;64518155,0;322,6;Faible (<6)
School of Rock ;tt0332379;2003;108;7,1;210680;Richard Linklater;Miranda Cosgrove;Sarah Silverman;Mike White;USA;English;PG-13;Comedy;Music;;35000000,0;81257845,0;0;2000;46257845,0;132,2;Bon (7-8)
Mortal Kombat ;tt0113855;1995;101;5,8;81783;Paul W.S. Anderson;Christopher Lambert;Cary-Hiroyuki Tagawa;Bridgette Wilson-Sampras;USA;English;PG-13;Action;Adventure;Fantasy;18000000,0;70360285,0;0;1990;52360285,0;290,9;Faible (<6)
White Chicks ;tt0381707;2004;109;5,4;98794;Keenen Ivory Wayans;Busy Philipps;Jaime King;Brittany Daniel;USA;English;PG-13;Comedy;Crime;;37000000,0;69148997,0;0;2000;32148997,0;86,9;Faible (<6)
The Descendants ;tt1033575;2011;115;7,3;205284;Alexander Payne;Shailene Woodley;Nick Krause;Beau Bridges;USA;English;R;Comedy;Drama;;20000000,0;82624961,0;22000;2010;62624961,0;313,1;Bon (7-8)
Holes ;tt0311289;2003;117;7,1;58222;Andrew Davis;Tim Blake Nelson;Zane Holtz;Ski Carr;USA;English;PG;Adventure;Comedy;Drama;20000000,0;67325559,0;0;2000;47325559,0;236,6;Bon (7-8)
The Last Song ;tt1294226;2010;107;5,8;62421;Julie Anne Robinson;Kelly Preston;Bobby Coleman;Melissa Ordway;USA;English;PG;Drama;Family;Music;20000000,0;62933793,0;10000;2010;42933793,0;214,7;Faible (<6)
12 Years a Slave ;tt2024544;2013;134;8,1;439176;Steve McQueen;Quvenzhané Wallis;Scoot McNairy;Taran Killam;USA;English;R;Biography;Drama;History;20000000,0;56667870,0;83000;2010;36667870,0;183,3;Excellent (8+)
Drumline ;tt0303933;2002;118;5,7;28649;Charles Stone III;Leonard Roberts;Nick Cannon;Jason Weaver;USA;English;PG-13;Comedy;Drama;Music;20000000,0;56398162,0;2000;2000;36398162,0;182,0;Faible (<6)
Why Did I Get Married Too? ;tt1391137;2010;121;4,4;7664;Tyler Perry;Michael Jai White;Cicely Tyson;Tasha Smith;USA;English;PG-13;Comedy;Drama;Romance;20000000,0;60072596,0;0;2010;40072596,0;200,4;Faible (<6)
Edward Scissorhands ;tt0099487;1990;105;7,9;357581;Tim Burton;Johnny Depp;Dianne Wiest;Conchata Ferrell;USA;English;PG-13;Fantasy;Romance;;20000000,0;56362352,0;16000;1990;36362352,0;181,8;Bon (7-8)
Me Before You ;tt2674426;2016;110;7,6;44723;Thea Sharrock;Sam Claflin;Emilia Clarke;Brendan Coyle;UK;English;PG-13;Drama;Romance;;20000000,0;56154094,0;51000;2010;36154094,0;180,8;Bon (7-8)
Madea's Witness Protection ;tt2215285;2012;114;4,8;7354;Tyler Perry;John Amos;Tom Arnold;Romeo Miller;USA;English;PG-13;Comedy;Crime;Drama;20000000,0;65623128,0;0;2010;45623128,0;228,1;Faible (<6)
The French Connection ;tt0067116;1971;104;7,8;82476;William Friedkin;Roy Scheider;Fernando Rey;Tony Lo Bianco;USA;English;R;Action;Crime;Drama;1800000,0;;0;1970;;;Bon (7-8)
Bad Moms ;tt4651520;2016;100;6,7;4654;Jon Lucas;Mila Kunis;Jay Hernandez;Jada Pinkett Smith;USA;English;R;Comedy;;;20000000,0;55461307,0;18000;2010;35461307,0;177,3;Moyen (6-7)
Date Movie ;tt0466342;2006;85;2,7;50415;Aaron Seltzer;Alyson Hannigan;Carmen Electra;Fred Willard;USA;English;PG-13;Comedy;Romance;;20000000,0;48546578,0;806;2000;28546578,0;142,7;Faible (<6)
Return to Never Land ;tt0280030;2002;72;5,8;13324;Robin Budd;Roger Rees;Rob Paulsen;Spencer Breslin;USA;English;G;Adventure;Animation;Family;20000000,0;48423368,0;302;2000;28423368,0;142,1;Faible (<6)
Selma ;tt1020072;2014;128;7,5;61114;Ava DuVernay;David Oyelowo;Tom Wilkinson;Oprah Winfrey;UK;English;PG-13;Biography;Drama;History;20000000,0;52066000,0;22000;2010;32066000,0;160,3;Bon (7-8)
The Jungle Book 2 ;tt0283426;2003;72;5,4;11634;Steve Trenbirth;Haley Joel Osment;Phil Collins;Tony Jay;USA;English;G;Adventure;Animation;Family;20000000,0;47887943,0;227;2000;27887943,0;139,4;Faible (<6)
Boogeyman ;tt0357507;2005;89;4,1;25960;Stephen Kay;Barry Watson;Skye McCole Bartusiak;Charles Mesure;USA;English;PG-13;Drama;Horror;Mystery;20000000,0;46363118,0;1000;2000;26363118,0;131,8;Faible (<6)
Premonition ;tt0477071;2007;96;5,9;62364;Mennan Yapo;Nia Long;Amber Valletta;Marc Macaulay;USA;English;PG-13;Drama;Mystery;Thriller;20000000,0;47852604,0;0;2000;27852604,0;139,3;Faible (<6)
The Tigger Movie ;tt0220099;2000;77;6,3;13319;Jun Falkenstein;Kath Soucie;John Fiedler;Ken Sansom;USA;English;G;Animation;Comedy;Drama;30000000,0;45542421,0;347;2000;15542421,0;51,8;Moyen (6-7)
Orphan ;tt1148204;2009;123;7,0;141663;Jaume Collet-Serra;Jimmy Bennett;CCH Pounder;Aryana Engineer;USA;English;R;Horror;Mystery;Thriller;;41573740,0;20000;2000;;;Bon (7-8)
Max ;tt3369806;2015;111;6,8;18915;Boaz Yakin;Jay Hernandez;Joseph Julian Soria;Edgar Arreola;USA;English;PG;Adventure;Family;;20000000,0;42652003,0;33000;2010;22652003,0;113,3;Moyen (6-7)
Epic Movie ;tt0799949;2007;93;2,3;89687;Jason Friedberg;David Carradine;Carmen Electra;Fred Willard;USA;English;PG-13;Adventure;Comedy;;20000000,0;39737645,0;0;2000;19737645,0;98,7;Faible (<6)
Spotlight ;tt1895587;2015;128;8,1;195333;Tom McCarthy;Billy Crudup;Jamey Sheridan;Brian d'Arcy James;USA;English;R;Biography;Crime;Drama;20000000,0;44988180,0;80000;2010;24988180,0;124,9;Excellent (8+)
Lakeview Terrace ;tt0947802;2008;110;6,1;40469;Neil LaBute;Jay Hernandez;Justin Chambers;Robert Pine;USA;English;PG-13;Crime;Drama;Thriller;22000000,0;39263506,0;0;2000;17263506,0;78,5;Moyen (6-7)
The Grudge 2 ;tt0433386;2006;137;5,0;38658;Takashi Shimizu;Sarah Michelle Gellar;Sarah Roemer;Matthew Knight;USA;English;PG-13;Horror;Thriller;;20000000,0;39143839,0;930;2000;19143839,0;95,7;Faible (<6)
How Stella Got Her Groove Back ;tt0120703;1998;124;5,5;5427;Kevin Rodney Sullivan;Richard Lawson;James Pickens Jr.;Barry Shabaka Henley;USA;English;R;Comedy;Drama;Romance;20000000,0;37672350,0;0;1990;17672350,0;88,4;Faible (<6)
Bill & Ted's Bogus Journey ;tt0101452;1991;93;6,2;49680;Peter Hewitt;Keanu Reeves;George Carlin;Alex Winter;USA;English;PG;Adventure;Comedy;Fantasy;20000000,0;38037513,0;0;1990;18037513,0;90,2;Moyen (6-7)
Man of the Year ;tt0483726;2006;115;6,2;28005;Barry Levinson;Robin Williams;Tina Fey;Amy Poehler;USA;English;PG-13;Comedy;Drama;Romance;20000000,0;37442180,0;0;2000;17442180,0;87,2;Moyen (6-7)
The Black Hole ;tt0078869;1979;98;5,9;18481;Gary Nelson;Robert Forster;Maximilian Schell;Yvette Mimieux;USA;English;PG;Action;Sci-Fi;;20000000,0;;4000;1970;;;Faible (<6)
The American ;tt1440728;2010;105;6,3;79461;Anton Corbijn;Violante Placido;Thekla Reuten;Filippo Timi;USA;English;R;Crime;Drama;Thriller;20000000,0;35596227,0;10000;2010;15596227,0;78,0;Moyen (6-7)
Selena ;tt0120094;1997;127;6,7;19126;Gregory Nava;Jon Seda;Constance Marie;Jacob Vargas;USA;English;PG;Biography;Drama;Music;20000000,0;35422828,0;0;1990;15422828,0;77,1;Moyen (6-7)
Vampires Suck ;tt1666186;2010;82;3,5;39095;Jason Friedberg;Diedrich Bader;Dave Foley;Anneliese van der Pol;USA;English;PG-13;Comedy;;;20000000,0;36658108,0;16000;2010;16658108,0;83,3;Faible (<6)
Babel ;tt0449467;2006;143;7,5;243799;Alejandro G. Iñárritu;Brad Pitt;Harriet Walter;Dermot Crowley;France;English;R;Drama;;;25000000,0;34300771,0;0;2000;9300771,0;37,2;Bon (7-8)
This Is Where I Leave You ;tt1371150;2014;103;6,6;54242;Shawn Levy;Tina Fey;Abigail Spencer;Jane Fonda;USA;English;R;Comedy;Drama;;19800000,0;34290142,0;14000;2010;14490142,0;73,2;Moyen (6-7)
Doubt ;tt0918927;2008;104;7,5;99236;John Patrick Shanley;Philip Seymour Hoffman;Meryl Streep;Carrie Preston;USA;English;PG-13;Drama;Mystery;;20000000,0;33422556,0;0;2000;13422556,0;67,1;Bon (7-8)
Team America: World Police ;tt0372588;2004;98;7,2;136048;Trey Parker;Jeremy Shada;Maurice LaMarche;Trey Parker;USA;English;R;Action;Comedy;;30000000,0;32774834,0;0;2000;2774834,0;9,2;Bon (7-8)
Texas Chainsaw 3D ;tt1572315;2013;92;4,8;35131;John Luessenhop;Gunnar Hansen;Keram Malicki-Sánchez;Shaun Sipos;USA;English;R;Horror;Thriller;;11000000,0;34334256,0;16000;2010;23334256,0;212,1;Faible (<6)
Copycat ;tt0112722;1995;123;6,6;42315;Jon Amiel;William McNamara;Holly Hunter;Harry Connick Jr.;USA;English;R;Crime;Drama;Mystery;20000000,0;32051917,0;0;1990;12051917,0;60,3;Moyen (6-7)
Scary Movie 5 ;tt0795461;2013;88;3,5;50337;Malcolm D. Lee;Marisa Saks;Snoop Dogg;Molly Shannon;USA;English;PG-13;Comedy;;;20000000,0;32014289,0;13000;2010;12014289,0;60,1;Faible (<6)
Paint Your Wagon ;tt0064782;1969;158;6,7;9352;Joshua Logan;Clint Eastwood;Lee Marvin;Ray Walston;USA;English;PG-13;Comedy;Drama;Musical;20000000,0;;0;1960;;;Moyen (6-7)
Milk ;tt1013753;2008;128;7,6;136673;Gus Van Sant;James Franco;Denis O'Hare;Lucas Grabeel;USA;English;R;Biography;Drama;History;20000000,0;31838002,0;10000;2000;11838002,0;59,2;Bon (7-8)
Risen ;tt3231054;2016;107;6,3;12276;Kevin Reynolds;Peter Firth;Jan Cornet;María Botto;USA;English;PG-13;Action;Adventure;Drama;20000000,0;36874745,0;21000;2010;16874745,0;84,4;Moyen (6-7)
Ghost Ship ;tt0288477;2002;91;5,5;75920;Steve Beck;Isaiah Washington;Ron Eldard;Francesca Rettondini;USA;English;R;Horror;;;35000000,0;30079316,0;0;2000;-4920684,0;-14,1;Faible (<6)
A Very Harold & Kumar 3D Christmas ;tt1268799;2011;90;6,3;55008;Todd Strauss-Schulson;Patton Oswalt;Thomas Lennon;Paula Garcés;USA;English;R;Adventure;Comedy;;19000000,0;35033759,0;21000;2010;16033759,0;84,4;Moyen (6-7)
Wild Things ;tt0120890;1998;115;6,5;90677;John McNaughton;Bill Murray;Robert Wagner;Jeff Perry;USA;English;R;Crime;Drama;Mystery;20000000,0;29753944,0;0;1990;9753944,0;48,8;Moyen (6-7)
The Stepfather ;tt0814335;2009;101;5,6;23424;Nelson McCormick;Sela Ward;Paige Turco;Skyler Samuels;USA;English;PG-13;Crime;Thriller;;;29062561,0;0;2000;;;Faible (<6)
The Debt ;tt1226753;2010;113;6,9;55441;John Madden;Tom Wilkinson;Jesper Christensen;Romi Aboulafia;USA;English;R;Drama;Thriller;;20000000,0;31146570,0;0;2010;11146570,0;55,7;Moyen (6-7)
High Fidelity ;tt0146882;2000;113;7,6;143137;Stephen Frears;Drake Bell;Lili Taylor;Lisa Bonet;UK;English;R;Comedy;Drama;Music;20000000,0;27277055,0;10000;2000;7277055,0;36,4;Bon (7-8)
One Missed Call ;tt0479968;2008;87;3,9;26624;Eric Valette;Johnny Lewis;Jason Beghe;Margaret Cho;Japan;English;PG-13;Horror;Mystery;;27000000,0;26876529,0;0;2000;-123471,0;-0,5;Faible (<6)
Eye for an Eye ;tt0116260;1996;101;6,1;9845;John Schlesinger;Joe Mantegna;Beverly D'Angelo;Philip Baker Hall;USA;English;R;Crime;Drama;Thriller;20000000,0;53146000,0;613;1990;33146000,0;165,7;Moyen (6-7)
The Bank Job ;tt0200465;2008;111;7,3;152247;Roger Donaldson;Jason Statham;Saffron Burrows;Daniel Mays;UK;English;R;Crime;Drama;Romance;20000000,0;30028592,0;0;2000;10028592,0;50,1;Bon (7-8)
Eternal Sunshine of the Spotless Mind ;tt0338013;2004;108;8,3;666937;Michel Gondry;Kate Winslet;Kirsten Dunst;Tom Wilkinson;USA;English;R;Drama;Fantasy;Romance;20000000,0;34126138,0;52000;2000;14126138,0;70,6;Excellent (8+)
You Again ;tt1414382;2010;105;5,8;41273;Andy Fickman;Jamie Lee Curtis;James Wolk;Christine Lakin;USA;English;PG;Comedy;Family;Romance;20000000,0;25677801,0;0;2010;5677801,0;28,4;Faible (<6)
Street Kings ;tt0421073;2008;109;6,8;94892;David Ayer;Keanu Reeves;Chris Evans;Noel Gugliemi;USA;English;R;Action;Crime;Drama;20000000,0;26415649,0;0;2000;6415649,0;32,1;Moyen (6-7)
The World's End ;tt1213663;2013;109;7,0;185587;Edgar Wright;Michael Smiley;Thomas Law;Jasper Levine;UK;English;R;Action;Comedy;Sci-Fi;20000000,0;26003149,0;49000;2010;6003149,0;30,0;Bon (7-8)
Nancy Drew ;tt0479500;2007;99;5,9;15877;Andrew Fleming;Kay Panabaker;Laura Harring;Tate Donovan;USA;English;PG;Comedy;Crime;Family;20000000,0;25584685,0;590;2000;5584685,0;27,9;Faible (<6)
Daybreakers ;tt0433362;2009;98;6,5;105797;Michael Spierig;Jay Laga'aia;Damien Garvey;Tiffany Lamb;Australia;English;R;Action;Horror;Sci-Fi;20000000,0;29975979,0;0;2000;9975979,0;49,9;Moyen (6-7)
She's Out of My League ;tt0815236;2010;104;6,4;101730;Jim Field Smith;Mike Vogel;Kim Shaw;Geoff Stults;USA;English;R;Comedy;Romance;;20000000,0;31584722,0;0;2010;11584722,0;57,9;Moyen (6-7)
Monte Carlo ;tt1067774;2011;109;5,8;32951;Thomas Bezucha;Leighton Meester;Luke Bracey;Brett Cullen;Hungary;English;PG;Adventure;Comedy;Family;20000000,0;23179303,0;6000;2010;3179303,0;15,9;Faible (<6)
Stay Alive ;tt0441796;2006;75;5,1;25870;William Brent Bell;Adam Goldberg;Frankie Muniz;Samaire Armstrong;USA;English;PG-13;Horror;Thriller;;9000000,0;23078294,0;0;2000;14078294,0;156,4;Faible (<6)
Quigley Down Under ;tt0102744;1990;119;6,8;15230;Simon Wincer;Alan Rickman;Tom Selleck;Ben Mendelsohn;Australia;English;PG-13;Action;Adventure;Drama;20000000,0;21413105,0;0;1990;1413105,0;7,1;Moyen (6-7)
Alpha and Omega ;tt1213012;2010;90;5,3;10986;Anthony Bell;Kevin Sussman;Larry Miller;Christine Lakin;USA;English;PG;Adventure;Animation;Comedy;20000000,0;25077977,0;0;2010;5077977,0;25,4;Faible (<6)
The Covenant ;tt0475944;2006;97;5,3;39541;Renny Harlin;Laura Ramsey;Kyle Schmid;Toby Hemingway;USA;English;PG-13;Action;Fantasy;Horror;20000000,0;23292105,0;3000;2000;3292105,0;16,5;Faible (<6)
Stick It ;tt0430634;2006;103;6,4;22604;Jessica Bendinger;Jeff Bridges;Vanessa Lengies;John Patrick Amedori;Germany;English;PG-13;Comedy;Drama;Sport;;26870825,0;0;2000;;;Moyen (6-7)
Shorts ;tt1100119;2009;89;4,9;5332;Robert Rodriguez;Jimmy Bennett;Leo Howard;Jake Short;USA;English;PG;Comedy;Family;Fantasy;40000000,0;20916309,0;431;2000;-19083691,0;-47,7;Faible (<6)
To Die For ;tt0114681;1995;106;6,8;34774;Gus Van Sant;Kurtwood Smith;Wayne Knight;Holland Taylor;USA;English;R;Comedy;Crime;Drama;20000000,0;21200000,0;1000;1990;1200000,0;6,0;Moyen (6-7)
Nerve ;tt3531824;2016;96;7,1;4303;Henry Joost;Samira Wiley;Marc John Jefferies;Emily Meade;USA;English;PG-13;Adventure;Crime;Mystery;20000000,0;28876924,0;0;2010;8876924,0;44,4;Bon (7-8)
Appaloosa ;tt0800308;2008;115;6,8;50198;Ed Harris;Viggo Mortensen;James Gammon;Tom Bower;USA;English;R;Crime;Drama;Western;;20207003,0;0;2000;;;Moyen (6-7)
Vampires ;tt0120877;1998;104;6,1;42664;John Carpenter;Sheryl Lee;Cary-Hiroyuki Tagawa;Maximilian Schell;USA;English;R;Action;Horror;Thriller;20000000,0;20241395,0;0;1990;241395,0;1,2;Moyen (6-7)
Psycho ;tt0054215;1960;108;8,5;422432;Alfred Hitchcock;Janet Leigh;Vera Miles;John Gavin;USA;English;R;Horror;Mystery;Thriller;806947,0;32000000,0;18000;1960;31193053,0;3865,6;Excellent (8+)
My Best Friend's Girl ;tt1046163;2008;112;5,9;36983;Howard Deutch;Dane Cook;Taran Killam;Riki Lindhome;USA;English;R;Comedy;Romance;;40000000,0;19151864,0;0;2000;-20848136,0;-52,1;Faible (<6)
Endless Love ;tt2318092;2014;104;6,3;31323;Shana Feste;Alex Pettyfer;Bruce Greenwood;Rhys Wakefield;USA;English;PG-13;Drama;Romance;;20000000,0;23393765,0;0;2010;3393765,0;17,0;Moyen (6-7)
Georgia Rule ;tt0791304;2007;113;5,9;20539;Garry Marshall;Hector Elizondo;Zachary Gordon;Jane Fonda;USA;English;R;Comedy;Drama;;20000000,0;18882880,0;681;2000;-1117120,0;-5,6;Faible (<6)
Under the Rainbow ;tt0083254;1981;98;5,4;2061;Steve Rash;Mako;Adam Arkin;Billy Barty;USA;English;PG;Comedy;;;20000000,0;8500000,0;501;1980;-11500000,0;-57,5;Faible (<6)
Ladyhawke ;tt0089457;1985;121;7,0;33597;Richard Donner;Matthew Broderick;John Wood;Leo McKern;USA;English;PG-13;Adventure;Comedy;Drama;20000000,0;;0;1980;;;Bon (7-8)
Simon Birch ;tt0124879;1998;114;6,9;18366;Mark Steven Johnson;Oliver Platt;Jan Hooks;Dana Ivey;USA;English;PG;Comedy;Drama;Family;30000000,0;18252684,0;0;1990;-11747316,0;-39,2;Moyen (6-7)
Reign Over Me ;tt0490204;2007;124;7,5;83786;Mike Binder;Adam Sandler;Don Cheadle;John de Lancie;USA;English;R;Drama;;;20000000,0;19661987,0;0;2000;-338013,0;-1,7;Bon (7-8)
Into the Wild ;tt0758758;2007;148;8,2;426359;Sean Penn;Kristen Stewart;William Hurt;Hal Holbrook;USA;English;R;Adventure;Biography;Drama;15000000,0;18352454,0;76000;2000;3352454,0;22,3;Excellent (8+)
School for Scoundrels ;tt0462519;2006;108;5,9;26100;Todd Phillips;Jon Heder;Sarah Silverman;Jacinda Barrett;USA;English;PG-13;Comedy;;;20000000,0;17803796,0;484;2000;-2196204,0;-11,0;Faible (<6)
Silent Hill: Revelation 3D ;tt0938330;2012;95;5,0;49888;Michael J. Bassett;Radha Mitchell;Deborah Kara Unger;Martin Donovan;France;English;R;Adventure;Drama;Horror;20000000,0;17529157,0;25000;2010;-2470843,0;-12,4;Faible (<6)
From Dusk Till Dawn ;tt0116367;1996;108;7,3;219091;Robert Rodriguez;Quentin Tarantino;Salma Hayek;Cheech Marin;USA;English;R;Crime;Fantasy;Horror;19000000,0;25753840,0;12000;1990;6753840,0;35,5;Bon (7-8)
Pooh's Heffalump Movie ;tt0407121;2005;68;6,4;4180;Frank Nissen;Kath Soucie;Brenda Blethyn;John Fiedler;USA;English;G;Animation;Family;Fantasy;20000000,0;18081626,0;264;2000;-1918374,0;-9,6;Moyen (6-7)
Home for the Holidays ;tt0113321;1995;103;6,6;9105;Jodie Foster;Robert Downey Jr.;Holly Hunter;Steve Guttenberg;USA;English;PG-13;Comedy;Drama;Romance;20000000,0;17518220,0;0;1990;-2481780,0;-12,4;Moyen (6-7)
Kung Fu Hustle ;tt0373074;2004;99;7,8;99353;Stephen Chow;Shengyi Huang;Chi Ling Chiu;Qiu Yuen;Hong Kong;Cantonese;R;Action;Comedy;Crime;20000000,0;17104669,0;0;2000;-2895331,0;-14,5;Bon (7-8)
The Country Bears ;tt0276033;2002;88;4,0;3875;Peter Hastings;Haley Joel Osment;Alex Rocco;Stephen Root;USA;English;G;Comedy;Family;Music;35000000,0;16988996,0;422;2000;-18011004,0;-51,5;Faible (<6)
The Kite Runner ;tt0419887;2007;128;7,6;68119;Marc Forster;Mustafa Haidari;Shaun Toub;Khalid Abdalla;USA;Dari;PG-13;Drama;;;20000000,0;15797907,0;0;2000;-4202093,0;-21,0;Bon (7-8)
21 Grams ;tt0315733;2003;124;7,7;189683;Alejandro G. Iñárritu;Naomi Watts;Eddie Marsan;Danny Huston;USA;English;R;Drama;;;20000000,0;16248701,0;0;2000;-3751299,0;-18,8;Bon (7-8)
Paparazzi ;tt0338325;2004;84;5,8;13210;Paul Abascal;Cole Hauser;Tom Hollander;Kelly Carlson;USA;English;PG-13;Action;Crime;Drama;20000000,0;15712072,0;269;2000;-4287928,0;-21,4;Faible (<6)
A Guy Thing ;tt0295289;2003;101;5,6;14147;Chris Koch;Thomas Lennon;Lochlyn Munro;James Brolin;USA;English;PG-13;Comedy;Romance;;20000000,0;15408822,0;401;2000;-4591178,0;-23,0;Faible (<6)
Loser ;tt0217630;2000;98;5,3;23076;Amy Heckerling;Andy Dick;Robert Miano;Zak Orth;USA;English;PG-13;Comedy;Romance;;20000000,0;15464026,0;1000;2000;-4535974,0;-22,7;Faible (<6)
Capitalism: A Love Story ;tt1232207;2009;105;7,4;35137;Michael Moore;Ronald Reagan;Michael Moore;Bernie Sanders;USA;English;R;Crime;Documentary;News;;14359793,0;10000;2000;;;Bon (7-8)
The Greatest Story Ever Told ;tt0059245;1965;225;6,6;6484;George Stevens;Martin Landau;Carroll Baker;José Ferrer;USA;English;G;Biography;Drama;History;20000000,0;8000000,0;1000;1960;-12000000,0;-60,0;Moyen (6-7)
Secret in Their Eyes ;tt1741273;2015;111;6,2;20186;Billy Ray;Julia Roberts;Michael Kelly;Joe Cole;USA;English;PG-13;Crime;Drama;Mystery;19500000,0;;0;2010;;;Moyen (6-7)
Disaster Movie ;tt1213644;2008;88;1,9;74945;Jason Friedberg;Carmen Electra;Tony Cox;Ike Barinholtz;USA;English;PG-13;Comedy;;;25000000,0;14174654,0;0;2000;-10825346,0;-43,3;Faible (<6)
Armored ;tt0913354;2009;88;5,7;26236;Nimród Antal;Andrew Fiscella;Fred Ward;Lorna Raver;USA;English;PG-13;Action;Crime;Thriller;27000000,0;15988876,0;0;2000;-11011124,0;-40,8;Faible (<6)
The Man Who Knew Too Little ;tt0120483;1997;94;6,6;23928;Jon Amiel;Bill Murray;Peter Gallagher;Joanne Whalley;USA;English;PG;Action;Comedy;Crime;20000000,0;13801755,0;0;1990;-6198245,0;-31,0;Moyen (6-7)
What's Your Number? ;tt0770703;2011;117;6,0;58957;Mark Mylod;Chris Evans;Ari Graynor;Ed Begley Jr.;USA;English;R;Comedy;Romance;;20000000,0;13987482,0;0;2010;-6012518,0;-30,1;Moyen (6-7)
Lockout ;tt1592525;2012;95;6,1;82082;James Mather;Joseph Gilgun;Vincent Regan;Jacky Ido;France;English;PG-13;Action;Adventure;Sci-Fi;20000000,0;14291570,0;10000;2010;-5708430,0;-28,5;Moyen (6-7)
Envy ;tt0326856;2004;99;4,8;26390;Barry Levinson;Amy Poehler;Ariel Gade;Sam Lerner;USA;English;PG-13;Comedy;;;40000000,0;12181484,0;713;2000;-27818516,0;-69,5;Faible (<6)
Crank: High Voltage ;tt1121931;2009;96;6,2;112516;Mark Neveldine;Jason Statham;Clifton Collins Jr.;David Carradine;USA;English;R;Action;Crime;Sci-Fi;20000000,0;13630226,0;0;2000;-6369774,0;-31,8;Moyen (6-7)
Bullets Over Broadway ;tt0109348;1994;98;7,5;29385;Woody Allen;Jim Broadbent;Chazz Palminteri;Dianne Wiest;USA;English;R;Comedy;Crime;;20000000,0;13383737,0;979;1990;-6616263,0;-33,1;Bon (7-8)
One Night with the King ;tt0430431;2006;123;6,3;5796;Michael O. Sajbel;James Callis;Tiffany Dupont;Nimrat Kaur;USA;English;PG;Biography;Drama;History;20000000,0;13391174,0;0;2000;-6608826,0;-33,0;Moyen (6-7)
The Quiet American ;tt0258068;2002;101;7,1;24019;Phillip Noyce;Brendan Fraser;Tzi Ma;Holmes Osborne;UK;English;R;Drama;Mystery;Romance;30000000,0;12987647,0;983;2000;-17012353,0;-56,7;Bon (7-8)
The Weather Man ;tt0384680;2005;102;6,6;69172;Gore Verbinski;Nicolas Cage;Hope Davis;Michael Rispoli;USA;English;R;Comedy;Drama;;22000000,0;12469811,0;0;2000;-9530189,0;-43,3;Moyen (6-7)
Undisputed ;tt0281322;2002;94;6,1;21542;Walter Hill;Fisher Stevens;Wes Studi;Jon Seda;USA;English;R;Action;Crime;Drama;20000000,0;12398628,0;977;2000;-7601372,0;-38,0;Moyen (6-7)
Ghost Town ;tt0995039;2008;102;6,7;60516;David Koepp;Aasif Mandvi;Dequina Moore;Jordan Carlos;USA;English;PG-13;Comedy;Drama;Fantasy;20000000,0;13214030,0;0;2000;-6785970,0;-33,9;Moyen (6-7)
12 Rounds ;tt1160368;2009;108;5,6;22823;Renny Harlin;Taylor Cole;Ashley Scott;Nick Gomez;USA;English;PG-13;Action;Crime;Thriller;22000000,0;12232937,0;0;2000;-9767063,0;-44,4;Faible (<6)
Let Me In ;tt1228987;2010;116;7,2;92237;Matt Reeves;Chloë Grace Moretz;Dylan Minnette;Kodi Smit-McPhee;UK;English;R;Drama;Fantasy;Horror;20000000,0;12134420,0;25000;2010;-7865580,0;-39,3;Bon (7-8)
3 Ninjas Kick Back ;tt0109015;1994;93;4,3;6701;Charles T. Kanganis;Victor Wong;Dustin Nguyen;Don Stark;USA;English;PG;Action;Comedy;Family;20000000,0;11784000,0;444;1990;-8216000,0;-41,1;Faible (<6)
Be Kind Rewind ;tt0799934;2008;102;6,4;79855;Michel Gondry;Quinton Aaron;Mia Farrow;Melonie Diaz;UK;English;PG-13;Comedy;;;20000000,0;11169531,0;0;2000;-8830469,0;-44,2;Moyen (6-7)
Mrs Henderson Presents ;tt0413015;2005;103;7,1;13505;Stephen Frears;Bob Hoskins;Christopher Guest;Sarah Solemani;UK;English;R;Comedy;Drama;Music;20000000,0;11034436,0;0;2000;-8965564,0;-44,8;Bon (7-8)
Triple 9 ;tt1712261;2016;115;6,3;32567;John Hillcoat;Kate Winslet;Norman Reedus;Clifton Collins Jr.;USA;English;R;Action;Crime;Drama;20000000,0;12626905,0;0;2010;-7373095,0;-36,9;Moyen (6-7)
Deconstructing Harry ;tt0118954;1997;96;7,4;35586;Woody Allen;Woody Allen;Lynn Cohen;Judy Davis;USA;English;R;Comedy;;;20000000,0;10569071,0;0;1990;-9430929,0;-47,2;Bon (7-8)
Three to Tango ;tt0144640;1999;98;6,1;16372;Damon Santostefano;Matthew Perry;Oliver Platt;David Ramsey;Australia;English;PG-13;Comedy;Romance;;20000000,0;10544143,0;311;1990;-9455857,0;-47,3;Moyen (6-7)
Burnt ;tt2503944;2015;101;6,6;61360;John Wells;Bradley Cooper;Omar Sy;Riccardo Scamarcio;USA;English;R;Comedy;Drama;;20000000,0;13650738,0;25000;2010;-6349262,0;-31,7;Moyen (6-7)
We're No Angels ;tt0098625;1989;106;6,0;17349;Neil Jordan;Robert De Niro;Demi Moore;James Russo;USA;English;PG-13;Comedy;Crime;;20000000,0;10555348,0;855;1980;-9444652,0;-47,2;Moyen (6-7)
Everyone Says I Love You ;tt0116242;1996;101;6,8;30083;Woody Allen;Natasha Lyonne;Gaby Hoffmann;Jeff DeRocker;USA;English;R;Comedy;Musical;Romance;20000000,0;9714482,0;0;1990;-10285518,0;-51,4;Moyen (6-7)
Death Sentence ;tt0804461;2007;111;6,8;60156;James Wan;Aisha Tyler;Kelly Preston;Edi Gathegi;USA;English;R;Action;Crime;Thriller;20000000,0;9525276,0;0;2000;-10474724,0;-52,4;Moyen (6-7)
Everybody's Fine ;tt0780511;2009;99;7,2;49855;Kirk Jones;Robert De Niro;James Frain;Brendan Sexton III;USA;English;PG-13;Adventure;Drama;;21000000,0;8855646,0;10000;2000;-12144354,0;-57,8;Bon (7-8)
Superbabies: Baby Geniuses 2 ;tt0270846;2004;88;1,9;25371;Bob Clark;Scott Baio;Vanessa Angel;Peter Wingfield;Germany;English;PG;Comedy;Family;Sci-Fi;20000000,0;9109322,0;0;2000;-10890678,0;-54,5;Faible (<6)
The Man ;tt0399327;2005;83;5,5;21933;Les Mayfield;Miguel Ferrer;Susie Essman;Gigi Rice;Germany;English;PG-13;Action;Comedy;Crime;33000000,0;8326035,0;676;2000;-24673965,0;-74,8;Faible (<6)
Code Name: The Cleaner ;tt0462229;2007;91;4,5;9785;Les Mayfield;Callum Rennie;Will Patton;Cedric the Entertainer;USA;English;PG-13;Action;Comedy;Crime;20000000,0;8104069,0;233;2000;-11895931,0;-59,5;Faible (<6)
Connie and Carla ;tt0345074;2004;108;6,3;6838;Michael Lembeck;Debbie Reynolds;Nia Vardalos;Dash Mihok;USA;English;PG-13;Comedy;Crime;Music;20000000,0;8054280,0;924;2000;-11945720,0;-59,7;Moyen (6-7)
Sweet Charity ;tt0065054;1969;154;7,0;3454;Bob Fosse;Sammy Davis Jr.;Ricardo Montalban;Ben Vereen;USA;English;G;Comedy;Drama;Music;20000000,0;;548;1960;;;Bon (7-8)
Inherent Vice ;tt1791528;2014;148;6,7;61935;Paul Thomas Anderson;Martin Dew;Katherine Waterston;Serena Scott Thomas;USA;English;R;Comedy;Crime;Drama;20000000,0;8093318,0;18000;2010;-11906682,0;-59,5;Moyen (6-7)
Doogal ;tt0763304;2006;77;2,8;3851;Dave Borthwick;Jimmy Fallon;Kylie Minogue;Jon Stewart;USA;English;G;Adventure;Animation;Comedy;20000000,0;7382993,0;346;2000;-12617007,0;-63,1;Faible (<6)
Battle of the Year ;tt1532958;2013;110;5,0;7894;Benson Lee;Chris Brown;Caity Lotz;Laz Alonso;USA;English;PG-13;Drama;Music;;20000000,0;8888355,0;0;2010;-11111645,0;-55,6;Faible (<6)
An American Carol ;tt1190617;2008;83;4,3;8560;David Zucker;Chriss Anglin;Geoffrey Arend;Gary Coleman;USA;English;PG-13;Comedy;Fantasy;;12000000,0;7001720,0;797;2000;-4998280,0;-41,7;Faible (<6)
Machete Kills ;tt2002718;2013;107;5,6;59248;Robert Rodriguez;Alexa PenaVega;Demián Bichir;Marko Zaror;Russia;English;R;Action;Comedy;Crime;20000000,0;7268659,0;48000;2010;-12731341,0;-63,7;Faible (<6)
Willard ;tt0310357;2003;100;6,2;15169;Glen Morgan;Laura Harring;Ty Olsson;Jackie Burroughs;Canada;English;PG-13;Drama;Horror;Sci-Fi;22000000,0;6852144,0;0;2000;-15147856,0;-68,9;Moyen (6-7)
Strange Wilderness ;tt0489282;2008;87;5,3;18571;Fred Wolf;Kevin Alejandro;Ashley Scott;Jeff Garlin;USA;English;R;Adventure;Comedy;;20000000,0;6563357,0;847;2000;-13436643,0;-67,2;Faible (<6)
Topsy-Turvy ;tt0151568;1999;154;7,4;10037;Mike Leigh;Jim Broadbent;Dexter Fletcher;Lesley Manville;UK;English;R;Biography;Comedy;Drama;10000000,0;6201757,0;608;1990;-3798243,0;-38,0;Bon (7-8)
Little Boy ;tt1810683;2015;106;7,4;15978;Alejandro Monteverde;Tom Wilkinson;Cary-Hiroyuki Tagawa;Michael Rapaport;Mexico;English;PG-13;Drama;War;;20000000,0;6420319,0;15000;2010;-13579681,0;-67,9;Bon (7-8)
A Dangerous Method ;tt1571222;2011;99;6,5;80617;David Cronenberg;Michael Fassbender;Viggo Mortensen;Sarah Gadon;UK;English;R;Biography;Drama;Thriller;15000000,0;5702083,0;36000;2010;-9297917,0;-62,0;Moyen (6-7)
A Scanner Darkly ;tt0405296;2006;100;7,1;89383;Richard Linklater;Robert Downey Jr.;Keanu Reeves;Rory Cochrane;USA;English;R;Animation;Drama;Mystery;8700000,0;5480996,0;0;2000;-3219004,0;-37,0;Bon (7-8)
Chasing Mavericks ;tt1629757;2012;116;7,2;24997;Michael Apted;Gerard Butler;Abigail Spencer;Leven Rambin;USA;English;PG;Biography;Drama;Sport;20000000,0;6002756,0;13000;2010;-13997244,0;-70,0;Bon (7-8)
Alone in the Dark ;tt0369226;2005;94;2,3;37626;Uwe Boll;Catherine Lough Haggquist;Darren Shahlavi;Karin Konoval;Canada;English;R;Horror;Sci-Fi;;20000000,0;5132655,0;1000;2000;-14867345,0;-74,3;Faible (<6)
Bandslam ;tt0976222;2009;111;6,4;11958;Todd Graff;Scott Porter;Charlie Saxton;Ryan Donowho;USA;English;PG;Comedy;Drama;Family;20000000,0;5205343,0;1000;2000;-14794657,0;-74,0;Moyen (6-7)
Birth ;tt0337876;2004;100;6,1;29649;Jonathan Glazer;Cameron Bright;Anne Heche;Danny Huston;USA;English;R;Drama;Mystery;Romance;20000000,0;5005883,0;0;2000;-14994117,0;-75,0;Moyen (6-7)
A Most Violent Year ;tt2937898;2014;125;7,0;45799;J.C. Chandor;David Oyelowo;Ashley Williams;Albert Brooks;USA;English;R;Action;Crime;Drama;20000000,0;5749134,0;0;2010;-14250866,0;-71,3;Bon (7-8)
Passchendaele ;tt1092082;2008;114;6,5;6904;Paul Gross;Landon Liboiron;Michael Greyeyes;Caroline Dhavernas;Canada;English;R;Drama;History;Romance;20000000,0;;971;2000;;;Moyen (6-7)
Flash of Genius ;tt1054588;2008;119;7,0;14301;Marc Abraham;Dylan Authors;Bill Lake;Victoria Learn;USA;English;PG-13;Biography;Drama;;20000000,0;4234040,0;0;2000;-15765960,0;-78,8;Bon (7-8)
I'm Not There. ;tt0368794;2007;135;7,0;48346;Todd Haynes;Christian Bale;Heath Ledger;Tyrone Benskin;USA;English;R;Biography;Drama;Music;20000000,0;4001121,0;0;2000;-15998879,0;-80,0;Bon (7-8)
The Cold Light of Day ;tt1366365;2012;93;4,9;28629;Mabrouk El Mechri;Henry Cavill;Bruce Willis;Óscar Jaenada;USA;English;PG-13;Action;Thriller;;20000000,0;3749061,0;0;2010;-16250939,0;-81,3;Faible (<6)
The Brothers Bloom ;tt0844286;2008;114;6,9;41737;Rian Johnson;Zachary Gordon;Maximilian Schell;Nora Zehetner;USA;English;PG-13;Adventure;Comedy;Drama;20000000,0;3519627,0;0;2000;-16480373,0;-82,4;Moyen (6-7)
Synecdoche, New York ;tt0383028;2008;124;7,5;55842;Charlie Kaufman;Philip Seymour Hoffman;Jennifer Jason Leigh;Samantha Morton;USA;English;R;Comedy;Drama;Romance;21000000,0;3081925,0;13000;2000;-17918075,0;-85,3;Bon (7-8)
Princess Mononoke ;tt0119698;1997;134;8,4;221552;Hayao Miyazaki;Minnie Driver;Jada Pinkett Smith;Billy Crudup;Japan;Japanese;PG-13;Adventure;Animation;Fantasy;2400000000,0;2298191,0;11000;1990;-2397701809,0;-99,9;Excellent (8+)
Bon voyage ;tt0310778;2003;114;6,9;4293;Jean-Paul Rappeneau;Isabelle Adjani;Peter Coyote;Virginie Ledoyen;France;French;PG-13;Comedy;Drama;Mystery;20000000,0;2353728,0;235;2000;-17646272,0;-88,2;Moyen (6-7)
Can't Stop the Music ;tt0080492;1980;124;4,5;2998;Nancy Walker;Steve Guttenberg;Randy Jones;Caitlyn Jenner;USA;English;PG;Biography;Comedy;Musical;20000000,0;2000000,0;1000;1980;-18000000,0;-90,0;Faible (<6)
The Proposition ;tt0421238;2005;104;7,4;43205;John Hillcoat;Ray Winstone;Noah Taylor;Danny Huston;Australia;English;R;Crime;Drama;Western;2000000,0;1900725,0;0;2000;-99275,0;-5,0;Bon (7-8)
Courage ;tt3719896;2015;118;7,0;2302;Angelo Pizzo;Donny Boaz;Finn Wittrock;Brent Anderson;USA;English;PG;Biography;Drama;Sport;20000000,0;2246000,0;0;2010;-17754000,0;-88,8;Bon (7-8)
Marci X ;tt0266747;2003;80;2,8;4518;Richard Benjamin;Damon Wayans;Jane Krakowski;Paula Garcés;USA;English;R;Comedy;Music;;20000000,0;1646664,0;241;2000;-18353336,0;-91,8;Faible (<6)
Equilibrium ;tt0238380;2002;107;7,5;261317;Kurt Wimmer;Christian Bale;Emily Watson;Sean Pertwee;USA;English;R;Action;Drama;Sci-Fi;20000000,0;1190018,0;20000;2000;-18809982,0;-94,0;Bon (7-8)
The Children of Huang Shi ;tt0889588;2008;125;7,1;8087;Roger Spottiswoode;Radha Mitchell;Guang Li;Matthew Walker;Australia;English;R;Drama;War;;40000000,0;1027749,0;1000;2000;-38972251,0;-97,4;Bon (7-8)
The Yards ;tt0138946;2000;115;6,4;16215;James Gray;Charlize Theron;Ellen Burstyn;Faye Dunaway;USA;English;R;Crime;Drama;Romance;24000000,0;882710,0;401;2000;-23117290,0;-96,3;Moyen (6-7)
The Oogieloves in the Big Balloon Adventure ;tt1520498;2012;88;6,7;14015;Matthew Diamond;Chazz Palminteri;Garrett Clayton;Toni Braxton;USA;English;G;Adventure;Family;Fantasy;20000000,0;1064277,0;831;2010;-18935723,0;-94,7;Moyen (6-7)
By the Sea ;tt3707106;2015;122;5,3;7976;Angelina Jolie Pitt;Brad Pitt;Angelina Jolie Pitt;Melvil Poupaud;USA;English;R;Drama;Romance;;10000000,0;531009,0;0;2010;-9468991,0;-94,7;Faible (<6)
Steamboy ;tt0348121;2004;103;6,9;13727;Katsuhiro Ôtomo;William Hootkins;Robin Atkin Downes;Rosalind Ayres;Japan;Japanese;PG-13;Action;Adventure;Animation;2127519898,0;410388,0;973;2000;-2127109510,0;-100,0;Moyen (6-7)
The Game of Their Lives ;tt0354595;2005;101;6,2;2613;David Anspaugh;Gerard Butler;Costas Mandylor;Jimmy Jean-Louis;USA;English;PG;Drama;History;Sport;20000000,0;375474,0;445;2000;-19624526,0;-98,1;Moyen (6-7)
All Good Things ;tt1175709;2010;101;6,3;41249;Andrew Jarecki;Ryan Gosling;Kirsten Dunst;Frank Langella;USA;English;R;Crime;Drama;Mystery;;578382,0;0;2010;;;Moyen (6-7)
Rapa Nui ;tt0110944;1994;107;6,4;3843;Kevin Reynolds;Esai Morales;Jason Scott Lee;Sandrine Holt;USA;English;R;Action;Adventure;Drama;20000000,0;305070,0;399;1990;-19694930,0;-98,5;Moyen (6-7)
CJ7 ;tt0940709;2008;86;6,5;11391;Stephen Chow;Jiao Xu;Yuqi Zhang;Chi Chung Lam;Hong Kong;Cantonese;PG;Comedy;Family;Sci-Fi;;206678,0;1000;2000;;;Moyen (6-7)
Les couloirs du temps: Les visiteurs II ;tt0120882;1998;118;6,0;7147;Jean-Marie Poiré;Christian Clavier;Philippe Nahon;Marie-Anne Chazel;France;French;;Comedy;Family;Fantasy;140000000,0;146072,0;136;1990;-139853928,0;-99,9;Moyen (6-7)
Dylan Dog: Dead of Night ;tt1013860;2010;107;5,1;13026;Kevin Munroe;Marco St. John;Laura Spencer;Anita Briem;USA;English;PG-13;Action;Comedy;Crime;20000000,0;1183354,0;0;2010;-18816646,0;-94,1;Faible (<6)
People I Know ;tt0274711;2002;100;5,5;9868;Daniel Algrant;Al Pacino;Richard Schiff;Mark Webber;USA;English;R;Crime;Drama;Mystery;22000000,0;121972,0;217;2000;-21878028,0;-99,4;Faible (<6)
The Tempest ;tt1274300;2010;110;5,4;6147;Julie Taymor;Djimon Hounsou;Reeve Carney;Tom Conti;USA;English;PG-13;Comedy;Drama;Fantasy;20000000,0;263365,0;0;2010;-19736635,0;-98,7;Faible (<6)
Regression ;tt3319920;2015;106;5,7;20821;Alejandro Amenábar;Emma Watson;Aaron Ashmore;Julian Richings;Spain;English;R;Crime;Drama;Mystery;;54734,0;0;2010;;;Faible (<6)
The Touch ;tt1128219;2007;7;5,2;118;Jane Clark;Necar Zadegan;Traci Dinwiddie;Elea Oberon;USA;English;;Romance;Short;;13000,0;;30;2000;;;Faible (<6)
Three Kingdoms: Resurrection of the Dragon ;tt0882978;2008;102;6,2;5154;Daniel Lee;Andy Lau;Sammo Kam-Bo Hung;Andy On;China;Mandarin;R;Action;Drama;History;25000000,0;;314;2000;;;Moyen (6-7)
Shattered ;tt0489664;2007;98;6,7;25450;Mike Barker;Gerard Butler;Nicholas Lea;Callum Rennie;UK;English;R;Crime;Drama;Thriller;20000000,0;;0;2000;;;Moyen (6-7)
Zambezia ;tt1488181;2012;83;5,8;5203;Wayne Thornley;Leonard Nimoy;Phil LaMarr;Noureen DeWulf;South Africa;English;G;Adventure;Animation;Comedy;20000000,0;;1000;2010;;;Faible (<6)
Ramanujan ;tt3037162;2014;153;7,0;102;Gnana Rajasekaran;Mani Bharathi;Michael Lieber;Kevin McGowan;India;English;;Biography;Drama;History;;;58;2010;;;Bon (7-8)
Dwegons and Leprechauns ;tt1134666;2014;98;4,8;50;Tom Walsh;Joey D. Vieira;Maggie Wheeler;Jacqueline Lovell;USA;English;PG;Animation;;;20000000,0;;70;2010;;;Faible (<6)
Hands of Stone ;tt1781827;2016;105;7,2;178;Jonathan Jakubowicz;Robert De Niro;Jurnee Smollett-Bell;Edgar Ramírez;Panama;English;R;Action;Biography;Drama;20000000,0;;0;2010;;;Bon (7-8)
Survivor ;tt3247714;2015;96;5,6;21833;James McTeigue;Milla Jovovich;Roger Rees;Robert Forster;USA;English;PG-13;Action;Crime;Thriller;20000000,0;;0;2010;;;Faible (<6)
The Frozen Ground ;tt2005374;2013;105;6,4;43879;Scott Walker;Nicolas Cage;Radha Mitchell;Jodi Lyn O'Keefe;USA;English;R;Crime;Drama;Mystery;27220000,0;;11000;2010;;;Moyen (6-7)
The Painted Veil ;tt0446755;2006;125;7,5;77656;John Curran;Toby Jones;Sally Hawkins;Alan David;China;Mandarin;PG-13;Drama;Romance;;19400000,0;8047690,0;0;2000;-11352310,0;-58,5;Bon (7-8)
The Baader Meinhof Complex ;tt0765432;2008;184;7,4;29602;Uli Edel;Moritz Bleibtreu;Alexandra Maria Lara;Martina Gedeck;Germany;German;R;Action;Biography;Crime;20000000,0;476270,0;0;2000;-19523730,0;-97,6;Bon (7-8)
Dances with Wolves ;tt0099348;1990;236;8,0;186485;Kevin Costner;Mary McDonnell;Michael Spears;Maury Chaykin;USA;English;PG-13;Adventure;Drama;Western;22000000,0;184208848,0;0;1990;162208848,0;737,3;Excellent (8+)
Bad Teacher ;tt1284575;2011;97;5,7;160418;Jake Kasdan;Justin Timberlake;John Michael Higgins;Phyllis Smith;USA;English;R;Comedy;;;20000000,0;100292856,0;16000;2010;80292856,0;401,5;Faible (<6)
Sea of Love ;tt0098273;1989;113;6,8;30213;Harold Becker;Al Pacino;Michael O'Neill;Ellen Barkin;USA;English;R;Crime;Drama;Mystery;19000000,0;58571513,0;0;1980;39571513,0;208,3;Moyen (6-7)
A Cinderella Story ;tt0356470;2004;95;5,9;62861;Mark Rosman;Dan Byrd;Lin Shaye;Julie Gonzalo;USA;English;PG;Comedy;Family;Romance;20000000,0;51431160,0;0;2000;31431160,0;157,2;Faible (<6)
Scream ;tt0117571;1996;103;7,2;222018;Wes Craven;David Arquette;W. Earl Brown;Roger Jackson;USA;English;R;Horror;Mystery;;15000000,0;103001286,0;11000;1990;88001286,0;586,7;Bon (7-8)
Thir13en Ghosts ;tt0245674;2001;91;5,5;65512;Steve Beck;Shannon Elizabeth;Embeth Davidtz;F. Murray Abraham;USA;English;R;Horror;;;20000000,0;41867960,0;0;2000;21867960,0;109,3;Faible (<6)
The Shining ;tt0081505;1980;146;8,4;610333;Stanley Kubrick;Scatman Crothers;Shelley Duvall;Joe Turkel;USA;English;R;Drama;Horror;;19000000,0;;37000;1980;;;Excellent (8+)
Back to the Future ;tt0088763;1985;116;8,5;732212;Robert Zemeckis;Lea Thompson;Thomas F. Wilson;J.J. Cohen;USA;English;PG;Adventure;Comedy;Sci-Fi;19000000,0;210609762,0;39000;1980;191609762,0;1008,5;Excellent (8+)
House on Haunted Hill ;tt0185371;1999;93;5,6;45317;William Malone;Jeffrey Combs;Peter Gallagher;Bridgette Wilson-Sampras;USA;English;R;Horror;Mystery;Thriller;19000000,0;40846082,0;0;1990;21846082,0;115,0;Faible (<6)
I Can Do Bad All by Myself ;tt1385912;2009;113;4,1;8346;Tyler Perry;Eric Mendenhall;Mary J. Blige;Hope Olaide Wilson;USA;English;PG-13;Comedy;Drama;;13000000,0;51697449,0;1000;2000;38697449,0;297,7;Faible (<6)
Fight Valley ;tt4280822;2016;90;5,0;60;Rob Hawk;Kari J. Kramer;Erin O'Brien;Cabrina Collesides;USA;English;;Action;Drama;;27000000,0;;1000;2010;;;Faible (<6)
The Switch ;tt0889573;2010;101;6,1;77987;Josh Gordon;Caroline Dhavernas;Scott Elrod;Kelli Barrett;USA;English;PG-13;Comedy;Drama;Romance;19000000,0;27758465,0;0;2010;8758465,0;46,1;Moyen (6-7)
Just Married ;tt0305711;2003;95;5,4;57479;Shawn Levy;Taran Killam;David Agranov;David Moscow;USA;English;PG-13;Comedy;Romance;;18000000,0;56127162,0;0;2000;38127162,0;211,8;Faible (<6)
The Devil's Double ;tt1270262;2011;109;7,1;53977;Lee Tamahori;Mem Ferda;Dominic Cooper;Ludivine Sagnier;Belgium;English;R;Biography;Drama;Thriller;15000000,0;1357042,0;14000;2010;-13642958,0;-91,0;Bon (7-8)
Thomas and the Magic Railroad ;tt0205461;2000;85;3,6;2855;Britt Allcroft;Mara Wilson;Colm Feore;Peter Fonda;UK;English;G;Adventure;Comedy;Drama;19000000,0;15911333,0;663;2000;-3088667,0;-16,3;Faible (<6)
The Crazies ;tt0455407;2010;101;6,5;93272;Breck Eisner;Radha Mitchell;Glenn Morshower;John Aylward;USA;English;R;Horror;Thriller;;20000000,0;39103378,0;0;2010;19103378,0;95,5;Moyen (6-7)
Spirited Away ;tt0245429;2001;125;8,6;417971;Hayao Miyazaki;Bunta Sugawara;Ryûnosuke Kamiki;Miyu Irino;Japan;Japanese;PG;Adventure;Animation;Family;19000000,0;10049886,0;28000;2000;-8950114,0;-47,1;Excellent (8+)
Firestorm ;tt3341072;2013;118;6,2;1904;Alan Yuen;Andy Lau;Michael Wong;Terence Yin;China;Mandarin;;Action;Crime;Thriller;;;332;2010;;;Moyen (6-7)
The Bounty ;tt0086993;1984;132;7,0;17982;Roger Donaldson;Liam Neeson;Anthony Hopkins;Laurence Olivier;UK;English;PG;Action;Adventure;Drama;25000000,0;8600000,0;1000;1980;-16400000,0;-65,6;Bon (7-8)
The Book Thief ;tt0816442;2013;131;7,6;98741;Brian Percival;Emily Watson;Sophie Nélisse;Roger Allam;USA;English;PG-13;Drama;War;;19000000,0;21483154,0;53000;2010;2483154,0;13,1;Bon (7-8)
Sex Drive ;tt1135985;2008;129;6,5;72715;Sean Anders;Katrina Bowden;Michael Cudlitz;Alice Greczyn;USA;English;R;Adventure;Comedy;Romance;19000000,0;8396942,0;0;2000;-10603058,0;-55,8;Moyen (6-7)
Leap Year ;tt1216492;2010;100;6,4;71276;Anand Tucker;Adam Scott;Kaitlin Olson;Dominique McElligott;USA;English;PG;Comedy;Romance;;19000000,0;12561,0;13000;2010;-18987439,0;-99,9;Moyen (6-7)
The Fall of the Roman Empire ;tt0058085;1964;172;6,7;6156;Anthony Mann;James Mason;Mel Ferrer;Stephen Boyd;USA;English;Approved;Drama;History;War;19000000,0;;560;1960;;;Moyen (6-7)
Take Me Home Tonight ;tt0810922;2011;97;6,3;43867;Michael Dowse;Topher Grace;Michael Biehn;Dan Fogler;USA;English;R;Comedy;Drama;Romance;23000000,0;6923891,0;0;2010;-16076109,0;-69,9;Moyen (6-7)
Won't Back Down ;tt1870529;2012;121;6,4;5147;Daniel Barnz;Holly Hunter;Rosie Perez;Dante Brown;USA;English;PG;Drama;;;;5308553,0;0;2010;;;Moyen (6-7)
The Nutcracker ;tt0107719;1993;92;5,7;1153;Emile Ardolino;Darci Kistler;Kyra Nichols;Margaret Tracey;USA;English;G;Family;Fantasy;Music;19000000,0;2119994,0;238;1990;-16880006,0;-88,8;Faible (<6)
Kansas City ;tt0116745;1996;116;6,3;3536;Robert Altman;Steve Buscemi;Jennifer Jason Leigh;Miranda Richardson;France;English;R;Crime;Drama;Music;19000000,0;1292527,0;228;1990;-17707473,0;-93,2;Moyen (6-7)
Indignation ;tt4193394;2016;110;7,8;550;James Schamus;Logan Lerman;Sarah Gadon;Tracy Letts;USA;Hebrew;R;Drama;;;;560512,0;599;2010;;;Bon (7-8)
The Amityville Horror ;tt0384806;2005;90;6,0;80903;Andrew Douglas;Jimmy Bennett;Chloë Grace Moretz;Ryan Reynolds;USA;English;R;Drama;Horror;Mystery;19000000,0;64255243,0;0;2000;45255243,0;238,2;Moyen (6-7)
Adaptation. ;tt0268126;2002;81;7,7;143251;Spike Jonze;Nicolas Cage;Meryl Streep;Roger Willie;USA;English;R;Comedy;Drama;;19000000,0;22245861,0;0;2000;3245861,0;17,1;Bon (7-8)
Land of the Dead ;tt0418819;2005;97;6,2;78883;George A. Romero;Tony Nappo;Shawn Roberts;Pedro Miguel Arce;Canada;English;R;Horror;;;15000000,0;20433940,0;0;2000;5433940,0;36,2;Moyen (6-7)
Out of Inferno ;tt2957680;2013;107;5,7;625;Danny Pang;Louis Koo;Angelica Lee;Ching Wan Lau;China;Chinese;PG-13;Action;;;;;124;2010;;;Faible (<6)
Fear and Loathing in Las Vegas ;tt0120669;1998;118;7,7;213226;Terry Gilliam;Johnny Depp;Michael Jeter;Ellen Barkin;USA;English;R;Adventure;Comedy;Drama;18500000,0;10562387,0;15000;1990;-7937613,0;-42,9;Bon (7-8)
The Invention of Lying ;tt1058017;2009;100;6,4;94292;Ricky Gervais;Jennifer Garner;Tina Fey;Martin Starr;USA;English;PG-13;Comedy;Fantasy;Romance;18500000,0;18439082,0;13000;2000;-60918,0;-0,3;Moyen (6-7)
Neighbors ;tt2004420;2014;97;6,4;216581;Nicholas Stoller;Craig Roberts;Carla Gallo;Ike Barinholtz;USA;English;R;Comedy;;;18000000,0;150056505,0;21000;2010;132056505,0;733,6;Moyen (6-7)
The Mask ;tt0110475;1994;114;6,9;265818;Chuck Russell;Peter Greene;Amy Yasbeck;Reg E. Cathey;USA;English;PG-13;Action;Comedy;Crime;18000000,0;119938730,0;0;1990;101938730,0;566,3;Moyen (6-7)
Big ;tt0094737;1988;130;7,3;153468;Penny Marshall;Tom Hanks;Jon Lovitz;John Heard;USA;English;PG;Comedy;Drama;Family;18000000,0;114968774,0;0;1980;96968774,0;538,7;Bon (7-8)
Borat: Cultural Learnings of America for Make Benefit Glorious Nation of Kazakhstan ;tt0443453;2006;82;7,3;297014;Larry Charles;Luenell;Ken Davitian;Chester;USA;English;R;Comedy;;;18000000,0;128505958,0;0;2000;110505958,0;613,9;Bon (7-8)
Legally Blonde ;tt0250494;2001;96;6,2;131801;Robert Luketic;Linda Cardellini;Raquel Welch;Alanna Ubach;USA;English;PG-13;Comedy;Romance;;18000000,0;95001351,0;0;2000;77001351,0;427,8;Moyen (6-7)
Star Trek III: The Search for Spock ;tt0088170;1984;105;6,6;58743;Leonard Nimoy;Leonard Nimoy;Nichelle Nichols;Walter Koenig;USA;English;PG;Action;Adventure;Sci-Fi;17000000,0;76400000,0;0;1980;59400000,0;349,4;Moyen (6-7)
The Exorcism of Emily Rose ;tt0404032;2005;122;6,7;96569;Scott Derrickson;Tom Wilkinson;Colm Feore;JR Bourne;USA;English;PG-13;Drama;Horror;Thriller;20000000,0;75072454,0;0;2000;55072454,0;275,4;Moyen (6-7)
Deuce Bigalow: Male Gigolo ;tt0205000;1999;88;5,7;59380;Mike Mitchell;Amy Poehler;Eddie Griffin;Bree Turner;USA;English;R;Comedy;Romance;;17000000,0;65535067,0;0;1990;48535067,0;285,5;Faible (<6)
Left Behind ;tt2467046;2014;110;3,1;24854;Vic Armstrong;Nicolas Cage;Lea Thompson;Quinton Aaron;USA;English;PG-13;Action;Drama;Fantasy;16000000,0;13998282,0;31000;2010;-2001718,0;-12,5;Faible (<6)
The Family Stone ;tt0356680;2005;103;6,3;49077;Thomas Bezucha;Craig T. Nelson;Paul Schneider;Tyrone Giordano;USA;English;PG-13;Comedy;Drama;Romance;17000000,0;6061759,0;0;2000;-10938241,0;-64,3;Moyen (6-7)
Barbershop 2: Back in Business ;tt0337579;2004;106;5,7;10104;Kevin Rodney Sullivan;Harry Lennix;Sean Patrick Thomas;Kenan Thompson;USA;English;PG-13;Comedy;Drama;;18000000,0;64955956,0;265;2000;46955956,0;260,9;Faible (<6)
Bad Santa ;tt0307987;2003;98;7,1;107815;Terry Zwigoff;Bernie Mac;Tony Cox;Alex Borstein;USA;English;R;Comedy;Crime;Drama;18000000,0;60057639,0;10000;2000;42057639,0;233,7;Bon (7-8)
Austin Powers: International Man of Mystery ;tt0118655;1997;68;7,0;183425;Jay Roach;Will Ferrell;Charles Napier;Robert Wagner;USA;English;PG-13;Comedy;Crime;;17000000,0;53868030,0;0;1990;36868030,0;216,9;Bon (7-8)
My Big Fat Greek Wedding 2 ;tt3760922;2016;94;6,1;13562;Kirk Jones;Nia Vardalos;Louis Mandylor;Joey Fatone;USA;English;PG-13;Comedy;Family;Romance;18000000,0;59573085,0;19000;2010;41573085,0;231,0;Moyen (6-7)
Diary of a Wimpy Kid: Rodrick Rules ;tt1650043;2011;99;6,6;18727;David Bowers;Zachary Gordon;Rachael Harris;Fran Kranz;USA;English;PG;Comedy;Family;;21000000,0;52691009,0;0;2010;31691009,0;150,9;Moyen (6-7)
Predator ;tt0093773;1987;107;7,8;290949;John McTiernan;Shane Black;Bill Duke;Carl Weathers;USA;English;R;Action;Horror;Sci-Fi;15000000,0;59735548,0;13000;1980;44735548,0;298,2;Bon (7-8)
Amadeus ;tt0086879;1984;180;8,3;270790;Milos Forman;Jeffrey Jones;F. Murray Abraham;Tom Hulce;USA;English;R;Biography;Drama;History;18000000,0;51600000,0;16000;1980;33600000,0;186,7;Excellent (8+)
Prom Night ;tt0926129;2008;89;3,9;27664;Nelson McCormick;Ming-Na Wen;Scott Porter;Collins Pennie;USA;English;PG-13;Horror;Mystery;;20000000,0;43818159,0;1000;2000;23818159,0;119,1;Faible (<6)
Mean Girls ;tt0377092;2004;97;7,0;245989;Mark Waters;Tina Fey;Amy Poehler;Neil Flynn;USA;English;PG-13;Comedy;;;17000000,0;86049418,0;0;2000;69049418,0;406,2;Bon (7-8)
Under the Tuscan Sun ;tt0328589;2003;113;6,7;35718;Audrey Wells;Raoul Bova;Lindsay Duncan;Mario Monicelli;USA;English;PG-13;Comedy;Drama;Romance;18000000,0;43601508,0;0;2000;25601508,0;142,2;Moyen (6-7)
Gosford Park ;tt0280707;2001;131;7,3;65201;Robert Altman;Kristin Scott Thomas;Bob Balaban;Tom Hollander;UK;English;R;Drama;Mystery;;19800000,0;41300105,0;0;2000;21500105,0;108,6;Bon (7-8)
Peggy Sue Got Married ;tt0091738;1986;103;6,3;27149;Francis Ford Coppola;Nicolas Cage;Kathleen Turner;Joan Allen;USA;English;PG-13;Comedy;Drama;Fantasy;18000000,0;41382841,0;0;1980;23382841,0;129,9;Moyen (6-7)
Birdman or (The Unexpected Virtue of Ignorance) ;tt2562232;2014;119;7,8;395087;Alejandro G. Iñárritu;Emma Stone;Naomi Watts;Merritt Wever;USA;English;R;Comedy;Drama;Romance;18000000,0;42335698,0;114000;2010;24335698,0;135,2;Bon (7-8)
Blue Jasmine ;tt2334873;2013;98;7,3;150082;Woody Allen;Sally Hawkins;Charlie Tahan;Andrew Dice Clay;USA;English;PG-13;Drama;;;18000000,0;33404871,0;36000;2010;15404871,0;85,6;Bon (7-8)
United 93 ;tt0475276;2006;111;7,6;83374;Paul Greengrass;Christian Clemenson;David Alan Basche;Susan Blommaert;USA;English;R;Drama;History;Thriller;15000000,0;31471430,0;0;2000;16471430,0;109,8;Bon (7-8)
Honey ;tt0322589;2003;94;5,3;36666;Bille Woodruff;Christian Monzon;Mekhi Phifer;Romeo Miller;USA;English;PG-13;Drama;Music;Romance;25000000,0;30222640,0;0;2000;5222640,0;20,9;Faible (<6)
Spy Hard ;tt0117723;1996;81;5,3;29621;Rick Friedberg;Hulk Hogan;Barry Bostwick;Nicollette Sheridan;USA;English;PG-13;Action;Comedy;;18000000,0;26906039,0;588;1990;8906039,0;49,5;Faible (<6)
The Fog ;tt0080749;1980;89;6,8;46492;John Carpenter;Jamie Lee Curtis;Hal Holbrook;Janet Leigh;USA;English;R;Fantasy;Horror;;1000000,0;21378000,0;7000;1980;20378000,0;2037,8;Moyen (6-7)
Soul Surfer ;tt1596346;2011;106;7,1;35514;Sean McNamara;Dennis Quaid;Chris Brochu;Craig T. Nelson;USA;English;PG;Biography;Drama;Family;18000000,0;43853424,0;15000;2010;25853424,0;143,6;Bon (7-8)
Catch-22 ;tt0065528;1970;122;7,2;17277;Mike Nichols;Bob Newhart;Bob Balaban;Martin Balsam;USA;English;R;Comedy;Drama;War;18000000,0;;0;1970;;;Bon (7-8)
Observe and Report ;tt1197628;2009;86;5,8;52467;Jody Hill;Collette Wolfe;Celia Weston;Dan Bakkedahl;USA;English;R;Comedy;Crime;Drama;18000000,0;23993605,0;0;2000;5993605,0;33,3;Faible (<6)
Conan the Destroyer ;tt0087078;1984;103;5,8;62009;Richard Fleischer;Mako;Olivia d'Abo;Grace Jones;USA;English;PG;Action;Adventure;Fantasy;18000000,0;26400000,0;2000;1980;8400000,0;46,7;Faible (<6)
Raging Bull ;tt0081398;1980;121;8,3;235133;Martin Scorsese;Robert De Niro;Cathy Moriarty;Frank Vincent;USA;English;R;Biography;Drama;Sport;18000000,0;45250,0;0;1980;-17954750,0;-99,7;Excellent (8+)
Love Happens ;tt0899106;2009;109;5,6;25344;Brandon Camp;Judy Greer;Sasha Alexander;Frances Conroy;USA;English;PG-13;Drama;Romance;;18000000,0;22927390,0;0;2000;4927390,0;27,4;Faible (<6)
Young Sherlock Holmes ;tt0090357;1985;109;6,8;14870;Barry Levinson;Nicholas Rowe;Roger Ashton-Griffiths;Freddie Jones;USA;English;PG-13;Adventure;Fantasy;Mystery;18000000,0;4250320,0;0;1980;-13749680,0;-76,4;Moyen (6-7)
Fame ;tt1016075;2009;123;5,0;14062;Kevin Tancharoen;Kelsey Grammer;Kay Panabaker;Megan Mullally;USA;English;PG;Comedy;Drama;Musical;18000000,0;22452209,0;0;2000;4452209,0;24,7;Faible (<6)
127 Hours ;tt1542344;2010;94;7,6;279179;Danny Boyle;James Franco;Treat Williams;Kate Burton;USA;English;R;Adventure;Biography;Drama;18000000,0;18329466,0;63000;2010;329466,0;1,8;Bon (7-8)
Small Time Crooks ;tt0196216;2000;94;6,7;31169;Woody Allen;Woody Allen;Jon Lovitz;Michael Rapaport;USA;English;PG;Comedy;Crime;;18000000,0;17071230,0;812;2000;-928770,0;-5,2;Moyen (6-7)
Center Stage ;tt0210616;2000;115;6,7;15817;Nicholas Hytner;Amanda Schull;Susan May Pratt;Ethan Stiefel;USA;English;PG-13;Drama;Music;Romance;18000000,0;17174870,0;0;2000;-825130,0;-4,6;Moyen (6-7)
Love the Coopers ;tt2279339;2015;107;5,7;9051;Jessie Nelson;Olivia Wilde;Alex Borstein;Timothée Chalamet;USA;English;PG-13;Comedy;;;17000000,0;26284475,0;0;2010;9284475,0;54,6;Faible (<6)
Catch That Kid ;tt0337917;2004;91;5,2;8023;Bart Freundlich;Kristen Stewart;Corbin Bleu;Kevin G. Schmidt;USA;English;PG;Comedy;Crime;;18000000,0;16702864,0;591;2000;-1297136,0;-7,2;Faible (<6)
Life as a House ;tt0264796;2001;125;7,5;39105;Irwin Winkler;Ian Somerhalder;Hayden Christensen;Kristin Scott Thomas;USA;English;R;Drama;;;18000000,0;15561627,0;0;2000;-2438373,0;-13,5;Bon (7-8)
Steve Jobs ;tt2080374;2015;122;7,2;93548;Danny Boyle;Kate Winslet;Michael Fassbender;Michael Stuhlbarg;UK;English;R;Biography;Drama;;30000000,0;17750583,0;23000;2010;-12249417,0;-40,8;Bon (7-8)
I Love You, Beth Cooper ;tt1032815;2009;102;5,3;28209;Chris Columbus;Alan Ruck;Marie Avgeropoulos;Shawn Roberts;Canada;English;PG-13;Comedy;Romance;;18000000,0;14793904,0;0;2000;-3206096,0;-17,8;Faible (<6)
Youth in Revolt ;tt0403702;2009;90;6,5;64646;Miguel Arteta;Steve Buscemi;Ari Graynor;Fred Willard;USA;English;R;Comedy;Drama;Romance;18000000,0;15281286,0;0;2000;-2718714,0;-15,1;Moyen (6-7)
The Legend of the Lone Ranger ;tt0082648;1981;98;5,0;1400;William A. Fraker;Jason Robards;Richard Farnsworth;Michael Horse;USA;English;PG;Action;Adventure;Western;18000000,0;8000000,0;346;1980;-10000000,0;-55,6;Faible (<6)
The Tailor of Panama ;tt0236784;2001;109;6,1;23728;John Boorman;Daniel Radcliffe;Jamie Lee Curtis;Mark Margolis;USA;English;R;Drama;Thriller;;18000000,0;13491653,0;813;2000;-4508347,0;-25,0;Moyen (6-7)
Blow Out ;tt0082085;1981;107;7,4;27629;Brian De Palma;Nancy Allen;Dennis Franz;John McMartin;USA;English;R;Mystery;Thriller;;18000000,0;;2000;1980;;;Bon (7-8)
Getaway ;tt2167202;2013;90;4,4;19586;Courtney Solomon;Rebecca Budig;Paul Freeman;Bruce Payne;USA;English;PG-13;Action;Crime;Thriller;18000000,0;10494494,0;4000;2010;-7505506,0;-41,7;Faible (<6)
The Ice Storm ;tt0119349;1997;112;7,5;46396;Ang Lee;Joan Allen;Kate Burton;Henry Czerny;USA;English;R;Drama;;;18000000,0;7837632,0;0;1990;-10162368,0;-56,5;Bon (7-8)
And So It Goes ;tt2465146;2014;94;5,7;8895;Rob Reiner;Yaya DaCosta;Annie Parisse;Frankie Valli;USA;English;PG-13;Comedy;Drama;Romance;18000000,0;15155772,0;3000;2010;-2844228,0;-15,8;Faible (<6)
Troop Beverly Hills ;tt0098519;1989;105;5,5;7470;Jeff Kanew;Craig T. Nelson;Shelley Long;Kellie Martin;USA;English;PG;Adventure;Comedy;;18000000,0;8508843,0;0;1980;-9491157,0;-52,7;Faible (<6)
Being Julia ;tt0340012;2004;104;7,1;10680;István Szabó;Miriam Margolyes;Shaun Evans;Juliet Stevenson;Canada;English;R;Comedy;Drama;Romance;18000000,0;7739049,0;562;2000;-10260951,0;-57,0;Bon (7-8)
9½ Weeks ;tt0091635;1986;112;5,9;29591;Adrian Lyne;David Margulies;Karen Young;Kim Chan;USA;English;R;Drama;Romance;;17000000,0;6734844,0;0;1980;-10265156,0;-60,4;Faible (<6)
Dragonslayer ;tt0082288;1981;108;6,7;10832;Matthew Robbins;Ian McDiarmid;Ralph Richardson;Albert Salmi;USA;English;PG;Action;Adventure;Fantasy;18000000,0;6000000,0;0;1980;-12000000,0;-66,7;Moyen (6-7)
The Last Station ;tt0824758;2009;112;7,0;15352;Michael Hoffman;David Masterson;Kerry Condon;Anne-Marie Duff;Germany;English;R;Biography;Drama;Romance;13000000,0;6615578,0;0;2000;-6384422,0;-49,1;Bon (7-8)
Ed Wood ;tt0109707;1994;127;7,9;142416;Tim Burton;Johnny Depp;Bill Murray;Martin Landau;USA;English;R;Biography;Comedy;Drama;18000000,0;5887457,0;0;1990;-12112543,0;-67,3;Bon (7-8)
Labor Day ;tt1967545;2013;111;6,9;31898;Jason Reitman;J.K. Simmons;Kate Winslet;Brooke Smith;USA;English;PG-13;Drama;;;18000000,0;13362308,0;0;2010;-4637692,0;-25,8;Moyen (6-7)
Mongol: The Rise of Genghis Khan ;tt0416044;2007;126;7,3;37635;Sergey Bodrov;Tadanobu Asano;Khulan Chuluun;Honglei Sun;Russia;Mongolian;R;Adventure;Biography;Drama;20000000,0;5701643,0;0;2000;-14298357,0;-71,5;Bon (7-8)
RocknRolla ;tt1032755;2008;114;7,3;194489;Guy Ritchie;Tom Hardy;Gerard Butler;Tom Wilkinson;UK;English;R;Action;Crime;Thriller;18000000,0;5694401,0;12000;2000;-12305599,0;-68,4;Bon (7-8)
Megaforce ;tt0084316;1982;99;3,5;2541;Hal Needham;Barry Bostwick;Michael Beck;Henry Silva;USA;English;PG;Action;Sci-Fi;;20000000,0;5333658,0;0;1980;-14666342,0;-73,3;Faible (<6)
Hamlet ;tt0116477;1996;150;7,8;30618;Kenneth Branagh;Julie Christie;Brian Blessed;Richard Briers;UK;English;PG-13;Drama;;;18000000,0;4414535,0;0;1990;-13585465,0;-75,5;Bon (7-8)
Mao's Last Dancer ;tt1071812;2009;117;7,4;6091;Bruce Beresford;Bruce Greenwood;Suzie Steen;Aden Young;Australia;English;PG;Biography;Drama;Music;;4806750,0;0;2000;;;Bon (7-8)
Midnight Special ;tt2649554;2016;112;6,7;31359;Jeff Nichols;Kirsten Dunst;Sam Shepard;Paul Sparks;Greece;English;PG-13;Adventure;Drama;Sci-Fi;18000000,0;3707794,0;0;2010;-14292206,0;-79,4;Moyen (6-7)
Anything Else ;tt0313792;2003;108;6,4;25165;Woody Allen;Woody Allen;Stockard Channing;Fisher Stevens;USA;English;R;Comedy;Romance;;18000000,0;3203044,0;827;2000;-14796956,0;-82,2;Moyen (6-7)
The Railway Man ;tt2058107;2013;116;7,1;27882;Jonathan Teplitzky;Jeremy Irvine;Colin Firth;Sam Reid;Australia;English;R;Biography;Drama;Romance;18000000,0;4435083,0;18000;2010;-13564917,0;-75,4;Bon (7-8)
The White Ribbon ;tt1149362;2009;144;7,8;52958;Michael Haneke;Ulrich Tukur;Burghart Klaußner;Leonie Benesch;Germany;German;R;Drama;Mystery;;12000000,0;2222647,0;0;2000;-9777353,0;-81,5;Bon (7-8)
Restoration ;tt4517738;2016;92;4,0;436;Zack Ward;Zack Ward;Anna Harr;James Cullen Bressack;USA;English;;Horror;;;;;378;2010;;;Faible (<6)
The Wraith ;tt0092240;1986;93;5,9;10082;Mike Marvin;Clint Howard;Randy Quaid;Nick Cassavetes;USA;English;R;Action;Horror;Romance;2700000,0;3500000,0;0;1980;800000,0;29,6;Faible (<6)
The Salton Sea ;tt0235737;2002;103;7,2;26730;D.J. Caruso;Adam Goldberg;Meat Loaf;Anthony LaPaglia;USA;English;R;Crime;Drama;Mystery;18000000,0;676698,0;2000;2000;-17323302,0;-96,2;Bon (7-8)
Metallica Through the Never ;tt2172935;2013;93;7,2;13359;Nimród Antal;James Hetfield;Mackenzie Gray;Lars Ulrich;USA;English;R;Music;;;;3419967,0;19000;2010;;;Bon (7-8)
The Informers ;tt0865554;2008;98;5,1;14324;Gregor Jordan;Austin Nichols;Brad Renfro;Lou Taylor Pucci;Germany;English;R;Crime;Drama;Thriller;18000000,0;;1000;2000;;;Faible (<6)
I Come with the Rain ;tt1024744;2009;114;5,5;2541;Tran Anh Hung;Takuya Kimura;Simón Andreu;Shawn Yue;France;English;Not Rated;Thriller;;;18000000,0;;342;2000;;;Faible (<6)
One Man's Hero ;tt0120775;1999;121;6,2;899;Lance Hool;Tom Berenger;Joaquim de Almeida;Mark Moses;Spain;English;R;Action;Drama;History;11350000,0;229311,0;271;1990;-11120689,0;-98,0;Moyen (6-7)
Day of the Dead ;tt0088993;1985;87;7,2;49669;George A. Romero;Greg Nicotero;John Amplas;Joseph Pilato;USA;English;Unrated;Horror;;;3500000,0;;3000;1980;;;Bon (7-8)
I Am Wrath ;tt3212232;2016;92;5,2;4510;Chuck Russell;Sam Trammell;Rebecca De Mornay;Amanda Schull;USA;English;R;Action;Crime;Drama;18000000,0;;0;2010;;;Faible (<6)
Renaissance ;tt0386741;2006;105;6,7;14325;Christian Volckman;Romola Garai;Catherine McCormack;Kevork Malikyan;France;English;R;Action;Animation;Sci-Fi;14000000,0;63260,0;0;2000;-13936740,0;-99,5;Moyen (6-7)
Red Sonja ;tt0089893;1985;89;5,0;30215;Richard Fleischer;Ernie Reyes Jr.;Brigitte Nielsen;Sandahl Bergman;Netherlands;English;PG-13;Action;Adventure;Fantasy;17900000,0;;0;1980;;;Faible (<6)
Red Lights ;tt1748179;2012;114;6,2;48162;Rodrigo Cortés;Robert De Niro;Toby Jones;Craig Roberts;Spain;English;R;Drama;Horror;Mystery;14000000,0;;10000;2010;;;Moyen (6-7)
Superbad ;tt0829482;2007;119;7,6;422606;Greg Mottola;Emma Stone;Joe Lo Truglio;Kevin Corrigan;USA;English;R;Comedy;;;20000000,0;121463226,0;0;2000;101463226,0;507,3;Bon (7-8)
Madea Goes to Jail ;tt1142800;2009;103;4,1;9544;Tyler Perry;Vanessa Ferlito;Keshia Knight Pulliam;Derek Luke;USA;English;PG-13;Comedy;Crime;Drama;;90485233,0;804;2000;;;Faible (<6)
Wolves ;tt1403241;2014;91;5,3;5693;David Hayter;Jason Momoa;Jennifer Hale;Stephen McHattie;France;English;R;Action;Horror;;18000000,0;;0;2010;;;Faible (<6)
Step Up 2: The Streets ;tt1023481;2008;98;6,2;67653;Jon M. Chu;Cassie Ventura;Mari Koda;Luis Rosado;USA;English;PG-13;Drama;Music;Musical;23000000,0;58006147,0;0;2000;35006147,0;152,2;Moyen (6-7)
Hoodwinked! ;tt0443536;2005;80;6,5;45900;Cory Edwards;Anne Hathaway;Chazz Palminteri;Jim Belushi;USA;English;PG;Action;Animation;Comedy;17500000,0;51053787,0;0;2000;33553787,0;191,7;Moyen (6-7)
Hotel Rwanda ;tt0395169;2004;121;8,1;264533;Terry George;Don Cheadle;Sophie Okonedo;Hakeem Kae-Kazim;UK;English;PG-13;Drama;History;War;17500000,0;23472900,0;12000;2000;5972900,0;34,1;Excellent (8+)
Hitman ;tt0465494;2007;94;6,3;140780;Xavier Gens;Henry Ian Cusick;Dougray Scott;Ulrich Thomsen;France;English;R;Action;Crime;Drama;24000000,0;39687528,0;0;2000;15687528,0;65,4;Moyen (6-7)
Black Nativity ;tt1425922;2013;93;4,4;1633;Kasi Lemmons;Jennifer Hudson;Mary J. Blige;Vondie Curtis-Hall;USA;English;PG;Drama;Family;Music;17500000,0;7017178,0;0;2010;-10482822,0;-59,9;Faible (<6)
The Prince ;tt1085492;2014;93;4,6;13133;Brian A Miller;Bruce Willis;50 Cent;Jessica Lowndes;USA;English;R;Action;Thriller;;18000000,0;;0;2010;;;Faible (<6)
City of Ghosts ;tt0164003;2002;116;6,0;4387;Matt Dillon;Kirk Fox;Shawn Andrews;Rob Campbell;USA;English;R;Crime;Drama;Thriller;17500000,0;325491,0;204;2000;-17174509,0;-98,1;Moyen (6-7)
The Others ;tt0230600;2001;101;7,6;268581;Alejandro Amenábar;Fionnula Flanagan;Elaine Cassidy;Eric Sykes;USA;English;PG-13;Fantasy;Horror;Thriller;17000000,0;96471845,0;20000;2000;79471845,0;467,5;Bon (7-8)
Aliens ;tt0090605;1986;154;8,4;488537;James Cameron;Michael Biehn;Carrie Henn;Jenette Goldstein;USA;English;R;Action;Adventure;Sci-Fi;18500000,0;85200000,0;18000;1980;66700000,0;360,5;Excellent (8+)
My Fair Lady ;tt0058385;1964;170;7,9;66959;George Cukor;Jeremy Brett;Rex Harrison;Theodore Bikel;USA;English;Approved;Drama;Family;Musical;17000000,0;72000000,0;0;1960;55000000,0;323,5;Bon (7-8)
I Know What You Did Last Summer ;tt0119345;1997;99;5,6;105585;Jim Gillespie;Muse Watson;Sarah Michelle Gellar;Anne Heche;USA;English;R;Horror;Mystery;Thriller;17000000,0;72219395,0;0;1990;55219395,0;324,8;Faible (<6)
Let's Be Cops ;tt1924435;2014;104;6,5;106820;Luke Greenfield;Rob Riggle;Damon Wayans Jr.;James D'Arcy;USA;English;R;Comedy;;;17000000,0;82389560,0;14000;2010;65389560,0;384,6;Moyen (6-7)
Sideways ;tt0375063;2004;126;7,5;149966;Alexander Payne;Virginia Madsen;Patrick Gallagher;M.C. Gainey;USA;English;R;Adventure;Comedy;Drama;12000000,0;71502303,0;0;2000;59502303,0;495,9;Bon (7-8)
Beerfest ;tt0486551;2006;110;6,3;54710;Jay Chandrasekhar;Chris Moss;Owain Yeoman;Jay Chandrasekhar;USA;English;R;Comedy;;;17500000,0;19179969,0;0;2000;1679969,0;9,6;Moyen (6-7)
Halloween ;tt0077651;1978;101;7,9;157857;John Carpenter;Jamie Lee Curtis;Donald Pleasence;P.J. Soles;USA;English;R;Horror;Thriller;;300000,0;47000000,0;12000;1970;46700000,0;15566,7;Bon (7-8)
Good Boy! ;tt0326900;2003;87;5,1;3407;John Hoffman;Liam Aiken;Molly Shannon;Kevin Nealon;USA;English;PG;Comedy;Drama;Family;17000000,0;37566230,0;309;2000;20566230,0;121,0;Faible (<6)
The Best Man Holiday ;tt2083355;2013;123;6,7;11600;Malcolm D. Lee;Harold Perrineau;Sanaa Lathan;Eddie Cibrian;USA;English;R;Comedy;Drama;;17000000,0;70492685,0;7000;2010;53492685,0;314,7;Moyen (6-7)
Smokin' Aces ;tt0475394;2006;109;6,7;121058;Joe Carnahan;Ryan Reynolds;Common;Alex Rocco;UK;English;R;Action;Crime;Drama;17000000,0;35635046,0;3000;2000;18635046,0;109,6;Moyen (6-7)
Saw 3D: The Final Chapter ;tt1477076;2010;90;5,6;67978;Kevin Greutert;Costas Mandylor;Gina Holden;Betsy Russell;Canada;English;R;Horror;Mystery;;20000000,0;45670855,0;12000;2010;25670855,0;128,4;Faible (<6)
40 Days and 40 Nights ;tt0243736;2002;96;5,6;62272;Michael Lehmann;Emmanuelle Vaugier;Vinessa Shaw;Paulo Costanzo;USA;English;R;Comedy;Romance;;17000000,0;37939782,0;2000;2000;20939782,0;123,2;Faible (<6)
A Night at the Roxbury ;tt0120770;1998;82;6,2;48458;John Fortenberry;Will Ferrell;Chris Kattan;Dan Hedaya;USA;English;PG-13;Comedy;Music;Romance;17000000,0;30324946,0;0;1990;13324946,0;78,4;Moyen (6-7)
Beastly ;tt1152398;2011;86;5,6;64190;Daniel Barnz;Alex Pettyfer;Mary-Kate Olsen;Erik Knudsen;USA;English;PG-13;Drama;Fantasy;Romance;17000000,0;27854896,0;16000;2010;10854896,0;63,9;Faible (<6)
The Hills Have Eyes ;tt0454841;2006;108;6,4;129719;Alexandre Aja;Dan Byrd;Greg Nicotero;Vinessa Shaw;USA;English;R;Horror;;;15000000,0;41777564,0;0;2000;26777564,0;178,5;Moyen (6-7)
Dickie Roberts: Former Child Star ;tt0325258;2003;98;5,6;11815;Sam Weisman;Kevin Grevioux;Jenna Boyd;Mary McCormack;USA;English;PG-13;Comedy;;;17000000,0;22734486,0;320;2000;5734486,0;33,7;Faible (<6)
McFarland, USA ;tt2097298;2015;129;7,4;23480;Niki Caro;Morgan Saylor;Valente Rodriguez;Diana Maria Riva;USA;English;PG;Biography;Drama;Sport;17000000,0;44469602,0;21000;2010;27469602,0;161,6;Bon (7-8)
Lottery Ticket ;tt0979434;2010;99;4,9;7991;Erik White;Brandon T. Jackson;Loretta Devine;Shad Moss;USA;English;PG-13;Comedy;;;;24708699,0;0;2010;;;Faible (<6)
ATL ;tt0466856;2006;105;6,0;8522;Chris Robinson;T.I.;Adam Boyer;Malika;USA;English;PG-13;Comedy;Crime;Drama;;21160089,0;874;2000;;;Moyen (6-7)
Pitch Perfect ;tt1981677;2012;112;7,2;213898;Jason Moore;Anna Kendrick;Hana Mae Lee;Ben Platt;USA;English;PG-13;Comedy;Music;Romance;17000000,0;64998368,0;36000;2010;47998368,0;282,3;Bon (7-8)
Summer Catch ;tt0234829;2001;108;4,9;12993;Michael Tollin;Marc Blucas;Brian Dennehy;Bruce Davison;USA;English;PG-13;Comedy;Drama;Romance;34000000,0;19693891,0;476;2000;-14306109,0;-42,1;Faible (<6)
A Simple Plan ;tt0120324;1998;121;7,5;50656;Sam Raimi;Gary Cole;Bridget Fonda;Chelcie Ross;UK;English;R;Crime;Drama;Thriller;17000000,0;16311763,0;0;1990;-688237,0;-4,0;Bon (7-8)
They ;tt0283632;2002;89;4,8;10885;Robert Harmon;Alexander Gould;Ethan Embry;Marc Blucas;USA;English;PG-13;Horror;Mystery;Thriller;17000000,0;12693621,0;814;2000;-4306379,0;-25,3;Faible (<6)
Larry the Cable Guy: Health Inspector ;tt0462395;2006;89;3,1;9104;Trent Cooper;Thomas F. Wilson;Larry the Cable Guy;Megyn Price;USA;English;PG-13;Comedy;Romance;;4000000,0;15655665,0;110;2000;11655665,0;291,4;Faible (<6)
The Adventures of Elmo in Grouchland ;tt0159421;1999;73;5,8;2045;Gary Halvorson;Vanessa Williams;Kevin Clash;Caroll Spinney;USA;English;G;Adventure;Comedy;Family;17000000,0;11634458,0;339;1990;-5365542,0;-31,6;Faible (<6)
Brooklyn's Finest ;tt1210042;2009;132;6,7;52852;Antoine Fuqua;Don Cheadle;Lili Taylor;Armando Riesco;USA;English;R;Crime;Drama;Thriller;17000000,0;27154426,0;4000;2000;10154426,0;59,7;Moyen (6-7)
55 Days at Peking ;tt0056800;1963;154;6,8;4550;Nicholas Ray;Ava Gardner;David Niven;John Ireland;USA;English;Unrated;Action;Adventure;Drama;9000000,0;;419;1960;;;Moyen (6-7)
Evil Dead ;tt1288558;2013;96;6,5;125016;Fede Alvarez;Lou Taylor Pucci;Elizabeth Blackmore;Ellen Sandweiss;USA;English;R;Horror;;;17000000,0;54239856,0;70000;2010;37239856,0;219,1;Moyen (6-7)
My Life in Ruins ;tt0865559;2009;98;5,9;15033;Donald Petrie;Nia Vardalos;Harland Williams;Rachel Dratch;USA;English;PG-13;Comedy;Romance;;17000000,0;8662318,0;0;2000;-8337682,0;-49,0;Faible (<6)
American Dreamz ;tt0465142;2006;107;5,5;22639;Paul Weitz;Judy Greer;Dennis Quaid;Chris Klein;USA;English;PG-13;Comedy;Music;;19000000,0;7156725,0;300;2000;-11843275,0;-62,3;Faible (<6)
Superman IV: The Quest for Peace ;tt0094074;1987;134;3,6;33570;Sidney J. Furie;Jim Broadbent;Margot Kidder;William Hootkins;UK;English;PG;Action;Adventure;Family;17000000,0;15681020,0;1000;1980;-1318980,0;-7,8;Faible (<6)
How She Move ;tt0770810;2007;94;3,3;4600;Ian Iqbal Rashid;DeRay Davis;Clé Bennett;Conrad Coates;Canada;English;PG-13;Drama;;;;7070459,0;238;2000;;;Faible (<6)
Running Scared ;tt0404390;2006;122;7,4;88590;Wayne Kramer;Paul Walker;Chazz Palminteri;Ivana Milicevic;Germany;English;R;Action;Crime;Drama;17000000,0;6855137,0;0;2000;-10144863,0;-59,7;Bon (7-8)
Bobby Jones: Stroke of Genius ;tt0375104;2004;128;6,7;3222;Rowdy Herrington;Aidan Quinn;Jeremy Northam;Paul Freeman;USA;English;PG;Biography;Drama;Romance;;2694071,0;352;2000;;;Moyen (6-7)
Shanghai Surprise ;tt0091934;1986;97;3,0;4081;Jim Goddard;Victor Wong;Paul Freeman;Clyde Kusatsu;UK;English;PG-13;Adventure;Crime;Drama;17000000,0;2315683,0;154;1980;-14684317,0;-86,4;Faible (<6)
The Illusionist ;tt0443543;2006;110;7,6;295375;Neil Burger;Rufus Sewell;Eddie Marsan;Jake Wood;USA;English;PG-13;Drama;Mystery;Romance;16000000,0;39825798,0;15000;2000;23825798,0;148,9;Bon (7-8)
Roar ;tt0083001;1981;102;6,4;1275;Noel Marshall;Tippi Hedren;Melanie Griffith;Zakes Mokae;USA;English;PG;Adventure;Horror;Thriller;17000000,0;2000000,0;0;1980;-15000000,0;-88,2;Moyen (6-7)
Veronica Guerin ;tt0312549;2003;98;6,9;16234;Joel Schumacher;Brenda Fricker;David Murray;Gerard McSorley;Ireland;English;R;Biography;Crime;Drama;17000000,0;1569918,0;0;2000;-15430082,0;-90,8;Moyen (6-7)
Escobar: Paradise Lost ;tt2515030;2014;120;6,6;13762;Andrea Di Stefano;Josh Hutcherson;Brady Corbet;Carlos Bardem;France;English;R;Crime;Drama;Romance;17000000,0;106869,0;0;2010;-16893131,0;-99,4;Moyen (6-7)
Southland Tales ;tt0405336;2006;160;5,5;32671;Richard Kelly;Janeane Garofalo;Curtis Armstrong;Chris Andrew Ciulla;France;English;R;Comedy;Mystery;Sci-Fi;17000000,0;273420,0;0;2000;-16726580,0;-98,4;Faible (<6)
Dragon Hunters ;tt0944834;2008;80;6,6;10706;Guillaume Ivernel;Rob Paulsen;Jess Harnell;Mary Mouser;France;French;PG;Adventure;Animation;Family;11000000,0;;0;2000;;;Moyen (6-7)
Damnation Alley ;tt0075909;1977;91;5,2;3701;Jack Smight;George Peppard;Jan-Michael Vincent;Paul Winfield;USA;English;PG;Sci-Fi;;;17000000,0;;903;1970;;;Faible (<6)
The Apparition ;tt1433822;2012;83;4,1;16268;Todd Lincoln;Julianna Guill;Rick Gomez;Tim Williams;USA;English;PG-13;Horror;Thriller;;17000000,0;4930798,0;0;2010;-12069202,0;-71,0;Faible (<6)
My Girl ;tt0102492;1991;102;6,8;55895;Howard Zieff;Macaulay Culkin;Jamie Lee Curtis;Griffin Dunne;USA;English;PG-13;Comedy;Drama;Family;16500000,0;59847242,0;0;1990;43347242,0;262,7;Moyen (6-7)
Fur: An Imaginary Portrait of Diane Arbus ;tt0422295;2006;122;6,5;13239;Steven Shainberg;Robert Downey Jr.;Ty Burrell;Matt Servitto;USA;English;R;Biography;Drama;Romance;16800000,0;220914,0;0;2000;-16579086,0;-98,7;Moyen (6-7)
Wall Street ;tt0094291;1987;126;7,4;119150;Oliver Stone;Hal Holbrook;Tamara Tunie;James Karen;USA;English;R;Crime;Drama;;15000000,0;43848100,0;0;1980;28848100,0;192,3;Bon (7-8)
Sense and Sensibility ;tt0114388;1995;136;7,7;78392;Ang Lee;Alan Rickman;Kate Winslet;Tom Wilkinson;USA;English;PG;Drama;Romance;;16500000,0;42700000,0;0;1990;26200000,0;158,8;Bon (7-8)
Becoming Jane ;tt0416508;2007;120;7,1;46204;Julian Jarrold;Anne Hathaway;Julie Walters;Laurence Fox;UK;English;PG;Biography;Drama;Romance;16500000,0;18663911,0;0;2000;2163911,0;13,1;Bon (7-8)
Sydney White ;tt0815244;2007;108;6,3;37700;Joe Nussbaum;Danny Strong;Matt Long;Samm Levine;USA;English;PG-13;Comedy;Romance;;16500000,0;11702090,0;0;2000;-4797910,0;-29,1;Moyen (6-7)
House of Sand and Fog ;tt0315983;2003;126;7,6;56665;Vadim Perelman;Frances Fisher;Kim Dickens;Ron Eldard;USA;English;R;Drama;;;15000000,0;13005485,0;0;2000;-1994515,0;-13,3;Bon (7-8)
Dead Poets Society ;tt0097165;1989;128;8,0;277451;Peter Weir;Robin Williams;Josh Charles;Kurtwood Smith;USA;English;PG;Comedy;Drama;;16400000,0;95860116,0;23000;1980;79460116,0;484,5;Excellent (8+)
Dumb & Dumber ;tt0109686;1994;113;7,3;288451;Peter Farrelly;Lauren Holly;Mike Starr;Teri Garr;USA;English;PG-13;Comedy;;;16000000,0;127175354,0;0;1990;111175354,0;694,8;Bon (7-8)
When Harry Met Sally... ;tt0098635;1989;89;7,6;149108;Rob Reiner;Bruno Kirby;Gretchen Palmer;Harley Jane Kozak;USA;English;R;Comedy;Drama;Romance;16000000,0;92823600,0;0;1980;76823600,0;480,1;Bon (7-8)
The Verdict ;tt0084855;1982;129;7,8;26310;Sidney Lumet;Charlotte Rampling;James Mason;Jack Warden;USA;English;R;Drama;;;16000000,0;54000000,0;0;1980;38000000,0;237,5;Bon (7-8)
Road Trip ;tt0215129;2000;94;6,5;132963;Todd Phillips;Ethan Suplee;Rachel Blanchard;Paulo Costanzo;USA;English;R;Comedy;;;15600000,0;68525609,0;0;2000;52925609,0;339,3;Moyen (6-7)
Varsity Blues ;tt0139699;1999;106;6,4;35312;Brian Robbins;Paul Walker;Ron Lester;Mark Walters;USA;English;R;Comedy;Drama;Romance;16000000,0;52885587,0;0;1990;36885587,0;230,5;Moyen (6-7)
The Artist ;tt1655442;2011;100;8,0;190030;Michel Hazanavicius;Bérénice Bejo;Ed Lauter;Beth Grant;France;English;PG-13;Comedy;Drama;Romance;15000000,0;44667095,0;30000;2010;29667095,0;197,8;Excellent (8+)
The Unborn ;tt1139668;2009;89;4,8;42182;David S. Goyer;Gary Oldman;Atticus Shaffer;Rachel Brosnahan;USA;English;PG-13;Drama;Fantasy;Horror;16000000,0;42638165,0;0;2000;26638165,0;166,5;Faible (<6)
Moonrise Kingdom ;tt1748122;2012;94;7,8;237848;Wes Anderson;Bruce Willis;Bill Murray;Bob Balaban;USA;English;PG-13;Adventure;Comedy;Drama;16000000,0;45507053,0;71000;2010;29507053,0;184,4;Bon (7-8)
The Texas Chainsaw Massacre: The Beginning ;tt0420294;2006;83;5,9;56269;Jonathan Liebesman;Matt Bomer;Jordana Brewster;Lew Temple;USA;English;R;Horror;;;16000000,0;39511038,0;0;2000;23511038,0;146,9;Faible (<6)
The Young Messiah ;tt1002563;2016;111;5,4;1449;Cyrus Nowrasteh;Clive Russell;Vincent Walsh;Finn Ireland;USA;English;PG-13;Drama;;;18500000,0;6462576,0;0;2010;-12037424,0;-65,1;Faible (<6)
The Master of Disguise ;tt0295427;2002;80;3,3;18254;Perry Andelin Blake;Jennifer Esposito;Kenan Thompson;James Brolin;USA;English;PG;Comedy;Family;;16000000,0;40363530,0;1000;2000;24363530,0;152,3;Faible (<6)
Pan's Labyrinth ;tt0457430;2006;112;8,2;467234;Guillermo del Toro;Ivana Baquero;Maribel Verdú;Sergi López;Spain;Spanish;R;Drama;Fantasy;War;13500000,0;37623143,0;27000;2000;24123143,0;178,7;Excellent (8+)
See Spot Run ;tt0250720;2001;94;5,4;7392;John Whitesell;Leslie Bibb;Angus T. Jones;Paul Sorvino;USA;English;PG;Action;Comedy;Crime;35000000,0;33357476,0;393;2000;-1642524,0;-4,7;Faible (<6)
Baby Boy ;tt0255819;2001;130;6,4;9566;John Singleton;Mo'Nique;Snoop Dogg;Angell Conwell;USA;English;R;Crime;Drama;Romance;16000000,0;28734552,0;1000;2000;12734552,0;79,6;Moyen (6-7)
The Roommate ;tt1265990;2011;91;4,8;29147;Christian E. Christiansen;Leighton Meester;Danneel Ackles;Frances Fisher;USA;English;PG-13;Drama;Horror;Thriller;16000000,0;37300107,0;0;2010;21300107,0;133,1;Faible (<6)
Joe Dirt ;tt0245686;2001;91;5,9;41664;Dennie Gordon;Brittany Daniel;Erik Per Sullivan;Fred Ward;USA;English;PG-13;Adventure;Comedy;Drama;17700000,0;27087695,0;0;2000;9387695,0;53,0;Faible (<6)
Double Impact ;tt0101764;1991;110;5,5;28736;Sheldon Lettich;Bolo Yeung;Alonna Shaw;Kamel Krifa;USA;English;R;Action;Crime;;15000000,0;30102717,0;0;1990;15102717,0;100,7;Faible (<6)
Hot Fuzz ;tt0425112;2007;121;7,9;352695;Edgar Wright;Bill Bailey;Joe Cornish;Billie Whitelaw;UK;English;R;Action;Comedy;Mystery;8000000,0;23618786,0;17000;2000;15618786,0;195,2;Bon (7-8)
The Women ;tt0430770;2008;114;4,9;16582;Diane English;Jada Pinkett Smith;Debi Mazar;Debra Messing;USA;English;PG-13;Comedy;Drama;;16500000,0;26896744,0;0;2000;10396744,0;63,0;Faible (<6)
Vicky Cristina Barcelona ;tt0497465;2008;96;7,2;198111;Woody Allen;Scarlett Johansson;Kevin Dunn;Christopher Evan Welch;Spain;English;PG-13;Drama;Romance;;15500000,0;23213577,0;14000;2000;7713577,0;49,8;Bon (7-8)
Arn: The Knight Templar ;tt0837106;2007;270;6,6;18041;Peter Flinth;Gustaf Skarsgård;Michael Nyqvist;Vincent Perez;Sweden;Swedish;;Action;Adventure;Drama;25000000,0;;0;2000;;;Moyen (6-7)
Boys and Girls ;tt0204175;2000;94;5,3;13661;Robert Iscove;Alyson Hannigan;Amanda Detmer;Tsianina Joelson;USA;English;PG-13;Comedy;Drama;Romance;16000000,0;20627372,0;487;2000;4627372,0;28,9;Faible (<6)
White Oleander ;tt0283139;2002;109;7,2;25549;Peter Kosminsky;Patrick Fugit;Cole Hauser;Marc Donato;USA;English;PG-13;Drama;;;16000000,0;16346122,0;0;2000;346122,0;2,2;Bon (7-8)
Jennifer's Body ;tt1131734;2009;107;5,1;92712;Karyn Kusama;J.K. Simmons;Amy Sedaris;Cynthia Stevenson;USA;English;R;Comedy;Fantasy;Horror;16000000,0;16204793,0;6000;2000;204793,0;1,3;Faible (<6)
Drowning Mona ;tt0186045;2000;96;5,6;11768;Nick Gomez;Will Ferrell;Jamie Lee Curtis;Tracey Walter;USA;English;PG-13;Comedy;Crime;Mystery;16000000,0;15427192,0;492;2000;-572808,0;-3,6;Faible (<6)
Radio Days ;tt0093818;1987;88;7,6;24256;Woody Allen;Mike Starr;Don Pardo;Julie Kavner;USA;English;PG;Comedy;;;16000000,0;14792779,0;0;1980;-1207221,0;-7,5;Bon (7-8)
Remember Me ;tt1403981;2010;113;7,2;113963;Allen Coulter;Robert Pattinson;Lena Olin;Ruby Jerins;USA;English;PG-13;Drama;Romance;;16000000,0;19057024,0;24000;2010;3057024,0;19,1;Bon (7-8)
How to Deal ;tt0319524;2003;101;5,7;8215;Clare Kilner;Dylan Baker;Alexandra Holden;Trent Ford;USA;English;PG-13;Comedy;Drama;Romance;16000000,0;14108518,0;371;2000;-1891482,0;-11,8;Faible (<6)
My Stepmother Is an Alien ;tt0095687;1988;105;5,2;21079;Richard Benjamin;Jon Lovitz;Alyson Hannigan;Tony Jay;USA;English;PG-13;Comedy;Romance;Sci-Fi;20000000,0;13854000,0;818;1980;-6146000,0;-30,7;Faible (<6)
Philadelphia ;tt0107818;1993;125;7,7;178731;Jonathan Demme;Denzel Washington;Tom Hanks;Jason Robards;USA;English;PG-13;Drama;;;26000000,0;77324422,0;0;1990;51324422,0;197,4;Bon (7-8)
The Thirteenth Floor ;tt0139809;1999;100;7,0;51996;Josef Rusnak;Gretchen Mol;Craig Bierko;Brad William Henke;Germany;English;R;Mystery;Sci-Fi;Thriller;16000000,0;15500000,0;0;1990;-500000,0;-3,1;Bon (7-8)
The Cookout ;tt0380277;2004;97;3,6;2385;Lance Rivera;Farrah Fawcett;Vincent Pastore;Jenifer Lewis;USA;English;PG-13;Comedy;;;;11540112,0;177;2000;;;Faible (<6)
Meteor ;tt0079550;1979;108;4,9;5237;Ronald Neame;Martin Landau;Karl Malden;Brian Keith;USA;English;PG;Action;Drama;Sci-Fi;16000000,0;;392;1970;;;Faible (<6)
Duets ;tt0134630;2000;112;6,0;8217;Bruce Paltrow;Lochlyn Munro;Marian Seldes;Huey Lewis;USA;English;R;Comedy;Drama;Music;15000000,0;4734235,0;573;2000;-10265765,0;-68,4;Moyen (6-7)
Hollywood Ending ;tt0278823;2002;112;6,6;21613;Woody Allen;Woody Allen;Debra Messing;Treat Williams;USA;English;PG-13;Comedy;Romance;;16000000,0;4839383,0;762;2000;-11160617,0;-69,8;Moyen (6-7)
Detroit Rock City ;tt0165710;1999;95;6,8;30682;Adam Rifkin;Natasha Lyonne;Lin Shaye;Shannon Tweed;USA;English;R;Comedy;Music;;15000000,0;4193025,0;0;1990;-10806975,0;-72,0;Moyen (6-7)
Highlander ;tt0091203;1986;110;7,2;98629;Russell Mulcahy;Christopher Lambert;Jon Polito;Celia Imrie;UK;English;R;Action;Adventure;Fantasy;16000000,0;5900000,0;0;1980;-10100000,0;-63,1;Bon (7-8)
Things We Lost in the Fire ;tt0469623;2007;118;7,2;24104;Susanne Bier;Alison Lohman;Omar Benson Miller;Robin Weigert;USA;English;R;Drama;;;16000000,0;2849142,0;0;2000;-13150858,0;-82,2;Bon (7-8)
Steel ;tt0120207;1997;97;2,8;8687;Kenneth Johnson;Charles Napier;Annabeth Gish;Hill Harper;USA;English;PG-13;Action;Crime;Sci-Fi;16000000,0;1686429,0;0;1990;-14313571,0;-89,5;Faible (<6)
The Immigrant ;tt1951181;2013;120;6,6;20616;James Gray;Jeremy Renner;Dagmara Dominczyk;Angela Sarafyan;USA;English;R;Drama;Romance;;16000000,0;1984743,0;0;2010;-14015257,0;-87,6;Moyen (6-7)
The White Countess ;tt0384686;2005;135;6,7;5321;James Ivory;Vanessa Redgrave;Natasha Richardson;Lynn Redgrave;UK;English;PG-13;Drama;History;Romance;16000000,0;1666262,0;356;2000;-14333738,0;-89,6;Moyen (6-7)
Trance ;tt1924429;2013;101;7,0;92640;Danny Boyle;Rosario Dawson;Spencer Wilding;Tuppence Middleton;UK;English;R;Crime;Drama;Mystery;20000000,0;2319187,0;23000;2010;-17680813,0;-88,4;Bon (7-8)
Soul Plane ;tt0367085;2004;92;4,4;18271;Jessy Terrero;Mo'Nique;Snoop Dogg;Tom Arnold;USA;English;R;Comedy;;;16000000,0;13922211,0;0;2000;-2077789,0;-13,0;Faible (<6)
Welcome to the Sticks ;tt1064932;2008;106;7,1;30587;Dany Boon;Dany Boon;Kad Merad;Michel Galabru;France;French;;Comedy;Romance;;11000000,0;;3000;2000;;;Bon (7-8)
Good ;tt0436364;2008;92;6,2;5664;Vicente Amorim;Viggo Mortensen;Jodie Whittaker;Steven Mackintosh;UK;English;R;Drama;Romance;War;15000000,0;23091,0;921;2000;-14976909,0;-99,8;Moyen (6-7)
Enter the Void ;tt1191111;2009;161;7,3;45449;Gaspar Noé;Paz de la Huerta;Emily Alyn Lind;Olly Alexander;France;English;Not Rated;Drama;Fantasy;;13000000,0;336467,0;23000;2000;-12663533,0;-97,4;Bon (7-8)
Vamps ;tt1545106;2012;92;5,1;7444;Amy Heckerling;Taylor Negron;Justin Kirk;Ivan Sergei;USA;English;PG-13;Comedy;Horror;Romance;16000000,0;2964,0;0;2010;-15997036,0;-100,0;Faible (<6)
Hachi: A Dog's Tale ;tt1028532;2009;93;8,1;155249;Lasse Hallström;Cary-Hiroyuki Tagawa;Sarah Roemer;Joan Allen;USA;English;G;Drama;Family;;16000000,0;;115000;2000;;;Excellent (8+)
Zulu ;tt2249221;2013;110;6,7;12817;Jérôme Salle;Orlando Bloom;Tanya van Graan;Conrad Kemp;France;English;R;Crime;Drama;Thriller;16000000,0;;0;2010;;;Moyen (6-7)
The Homesman ;tt2398231;2014;122;6,6;21370;Tommy Lee Jones;Barry Corbin;Tim Blake Nelson;Miranda Otto;USA;English;R;Drama;Western;;16000000,0;2428883,0;0;2010;-13571117,0;-84,8;Moyen (6-7)
Juwanna Mann ;tt0247444;2002;91;4,5;5312;Jesse Vaughan;Vivica A. Fox;Jenifer Lewis;Kevin Pollak;USA;English;PG-13;Comedy;Drama;Romance;15600000,0;13571817,0;939;2000;-2028183,0;-13,0;Faible (<6)
Ararat ;tt0273435;2002;115;6,6;8624;Atom Egoyan;David Alpay;Marie-Josée Croze;Charles Aznavour;Canada;English;R;Drama;War;;;1554566,0;824;2000;;;Moyen (6-7)
Madison ;tt0206113;2001;94;6,5;1033;William Bindley;Bruce Dern;Jake Lloyd;William Shockley;USA;English;PG;Drama;Sport;;;508867,0;282;2000;;;Moyen (6-7)
Slow Burn ;tt0376196;2005;93;5,9;3299;Wayne Beach;Mekhi Phifer;LL Cool J;Fisher Stevens;USA;English;R;Drama;Mystery;Thriller;15500000,0;1181197,0;191;2000;-14318803,0;-92,4;Faible (<6)
Wasabi ;tt0281364;2001;94;6,6;29392;Gérard Krawczyk;Carole Bouquet;Ryôko Hirosue;Michel Muller;France;French;R;Action;Comedy;Crime;15300000,0;81525,0;0;2000;-15218475,0;-99,5;Moyen (6-7)
Slither ;tt0439815;2006;95;6,5;61912;James Gunn;Dustin Milligan;Gregg Henry;Tania Saulnier;Canada;English;R;Comedy;Horror;Sci-Fi;15500000,0;7774730,0;0;2000;-7725270,0;-49,8;Moyen (6-7)
Beverly Hills Cop ;tt0086960;1984;105;7,3;126464;Martin Brest;Judge Reinhold;Ronny Cox;James Russo;USA;English;R;Action;Comedy;Crime;14000000,0;234760500,0;0;1980;220760500,0;1576,9;Bon (7-8)
Home Alone ;tt0099785;1990;103;7,5;311075;Chris Columbus;Macaulay Culkin;Devin Ratray;Catherine O'Hara;USA;English;PG;Comedy;Family;;18000000,0;285761243,0;20000;1990;267761243,0;1487,6;Bon (7-8)
3 Men and a Baby ;tt0094137;1987;102;5,9;36918;Leonard Nimoy;Tom Selleck;Ted Danson;Steve Guttenberg;USA;English;PG;Comedy;Drama;Family;11000000,0;167780960,0;3000;1980;156780960,0;1425,3;Faible (<6)
Tootsie ;tt0084805;1982;116;7,4;77366;Sydney Pollack;Bill Murray;Sydney Pollack;Teri Garr;USA;English;PG;Comedy;Drama;Romance;22000000,0;177200000,0;0;1980;155200000,0;705,5;Bon (7-8)
Top Gun ;tt0092099;1986;110;6,9;219171;Tony Scott;Tom Cruise;Tom Skerritt;Adrian Pasdar;USA;English;PG;Action;Drama;Romance;15000000,0;176781728,0;19000;1980;161781728,0;1078,5;Moyen (6-7)
Crouching Tiger, Hidden Dragon ;tt0190332;2000;120;7,9;217740;Ang Lee;Chen Chang;Pei-Pei Cheng;Sihung Lung;Taiwan;Mandarin;PG-13;Action;Drama;Romance;15000000,0;128067808,0;0;2000;113067808,0;753,8;Bon (7-8)
American Beauty ;tt0169547;1999;122;8,4;822500;Sam Mendes;Kevin Spacey;Peter Gallagher;Ara Celi;USA;English;R;Drama;;;15000000,0;130058047,0;22000;1990;115058047,0;767,1;Excellent (8+)
The King's Speech ;tt1504320;2010;118;8,0;503631;Tom Hooper;Colin Firth;Jennifer Ehle;Derek Jacobi;UK;English;R;Biography;Drama;History;15000000,0;138795342,0;64000;2010;123795342,0;825,3;Excellent (8+)
Twins ;tt0096320;1988;107;6,0;87538;Ivan Reitman;Kelly Preston;Tony Jay;Hugh O'Brian;USA;English;PG;Comedy;Crime;;15000000,0;111936400,0;0;1980;96936400,0;646,2;Moyen (6-7)
The Yellow Handkerchief ;tt0954990;2008;102;6,8;6723;Udayan Prasad;Kristen Stewart;Eddie Redmayne;William Hurt;USA;English;PG-13;Drama;Romance;;15500000,0;317040,0;1000;2000;-15182960,0;-98,0;Moyen (6-7)
The Color Purple ;tt0088939;1985;154;7,8;60988;Steven Spielberg;Oprah Winfrey;Rae Dawn Chong;Dana Ivey;USA;English;PG-13;Drama;;;15000000,0;94175854,0;6000;1980;79175854,0;527,8;Bon (7-8)
Tidal Wave ;tt1153040;2009;103;5,7;2659;JK Youn;Nicole Dionne;Ji-won Ha;Kyung-gu Sol;South Korea;Korean;R;Action;Comedy;Drama;;;558;2000;;;Faible (<6)
The Imitation Game ;tt2084970;2014;114;8,1;467613;Morten Tyldum;Benedict Cumberbatch;Rory Kinnear;Allen Leech;UK;English;PG-13;Biography;Drama;Thriller;14000000,0;91121452,0;165000;2010;77121452,0;550,9;Excellent (8+)
Private Benjamin ;tt0081375;1980;109;6,1;18140;Howard Zieff;Eileen Brennan;Albert Brooks;Alan Oppenheimer;USA;English;R;Comedy;War;;10000000,0;69800000,0;855;1980;59800000,0;598,0;Moyen (6-7)
Coal Miner's Daughter ;tt0080549;1980;124;7,5;12974;Michael Apted;Sissy Spacek;Beverly D'Angelo;Levon Helm;USA;English;PG;Biography;Drama;Music;;79900000,0;0;1980;;;Bon (7-8)
Diary of a Wimpy Kid ;tt1196141;2010;94;6,2;32002;Thor Freudenthal;Chloë Grace Moretz;Zachary Gordon;Rachael Harris;USA;English;PG;Comedy;Family;;15000000,0;64001297,0;0;2010;49001297,0;326,7;Moyen (6-7)
Mama ;tt2023587;2013;100;6,2;134869;Andrés Muschietti;Javier Botet;Megan Charpentier;Isabelle Nélisse;Canada;English;PG-13;Fantasy;Horror;;20000000,0;71588220,0;57000;2010;51588220,0;257,9;Moyen (6-7)
National Lampoon's Vacation ;tt0085995;1983;98;7,4;71183;Harold Ramis;Beverly D'Angelo;Randy Quaid;Jane Krakowski;USA;English;R;Adventure;Comedy;;15000000,0;61400000,0;0;1980;46400000,0;309,3;Bon (7-8)
Bad Grandpa ;tt3063516;2013;102;6,6;77724;Jeff Tremaine;Jackson Nicoll;Georgina Cates;Grasie Mercedes;USA;English;R;Comedy;;;15000000,0;101978840,0;26000;2010;86978840,0;579,9;Moyen (6-7)
The Queen ;tt0436697;2006;94;7,3;85333;Stephen Frears;Roger Allam;Sylvia Syms;Alex Jennings;UK;English;PG-13;Biography;Drama;;9800000,0;56437947,0;0;2000;46637947,0;475,9;Bon (7-8)
Beetlejuice ;tt0094721;1988;92;7,5;189413;Tim Burton;Catherine O'Hara;Jeffrey Jones;Glenn Shadix;USA;English;PG;Comedy;Fantasy;;15000000,0;73326666,0;15000;1980;58326666,0;388,8;Bon (7-8)
Why Did I Get Married? ;tt0906108;2007;113;5,6;9811;Tyler Perry;Michael Jai White;Tasha Smith;Lamman Rucker;USA;English;PG-13;Comedy;Drama;;15000000,0;55184721,0;1000;2000;40184721,0;267,9;Faible (<6)
Little Women ;tt0110367;1994;115;7,3;36624;Gillian Armstrong;Christian Bale;Kirsten Dunst;Eric Stoltz;USA;English;PG;Drama;Family;Romance;15000000,0;50003300,0;0;1990;35003300,0;233,4;Bon (7-8)
The Woman in Black ;tt1596365;2012;95;6,4;139749;James Watkins;Daniel Radcliffe;Roger Allam;Jessica Raine;UK;English;PG-13;Drama;Fantasy;Horror;17000000,0;54322273,0;29000;2010;37322273,0;219,5;Moyen (6-7)
When a Stranger Calls ;tt0455857;2006;87;5,0;34711;Simon West;Madeline Carroll;Tessa Thompson;Brian Geraghty;USA;English;PG-13;Horror;Thriller;;15000000,0;47860214,0;0;2000;32860214,0;219,1;Faible (<6)
Big Fat Liar ;tt0265298;2002;88;5,4;29008;Shawn Levy;Frankie Muniz;Donald Faison;Lee Majors;USA;English;PG;Adventure;Comedy;Family;15000000,0;47811275,0;896;2000;32811275,0;218,7;Faible (<6)
The Deer Hunter ;tt0077416;1978;183;8,2;232577;Michael Cimino;Robert De Niro;Meryl Streep;John Savage;UK;English;R;Drama;War;;15000000,0;;11000;1970;;;Excellent (8+)
Wag the Dog ;tt0120885;1997;97;7,1;67604;Barry Levinson;Robert De Niro;Kirsten Dunst;John Michael Higgins;USA;English;R;Comedy;Drama;;15000000,0;43022524,0;12000;1990;28022524,0;186,8;Bon (7-8)
The Lizzie McGuire Movie ;tt0306841;2003;94;5,3;27580;Jim Fall;Clayton Snyder;Adam Lamberg;Alex Borstein;USA;English;PG;Adventure;Comedy;Family;17000000,0;42672630,0;0;2000;25672630,0;151,0;Faible (<6)
Snitch ;tt0882977;2013;112;6,5;64747;Ric Roman Waugh;Dwayne Johnson;Harold Perrineau;Nadine Velazquez;USA;English;PG-13;Action;Drama;Thriller;15000000,0;42919096,0;12000;2010;27919096,0;186,1;Moyen (6-7)
Krampus ;tt3850590;2015;98;6,2;29867;Michael Dougherty;Adam Scott;Conchata Ferrell;Allison Tolman;USA;English;PG-13;Comedy;Fantasy;Horror;15000000,0;42592530,0;27000;2010;27592530,0;184,0;Moyen (6-7)
The Faculty ;tt0133751;1998;104;6,4;92074;Robert Rodriguez;Jordana Brewster;Salma Hayek;Clea DuVall;USA;English;R;Horror;Mystery;Sci-Fi;15000000,0;40064955,0;0;1990;25064955,0;167,1;Moyen (6-7)
What's Love Got to Do with It ;tt0108551;1993;118;7,2;13442;Brian Gibson;Rae'Ven Kelly;Virginia Capers;Dororthy Thorton;USA;English;R;Biography;Drama;Music;;39100956,0;0;1990;;;Bon (7-8)
Cop Land ;tt0118887;1997;120;6,9;69576;James Mangold;Robert De Niro;Sylvester Stallone;Janeane Garofalo;USA;English;R;Crime;Drama;Thriller;10000000,0;44886089,0;2000;1990;34886089,0;348,9;Moyen (6-7)
Not Another Teen Movie ;tt0277371;2001;99;5,7;80305;Joel Gallen;Chris Evans;JoAnna Garcia Swisher;Mia Kirshner;USA;English;R;Comedy;;;16000000,0;37882551,0;0;2000;21882551,0;136,8;Faible (<6)
End of Watch ;tt1855199;2012;109;7,7;181025;David Ayer;Jake Gyllenhaal;Anna Kendrick;America Ferrera;USA;English;R;Crime;Drama;Thriller;7000000,0;40983001,0;38000;2010;33983001,0;485,5;Bon (7-8)
The Skulls ;tt0192614;2000;106;5,6;26846;Rob Cohen;Paul Walker;Leslie Bibb;William Petersen;USA;English;PG-13;Action;Crime;Drama;15000000,0;35007180,0;0;2000;20007180,0;133,4;Faible (<6)
The Theory of Everything ;tt2980516;2014;123;7,7;265507;James Marsh;Eddie Redmayne;Emily Watson;Simon McBurney;UK;English;PG-13;Biography;Drama;Romance;15000000,0;35887263,0;90000;2010;20887263,0;139,2;Bon (7-8)
Malibu's Most Wanted ;tt0328099;2003;86;5,1;15939;John Whitesell;Greg Grunberg;Regina Hall;Blair Underwood;USA;English;PG-13;Comedy;Crime;;16000000,0;34308901,0;0;2000;18308901,0;114,4;Faible (<6)
Where the Heart Is ;tt0198021;2000;120;6,8;27044;Matt Williams;Natalie Portman;James Frain;Stockard Channing;USA;English;PG-13;Comedy;Drama;Romance;15000000,0;33771174,0;0;2000;18771174,0;125,1;Moyen (6-7)
Lawrence of Arabia ;tt0056172;1962;227;8,4;192775;David Lean;Claude Rains;José Ferrer;Jack Hawkins;UK;English;PG;Adventure;Biography;Drama;15000000,0;6000000,0;11000;1960;-9000000,0;-60,0;Excellent (8+)
Halloween II ;tt1311067;2009;119;4,9;36372;Rob Zombie;Scout Taylor-Compton;Tyler Mane;Margot Kidder;USA;English;R;Horror;;;15000000,0;33386128,0;3000;2000;18386128,0;122,6;Faible (<6)
Wild ;tt2305051;2014;115;7,1;86664;Jean-Marc Vallée;Michiel Huisman;Kevin Rankin;Gaby Hoffmann;USA;English;R;Adventure;Biography;Drama;15000000,0;37877959,0;38000;2010;22877959,0;152,5;Bon (7-8)
The Last House on the Left ;tt0844708;2009;114;6,6;67822;Dennis Iliadis;Tony Goldwyn;Monica Potter;Martha MacIsaac;USA;English;R;Crime;Horror;Thriller;15000000,0;32721635,0;0;2000;17721635,0;118,1;Moyen (6-7)
The Wedding Date ;tt0372532;2005;90;6,1;38248;Clare Kilner;Jack Davenport;Debra Messing;Holland Taylor;USA;English;PG-13;Comedy;Romance;;15000000,0;31585300,0;0;2000;16585300,0;110,6;Moyen (6-7)
Halloween: Resurrection ;tt0220506;2002;94;4,1;26905;Rick Rosenthal;Jamie Lee Curtis;Thomas Ian Nicholas;Bianca Kajlich;USA;English;R;Comedy;Horror;Thriller;15000000,0;30259652,0;0;2000;15259652,0;101,7;Faible (<6)
The Princess Bride ;tt0093779;1987;98;8,1;294163;Rob Reiner;Robin Wright;Carol Kane;André the Giant;USA;English;PG;Adventure;Family;Fantasy;16000000,0;30857814,0;33000;1980;14857814,0;92,9;Excellent (8+)
The Great Debaters ;tt0427309;2007;126;7,6;47626;Denzel Washington;Denzel Washington;Jurnee Smollett-Bell;John Heard;USA;English;PG-13;Biography;Drama;;15000000,0;30226144,0;0;2000;15226144,0;101,5;Bon (7-8)
Drive ;tt0780504;2011;100;7,8;431578;Nicolas Winding Refn;Ryan Gosling;Albert Brooks;Russ Tamblyn;USA;English;R;Crime;Drama;;15000000,0;35054909,0;81000;2010;20054909,0;133,7;Bon (7-8)
Confessions of a Teenage Drama Queen ;tt0361467;2004;89;4,6;23408;Sara Sugarman;Adam Garcia;Carol Kane;Glenne Headly;Germany;English;PG;Comedy;Family;Music;15000000,0;29302097,0;810;2000;14302097,0;95,3;Faible (<6)
The Object of My Affection ;tt0120772;1998;111;6,0;15582;Nicholas Hytner;Liam Aiken;Tim Daly;Kali Rocha;USA;English;R;Comedy;Drama;Romance;15000000,0;29106737,0;849;1990;14106737,0;94,0;Moyen (6-7)
28 Weeks Later ;tt0463854;2007;100;7,0;212167;Juan Carlos Fresnadillo;Jeremy Renner;Harold Perrineau;Catherine McCormack;UK;English;R;Drama;Horror;Sci-Fi;15000000,0;28637507,0;0;2000;13637507,0;90,9;Bon (7-8)
When the Game Stands Tall ;tt2247476;2014;115;6,7;12596;Thomas Carter;Jessie T. Usher;Matthew Daddario;Ser'Darius Blain;USA;English;PG;Drama;Family;Sport;15000000,0;30127963,0;0;2010;15127963,0;100,9;Moyen (6-7)
Because of Winn-Dixie ;tt0317132;2005;106;6,4;8427;Wayne Wang;Cicely Tyson;Luke Benward;Eva Marie Saint;USA;English;PG;Comedy;Drama;Family;14000000,0;32645546,0;1000;2000;18645546,0;133,2;Moyen (6-7)
Love & Basketball ;tt0199725;2000;124;7,2;14322;Gina Prince-Bythewood;Alfre Woodard;Sanaa Lathan;Omar Epps;USA;English;PG-13;Drama;Romance;Sport;15000000,0;27441122,0;0;2000;12441122,0;82,9;Bon (7-8)
Grosse Pointe Blank ;tt0119229;1997;107;7,4;73347;George Armitage;Minnie Driver;Michael Cudlitz;Mitchell Ryan;USA;English;R;Action;Comedy;Crime;15000000,0;28014536,0;0;1990;13014536,0;86,8;Bon (7-8)
All About Steve ;tt0881891;2009;99;4,8;33088;Phil Traill;Bradley Cooper;Katy Mixon;Beth Grant;USA;English;PG-13;Comedy;Romance;;15000000,0;33860010,0;0;2000;18860010,0;125,7;Faible (<6)
Book of Shadows: Blair Witch 2 ;tt0229260;2000;90;4,0;28964;Joe Berlinger;Kim Director;Erica Leerhsen;Kurt Loder;USA;English;R;Adventure;Fantasy;Horror;15000000,0;26421314,0;949;2000;11421314,0;76,1;Faible (<6)
The Craft ;tt0115963;1996;101;6,2;57140;Andrew Fleming;Christine Taylor;Rachel True;Brenda Strong;USA;English;R;Drama;Fantasy;Horror;15000000,0;24881000,0;6000;1990;9881000,0;65,9;Moyen (6-7)
Match Point ;tt0416320;2005;119;7,7;166269;Woody Allen;Scarlett Johansson;Mark Gatiss;Penelope Wilton;UK;English;R;Drama;Romance;Thriller;15000000,0;23089926,0;0;2000;8089926,0;53,9;Bon (7-8)
Ramona and Beezus ;tt0493949;2010;103;6,7;13874;Elizabeth Allen Rosenbaum;Sierra McCormick;Hutch Dano;Jason Spevack;USA;English;G;Adventure;Comedy;Family;15000000,0;26161406,0;0;2010;11161406,0;74,4;Moyen (6-7)
The Remains of the Day ;tt0107943;1993;134;7,9;45703;James Ivory;Anthony Hopkins;Peter Vaughan;Ben Chaplin;UK;English;PG;Drama;Romance;;11500000,0;22954968,0;0;1990;11454968,0;99,6;Bon (7-8)
Boogie Nights ;tt0118749;1997;155;7,9;189032;Paul Thomas Anderson;Don Cheadle;Nicole Ari Parker;Nina Hartley;USA;English;R;Drama;;;15000000,0;26384919,0;0;1990;11384919,0;75,9;Bon (7-8)
Nowhere to Run ;tt0107711;1993;94;5,5;17074;Robert Harmon;Kieran Culkin;Rosanna Arquette;Joss Ackland;USA;English;R;Action;Crime;Drama;15000000,0;22189039,0;466;1990;7189039,0;47,9;Faible (<6)
Flicka ;tt0434215;2006;95;6,2;6095;Michael Mayer;Alison Lohman;Danny Pino;Tim McGraw;USA;English;PG;Adventure;Drama;Family;15000000,0;20998709,0;1000;2000;5998709,0;40,0;Moyen (6-7)
The Hills Have Eyes II ;tt0800069;2007;89;5,1;49721;Martin Weisz;Jeff Kober;Daniella Alonso;Jacob Vargas;USA;English;R;Horror;;;15000000,0;20801344,0;0;2000;5801344,0;38,7;Faible (<6)
Urban Legends: Final Cut ;tt0192731;2000;97;4,1;13048;John Ottman;Loretta Devine;Joey Lawrence;Jacinda Barrett;USA;English;R;Horror;Mystery;Thriller;14000000,0;21468807,0;243;2000;7468807,0;53,3;Faible (<6)
Tuck Everlasting ;tt0283084;2002;90;6,7;17983;Jay Russell;William Hurt;Sissy Spacek;Jonathan Jackson;USA;English;PG;Drama;Family;Fantasy;15000000,0;19158074,0;0;2000;4158074,0;27,7;Moyen (6-7)
The Marine ;tt0419946;2006;92;4,7;27486;John Bonito;Kelly Carlson;Firass Dirani;Drew Powell;USA;English;PG-13;Action;Drama;Thriller;20000000,0;18843314,0;0;2000;-1156686,0;-5,8;Faible (<6)
Keanu ;tt4139124;2016;100;6,4;15385;Peter Atencio;Nia Long;Will Forte;Keegan-Michael Key;USA;English;R;Action;Comedy;;15000000,0;20566327,0;0;2010;5566327,0;37,1;Moyen (6-7)
Country Strong ;tt1555064;2010;117;6,3;14814;Shana Feste;Leighton Meester;Cinda McCain;Tim McGraw;Official site;English;PG-13;Drama;Music;;15000000,0;20218921,0;0;2010;5218921,0;34,8;Moyen (6-7)
Disturbing Behavior ;tt0134619;1998;84;5,5;17328;David Nutter;Bruce Greenwood;Ethan Embry;Katharine Isabelle;Australia;English;R;Horror;Mystery;Sci-Fi;15000000,0;17411331,0;673;1990;2411331,0;16,1;Faible (<6)
The Place Beyond the Pines ;tt1817273;2012;140;7,3;187170;Derek Cianfrance;Ryan Gosling;Ben Mendelsohn;Angelo Anthony Pizza;USA;English;R;Crime;Drama;Thriller;15000000,0;21383298,0;47000;2010;6383298,0;42,6;Bon (7-8)
The November Man ;tt2402157;2014;108;6,3;50056;Roger Donaldson;Luke Bracey;Akie Kotabe;Will Patton;USA;English;R;Action;Crime;Thriller;15000000,0;24984868,0;0;2010;9984868,0;66,6;Moyen (6-7)
Eye of the Beholder ;tt0120662;1999;109;4,9;13320;Stephan Elliott;Jason Priestley;Patrick Bergin;Geneviève Bujold;Canada;English;R;Drama;Mystery;Thriller;15000000,0;16459004,0;327;1990;1459004,0;9,7;Faible (<6)
The Hurt Locker ;tt0887912;2008;131;7,6;332065;Kathryn Bigelow;Jeremy Renner;Christian Camargo;Brian Geraghty;USA;English;R;Drama;History;Thriller;15000000,0;15700000,0;16000;2000;700000,0;4,7;Bon (7-8)
Firestarter ;tt0087262;1984;114;6,0;22797;Mark L. Lester;Heather Locklear;George C. Scott;David Keith;USA;English;R;Action;Horror;Sci-Fi;15000000,0;15100000,0;0;1980;100000,0;0,7;Moyen (6-7)
Killing Them Softly ;tt1764234;2012;97;6,2;111625;Andrew Dominik;Brad Pitt;Sam Shepard;Ben Mendelsohn;USA;English;R;Crime;Thriller;;15000000,0;14938570,0;20000;2010;-61430,0;-0,4;Moyen (6-7)
A Most Wanted Man ;tt1972571;2014;122;6,8;57210;Anton Corbijn;Philip Seymour Hoffman;Nina Hoss;Homayoun Ershadi;UK;English;R;Crime;Drama;Thriller;15000000,0;17237244,0;13000;2010;2237244,0;14,9;Moyen (6-7)
Freddy Got Fingered ;tt0240515;2001;87;4,5;39788;Tom Green;Rip Torn;Harland Williams;Eddie Kaye Thomas;USA;English;R;Comedy;;;15000000,0;14249005,0;0;2000;-750995,0;-5,0;Faible (<6)
The Pirates Who Don't Do Anything: A VeggieTales Movie ;tt0475998;2008;85;5,7;2037;Mike Nawrocki;Yuri Lowenthal;Cam Clarke;Phil Vischer;USA;English;G;Adventure;Animation;Comedy;15000000,0;12701880,0;175;2000;-2298120,0;-15,3;Faible (<6)
U2 3D ;tt0892375;2007;85;8,4;2673;Catherine Owens;Bono;The Edge;Larry Mullen Jr.;USA;English;G;Documentary;Music;;;10353690,0;116;2000;;;Excellent (8+)
Highlander: Endgame ;tt0144964;2000;101;4,6;16340;Douglas Aarniokoski;Christopher Lambert;Adrian Paul;Adam Copeland;USA;English;R;Action;Adventure;Fantasy;15000000,0;12801190,0;356;2000;-2198810,0;-14,7;Faible (<6)
Idlewild ;tt0417225;2006;121;6,2;4603;Bryan Barber;Cicely Tyson;Faizon Love;Bobb'e J. Thompson;USA;English;R;Crime;Drama;Musical;15000000,0;12549485,0;489;2000;-2450515,0;-16,3;Moyen (6-7)
One Day ;tt1563738;2011;107;7,0;106111;Lone Scherfig;Anne Hathaway;Jim Sturgess;Rafe Spall;USA;English;PG-13;Drama;Romance;;15000000,0;13766014,0;49000;2010;-1233986,0;-8,2;Bon (7-8)
Whip It ;tt1172233;2009;111;6,9;55665;Drew Barrymore;Daniel Stern;Jimmy Fallon;Alia Shawkat;USA;English;PG-13;Drama;Sport;;15000000,0;13034417,0;10000;2000;-1965583,0;-13,1;Moyen (6-7)
Knockaround Guys ;tt0211465;2001;92;6,1;19768;Brian Koppelman;Vin Diesel;Tom Noonan;Kevin Gage;USA;English;R;Crime;Drama;Thriller;;11632420,0;566;2000;;;Moyen (6-7)
Confidence ;tt0310910;2003;97;6,7;30643;James Foley;Louis Lombardi;Brian Van Holt;Leland Orser;USA;English;R;Crime;Thriller;;15000000,0;12212417,0;622;2000;-2787583,0;-18,6;Moyen (6-7)
The Muse ;tt0164108;1999;97;5,6;9294;Albert Brooks;Jeff Bridges;Bradley Whitford;Albert Brooks;USA;English;PG-13;Comedy;;;15000000,0;11614236,0;251;1990;-3385764,0;-22,6;Faible (<6)
De-Lovely ;tt0352277;2004;125;6,6;9649;Irwin Winkler;Kevin McNally;Keith Allen;Sandra Nelson;USA;English;PG-13;Biography;Drama;Music;20000000,0;13337299,0;1000;2000;-6662701,0;-33,3;Moyen (6-7)
New York Stories ;tt0097965;1989;124;6,4;13692;Woody Allen;Woody Allen;Larry David;Mia Farrow;USA;English;PG;Comedy;Drama;Romance;15000000,0;10763469,0;877;1980;-4236531,0;-28,2;Moyen (6-7)
Barney's Great Adventure ;tt0120598;1998;76;2,8;2724;Steve Gomer;Trevor Morgan;Kyla Pratt;Shirley Douglas;Canada;English;G;Adventure;Family;;15000000,0;11144518,0;436;1990;-3855482,0;-25,7;Faible (<6)
The Man with the Iron Fists ;tt1258972;2012;107;5,4;53471;RZA;Rick Yune;RZA;Daniel Wu;USA;English;R;Action;;;15000000,0;15608545,0;29000;2010;608545,0;4,1;Faible (<6)
Home Fries ;tt0119304;1998;91;5,0;7159;Dean Parisot;Catherine O'Hara;Jake Busey;Shelley Duvall;USA;English;PG-13;Comedy;Drama;Romance;15000000,0;10443316,0;247;1990;-4556684,0;-30,4;Faible (<6)
Here on Earth ;tt0195778;2000;96;5,1;7403;Mark Piznarski;Bruce Greenwood;Chris Klein;Elaine Hendrix;USA;English;PG-13;Drama;Romance;;15000000,0;10494147,0;648;2000;-4505853,0;-30,0;Faible (<6)
Brazil ;tt0088846;1985;142;8,0;152306;Terry Gilliam;Robert De Niro;Bob Hoskins;Jim Broadbent;UK;English;R;Drama;Sci-Fi;;15000000,0;9929000,0;16000;1980;-5071000,0;-33,8;Excellent (8+)
Raise Your Voice ;tt0361696;2004;103;5,9;22649;Sean McNamara;Oliver James;Rebecca De Mornay;Jason Ritter;USA;English;PG;Family;Music;Romance;15000000,0;10411980,0;1000;2000;-4588020,0;-30,6;Faible (<6)
The Big Lebowski ;tt0118715;1998;117;8,2;537419;Joel Coen;Philip Seymour Hoffman;Jeff Bridges;Steve Buscemi;USA;English;R;Comedy;Crime;;15000000,0;17439163,0;35000;1990;2439163,0;16,3;Excellent (8+)
Black Snake Moan ;tt0462200;2006;116;7,0;52421;Craig Brewer;Justin Timberlake;Michael Raymond-James;S. Epatha Merkerson;USA;English;R;Drama;Music;;15000000,0;9396487,0;0;2000;-5603513,0;-37,4;Bon (7-8)
Dark Blue ;tt0279331;2002;118;6,6;17261;Ron Shelton;Khandi Alexander;Dash Mihok;Michael Michele;USA;English;R;Crime;Drama;Romance;15000000,0;9059588,0;455;2000;-5940412,0;-39,6;Moyen (6-7)
A Mighty Heart ;tt0829459;2007;108;6,7;24150;Michael Winterbottom;Angelina Jolie Pitt;Archie Panjabi;Dan Futterman;USA;English;R;Biography;Drama;History;16000000,0;9172810,0;923;2000;-6827190,0;-42,7;Moyen (6-7)
Whatever It Takes ;tt0202402;2000;94;5,5;8055;David Raynr;James Franco;Jodi Lyn O'Keefe;Marla Sokoloff;USA;English;PG-13;Comedy;Drama;Romance;15000000,0;8735529,0;816;2000;-6264471,0;-41,8;Faible (<6)
Boat Trip ;tt0285462;2002;97;4,9;26598;Mort Nathan;Vivica A. Fox;Lin Shaye;Bob Gunton;USA;English;R;Comedy;;;20000000,0;8586376,0;1000;2000;-11413624,0;-57,1;Faible (<6)
The Importance of Being Earnest ;tt0278500;2002;97;6,9;18966;Oliver Parker;Colin Firth;Tom Wilkinson;Rupert Everett;UK;English;PG;Comedy;Drama;Romance;15000000,0;8378141,0;0;2000;-6621859,0;-44,1;Moyen (6-7)
The Love Letter ;tt0140340;1998;99;7,4;1465;Dan Curtis;Jennifer Jason Leigh;Campbell Scott;Estelle Parsons;USA;English;Unrated;Fantasy;Romance;;;;515;1990;;;Bon (7-8)
Hoot ;tt0453494;2006;91;5,6;6562;Wil Shriner;Logan Lerman;Neil Flynn;Tim Blake Nelson;USA;English;PG;Adventure;Comedy;Family;15000000,0;8080116,0;647;2000;-6919884,0;-46,1;Faible (<6)
In Bruges ;tt0780536;2008;107;8,0;307639;Martin McDonagh;Elizabeth Berrington;Anna Madeley;Eric Godon;UK;English;R;Comedy;Crime;Drama;15000000,0;7757130,0;32000;2000;-7242870,0;-48,3;Excellent (8+)
Peeples ;tt1699755;2013;95;5,3;4065;Tina Gordon Chism;Tyler James Williams;S. Epatha Merkerson;Diahann Carroll;USA;English;PG-13;Comedy;Romance;;15000000,0;9123834,0;0;2010;-5876166,0;-39,2;Faible (<6)
The Rocker ;tt1031969;2008;102;6,2;32311;Peter Cattaneo;Emma Stone;Bradley Cooper;Josh Gad;USA;English;PG-13;Comedy;Music;;15000000,0;6409206,0;0;2000;-8590794,0;-57,3;Moyen (6-7)
Post Grad ;tt1142433;2009;88;5,3;11498;Vicky Jenson;J.K. Simmons;Zach Gilford;Bobby Coleman;USA;English;PG-13;Comedy;Romance;;15000000,0;6373693,0;0;2000;-8626307,0;-57,5;Faible (<6)
Promised Land ;tt2091473;2012;106;6,6;30284;Gus Van Sant;Matt Damon;Hal Holbrook;Terry Kinney;USA;English;R;Drama;;;15000000,0;7556708,0;10000;2010;-7443292,0;-49,6;Moyen (6-7)
Whatever Works ;tt1178663;2009;92;7,2;58967;Woody Allen;Larry David;Michael McKean;Conleth Hill;USA;English;PG-13;Comedy;Romance;;15000000,0;5306447,0;10000;2000;-9693553,0;-64,6;Bon (7-8)
The In Crowd ;tt0163676;2000;105;4,6;3668;Mary Lambert;Matthew Settle;Susan Ward;A.J. Buckley;USA;English;PG-13;Drama;Mystery;Thriller;15000000,0;5217498,0;157;2000;-9782502,0;-65,2;Faible (<6)
Three Burials ;tt0419294;2005;107;7,5;34194;Tommy Lee Jones;Levon Helm;Dwight Yoakam;Guillermo Arriaga;France;English;R;Adventure;Crime;Drama;15000000,0;5023275,0;0;2000;-9976725,0;-66,5;Bon (7-8)
Jakob the Liar ;tt0120716;1999;120;6,5;12601;Peter Kassovitz;Robin Williams;Mark Margolis;Michael Jeter;France;English;PG-13;Drama;War;;15000000,0;4956401,0;0;1990;-10043599,0;-67,0;Moyen (6-7)
Kiss Kiss Bang Bang ;tt0373469;2005;103;7,6;175962;Shane Black;Robert Downey Jr.;Corbin Bernsen;Larry Miller;USA;English;R;Comedy;Crime;Mystery;15000000,0;4235837,0;0;2000;-10764163,0;-71,8;Bon (7-8)
Idle Hands ;tt0138510;1999;92;6,2;33745;Rodman Flender;Vivica A. Fox;Fred Willard;Elden Henson;USA;English;R;Comedy;Fantasy;Horror;20000000,0;4002955,0;0;1990;-15997045,0;-80,0;Moyen (6-7)
Mulholland Drive ;tt0166924;2001;147;8,0;235992;David Lynch;Naomi Watts;Robert Forster;Laura Harring;France;English;R;Drama;Mystery;Thriller;15000000,0;7219578,0;16000;2000;-7780422,0;-51,9;Excellent (8+)
Blood and Chocolate ;tt0397044;2007;98;5,5;15388;Katja von Garnier;Olivier Martinez;Agnes Bruckner;Chris Geere;USA;English;PG-13;Drama;Fantasy;Horror;;3525161,0;0;2000;;;Faible (<6)
You Will Meet a Tall Dark Stranger ;tt1182350;2010;98;6,3;36145;Woody Allen;Anthony Hopkins;Naomi Watts;Ewen Bremner;USA;English;R;Comedy;Drama;Romance;22000000,0;3247816,0;0;2010;-18752184,0;-85,2;Moyen (6-7)
Never Let Me Go ;tt1334260;2010;103;7,2;109873;Mark Romanek;Andrew Garfield;Charlie Rowe;Charlotte Rampling;UK;English;R;Drama;Romance;Sci-Fi;15000000,0;2412045,0;33000;2010;-12587955,0;-83,9;Bon (7-8)
Transsiberian ;tt0800241;2008;111;6,7;42792;Brad Anderson;Thomas Kretschmann;Eduardo Noriega;Mac McDonald;Spain;English;R;Crime;Drama;Mystery;15000000,0;2203641,0;0;2000;-12796359,0;-85,3;Moyen (6-7)
The Clan of the Cave Bear ;tt0090848;1986;98;5,3;4996;Michael Chapman;Curtis Armstrong;Pamela Reed;Mike Muscat;USA;English;R;Adventure;Drama;Fantasy;15000000,0;1953732,0;843;1980;-13046268,0;-87,0;Faible (<6)
Crazy in Alabama ;tt0142201;1999;111;6,3;5917;Antonio Banderas;Meat Loaf;Elizabeth Perkins;Noah Emmerich;USA;English;PG-13;Comedy;Crime;Drama;15000000,0;1954202,0;391;1990;-13045798,0;-87,0;Moyen (6-7)
Funny Games ;tt0808279;2007;111;6,5;69569;Michael Haneke;Naomi Watts;Siobhan Fallon Hogan;Brady Corbet;USA;English;R;Crime;Drama;Horror;15000000,0;1294640,0;0;2000;-13705360,0;-91,4;Moyen (6-7)
Listening ;tt3153582;2014;100;5,6;1933;Khalil Sullins;Thomas Stroppel;Kalim Chandler;Amber Marie Bollinger;Cambodia;English;;Drama;Sci-Fi;Thriller;;;708;2010;;;Faible (<6)
Felicia's Journey ;tt0165773;1999;116;7,0;6690;Atom Egoyan;Bob Hoskins;Elaine Cassidy;Gerard McSorley;Canada;English;PG-13;Drama;Thriller;;;819852,0;284;1990;;;Bon (7-8)
Metropolis ;tt0017136;1927;145;8,3;111841;Fritz Lang;Brigitte Helm;Gustav Fröhlich;Rudolf Klein-Rogge;Germany;German;Not Rated;Drama;Sci-Fi;;6000000,0;26435,0;12000;1920;-5973565,0;-99,6;Excellent (8+)
District B13 ;tt0414852;2004;84;7,2;55928;Pierre Morel;David Belle;Cyril Raffaelli;Dany Verissimo-Petit;France;French;R;Action;Crime;Thriller;12000000,0;1197786,0;0;2000;-10802214,0;-90,0;Bon (7-8)
Things to Do in Denver When You're Dead ;tt0114660;1995;115;6,8;22345;Gary Fleder;Steve Buscemi;Bill Cobbs;Treat Williams;USA;English;R;Crime;Drama;;7000000,0;529766,0;0;1990;-6470234,0;-92,4;Moyen (6-7)
The Assassin ;tt3508840;2015;105;6,4;9427;Hsiao-Hsien Hou;Qi Shu;Chen Chang;Satoshi Tsumabuki;Taiwan;Mandarin;Not Rated;Action;Drama;;15000000,0;613556,0;0;2010;-14386444,0;-95,9;Moyen (6-7)
Buffalo Soldiers ;tt0252299;2001;98;6,9;20730;Gregor Jordan;Dean Stockwell;Scott Glenn;Leon;UK;English;R;Comedy;Crime;Drama;15000000,0;353743,0;664;2000;-14646257,0;-97,6;Moyen (6-7)
The Return ;tt0376968;2003;99;8,0;31589;Andrey Zvyagintsev;Konstantin Lavronenko;Vladimir Garin;Nataliya Vdovina;Russia;Russian;Unrated;Drama;Mystery;Thriller;;502028,0;0;2000;;;Excellent (8+)
Ong-bak 2 ;tt0785035;2008;110;6,2;24570;Tony Jaa;Nirut Sirichanya;Petchtai Wongkamlao;Sarunyu Wongkrachang;Thailand;Thai;R;Action;;;300000000,0;102055,0;0;2000;-299897945,0;-100,0;Moyen (6-7)
Centurion ;tt1020558;2010;97;6,4;64777;Neil Marshall;Michael Fassbender;JJ Feild;Dave Legeno;UK;English;R;Action;Adventure;Drama;;122288,0;0;2010;;;Moyen (6-7)
Silent Trigger ;tt0117653;1996;88;5,6;2699;Russell Mulcahy;Christopher Heyerdahl;Gina Bellman;Conrad Dunn;Canada;English;R;Action;Drama;Thriller;9000000,0;;154;1990;;;Faible (<6)
The Midnight Meat Train ;tt0805570;2008;103;6,1;47574;Ryûhei Kitamura;Bradley Cooper;Brooke Shields;Leslie Bibb;USA;English;R;Fantasy;Horror;Mystery;15000000,0;73548,0;0;2000;-14926452,0;-99,5;Moyen (6-7)
Winnie Mandela ;tt1551641;2011;104;6,0;609;Darrell Roodt;Jennifer Hudson;Wendy Crewson;Aubrey Poo;South Africa;English;R;Biography;Drama;History;15000000,0;;705;2010;;;Moyen (6-7)
The Son of No One ;tt1535612;2011;90;5,1;14280;Dito Montiel;Channing Tatum;Al Pacino;Tracy Morgan;USA;English;R;Crime;Drama;Thriller;15000000,0;28870,0;0;2010;-14971130,0;-99,8;Faible (<6)
All the Queen's Men ;tt0252223;2001;105;4,5;2236;Stefan Ruzowitzky;Eddie Izzard;Udo Kier;Edward Fox;Germany;English;PG-13;Action;Comedy;Drama;25000000,0;22723,0;193;2000;-24977277,0;-99,9;Faible (<6)
The Good Night ;tt0484111;2007;93;5,9;7519;Jake Paltrow;Stephen Graham;Gael Le Cornec;Keith Allen;USA;English;R;Comedy;Drama;Fantasy;15000000,0;20380,0;445;2000;-14979620,0;-99,9;Faible (<6)
Bathory: Countess of Blood ;tt0469640;2008;141;6,0;3425;Juraj Jakubisko;Anna Friel;Hans Matheson;Franco Nero;Slovakia;English;R;Biography;Drama;Fantasy;;;0;2000;;;Moyen (6-7)
Khumba ;tt1487931;2013;85;5,8;4006;Anthony Silverston;Liam Neeson;Steve Buscemi;Loretta Devine;South Africa;English;Not Rated;Adventure;Animation;Family;20000000,0;;0;2010;;;Faible (<6)
Automata ;tt1971325;2014;109;6,1;41638;Gabe Ibáñez;Birgitte Hjort Sørensen;Robert Forster;Melanie Griffith;Bulgaria;English;R;Action;Sci-Fi;Thriller;7000000,0;;13000;2010;;;Moyen (6-7)
Dungeons & Dragons: Wrath of the Dragon God ;tt0406728;2005;105;4,9;5018;Gerry Lively;Bruce Payne;Lucy Gaskell;Steven Elder;Germany;English;Not Rated;Action;Adventure;Fantasy;15000000,0;;473;2000;;;Faible (<6)
Chiamatemi Francesco - Il Papa della gente ;tt3856124;2015;98;5,7;80;Daniele Luchetti;Maximilian Dirr;Rodrigo De la Serna;Ferdinando Vetere;Italy;Spanish;;Biography;;;15000000,0;;18;2010;;;Faible (<6)
Shinjuku Incident ;tt1075419;2009;119;7,1;9177;Tung-Shing Yee;Bingbing Fan;Daniel Wu;Yasuaki Kurata;Hong Kong;Mandarin;R;Action;Crime;Drama;15000000,0;;821;2000;;;Bon (7-8)
Pandaemonium ;tt0210217;2000;124;6,6;695;Julien Temple;Samantha Morton;Dexter Fletcher;Linus Roache;UK;English;PG-13;Biography;Drama;;15000000,0;;277;2000;;;Moyen (6-7)
Groundhog Day ;tt0107048;1993;101;8,1;437418;Harold Ramis;Bill Murray;Chris Elliott;Willie Garson;USA;English;PG;Comedy;Fantasy;Romance;14600000,0;70906973,0;38000;1990;56306973,0;385,7;Excellent (8+)
Magic Mike XXL ;tt2268016;2015;115;5,7;38202;Gregory Jacobs;Matt Bomer;Channing Tatum;Kevin Nash;USA;English;R;Comedy;Drama;Music;14800000,0;66009973,0;41000;2010;51209973,0;346,0;Faible (<6)
Romeo + Juliet ;tt0117509;1996;120;6,8;167750;Baz Luhrmann;Leonardo DiCaprio;Harold Perrineau;Brian Dennehy;USA;English;PG-13;Drama;Romance;;14500000,0;46338728,0;10000;1990;31838728,0;219,6;Moyen (6-7)
Sarah's Key ;tt1668200;2010;111;7,5;12937;Gilles Paquet-Brenner;Kristin Scott Thomas;Aidan Quinn;Arben Bajraktaraj;France;French;PG-13;Drama;War;;10000000,0;7691700,0;0;2010;-2308300,0;-23,1;Bon (7-8)
Freedom ;tt2584018;2014;94;6,2;993;Peter Cousens;Sharon Leal;David Rasche;Bart Shatto;USA;English;R;Drama;Family;Music;14500000,0;;998;2010;;;Moyen (6-7)
Unforgiven ;tt0105695;1992;131;8,3;277505;Clint Eastwood;Clint Eastwood;Morgan Freeman;Frances Fisher;USA;English;R;Drama;Western;;14400000,0;101157447,0;10000;1990;86757447,0;602,5;Excellent (8+)
Manderlay ;tt0342735;2005;139;7,4;18646;Lars von Trier;Bryce Dallas Howard;Jeremy Davies;Jean-Marc Barr;Denmark;English;Not Rated;Drama;;;14200000,0;74205,0;1000;2000;-14125795,0;-99,5;Bon (7-8)
Slumdog Millionaire ;tt1010048;2008;120;8,0;641997;Danny Boyle;Anil Kapoor;Saurabh Shukla;Ayush Mahesh Khedekar;UK;English;R;Drama;Romance;;15000000,0;141319195,0;13000;2000;126319195,0;842,1;Excellent (8+)
Fatal Attraction ;tt0093010;1987;119;6,9;55101;Adrian Lyne;Fred Gwynne;Lois Smith;Anne Archer;USA;English;R;Drama;Romance;Thriller;14000000,0;156645693,0;3000;1980;142645693,0;1018,9;Moyen (6-7)
Pretty Woman ;tt0100405;1990;125;6,9;213476;Garry Marshall;Julia Roberts;Hector Elizondo;Jason Alexander;USA;English;R;Comedy;Romance;;14000000,0;178406268,0;11000;1990;164406268,0;1174,3;Moyen (6-7)
Crocodile Dundee II ;tt0092493;1988;108;5,5;44096;John Cornell;Paul Hogan;Linda Kozlowski;John Meillon;Australia;English;PG;Action;Adventure;Comedy;15800000,0;109306210,0;489;1980;93506210,0;591,8;Faible (<6)
Broken Horses ;tt2503954;2015;101;5,7;1554;Vidhu Vinod Chopra;María Valverde;Chris Marquette;Chad Bishop;USA;English;R;Action;Crime;Drama;15000000,0;;0;2010;;;Faible (<6)
Born on the Fourth of July ;tt0096969;1989;145;7,2;76842;Oliver Stone;Tom Cruise;Tom Berenger;Stephen Baldwin;USA;English;R;Biography;Drama;War;14000000,0;70001698,0;4000;1980;56001698,0;400,0;Bon (7-8)
Cool Runnings ;tt0106611;1993;98;6,9;69733;Jon Turteltaub;Doug E. Doug;Leon;Malik Yoba;USA;English;PG;Adventure;Comedy;Family;15000000,0;68856263,0;0;1990;53856263,0;359,0;Moyen (6-7)
My Bloody Valentine ;tt1179891;2009;101;5,5;45603;Patrick Lussier;Jensen Ackles;Jaime King;Edi Gathegi;USA;English;R;Horror;Thriller;;15000000,0;51527787,0;0;2000;36527787,0;243,5;Faible (<6)
Stomp the Yard ;tt0775539;2007;109;5,2;19505;Sylvain White;Chris Brown;Laz Alonso;Harry Lennix;USA;English;PG-13;Drama;Music;Romance;14000000,0;61356221,0;0;2000;47356221,0;338,3;Faible (<6)
The Spy Who Loved Me ;tt0076752;1977;123;7,1;76477;Lewis Gilbert;Caroline Munro;Desmond Llewelyn;Barbara Bach;UK;English;PG;Action;Adventure;Sci-Fi;14000000,0;46800000,0;0;1970;32800000,0;234,3;Bon (7-8)
Urban Legend ;tt0146336;1998;99;5,5;47814;Jamie Blanks;Alicia Witt;Loretta Devine;Julian Richings;USA;English;R;Horror;Mystery;Thriller;14000000,0;38048637,0;0;1990;24048637,0;171,8;Faible (<6)
Good Deeds ;tt1885265;2012;110;5,4;6352;Tyler Perry;Eddie Cibrian;Phylicia Rashad;Jamie Kennedy;USA;English;PG-13;Comedy;Drama;Romance;;35010192,0;0;2010;;;Faible (<6)
White Fang ;tt0103247;1991;107;6,7;15730;Randal Kleiser;Seymour Cassel;Klaus Maria Brandauer;Susan Hogan;USA;English;PG;Adventure;Drama;;14000000,0;34793160,0;0;1990;20793160,0;148,5;Moyen (6-7)
Superstar ;tt0167427;1999;81;5,0;15047;Bruce McCulloch;Will Ferrell;Elaine Hendrix;Molly Shannon;USA;English;PG-13;Comedy;Romance;;14000000,0;30628981,0;2000;1990;16628981,0;118,8;Faible (<6)
The Iron Lady ;tt1007029;2011;105;6,4;82327;Phyllida Lloyd;Meryl Streep;Jim Broadbent;Olivia Colman;UK;English;PG-13;Biography;Drama;History;13000000,0;29959436,0;18000;2010;16959436,0;130,5;Moyen (6-7)
Jonah: A VeggieTales Movie ;tt0298388;2002;82;6,6;3135;Mike Nawrocki;Phil Vischer;Mike Nawrocki;Shelby Vischer;USA;English;G;Adventure;Animation;Comedy;14000000,0;25571351,0;184;2000;11571351,0;82,7;Moyen (6-7)
Poetic Justice ;tt0107840;1993;109;5,9;8904;John Singleton;Janet Jackson;Khandi Alexander;Maya Angelou;USA;English;R;Drama;Romance;;14000000,0;27515786,0;0;1990;13515786,0;96,5;Faible (<6)
All About the Benjamins ;tt0278295;2002;95;5,7;9693;Kevin Bray;Mike Epps;Roger Guenveur Smith;Gino Salvano;USA;English;R;Action;Comedy;Crime;14000000,0;25482931,0;530;2000;11482931,0;82,0;Faible (<6)
Vampire in Brooklyn ;tt0114825;1995;100;4,5;17262;Wes Craven;John Witherspoon;W. Earl Brown;Allen Payne;USA;English;R;Comedy;Fantasy;Horror;20000000,0;19900000,0;1000;1990;-100000,0;-0,5;Faible (<6)
Exorcist II: The Heretic ;tt0076009;1977;118;3,7;16294;John Boorman;Linda Blair;Richard Burton;Ned Beatty;USA;English;R;Horror;;;14000000,0;;889;1970;;;Faible (<6)
An American Haunting ;tt0429573;2005;91;5,0;22207;Courtney Solomon;Sissy Spacek;James D'Arcy;Vernon Dobtcheff;UK;English;PG-13;Horror;Mystery;Thriller;14000000,0;16298046,0;0;2000;2298046,0;16,4;Faible (<6)
My Boss's Daughter ;tt0270980;2003;90;4,6;24038;David Zucker;Carmen Electra;Tyler Labine;Molly Shannon;USA;English;PG-13;Comedy;Romance;;14000000,0;15549702,0;411;2000;1549702,0;11,1;Faible (<6)
A Perfect Getaway ;tt0971209;2009;108;6,5;56338;David Twohy;Chris Hemsworth;Milla Jovovich;Marley Shelton;USA;English;R;Adventure;Mystery;Thriller;14000000,0;15483540,0;4000;2000;1483540,0;10,6;Moyen (6-7)
Our Family Wedding ;tt1305583;2010;103;4,9;5721;Rick Famuyiwa;America Ferrera;Lance Gross;Lupe Ontiveros;USA;English;PG-13;Comedy;Romance;;14000000,0;20246959,0;1000;2010;6246959,0;44,6;Faible (<6)
Dead Man on Campus ;tt0118301;1998;96;6,0;11729;Alan Cohn;Alyson Hannigan;Linda Cardellini;Poppy Montgomery;USA;English;R;Comedy;;;14000000,0;15062898,0;645;1990;1062898,0;7,6;Moyen (6-7)
Tea with Mussolini ;tt0120857;1999;117;6,9;9323;Franco Zeffirelli;Lily Tomlin;Joan Plowright;Paolo Seganti;Italy;English;PG;Comedy;Drama;War;12000000,0;14348123,0;970;1990;2348123,0;19,6;Moyen (6-7)
Thinner ;tt0117894;1996;93;5,7;19805;Tom Holland;Joe Mantegna;Bethany Joy Lenz;Kari Wuhrer;USA;English;R;Fantasy;Horror;;8500000,0;15171475,0;0;1990;6671475,0;78,5;Faible (<6)
New York, New York ;tt0076451;1977;136;6,7;13548;Martin Scorsese;Robert De Niro;Liza Minnelli;Mary Kay Place;USA;English;PG;Drama;Music;Musical;14000000,0;;932;1970;;;Moyen (6-7)
Crooklyn ;tt0109504;1994;115;6,9;6011;Spike Lee;Alfre Woodard;Delroy Lindo;Isaiah Washington;USA;English;PG-13;Comedy;Drama;;14000000,0;13640000,0;905;1990;-360000,0;-2,6;Moyen (6-7)
I Think I Love My Wife ;tt0770772;2007;94;5,5;13866;Chris Rock;Steve Buscemi;Eliza Coupe;Wendell Pierce;USA;English;R;Comedy;Drama;Romance;;12550242,0;488;2000;;;Faible (<6)
Jason X ;tt0211443;2001;85;4,4;38985;James Isaac;Peter Mensah;Kane Hodder;Lexa Doig;USA;English;R;Action;Horror;Sci-Fi;11000000,0;12610731,0;0;2000;1610731,0;14,6;Faible (<6)
Bobby ;tt0308055;2006;112;7,0;38142;Emilio Estevez;Anthony Hopkins;Nick Cannon;Brian Geraghty;USA;English;R;Drama;History;;14000000,0;11204499,0;0;2000;-2795501,0;-20,0;Bon (7-8)
Head Over Heels ;tt0192111;2001;86;5,4;11693;Mark Waters;Monica Potter;Ivana Milicevic;China Chow;USA;English;PG-13;Comedy;Mystery;Romance;14000000,0;10397365,0;613;2000;-3602635,0;-25,7;Faible (<6)
Fun Size ;tt1663143;2012;86;5,4;11233;Josh Schwartz;Thomas McDonell;Jackson Nicoll;Osric Chau;USA;English;PG-13;Adventure;Comedy;;14000000,0;9402410,0;0;2010;-4597590,0;-32,8;Faible (<6)
The Diving Bell and the Butterfly ;tt0401383;2007;112;8,0;89906;Julian Schnabel;Emmanuelle Seigner;Mathieu Amalric;Isaach De Bankolé;France;French;PG-13;Biography;Drama;;;5990075,0;13000;2000;;;Excellent (8+)
Little Children ;tt0404203;2006;137;7,6;92781;Todd Field;Kate Winslet;Noah Emmerich;Jane Adams;USA;English;R;Drama;Romance;;26000000,0;5459824,0;5000;2000;-20540176,0;-79,0;Bon (7-8)
Gossip ;tt0176783;2000;90;5,9;12519;Davis Guggenheim;Norman Reedus;Sharon Lawrence;Noam Jenkins;USA;English;R;Drama;Mystery;Thriller;24000000,0;5108820,0;853;2000;-18891180,0;-78,7;Faible (<6)
A Walk on the Moon ;tt0120613;1999;107;6,6;6782;Tony Goldwyn;Viggo Mortensen;Julie Kavner;Tovah Feldshuh;USA;English;R;Drama;;;14000000,0;4741987,0;860;1990;-9258013,0;-66,1;Moyen (6-7)
Catch a Fire ;tt0437232;2006;98;6,7;9334;Phillip Noyce;Derek Luke;Terry Pheto;Bonnie Henna;France;English;PG-13;Biography;Drama;History;14000000,0;4291965,0;447;2000;-9708035,0;-69,3;Moyen (6-7)
Soul Survivors ;tt0218619;2001;84;3,9;7277;Stephen Carpenter;Melissa Sagemiller;Angela Featherstone;Candace Kroslak;USA;English;PG-13;Drama;Horror;Mystery;14000000,0;3100650,0;231;2000;-10899350,0;-77,9;Faible (<6)
Jefferson in Paris ;tt0113463;1995;139;5,7;2427;James Ivory;Seth Gilliam;Todd Boyce;Nigel Whitmey;France;English;PG-13;Biography;Drama;History;14000000,0;2474000,0;127;1990;-11526000,0;-82,3;Faible (<6)
Easy Virtue ;tt0808244;2008;97;6,7;16444;Stephan Elliott;Colin Firth;Kristin Scott Thomas;Kris Marshall;UK;English;PG-13;Comedy;Romance;;;2656324,0;2000;2000;;;Moyen (6-7)
Caravans ;tt0077296;1978;127;6,5;524;James Fargo;Christopher Lee;Joseph Cotten;Behrouz Vossoughi;Iran;English;PG;Action;Adventure;History;14000000,0;1000000,0;76;1970;-13000000,0;-92,9;Moyen (6-7)
Mr. Turner ;tt2473794;2014;150;6,8;17933;Mike Leigh;Lesley Manville;Ruth Sheen;Karl Johnson;UK;English;R;Biography;Drama;History;8200000,0;3958500,0;0;2010;-4241500,0;-51,7;Moyen (6-7)
Wild Grass ;tt1156143;2009;104;6,3;3174;Alain Resnais;Mathieu Amalric;Sara Forestier;Edouard Baer;France;French;PG;Drama;Romance;;;403649,0;512;2000;;;Moyen (6-7)
Amen. ;tt0280653;2002;132;7,3;11077;Costa-Gavras;Sebastian Koch;Mathieu Kassovitz;Ulrich Mühe;France;English;Unrated;Biography;Crime;Drama;103000000,0;274299,0;0;2000;-102725701,0;-99,7;Bon (7-8)
Reign of Assassins ;tt1460743;2010;117;6,9;6069;Chao-Bin Su;Woo-sung Jung;Shawn Yue;Kelly Lin;China;Mandarin;R;Action;;;12000000,0;;1000;2010;;;Moyen (6-7)
The Lucky Ones ;tt0981072;2008;115;7,0;11704;Neil Burger;John Heard;Katherine LaNasa;Mark L. Young;USA;English;R;Comedy;Drama;War;15000000,0;183088,0;702;2000;-14816912,0;-98,8;Bon (7-8)
Margaret ;tt0466893;2011;186;6,5;12053;Kenneth Lonergan;Matt Damon;Kieran Culkin;John Gallagher Jr.;USA;English;R;Drama;;;14000000,0;46495,0;0;2010;-13953505,0;-99,7;Moyen (6-7)
Stan Helsing ;tt1185266;2009;90;3,6;9928;Bo Zenga;Steve Howey;Kenan Thompson;Diora Baird;Canada;English;R;Comedy;Horror;;;;934;2000;;;Faible (<6)
Flipped ;tt0817177;2010;90;7,7;60460;Rob Reiner;Madeline Carroll;Rebecca De Mornay;Aidan Quinn;USA;English;PG;Comedy;Drama;Romance;14000000,0;1752214,0;14000;2010;-12247786,0;-87,5;Bon (7-8)
Brokeback Mountain ;tt0388795;2005;134;7,7;259837;Ang Lee;Jake Gyllenhaal;Heath Ledger;Anne Hathaway;USA;English;R;Drama;Romance;;14000000,0;83025853,0;13000;2000;69025853,0;493,0;Bon (7-8)
Clueless ;tt0112697;1995;97;6,8;123390;Amy Heckerling;Donald Faison;Dan Hedaya;Elisa Donovan;USA;English;PG-13;Comedy;Romance;;12000000,0;56631572,0;0;1990;44631572,0;371,9;Moyen (6-7)
Far from Heaven ;tt0297884;2002;107;7,4;36542;Todd Haynes;Dennis Quaid;Celia Weston;Michael Gaston;USA;English;PG-13;Drama;Romance;;13500000,0;15854988,0;0;2000;2354988,0;17,4;Bon (7-8)
Hot Tub Time Machine 2 ;tt2637294;2015;99;5,1;28159;Steve Pink;Adam Scott;Gillian Jacobs;Collette Wolfe;USA;English;R;Comedy;Sci-Fi;;14000000,0;12282677,0;0;2010;-1717323,0;-12,3;Faible (<6)
Quills ;tt0180073;2000;124;7,4;44795;Philip Kaufman;Kate Winslet;Stephen Marcus;Amelia Warner;UK;English;R;Biography;Drama;;13500000,0;7060876,0;0;2000;-6439124,0;-47,7;Bon (7-8)
Seven Psychopaths ;tt1931533;2012;110;7,2;185845;Martin McDonagh;Abbie Cornish;Gabourey Sidibe;Michael Stuhlbarg;UK;English;R;Comedy;Crime;;15000000,0;14989761,0;52000;2010;-10239,0;-0,1;Bon (7-8)
The Caveman's Valentine ;tt0182000;2001;105;6,0;5602;Kasi Lemmons;Colm Feore;Tamara Tunie;Aunjanue Ellis;USA;English;R;Crime;Drama;Music;;687081,0;329;2000;;;Moyen (6-7)
Downfall ;tt0363163;2004;178;8,3;248354;Oliver Hirschbiegel;Thomas Kretschmann;Bruno Ganz;Alexandra Maria Lara;Germany;German;R;Biography;Drama;History;13500000,0;5501940,0;14000;2000;-7998060,0;-59,2;Excellent (8+)
The Sea Inside ;tt0369702;2004;125;8,1;64556;Alejandro Amenábar;Belén Rueda;Lola Dueñas;Tamar Novas;Spain;Spanish;PG-13;Biography;Drama;Romance;10000000,0;2086345,0;0;2000;-7913655,0;-79,1;Excellent (8+)
Under the Skin ;tt1441395;2013;108;6,3;85022;Jonathan Glazer;Scarlett Johansson;Paul Brannigan;Alison Chand;UK;English;R;Drama;Horror;Sci-Fi;;2605039,0;29000;2010;;;Moyen (6-7)
Good Morning, Vietnam ;tt0093105;1987;121;7,3;98348;Barry Levinson;Robin Williams;J.T. Walsh;Bruno Kirby;USA;English;R;Biography;Comedy;Drama;13000000,0;123922370,0;0;1980;110922370,0;853,2;Bon (7-8)
The Last Godfather ;tt1584131;2010;100;3,6;912;Hyung-rae Shim;Jason Mewes;Stephanie Danielson;Michael Rispoli;South Korea;English;PG-13;Comedy;;;13400000,0;163591,0;502;2010;-13236409,0;-98,8;Faible (<6)
Justin Bieber: Never Say Never ;tt1702443;2011;115;1,6;74351;Jon M. Chu;Usher Raymond;Sean Kingston;Boys II Men;USA;English;G;Documentary;Music;;13000000,0;73000942,0;62000;2010;60000942,0;461,5;Faible (<6)
Black Swan ;tt0947798;2010;108;8,0;551363;Darren Aronofsky;Natalie Portman;Mila Kunis;Mark Margolis;USA;English;R;Drama;Thriller;;13000000,0;106952327,0;106000;2010;93952327,0;722,7;Excellent (8+)
The Godfather: Part II ;tt0071562;1974;220;9,0;790926;Francis Ford Coppola;Robert De Niro;Al Pacino;Robert Duvall;USA;English;R;Crime;Drama;;13000000,0;57300000,0;14000;1970;44300000,0;340,8;Excellent (8+)
Save the Last Dance ;tt0206275;2001;112;6,1;47876;Thomas Carter;Sean Patrick Thomas;Terry Kinney;Fredro Starr;USA;English;PG-13;Drama;Music;Romance;13000000,0;91038276,0;0;2000;78038276,0;600,3;Moyen (6-7)
A Nightmare on Elm Street 4: The Dream Master ;tt0095742;1988;99;5,7;36108;Renny Harlin;Tuesday Knight;Rodney Eastman;Brooke Bundy;USA;English;R;Fantasy;Horror;Thriller;7000000,0;49369900,0;0;1980;42369900,0;605,3;Faible (<6)
Miracles from Heaven ;tt4257926;2016;109;6,8;6276;Patricia Riggen;Jennifer Garner;Brighton Sharbino;Martin Henderson;USA;English;PG;Drama;;;13000000,0;61693523,0;16000;2010;48693523,0;374,6;Moyen (6-7)
Dude, Where's My Car? ;tt0242423;2000;83;5,5;116625;Danny Leiner;Jennifer Garner;Mary Lynn Rajskub;Marla Sokoloff;USA;English;PG-13;Comedy;Mystery;;13000000,0;46729374,0;0;2000;33729374,0;259,5;Faible (<6)
Young Guns ;tt0096487;1988;107;6,8;42614;Christopher Cain;Jack Palance;Patrick Wayne;Brian Keith;USA;English;R;Action;Crime;Drama;13000000,0;44726644,0;0;1980;31726644,0;244,1;Moyen (6-7)
St. Vincent ;tt2170593;2014;102;7,3;72803;Theodore Melfi;Bill Murray;Naomi Watts;Reg E. Cathey;USA;English;PG-13;Comedy;Drama;;13000000,0;44134898,0;33000;2010;31134898,0;239,5;Bon (7-8)
About Last Night ;tt1826590;2014;100;6,1;16979;Steve Pink;Joe Lo Truglio;Regina Hall;Bryan Callen;USA;English;R;Comedy;Romance;;12500000,0;48637684,0;0;2010;36137684,0;289,1;Moyen (6-7)
10 Things I Hate About You ;tt0147800;1999;97;7,2;222099;Gil Junger;Joseph Gordon-Levitt;Heath Ledger;Andrew Keegan;USA;English;PG-13;Comedy;Drama;Romance;16000000,0;38176108,0;10000;1990;22176108,0;138,6;Bon (7-8)
The New Guy ;tt0241760;2002;92;5,9;28805;Ed Decter;Zooey Deschanel;Eddie Griffin;Gene Simmons;USA;English;PG-13;Comedy;;;13000000,0;28972187,0;1000;2000;15972187,0;122,9;Faible (<6)
Loaded Weapon 1 ;tt0107659;1993;84;6,1;37611;Gene Quintano;Jon Lovitz;Lin Shaye;Bill Nunn;USA;English;PG-13;Action;Comedy;Crime;8200000,0;27979400,0;0;1990;19779400,0;241,2;Moyen (6-7)
The Shallows ;tt4052882;2016;86;6,8;12983;Jaume Collet-Serra;Óscar Jaenada;Brett Cullen;Sedona Legge;USA;English;PG-13;Drama;Horror;Thriller;17000000,0;54257433,0;0;2010;37257433,0;219,2;Moyen (6-7)
The Butterfly Effect ;tt0289879;2004;120;7,7;357579;Eric Bress;Logan Lerman;Eric Stoltz;Cameron Bright;USA;English;R;Sci-Fi;Thriller;;13000000,0;23947,0;15000;2000;-12976053,0;-99,8;Bon (7-8)
Snow Day ;tt0184907;2000;89;4,9;9285;Chris Koch;Chris Elliott;Mark Webber;Jean Smart;USA;English;PG;Adventure;Comedy;Family;13000000,0;60008303,0;0;2000;47008303,0;361,6;Faible (<6)
This Christmas ;tt0937375;2007;117;6,1;6528;Preston A. Whitmore II;Mekhi Phifer;Chris Brown;Loretta Devine;USA;English;PG-13;Comedy;Drama;Romance;13000000,0;49121934,0;0;2000;36121934,0;277,9;Moyen (6-7)
Baby Geniuses ;tt0118665;1999;97;2,5;19547;Bob Clark;Kathleen Turner;Dom DeLuise;Ruby Dee;USA;English;PG;Comedy;Crime;Family;18000000,0;27141959,0;0;1990;9141959,0;50,8;Faible (<6)
The Big Hit ;tt0120609;1998;91;6,1;24834;Kirk Wong;Bokeem Woodbine;Elliott Gould;Antonio Sabato Jr.;USA;English;R;Action;Comedy;Crime;13000000,0;27052167,0;934;1990;14052167,0;108,1;Moyen (6-7)
Harriet the Spy ;tt0116493;1996;100;5,9;7984;Bronwen Hughes;Gregory Smith;Eartha Kitt;Charlotte Sullivan;USA;English;PG;Comedy;Drama;Family;13000000,0;26539321,0;833;1990;13539321,0;104,1;Faible (<6)
Child's Play 2 ;tt0099253;1990;72;5,7;31371;John Lafia;Jenny Agutter;Beth Grant;Greg Germann;USA;English;R;Fantasy;Horror;;13000000,0;28501605,0;0;1990;15501605,0;119,2;Faible (<6)
No Good Deed ;tt2011159;2014;84;5,6;12676;Sam Miller;Leslie Bibb;Kate del Castillo;Henry Simmons;USA;English;PG-13;Crime;Thriller;;13200000,0;52543632,0;0;2010;39343632,0;298,1;Faible (<6)
The Mist ;tt0884328;2007;126;7,2;220475;Frank Darabont;Toby Jones;Alexa Davalos;Jeffrey DeMunn;USA;English;R;Horror;;;18000000,0;25592632,0;20000;2000;7592632,0;42,2;Bon (7-8)
Ex Machina ;tt0470752;2015;108;7,7;289508;Alex Garland;Elina Alminas;Sonoya Mizuno;Corey Johnson;UK;English;R;Drama;Mystery;Sci-Fi;15000000,0;25440971,0;109000;2010;10440971,0;69,6;Bon (7-8)
Being John Malkovich ;tt0120601;1999;112;7,8;254404;Spike Jonze;Willie Garson;Orson Bean;Mary Kay Place;USA;English;R;Comedy;Drama;Fantasy;13000000,0;22858926,0;0;1990;9858926,0;75,8;Bon (7-8)
Two Can Play That Game ;tt0269341;2001;90;6,1;4339;Mark Brown;Mo'Nique;Vivica A. Fox;Tamala Jones;USA;English;R;Comedy;Romance;;6000000,0;22235901,0;593;2000;16235901,0;270,6;Moyen (6-7)
Earth to Echo ;tt2183034;2014;91;5,8;15664;Dave Green;Teo Halm;Ella Wahlestedt;Jason Gray-Stanford;USA;English;PG;Adventure;Family;Sci-Fi;13000000,0;38916903,0;0;2010;25916903,0;199,4;Faible (<6)
Crazy/Beautiful ;tt0250224;2001;135;6,5;21406;John Stockwell;Kirsten Dunst;Jay Hernandez;Rolando Molina;USA;English;PG-13;Drama;Romance;;14000000,0;16929123,0;0;2000;2929123,0;20,9;Moyen (6-7)
Letters from Iwo Jima ;tt0498380;2006;141;7,9;132149;Clint Eastwood;Yuki Matsuzaki;Kazunari Ninomiya;Shidô Nakamura;USA;Japanese;R;Drama;History;War;19000000,0;13753931,0;5000;2000;-5246069,0;-27,6;Bon (7-8)
The Astronaut Farmer ;tt0469263;2006;104;6,3;19707;Michael Polish;J.K. Simmons;Virginia Madsen;Bruce Dern;USA;English;PG;Adventure;Drama;Sci-Fi;13000000,0;10996440,0;862;2000;-2003560,0;-15,4;Moyen (6-7)
Woo ;tt0120531;1998;84;3,8;1520;Daisy von Scherler Mayer;LL Cool J;Jada Pinkett Smith;Dave Chappelle;USA;English;R;Comedy;Romance;;13000000,0;8026971,0;204;1990;-4973029,0;-38,3;Faible (<6)
Room ;tt3170832;2015;118;8,3;161288;Lenny Abrahamson;Joan Allen;Jacob Tremblay;Cas Anvar;Ireland;English;R;Drama;;;13000000,0;14677654,0;72000;2010;1677654,0;12,9;Excellent (8+)
Dirty Work ;tt0120654;1998;82;6,4;20033;Bob Saget;Don Rickles;Jack Warden;Traylor Howard;Canada;English;PG-13;Comedy;;;13000000,0;9975684,0;679;1990;-3024316,0;-23,3;Moyen (6-7)
Serial Mom ;tt0111127;1994;95;6,7;21212;John Waters;Kathleen Turner;Sam Waterston;Traci Lords;USA;English;R;Comedy;Crime;Thriller;13000000,0;7881335,0;3000;1990;-5118665,0;-39,4;Moyen (6-7)
Dick ;tt0144168;1999;94;6,1;16059;Andrew Fleming;Ryan Reynolds;Will Ferrell;Kirsten Dunst;France;English;PG-13;Comedy;;;13000000,0;6241697,0;0;1990;-6758303,0;-52,0;Moyen (6-7)
Light It Up ;tt0172726;1999;99;6,0;3116;Craig Bolotin;Rosario Dawson;Vanessa Williams;Robert Ri'chard;USA;English;R;Drama;Thriller;;13000000,0;5871603,0;251;1990;-7128397,0;-54,8;Moyen (6-7)
54 ;tt0120577;1998;121;5,8;27675;Mark Christopher;Salma Hayek;Ellen Albertini Dow;Sela Ward;USA;English;R;Drama;Music;;13000000,0;16574731,0;0;1990;3574731,0;27,5;Faible (<6)
Bubble Boy ;tt0258470;2001;84;5,6;25541;Blair Hayes;Jake Gyllenhaal;Geoffrey Arend;Marley Shelton;USA;English;PG-13;Adventure;Comedy;Romance;13000000,0;5002310,0;0;2000;-7997690,0;-61,5;Faible (<6)
Birthday Girl ;tt0188453;2001;93;6,1;21530;Jez Butterworth;Mark Gatiss;Mathieu Kassovitz;Ben Chaplin;UK;English;R;Comedy;Crime;Thriller;13000000,0;4919896,0;618;2000;-8080104,0;-62,2;Moyen (6-7)
21 & Over ;tt1711425;2013;93;5,9;60407;Jon Lucas;Justin Chon;Josie Loren;Sarah Wright;USA;English;R;Comedy;;;13000000,0;25675765,0;11000;2010;12675765,0;97,5;Faible (<6)
Paris, je t'aime ;tt0401711;2006;120;7,3;63084;Olivier Assayas;Steve Buscemi;Miranda Richardson;Catalina Sandino Moreno;France;French;R;Comedy;Drama;Romance;13000000,0;4857376,0;0;2000;-8142624,0;-62,6;Bon (7-8)
Resurrecting the Champ ;tt0416185;2007;112;6,8;18442;Rod Lurie;Harry Lennix;Kathryn Morris;Peter Coyote;USA;English;PG-13;Drama;Sport;;13000000,0;3169424,0;689;2000;-9830576,0;-75,6;Moyen (6-7)
Admission ;tt1814621;2013;107;5,7;28573;Paul Weitz;Tina Fey;Sarita Choudhury;Christopher Evan Welch;USA;English;PG-13;Comedy;Drama;Romance;13000000,0;18004225,0;5000;2010;5004225,0;38,5;Faible (<6)
The Widow of Saint-Pierre ;tt0191636;2000;112;7,3;4767;Patrice Leconte;Emir Kusturica;Daniel Auteuil;Yves Jacques;France;French;R;Drama;Romance;;100000000,0;3058380,0;186;2000;-96941620,0;-96,9;Bon (7-8)
Chloe ;tt1352824;2009;96;6,3;56264;Atom Egoyan;Liam Neeson;Meghan Heffern;Natalie Lisinska;USA;English;R;Drama;Mystery;Romance;11000000,0;3074838,0;0;2000;-7925162,0;-72,0;Moyen (6-7)
Faithful ;tt0116269;1996;91;5,9;1595;Paul Mazursky;Chazz Palminteri;Ryan O'Neal;Paul Mazursky;USA;English;R;Comedy;Crime;Drama;13000000,0;2104000,0;69;1990;-10896000,0;-83,8;Faible (<6)
Find Me Guilty ;tt0419749;2006;125;7,1;28068;Sidney Lumet;Peter Dinklage;Vin Diesel;Alex Rocco;Germany;English;R;Biography;Comedy;Crime;13000000,0;1172769,0;0;2000;-11827231,0;-91,0;Bon (7-8)
The Perks of Being a Wallflower ;tt1659337;2012;102;8,0;351274;Stephen Chbosky;Logan Lerman;Ezra Miller;Kate Walsh;USA;English;PG-13;Drama;Romance;;13000000,0;17738570,0;131000;2010;4738570,0;36,5;Excellent (8+)
Excessive Force ;tt0104215;1993;87;5,1;922;Jon Hess;Burt Young;Ian Gomez;Thomas Ian Griffith;USA;English;R;Action;;;3000000,0;1200000,0;107;1990;-1800000,0;-60,0;Faible (<6)
Infamous ;tt0420609;2006;118;7,1;14143;Douglas McGrath;Toby Jones;Isabella Rossellini;Hope Davis;USA;English;R;Biography;Crime;Drama;13000000,0;1150403,0;0;2000;-11849597,0;-91,2;Bon (7-8)
The Claim ;tt0218378;2000;115;6,5;5254;Michael Winterbottom;Milla Jovovich;Sarah Polley;Shirley Henderson;UK;English;R;Drama;Romance;Western;20000000,0;403932,0;141;2000;-19596068,0;-98,0;Moyen (6-7)
The Vatican Tapes ;tt1524575;2015;91;4,5;7199;Mark Neveldine;Djimon Hounsou;Alison Lohman;Dougray Scott;USA;English;PG-13;Horror;Thriller;;8495000,0;1712111,0;0;2010;-6782889,0;-79,8;Faible (<6)
Attack the Block ;tt1478964;2011;88;6,6;82331;Joe Cornish;John Boyega;Luke Treadaway;Jodie Whittaker;UK;English;R;Action;Comedy;Sci-Fi;13000000,0;1024175,0;18000;2010;-11975825,0;-92,1;Moyen (6-7)
In the Land of Blood and Honey ;tt1714209;2011;127;4,3;31414;Angelina Jolie Pitt;Jelena Jovanova;Nikola Djuricko;Branko Djuric;USA;Bosnian;R;Drama;Romance;War;13000000,0;301305,0;0;2010;-12698695,0;-97,7;Faible (<6)
The Call ;tt1911644;2013;94;6,7;88241;Brad Anderson;Michael Imperioli;Tara Platt;Roma Maffia;USA;English;R;Crime;Thriller;;13000000,0;51872378,0;23000;2010;38872378,0;299,0;Moyen (6-7)
Operation Chromite ;tt4939066;2016;115;6,8;90;John H. Lee;Liam Neeson;Dean Dawson;Jung-jae Lee;South Korea;English;;Action;Drama;History;12620000,0;31662,0;139;2010;-12588338,0;-99,7;Moyen (6-7)
The Crocodile Hunter: Collision Course ;tt0305396;2002;90;5,4;5663;John Stainton;Steve Irwin;Aden Young;Steve Bastoni;Australia;English;PG;Action;Adventure;Comedy;13000000,0;28399192,0;332;2000;15399192,0;118,5;Faible (<6)
I Love You Phillip Morris ;tt1045772;2009;102;6,6;77305;Glenn Ficarra;Dameon Clarke;Louis Herthum;Annie Golden;France;English;R;Biography;Comedy;Crime;13000000,0;2035566,0;11000;2000;-10964434,0;-84,3;Moyen (6-7)
Quest for Fire ;tt0082484;1981;100;7,4;16281;Jean-Jacques Annaud;Rae Dawn Chong;Everett McGill;Gary Schwartz;Canada;;R;Adventure;Drama;History;12500000,0;;0;1980;;;Bon (7-8)
Antwone Fisher ;tt0168786;2002;117;7,3;26493;Denzel Washington;Denzel Washington;Kevin Connolly;Derek Luke;USA;English;PG-13;Biography;Drama;;12500000,0;21078145,0;0;2000;8578145,0;68,6;Bon (7-8)
The Emperor's Club ;tt0283530;2002;109;6,9;14354;Michael Hoffman;Gabriel Millman;Embeth Davidtz;Rob Morrow;USA;English;PG-13;Drama;;;12500000,0;14060950,0;0;2000;1560950,0;12,5;Moyen (6-7)
True Romance ;tt0108399;1993;121;8,0;163492;Tony Scott;Brad Pitt;Gary Oldman;Michael Rapaport;USA;English;R;Action;Crime;Drama;13000000,0;12281500,0;15000;1990;-718500,0;-5,5;Excellent (8+)
Womb ;tt1216520;2010;111;6,4;9957;Benedek Fliegauf;Eva Green;Matt Smith;Hannah Murray;Germany;English;Unrated;Drama;Romance;Sci-Fi;3660000,0;;0;2010;;;Moyen (6-7)
Glengarry Glen Ross ;tt0104348;1992;100;7,8;75675;James Foley;Kevin Spacey;Al Pacino;Jude Ciccolella;USA;English;R;Crime;Drama;Mystery;12500000,0;10725228,0;0;1990;-1774772,0;-14,2;Bon (7-8)
The Killer Inside Me ;tt0954947;2010;109;6,1;28483;Michael Winterbottom;Liam Aiken;Ned Beatty;Jay R. Ferguson;USA;English;R;Crime;Drama;Thriller;13000000,0;214966,0;0;2010;-12785034,0;-98,3;Moyen (6-7)
Cat People ;tt0083722;1982;93;6,1;14193;Paul Schrader;Ed Begley Jr.;Ruby Dee;John Heard;USA;English;R;Fantasy;Horror;Thriller;18000000,0;;0;1980;;;Moyen (6-7)
Sorority Row ;tt1232783;2009;101;5,1;24012;Stewart Hendler;Julian Morris;Margo Harshman;Rumer Willis;USA;English;R;Horror;Mystery;;16000000,0;11956207,0;0;2000;-4043793,0;-25,3;Faible (<6)
The Prisoner of Zenda ;tt0029442;1937;101;7,8;3256;John Cromwell;David Niven;Mary Astor;Ronald Colman;USA;English;Approved;Adventure;Drama;Romance;;;337;1930;;;Bon (7-8)
Lars and the Real Girl ;tt0805564;2007;106;7,4;114762;Craig Gillespie;Ryan Gosling;Kelli Garner;Paul Schneider;USA;English;PG-13;Comedy;Drama;Romance;12000000,0;5949693,0;19000;2000;-6050307,0;-50,4;Bon (7-8)
The Boy in the Striped Pajamas ;tt0914798;2008;94;7,8;132386;Mark Herman;Richard Johnson;Sheila Hancock;Cara Horgan;UK;English;PG-13;Drama;War;;12500000,0;9030581,0;38000;2000;-3469419,0;-27,8;Bon (7-8)
Dancer in the Dark ;tt0168629;2000;140;8,0;79330;Lars von Trier;Catherine Deneuve;Udo Kier;Björk;Denmark;English;R;Crime;Drama;Musical;12800000,0;4157491,0;0;2000;-8642509,0;-67,5;Excellent (8+)
Oscar and Lucinda ;tt0119843;1997;132;6,7;5648;Gillian Armstrong;Tom Wilkinson;Richard Roxburgh;Clive Russell;USA;English;R;Drama;Romance;;16000000,0;1508689,0;329;1990;-14491311,0;-90,6;Moyen (6-7)
The Funeral ;tt0116378;1996;99;6,6;6921;Abel Ferrara;Isabella Rossellini;Vincent Gallo;Gretchen Mol;USA;English;R;Crime;Drama;;12500000,0;1227324,0;344;1990;-11272676,0;-90,2;Moyen (6-7)
Solitary Man ;tt1294213;2009;90;6,4;13371;Brian Koppelman;Jenna Fischer;David Costabile;Richard Schiff;USA;English;R;Comedy;Drama;Romance;15000000,0;4360548,0;0;2000;-10639452,0;-70,9;Moyen (6-7)
Machete ;tt0985694;2010;105;6,7;165792;Ethan Maniquis;Robert De Niro;Don Johnson;Cheech Marin;USA;English;R;Action;Crime;Thriller;10500000,0;26589953,0;44000;2010;16089953,0;153,2;Moyen (6-7)
Casino Jack ;tt1194417;2010;108;6,2;14757;George Hickenlooper;Kevin Spacey;Eric Schweig;Christian Campbell;Canada;English;R;Biography;Comedy;Crime;15000000,0;1039869,0;0;2010;-13960131,0;-93,1;Moyen (6-7)
The Land Before Time ;tt0095489;1988;69;7,3;61753;Don Bluth;Judith Barsi;Gabriel Damon;Bill Erwin;USA;English;G;Adventure;Animation;Family;12500000,0;48092846,0;5000;1980;35592846,0;284,7;Bon (7-8)
Tae Guk Gi: The Brotherhood of War ;tt0386064;2004;148;8,1;31943;Je-kyu Kang;Min-sik Choi;Bin Won;Dong-gun Jang;South Korea;Korean;R;Action;Drama;War;12800000,0;1110186,0;0;2000;-11689814,0;-91,3;Excellent (8+)
The Perfect Game ;tt0473102;2009;118;7,0;2676;William Dear;Clifton Collins Jr.;Cheech Marin;Bruce McGill;Canada;English;PG;Comedy;Drama;Family;12500000,0;1089445,0;0;2000;-11410555,0;-91,3;Bon (7-8)
The Exorcist ;tt0070047;1973;132;8,0;284252;William Friedkin;Ellen Burstyn;Linda Blair;Lee J. Cobb;USA;English;R;Horror;;;8000000,0;204565000,0;18000;1970;196565000,0;2457,1;Excellent (8+)
Jaws ;tt0073195;1975;130;8,0;412454;Steven Spielberg;Roy Scheider;Robert Shaw;Murray Hamilton;USA;English;PG;Adventure;Drama;Thriller;8000000,0;260000000,0;21000;1970;252000000,0;3150,0;Excellent (8+)
American Pie ;tt0163651;1999;95;7,0;315549;Paul Weitz;Alyson Hannigan;Shannon Elizabeth;Natasha Lyonne;USA;English;R;Comedy;;;11000000,0;101736215,0;0;1990;90736215,0;824,9;Bon (7-8)
Ernest & Celestine ;tt1816518;2012;80;7,9;12029;Stéphane Aubier;Mackenzie Foy;Megan Mullally;Lambert Wilson;France;French;PG;Animation;Comedy;Crime;9600000,0;71442,0;0;2010;-9528558,0;-99,3;Bon (7-8)
The Golden Child ;tt0091129;1986;94;5,9;39798;Michael Ritchie;Victor Wong;Randall 'Tex' Cobb;Charlotte Lewis;USA;English;PG-13;Action;Adventure;Comedy;25000000,0;79817937,0;0;1980;54817937,0;219,3;Faible (<6)
Think Like a Man ;tt1621045;2012;122;6,6;34579;Tim Story;Chris Brown;Romany Malco;Regina Hall;USA;English;PG-13;Comedy;Romance;;12000000,0;91547205,0;0;2010;79547205,0;662,9;Moyen (6-7)
Barbershop ;tt0303714;2002;102;6,3;22147;Tim Story;Sean Patrick Thomas;Jason George;Cedric the Entertainer;USA;English;PG-13;Comedy;Drama;;12000000,0;75074950,0;770;2000;63074950,0;525,6;Moyen (6-7)
Star Trek II: The Wrath of Khan ;tt0084726;1982;116;7,7;91414;Nicholas Meyer;Leonard Nimoy;Kirstie Alley;Nichelle Nichols;USA;English;PG;Action;Adventure;Sci-Fi;11000000,0;78900000,0;0;1980;67900000,0;617,3;Bon (7-8)
Ace Ventura: Pet Detective ;tt0109040;1994;78;6,9;216486;Tom Shadyac;Sean Young;Udo Kier;David Margulies;USA;English;PG-13;Comedy;;;12000000,0;72217000,0;0;1990;60217000,0;501,8;Moyen (6-7)
WarGames ;tt0086567;1983;114;7,1;71842;John Badham;Matthew Broderick;Barry Corbin;Ally Sheedy;USA;English;PG;Sci-Fi;Thriller;;12000000,0;79568000,0;0;1980;67568000,0;563,1;Bon (7-8)
Witness ;tt0090329;1985;112;7,4;66966;Peter Weir;Harrison Ford;Viggo Mortensen;Lukas Haas;USA;English;R;Crime;Drama;Romance;12000000,0;65500000,0;0;1980;53500000,0;445,8;Bon (7-8)
Act of Valor ;tt1591479;2012;110;6,5;57996;Mike McCoy;Alex Veadov;Jason Cottle;Rorke Denver;USA;English;R;Action;Adventure;Drama;12000000,0;70011073,0;15000;2010;58011073,0;483,4;Moyen (6-7)
Step Up ;tt0462590;2006;104;6,5;90938;Anne Fletcher;Channing Tatum;Alyson Stoner;Josh Henderson;USA;English;PG-13;Crime;Drama;Music;12000000,0;65269010,0;0;2000;53269010,0;443,9;Moyen (6-7)
Beavis and Butt-Head Do America ;tt0115641;1996;81;6,8;42892;Mike Judge;Bruce Willis;Demi Moore;John Doman;USA;English;PG-13;Adventure;Animation;Comedy;12000000,0;63071133,0;0;1990;51071133,0;425,6;Moyen (6-7)
Jackie Brown ;tt0119396;1997;154;7,5;239540;Quentin Tarantino;Robert De Niro;Sid Haig;Robert Forster;USA;English;R;Crime;Thriller;;12000000,0;39647595,0;0;1990;27647595,0;230,4;Bon (7-8)
Harold & Kumar Escape from Guantanamo Bay ;tt0481536;2008;102;6,6;113918;Jon Hurwitz;Danneel Ackles;Eric Winter;Beverly D'Angelo;USA;English;R;Adventure;Comedy;;12000000,0;38087366,0;0;2000;26087366,0;217,4;Moyen (6-7)
Chronicle ;tt1706593;2012;89;7,1;204327;Josh Trank;Michael Kelly;Alex Russell;Ashley Hinshaw;USA;English;PG-13;Drama;Sci-Fi;Thriller;12000000,0;64572496,0;32000;2010;52572496,0;438,1;Bon (7-8)
Yentl ;tt0086619;1983;132;6,6;9503;Barbra Streisand;Miriam Margolyes;Amy Irving;Steven Hill;UK;English;PG;Drama;Musical;Romance;12000000,0;30400000,0;0;1980;18400000,0;153,3;Moyen (6-7)
Time Bandits ;tt0081633;1981;103;7,0;45890;Terry Gilliam;Shelley Duvall;Michael Palin;Kenny Baker;UK;English;PG;Adventure;Comedy;Fantasy;5000000,0;42365600,0;0;1980;37365600,0;747,3;Bon (7-8)
Crossroads ;tt0275022;2002;93;3,3;34219;Tamra Davis;Britney Spears;Katherine Boecher;Dave Allen;USA;English;PG-13;Comedy;Drama;;12000000,0;37188667,0;0;2000;25188667,0;209,9;Faible (<6)
Project X ;tt1636826;2012;93;6,7;157051;Nima Nourizadeh;Dax Flame;Kirby Bliss Blanton;Oliver Cooper;USA;English;R;Comedy;Crime;;12000000,0;54724272,0;29000;2010;42724272,0;356,0;Moyen (6-7)
Patton ;tt0066206;1970;172;8,0;76398;Franklin J. Schaffner;George C. Scott;Karl Malden;Bill Hickman;USA;English;GP;Biography;Drama;War;12000000,0;;0;1970;;;Excellent (8+)
One Hour Photo ;tt0265459;2002;96;6,8;97938;Mark Romanek;Robin Williams;Gary Cole;Connie Nielsen;USA;English;R;Drama;Thriller;;12000000,0;31597131,0;0;2000;19597131,0;163,3;Moyen (6-7)
Quarantine ;tt1082868;2008;89;6,0;57446;John Erick Dowdle;Andrew Fiscella;Jay Hernandez;Dania Ramirez;USA;English;R;Horror;Sci-Fi;Thriller;12000000,0;31691811,0;0;2000;19691811,0;164,1;Moyen (6-7)
The Eye ;tt0406759;2008;92;5,4;44130;David Moreau;Chloë Grace Moretz;Alessandro Nivola;Obba Babatundé;USA;English;PG-13;Horror;Mystery;;12000000,0;31397498,0;0;2000;19397498,0;161,6;Faible (<6)
Johnson Family Vacation ;tt0359517;2004;97;4,3;5928;Christopher Erskin;Vanessa Williams;Shannon Elizabeth;Shad Moss;USA;English;PG-13;Comedy;;;12000000,0;31179516,0;243;2000;19179516,0;159,8;Faible (<6)
How High ;tt0278488;2001;93;6,2;42644;Jesse Dylan;Hector Elizondo;Fred Willard;T.J. Thyne;USA;English;R;Comedy;Fantasy;;12000000,0;31155435,0;0;2000;19155435,0;159,6;Moyen (6-7)
The Muppet Christmas Carol ;tt0104940;1992;89;7,7;33850;Brian Henson;Steven Mackintosh;Jerry Nelson;Steve Whitmire;USA;English;G;Comedy;Drama;Family;12000000,0;27281507,0;0;1990;15281507,0;127,3;Bon (7-8)
Frida ;tt0120679;2002;123;7,4;61651;Julie Taymor;Salma Hayek;Roger Rees;Valeria Golino;USA;English;R;Biography;Drama;Romance;12000000,0;25776062,0;0;2000;13776062,0;114,8;Bon (7-8)
Katy Perry: Part of Me ;tt2215719;2012;93;5,9;12383;Dan Cutforth;Lexie Contursi;Ashley Ashida Dixon;Anthony Burrell;USA;English;PG;Documentary;Music;;12000000,0;25240988,0;0;2010;13240988,0;110,3;Faible (<6)
The Fault in Our Stars ;tt2582846;2014;133;7,8;249688;Josh Boone;Shailene Woodley;Sam Trammell;Nat Wolff;USA;English;PG-13;Drama;Romance;;12000000,0;124868837,0;93000;2010;112868837,0;940,6;Bon (7-8)
Rounders ;tt0128442;1998;121;7,4;121676;John Dahl;Matt Damon;Martin Landau;Gretchen Mol;USA;English;R;Crime;Drama;;12000000,0;22905674,0;0;1990;10905674,0;90,9;Bon (7-8)
Top Five ;tt2784678;2014;102;6,5;21672;Chris Rock;Rosario Dawson;Romany Malco;J.B. Smoove;USA;English;R;Comedy;Romance;;12000000,0;25277561,0;0;2010;13277561,0;110,6;Moyen (6-7)
Prophecy ;tt0079758;1979;102;5,4;3000;John Frankenheimer;Talia Shire;Richard Dysart;Robert Foxworth;USA;English;PG;Horror;Sci-Fi;;12000000,0;;902;1970;;;Faible (<6)
Stir of Echoes ;tt0164181;1999;99;7,0;62468;David Koepp;Illeana Douglas;Kathryn Erbe;Lusia Strus;USA;English;R;Horror;Mystery;Thriller;12000000,0;21133087,0;0;1990;9133087,0;76,1;Bon (7-8)
Philomena ;tt2431286;2013;98;7,6;76094;Stephen Frears;Steve Coogan;Mare Winningham;Peter Hermann;UK;English;PG-13;Biography;Drama;;12000000,0;37707719,0;37000;2010;25707719,0;214,2;Bon (7-8)
The Upside of Anger ;tt0365885;2005;118;6,9;19007;Mike Binder;Alicia Witt;Erika Christensen;Joan Allen;USA;English;R;Comedy;Drama;;9000000,0;18761993,0;549;2000;9761993,0;108,5;Moyen (6-7)
The Boys from Brazil ;tt0077269;1978;125;7,0;20660;Franklin J. Schaffner;Laurence Olivier;Anne Meara;Steve Guttenberg;UK;English;R;Drama;Thriller;;12000000,0;;0;1970;;;Bon (7-8)
Aquamarine ;tt0429591;2006;104;5,3;30462;Elizabeth Allen Rosenbaum;Tammin Sursok;Joanna 'JoJo' Levesque;Dichen Lachman;USA;English;PG;Comedy;Family;Fantasy;12000000,0;18595716,0;0;2000;6595716,0;55,0;Faible (<6)
Paper Towns ;tt3622592;2015;109;6,4;63390;Jake Schreier;Nat Wolff;Cara Delevingne;Meg Crosbie;USA;English;PG-13;Drama;Mystery;Romance;12000000,0;31990064,0;0;2010;19990064,0;166,6;Moyen (6-7)
My Baby's Daddy ;tt0332712;2004;86;4,5;3119;Cheryl Dunye;Michael Imperioli;Marsha Thomason;Bai Ling;USA;English;PG-13;Comedy;;;;17321573,0;151;2000;;;Faible (<6)
Nebraska ;tt1821549;2013;115;7,8;91082;Alexander Payne;Devin Ratray;Bruce Dern;Will Forte;USA;English;R;Adventure;Comedy;Drama;12000000,0;17613460,0;28000;2010;5613460,0;46,8;Bon (7-8)
Tales from the Crypt: Demon Knight ;tt0114608;1995;92;6,7;16646;Ernest R. Dickerson;CCH Pounder;Jada Pinkett Smith;Gary Farmer;USA;English;R;Action;Fantasy;Horror;13000000,0;21088568,0;0;1990;8088568,0;62,2;Moyen (6-7)
Max Keeble's Big Move ;tt0273799;2001;91;5,3;5794;Tim Hill;Noel Fisher;Amber Valletta;Larry Miller;USA;English;PG;Comedy;Crime;Family;12000000,0;17292381,0;371;2000;5292381,0;44,1;Faible (<6)
Young Adult ;tt1625346;2011;94;6,3;64682;Jason Reitman;Charlize Theron;Patton Oswalt;Collette Wolfe;USA;English;R;Comedy;Drama;;12000000,0;16300302,0;0;2010;4300302,0;35,8;Moyen (6-7)
Crank ;tt0479884;2006;93;7,0;196422;Mark Neveldine;Jason Statham;Edi Gathegi;Jose Pablo Cantillo;USA;English;R;Action;Crime;Thriller;12000000,0;27829874,0;0;2000;15829874,0;131,9;Bon (7-8)
How to Be a Player ;tt0119326;1997;93;5,3;2301;Lionel C. Martin;Bernie Mac;Gilbert Gottfried;Lark Voorhies;USA;English;R;Comedy;;;;13960203,0;439;1990;;;Faible (<6)
Living Out Loud ;tt0120722;1998;100;6,6;4052;Richard LaGravenese;Holly Hunter;Eddie Cibrian;Jenette Goldstein;USA;English;R;Comedy;Drama;Romance;12000000,0;12902790,0;242;1990;902790,0;7,5;Moyen (6-7)
Just Wright ;tt1407061;2010;100;5,8;10103;Sanaa Hamri;Common;Laz Alonso;Mehcad Brooks;USA;English;PG;Comedy;Romance;Sport;;21520719,0;0;2010;;;Faible (<6)
Rachel Getting Married ;tt1084950;2008;113;6,7;41226;Jonathan Demme;Anne Hathaway;Rosemarie DeWitt;Bill Irwin;USA;English;R;Drama;Romance;;;12796277,0;0;2000;;;Moyen (6-7)
The Postman Always Rings Twice ;tt0082934;1981;122;6,6;16764;Bob Rafelson;Anjelica Huston;Michael Lerner;John Colicos;USA;English;R;Crime;Drama;Romance;12000000,0;;1000;1980;;;Moyen (6-7)
Girl with a Pearl Earring ;tt0335119;2003;100;7,0;60171;Peter Webber;Scarlett Johansson;Colin Firth;Tom Wilkinson;UK;English;PG-13;Biography;Drama;Romance;;11634362,0;0;2000;;;Bon (7-8)
Das Boot ;tt0082096;1981;293;8,4;168203;Wolfgang Petersen;Jürgen Prochnow;Martin Semmelrogge;Herbert Grönemeyer;West Germany;German;R;Adventure;Drama;Thriller;14000000,0;11433134,0;11000;1980;-2566866,0;-18,3;Excellent (8+)
Sorority Boys ;tt0279781;2002;93;5,4;12007;Wallace Wolodarsky;Heather Matarazzo;Barry Watson;Harland Williams;USA;English;R;Comedy;;;12000000,0;10198766,0;507;2000;-1801234,0;-15,0;Faible (<6)
About Time ;tt2194499;2013;123;7,8;202341;Richard Curtis;Tom Hughes;Tom Hollander;Lindsay Duncan;UK;English;R;Drama;Fantasy;Romance;12000000,0;15294553,0;105000;2010;3294553,0;27,5;Bon (7-8)
House of Flying Daggers ;tt0385004;2004;119;7,6;92295;Yimou Zhang;Takeshi Kaneshiro;Andy Lau;Zhengyong Zhang;China;Mandarin;PG-13;Action;Adventure;Drama;100000000,0;11041228,0;0;2000;-88958772,0;-89,0;Bon (7-8)
Arbitrage ;tt1764183;2012;107;6,6;41574;Nicholas Jarecki;Nate Parker;Curtiss Cook;Reg E. Cathey;USA;English;R;Drama;Thriller;;12000000,0;7918283,0;0;2010;-4081717,0;-34,0;Moyen (6-7)
Project Almanac ;tt2436386;2015;106;6,4;57349;Dean Israelite;Gary Weeks;Jonny Weston;Sofia Black-D'Elia;USA;English;PG-13;Sci-Fi;Thriller;;12000000,0;22331028,0;0;2010;10331028,0;86,1;Moyen (6-7)
Cadillac Records ;tt1042877;2008;109;7,0;15412;Darnell Martin;Cedric the Entertainer;Veronika Dash;Tammy Blanchard;USA;English;R;Biography;Drama;Music;12000000,0;8134217,0;0;2000;-3865783,0;-32,2;Bon (7-8)
Screwed ;tt0156323;2000;81;5,7;6965;Scott Alexander;Sarah Silverman;Dave Chappelle;Sherman Hemsley;USA;English;PG-13;Comedy;Crime;;10000000,0;6982680,0;262;2000;-3017320,0;-30,2;Faible (<6)
Fortress ;tt0106950;1992;95;5,9;23383;Stuart Gordon;Christopher Lambert;Kurtwood Smith;Clifton Collins Jr.;Australia;English;R;Action;Crime;Sci-Fi;8000000,0;6739141,0;1000;1990;-1260859,0;-15,8;Faible (<6)
For Your Consideration ;tt0470765;2006;86;6,3;12197;Christopher Guest;John Michael Higgins;Catherine O'Hara;Ed Begley Jr.;USA;English;PG-13;Comedy;;;12000000,0;5542025,0;650;2000;-6457975,0;-53,8;Moyen (6-7)
Celebrity ;tt0120533;1998;113;6,3;20576;Woody Allen;Melanie Griffith;Aleksa Palladino;Greg Mottola;USA;English;R;Comedy;Drama;;12000000,0;5032496,0;652;1990;-6967504,0;-58,1;Moyen (6-7)
Running with Scissors ;tt0439289;2006;122;6,2;20000;Ryan Murphy;Jill Clayburgh;Joseph Cross;Dagmara Dominczyk;USA;English;R;Comedy;Drama;;12000000,0;6754898,0;0;2000;-5245102,0;-43,7;Moyen (6-7)
From Justin to Kelly ;tt0339034;2003;90;2,1;23606;Robert Iscove;Anika Noni Rose;Kelly Clarkson;Brian Dietzen;USA;English;PG;Comedy;Musical;Romance;12000000,0;4922166,0;0;2000;-7077834,0;-59,0;Faible (<6)
Girl 6 ;tt0116414;1996;108;5,0;4961;Spike Lee;Michael Imperioli;Debi Mazar;Gretchen Mol;USA;English;R;Comedy;Drama;;12000000,0;4903000,0;251;1990;-7097000,0;-59,1;Faible (<6)
In the Cut ;tt0199626;2003;113;5,3;18632;Jane Campion;Jennifer Jason Leigh;Nick Damici;Susan Gardner;Australia;English;R;Mystery;Thriller;;12000000,0;4717455,0;656;2000;-7282545,0;-60,7;Faible (<6)
Two Lovers ;tt1103275;2008;110;7,1;29613;James Gray;Isabella Rossellini;Vinessa Shaw;Samantha Ivers;USA;English;R;Drama;Romance;;12000000,0;3148482,0;0;2000;-8851518,0;-73,8;Bon (7-8)
Last Orders ;tt0253200;2001;109;7,0;5016;Fred Schepisi;Bob Hoskins;Ray Winstone;JJ Feild;UK;English;R;Drama;;;12000000,0;2326407,0;305;2000;-9673593,0;-80,6;Bon (7-8)
The Host ;tt0468492;2006;110;7,0;68883;Joon-ho Bong;Doona Bae;Kang-ho Song;Ah-sung Ko;South Korea;Korean;R;Comedy;Drama;Horror;12215500000,0;2201412,0;7000;2000;-12213298588,0;-100,0;Bon (7-8)
The Pursuit of D.B. Cooper ;tt0082958;1981;100;5,7;763;Roger Spottiswoode;Robert Duvall;Treat Williams;Paul Gleason;USA;English;PG;Adventure;Crime;Thriller;12000000,0;;135;1980;;;Faible (<6)
Ravenous ;tt0129332;1999;101;7,1;29990;Antonia Bird;Jeremy Davies;Jeffrey Jones;David Arquette;Czech Republic;English;R;Fantasy;Horror;Thriller;12000000,0;2060953,0;0;1990;-9939047,0;-82,8;Bon (7-8)
Charlie Bartlett ;tt0423977;2007;97;7,0;56654;Jon Poll;Robert Downey Jr.;Megan Park;Hope Davis;USA;English;R;Comedy;Drama;Romance;12000000,0;3950294,0;0;2000;-8049706,0;-67,1;Bon (7-8)
The Great Beauty ;tt2358891;2013;172;7,7;55516;Paolo Sorrentino;Toni Servillo;Sabrina Ferilli;Serena Grandi;Italy;Italian;Not Rated;Drama;;;9200000,0;2835886,0;29000;2010;-6364114,0;-69,2;Bon (7-8)
The Dangerous Lives of Altar Boys ;tt0238924;2002;104;7,1;12047;Peter Care;Kieran Culkin;Michael Harding;Jake Richardson;USA;English;R;Comedy;Drama;;12000000,0;1779284,0;677;2000;-10220716,0;-85,2;Bon (7-8)
Stoker ;tt1682180;2013;99;6,8;84620;Chan-wook Park;Mia Wasikowska;Alden Ehrenreich;Harmony Korine;UK;English;R;Drama;Thriller;;12000000,0;1702277,0;27000;2010;-10297723,0;-85,8;Moyen (6-7)
2046 ;tt0212712;2004;129;7,5;41496;Kar-Wai Wong;Li Gong;Tony Chiu Wai Leung;Maggie Cheung;Hong Kong;Cantonese;R;Drama;Romance;Sci-Fi;12000000,0;261481,0;0;2000;-11738519,0;-97,8;Bon (7-8)
Married Life ;tt0804505;2007;91;6,3;8014;Ira Sachs;David Richmond-Peck;Erin Boyes;Timothy Webber;USA;English;PG-13;Crime;Drama;Romance;12000000,0;1506998,0;314;2000;-10493002,0;-87,4;Moyen (6-7)
Duma ;tt0361715;2005;100;7,3;6454;Carroll Ballard;Eamonn Walker;Hope Davis;Campbell Scott;USA;English;PG;Adventure;Drama;Family;12000000,0;860002,0;0;2000;-11139998,0;-92,8;Bon (7-8)
Ondine ;tt1235796;2009;111;6,8;16863;Neil Jordan;Tony Curran;Stephen Rea;Alicja Bachleda;Ireland;English;PG-13;Drama;Mystery;Romance;12000000,0;548934,0;0;2000;-11451066,0;-95,4;Moyen (6-7)
Brother ;tt0222851;2000;114;7,2;18520;Takeshi Kitano;Omar Epps;Tatyana Ali;James Shigeta;USA;English;R;Crime;Drama;Thriller;10000000,0;447750,0;0;2000;-9552250,0;-95,5;Bon (7-8)
Welcome to Collinwood ;tt0271259;2002;86;6,4;12559;Anthony Russo;Michael Jeter;Isaiah Washington;Andy Davoli;USA;English;R;Comedy;Crime;;12000000,0;333976,0;423;2000;-11666024,0;-97,2;Moyen (6-7)
Critical Care ;tt0118901;1997;107;6,0;1427;Sidney Lumet;Kyra Sedgwick;Anne Bancroft;Albert Brooks;Australia;English;R;Comedy;Drama;;12000000,0;141853,0;88;1990;-11858147,0;-98,8;Moyen (6-7)
The Life Before Her Eyes ;tt0815178;2007;90;6,4;12125;Vadim Perelman;Eva Amurri Martino;Lynn Cohen;Brett Cullen;USA;English;R;Drama;Mystery;Thriller;8000000,0;303439,0;1000;2000;-7696561,0;-96,2;Moyen (6-7)
Darling Companion ;tt1730687;2012;103;5,1;2551;Lawrence Kasdan;Dianne Wiest;Mark Duplass;Sam Shepard;USA;English;PG-13;Comedy;Drama;Romance;;793352,0;0;2010;;;Faible (<6)
Trade ;tt0399095;2007;120;7,5;14831;Marco Kreuzpaintner;Zack Ward;Kate del Castillo;Alicja Bachleda;Germany;English;R;Crime;Drama;Thriller;12000000,0;214202,0;0;2000;-11785798,0;-98,2;Bon (7-8)
Fateless ;tt0367082;2005;134;7,1;5603;Lajos Koltai;Marcell Nagy;Péter Fancsikai;Bálint Péntek;Hungary;Hungarian;R;Drama;Romance;War;2500000000,0;195888,0;607;2000;-2499804112,0;-100,0;Bon (7-8)
Breakfast of Champions ;tt0120618;1999;110;4,6;6884;Alan Rudolph;Bruce Willis;Albert Finney;Omar Epps;USA;English;R;Comedy;;;12000000,0;175370,0;458;1990;-11824630,0;-98,5;Faible (<6)
A Woman, a Gun and a Noodle Shop ;tt1428556;2009;95;5,7;2410;Yimou Zhang;Honglei Sun;Ni Yan;Dahong Ni;China;Mandarin;R;Comedy;Drama;;;190666,0;784;2000;;;Faible (<6)
Cypher ;tt0284978;2002;95;6,8;27052;Vincenzo Natali;David Hewlett;Jeremy Northam;Kari Matchett;USA;English;R;Mystery;Romance;Sci-Fi;7500000,0;;0;2000;;;Moyen (6-7)
City of Life and Death ;tt1124052;2009;132;7,7;8429;Chuan Lu;Ye Liu;Yuanyuan Gao;Ryu Kohata;China;Mandarin;R;Drama;History;War;12000000,0;119922,0;0;2000;-11880078,0;-99,0;Bon (7-8)
Legend of Kung Fu Rabbit ;tt1876517;2011;89;3,2;408;Lijun Sun;Jon Heder;Tom Arnold;Rebecca Black;China;Mandarin;PG;Action;Adventure;Animation;;;211;2010;;;Faible (<6)
Space Battleship Yamato ;tt1477109;2010;138;6,1;4899;Takashi Yamazaki;Takuya Kimura;Meisa Kuroki;Hiroyuki Ikeuchi;Japan;Japanese;TV-14;Action;Adventure;Drama;12000000,0;;0;2010;;;Moyen (6-7)
5 Days of War ;tt1486193;2011;113;5,6;12128;Renny Harlin;Richard Coyle;Kenneth Cranham;Ana Imnadze;Georgia;English;R;Action;Drama;War;20000000,0;17149,0;0;2010;-19982851,0;-99,9;Faible (<6)
Triangle ;tt1187064;2009;99;6,9;64423;Christopher Smith;Rachael Carpani;Michael Dorman;Emma Lung;UK;English;R;Fantasy;Mystery;Thriller;12000000,0;;13000;2000;;;Moyen (6-7)
10 Days in a Madhouse ;tt3453052;2015;111;7,5;314;Timothy Hines;Christopher Lambert;Kelly LeBrock;Alexandra Callas;USA;English;R;Drama;;;12000000,0;14616,0;26000;2010;-11985384,0;-99,9;Bon (7-8)
Heaven Is for Real ;tt1929263;2014;99;5,8;21034;Randall Wallace;Jacob Vargas;Connor Corum;Rob Moran;USA;English;PG;Biography;Drama;;12000000,0;91443253,0;23000;2010;79443253,0;662,0;Faible (<6)
Snatch ;tt0208092;2000;104;8,3;600996;Guy Ritchie;Jason Statham;Brad Pitt;Jason Flemyng;UK;English;R;Comedy;Crime;;6000000,0;30093107,0;27000;2000;24093107,0;401,6;Excellent (8+)
Dancin' It's On ;tt2598580;2015;89;2,8;105;David Winters;Gary Daniels;Matt Marr;Ginger Jensen;USA;English;PG;Family;Musical;;12000000,0;;634;2010;;;Faible (<6)
Pet Sematary ;tt0098084;1989;103;6,6;63855;Mary Lambert;Miko Hughes;Fred Gwynne;Denise Crosby;USA;English;R;Fantasy;Horror;;11500000,0;57469179,0;0;1980;45969179,0;399,7;Moyen (6-7)
Madadayo ;tt0107474;1993;134;7,5;3466;Akira Kurosawa;Tatsuo Matsumura;Tetsu Watanabe;Akira Terao;Japan;Japanese;;Drama;;;11900000,0;48856,0;355;1990;-11851144,0;-99,6;Bon (7-8)
The Cry of the Owl ;tt1034302;2009;100;6,0;3737;Jamie Thraves;Paddy Considine;Caroline Dhavernas;Charlotte Sullivan;UK;English;R;Drama;Thriller;;11500000,0;;443;2000;;;Moyen (6-7)
A Tale of Three Cities ;tt3682770;2015;130;6,2;117;Mabel Cheung;Wei Tang;Ching Wan Lau;Hailu Qin;China;Chinese;;Drama;;;12000000,0;;4;2010;;;Moyen (6-7)
Gremlins ;tt0087363;1984;106;7,2;142293;Joe Dante;Phoebe Cates;Harry Carey Jr.;Zach Galligan;USA;English;PG;Comedy;Fantasy;Horror;11000000,0;148170000,0;14000;1980;137170000,0;1247,0;Bon (7-8)
Star Wars: Episode IV - A New Hope ;tt0076759;1977;125;8,7;911097;George Lucas;Harrison Ford;Peter Cushing;Kenny Baker;USA;English;PG;Action;Adventure;Fantasy;11000000,0;460935665,0;33000;1970;449935665,0;4090,3;Excellent (8+)
Dirty Grandpa ;tt1860213;2016;109;6,0;49671;Dan Mazer;Robert De Niro;Zoey Deutch;Jason Mantzoukas;USA;English;R;Comedy;;;11500000,0;35537564,0;11000;2010;24037564,0;209,0;Moyen (6-7)
Doctor Zhivago ;tt0059113;1965;200;8,0;55816;David Lean;Julie Christie;Klaus Kinski;Geraldine Chaplin;USA;English;PG-13;Drama;Romance;War;11000000,0;111722000,0;7000;1960;100722000,0;915,7;Excellent (8+)
Trash ;tt1921149;2014;114;7,2;14437;Stephen Daldry;Wagner Moura;Selton Mello;Daniel Zettel;UK;Portuguese;R;Adventure;Crime;Drama;;10230,0;0;2010;;;Bon (7-8)
High School Musical 3: Senior Year ;tt0962726;2008;112;4,5;43795;Kenny Ortega;Lucas Grabeel;Matt Prokop;Corbin Bleu;USA;English;G;Comedy;Drama;Family;11000000,0;90556401,0;0;2000;79556401,0;723,2;Faible (<6)
The Fighter ;tt0964517;2010;116;7,9;275869;David O. Russell;Christian Bale;Jack McGee;Melissa McMeekin;USA;English;R;Biography;Drama;Sport;25000000,0;93571803,0;36000;2010;68571803,0;274,3;Bon (7-8)
Jackass Number Two ;tt0493430;2006;92;7,1;56595;Jeff Tremaine;Bam Margera;Steve-O;Chris Pontius;USA;English;R;Action;Comedy;Documentary;;72755517,0;641;2000;;;Bon (7-8)
My Cousin Vinny ;tt0104952;1992;120;7,5;82743;Jonathan Lynn;Fred Gwynne;Bruce McGill;Lane Smith;USA;English;R;Comedy;Crime;;11000000,0;52929168,0;7000;1990;41929168,0;381,2;Bon (7-8)
If I Stay ;tt1355630;2014;107;6,8;83893;R.J. Cutler;Chloë Grace Moretz;Mireille Enos;Stacy Keach;USA;English;PG-13;Drama;Fantasy;Music;11000000,0;50461335,0;15000;2010;39461335,0;358,7;Moyen (6-7)
Drive Hard ;tt2968804;2014;92;4,3;3104;Brian Trenchard-Smith;Zoe Ventoura;Damien Garvey;Christopher Sommers;Canada;English;Not Rated;Action;Comedy;Crime;12000000,0;;774;2010;;;Faible (<6)
Major League ;tt0097815;1989;107;7,2;49007;David S. Ward;Corbin Bernsen;Tom Berenger;Rene Russo;USA;English;R;Comedy;Sport;;11000000,0;49797148,0;0;1980;38797148,0;352,7;Bon (7-8)
St. Trinian's ;tt0964587;2007;100;5,8;18220;Oliver Parker;Lily Cole;Rupert Everett;Tamsin Egerton;UK;English;PG-13;Comedy;;;13500000,0;;0;2000;;;Faible (<6)
Phone Booth ;tt0183649;2002;81;7,1;207934;Joel Schumacher;Radha Mitchell;John Enos III;Richard T. Jones;USA;English;R;Crime;Thriller;;13000000,0;46563158,0;0;2000;33563158,0;258,2;Bon (7-8)
A Walk to Remember ;tt0281358;2002;101;7,4;162701;Adam Shankman;Lauren German;Peter Coyote;Paz de la Huerta;USA;English;PG;Drama;Romance;;11000000,0;41227069,0;19000;2000;30227069,0;274,8;Bon (7-8)
Dead Man Walking ;tt0112818;1995;122;7,6;73193;Tim Robbins;Lois Smith;Celia Weston;Robert Prosky;UK;English;R;Crime;Drama;;11000000,0;39025000,0;0;1990;28025000,0;254,8;Bon (7-8)
Cruel Intentions ;tt0139134;1999;97;6,9;149222;Roger Kumble;Sarah Michelle Gellar;Sean Patrick Thomas;Eric Mabius;USA;English;R;Drama;Romance;;10500000,0;38201895,0;0;1990;27701895,0;263,8;Moyen (6-7)
Saw VI ;tt1233227;2009;92;6,0;76207;Kevin Greutert;Costas Mandylor;Shawnee Smith;George Newbern;Canada;English;R;Horror;Mystery;;11000000,0;27669413,0;0;2000;16669413,0;151,5;Moyen (6-7)
History of the World: Part I ;tt0082517;1981;92;6,9;36559;Mel Brooks;Madeline Kahn;Sid Caesar;Dom DeLuise;USA;English;R;Comedy;;;11000000,0;;0;1980;;;Moyen (6-7)
The Secret Life of Bees ;tt0416212;2008;110;7,3;19440;Gina Prince-Bythewood;Nate Parker;Alicia Keys;Jennifer Hudson;USA;English;PG-13;Drama;;;11000000,0;37766350,0;0;2000;26766350,0;243,3;Bon (7-8)
Corky Romano ;tt0250310;2001;86;4,6;10966;Rob Pritts;Vincent Pastore;Vinessa Shaw;Peter Berg;USA;English;PG-13;Comedy;Crime;;11000000,0;23978402,0;365;2000;12978402,0;118,0;Faible (<6)
Raising Cain ;tt0105217;1992;91;6,0;9903;Brian De Palma;Steven Bauer;Gabrielle Carteris;Gregg Henry;USA;English;R;Crime;Drama;Thriller;12000000,0;21370057,0;541;1990;9370057,0;78,1;Moyen (6-7)
F.I.S.T. ;tt0077531;1978;145;6,4;5561;Norman Jewison;Sylvester Stallone;Peter Boyle;Rod Steiger;USA;English;PG;Drama;;;11000000,0;;745;1970;;;Moyen (6-7)
Invaders from Mars ;tt0091276;1986;100;5,5;5187;Tobe Hooper;Louise Fletcher;Bud Cort;William Bassett;USA;English;PG;Horror;Sci-Fi;;12000000,0;4884663,0;902;1980;-7115337,0;-59,3;Faible (<6)
Brooklyn ;tt2381111;2015;111;7,5;73249;John Crowley;Julie Walters;Fiona Glascott;Eva Birthistle;UK;English;PG-13;Drama;Romance;;11000000,0;38317535,0;36000;2010;27317535,0;248,3;Bon (7-8)
Barry Lyndon ;tt0072684;1975;184;8,1;101627;Stanley Kubrick;Ryan O'Neal;Steven Berkoff;Hardy Krüger;UK;English;PG;Adventure;Drama;History;11000000,0;;0;1970;;;Excellent (8+)
Out Cold ;tt0253798;2001;89;6,3;14656;Brendan Malloy;Lee Majors;Jason London;Thomas Lennon;USA;English;PG-13;Comedy;Sport;;11000000,0;13903262,0;0;2000;2903262,0;26,4;Moyen (6-7)
The Ladies Man ;tt0213790;2000;84;5,1;10777;Reginald Hudlin;Will Ferrell;John Witherspoon;Tim Meadows;USA;English;R;Comedy;;;11000000,0;13592872,0;671;2000;2592872,0;23,6;Faible (<6)
Quartet ;tt1441951;2012;98;6,8;15684;Dustin Hoffman;Luke Newberry;Sheridan Smith;Pauline Collins;UK;English;PG-13;Comedy;Drama;;11000000,0;18381787,0;13000;2010;7381787,0;67,1;Moyen (6-7)
Tomcats ;tt0246989;2001;95;5,3;15427;Gregory Poirier;Shannon Elizabeth;Jake Busey;David Ogden Stiers;USA;English;R;Comedy;;;11000000,0;13558739,0;449;2000;2558739,0;23,3;Faible (<6)
Frailty ;tt0264616;2001;100;7,3;59982;Bill Paxton;Matthew McConaughey;Powers Boothe;Matt O'Leary;USA;English;R;Crime;Drama;Thriller;11000000,0;13103828,0;5000;2000;2103828,0;19,1;Bon (7-8)
Woman in Gold ;tt2404425;2015;109;7,3;33856;Simon Curtis;Ryan Reynolds;Frances Fisher;Elizabeth McGovern;UK;English;PG-13;Biography;Drama;History;11000000,0;33305037,0;34000;2010;22305037,0;202,8;Bon (7-8)
Kinsey ;tt0362269;2004;118;7,1;42689;Bill Condon;Liam Neeson;Oliver Platt;Dylan Baker;USA;English;R;Biography;Drama;;11000000,0;10214647,0;0;2000;-785353,0;-7,1;Bon (7-8)
Army of Darkness ;tt0106308;1992;88;7,6;128850;Sam Raimi;Patricia Tallman;Bridget Fonda;Embeth Davidtz;USA;English;R;Comedy;Fantasy;Horror;13000000,0;11501093,0;10000;1990;-1498907,0;-11,5;Bon (7-8)
Slackers ;tt0240900;2002;86;5,3;12437;Dewey Nicks;Jaime King;Gedde Watanabe;Jim Rash;Canada;English;R;Comedy;Romance;;11000000,0;4814244,0;405;2000;-6185756,0;-56,2;Faible (<6)
What's Eating Gilbert Grape ;tt0108550;1993;118;7,8;171882;Lasse Hallström;Johnny Depp;Leonardo DiCaprio;Kevin Tighe;USA;English;PG-13;Drama;Romance;;11000000,0;9170214,0;14000;1990;-1829786,0;-16,6;Bon (7-8)
The Visual Bible: The Gospel of John ;tt0377992;2003;125;7,7;2164;Philip Saville;Henry Ian Cusick;Alan Van Sprang;Scott Handy;Canada;English;PG-13;Biography;Drama;History;17000000,0;4068087,0;0;2000;-12931913,0;-76,1;Bon (7-8)
Vera Drake ;tt0383694;2004;125;7,7;20307;Mike Leigh;Eddie Marsan;Sally Hawkins;Imelda Staunton;UK;English;R;Crime;Drama;;11000000,0;3753806,0;0;2000;-7246194,0;-65,9;Bon (7-8)
The Guru ;tt0280720;2002;94;5,4;13622;Daisy von Scherler Mayer;Michael McKean;Dash Mihok;Jimi Mistry;UK;English;R;Comedy;Music;Romance;11000000,0;3034181,0;550;2000;-7965819,0;-72,4;Faible (<6)
The Perez Family ;tt0114113;1995;113;6,2;1761;Mira Nair;Anjelica Huston;Chazz Palminteri;Vincent Gallo;USA;English;R;Comedy;Drama;Romance;11000000,0;2832826,0;174;1990;-8167174,0;-74,2;Moyen (6-7)
Inside Llewyn Davis ;tt2042568;2013;104;7,4;96233;Ethan Coen;Justin Timberlake;Max Casella;Alex Karpovsky;USA;English;R;Drama;Music;;11000000,0;13214255,0;26000;2010;2214255,0;20,1;Bon (7-8)
O ;tt0184791;2001;95;6,2;17333;Tim Blake Nelson;Mekhi Phifer;Andrew Keegan;John Heard;USA;English;R;Drama;Romance;Thriller;5000000,0;16017403,0;0;2000;11017403,0;220,3;Moyen (6-7)
Return to the Blue Lagoon ;tt0102782;1991;102;5,1;14129;William A. Graham;Milla Jovovich;Wayne Pygram;Lisa Pelikan;USA;English;PG-13;Adventure;Drama;Romance;11000000,0;2807854,0;967;1990;-8192146,0;-74,5;Faible (<6)
The Molly Maguires ;tt0066090;1970;124;6,9;2603;Martin Ritt;Frank Finlay;Anthony Zerbe;Samantha Eggar;USA;English;PG;Drama;History;;11000000,0;;608;1970;;;Moyen (6-7)
Romance & Cigarettes ;tt0368222;2005;105;6,3;10052;John Turturro;Kate Winslet;Steve Buscemi;Eddie Izzard;USA;English;R;Comedy;Musical;Romance;;540085,0;0;2000;;;Moyen (6-7)
Copying Beethoven ;tt0424908;2006;104;6,8;11132;Agnieszka Holland;Phyllida Law;David Kennedy;Angus Barnett;USA;English;PG-13;Biography;Drama;Music;11000000,0;352786,0;0;2000;-10647214,0;-96,8;Moyen (6-7)
Brighton Rock ;tt1233192;2010;111;5,7;5013;Rowan Joffe;Sam Riley;Sean Harris;Geoff Bell;UK;English;R;Crime;Drama;Thriller;12000000,0;;0;2010;;;Faible (<6)
Saw V ;tt1132626;2008;95;5,8;88529;David Hackl;Julie Benz;Costas Mandylor;Scott Patterson;USA;English;R;Horror;Mystery;;10800000,0;56729973,0;0;2000;45929973,0;425,3;Faible (<6)
Machine Gun McCain ;tt0065895;1969;96;6,2;618;Giuliano Montaldo;John Cassavetes;Gena Rowlands;Britt Ekland;Italy;English;GP;Crime;Drama;Thriller;;;85;1960;;;Moyen (6-7)
LOL ;tt1592873;2012;97;4,3;45144;Lisa Azuelos;Nora Dunn;Lina Esco;Alix Freihage;USA;English;PG-13;Comedy;Drama;Romance;11000000,0;;18000;2010;;;Faible (<6)
Jindabyne ;tt0382765;2006;118;6,4;5772;Ray Lawrence;John Howard;Deborra-Lee Furness;Max Cullen;Australia;English;R;Crime;Drama;Mystery;15000000,0;399879,0;302;2000;-14600121,0;-97,3;Moyen (6-7)
Kabhi Alvida Naa Kehna ;tt0449999;2006;193;6,0;13998;Karan Johar;Shah Rukh Khan;John Abraham;Preity Zinta;India;Hindi;R;Drama;;;700000000,0;3275443,0;659;2000;-696724557,0;-99,5;Moyen (6-7)
An Ideal Husband ;tt0122541;1999;97;6,9;12980;Oliver Parker;Minnie Driver;Rupert Everett;Jeremy Northam;UK;English;PG-13;Comedy;Romance;;14000000,0;18535191,0;646;1990;4535191,0;32,4;Moyen (6-7)
The Last Days on Mars ;tt1709143;2013;98;5,5;28570;Ruairi Robinson;Romola Garai;Olivia Williams;Tom Cullen;UK;English;R;Horror;Sci-Fi;Thriller;7000000,0;23838,0;0;2010;-6976162,0;-99,7;Faible (<6)
Darkness ;tt0273517;2002;103;5,4;16747;Jaume Balagueró;Lena Olin;Giancarlo Giannini;Francesc Pagès;USA;English;PG-13;Horror;;;10600000,0;22160085,0;1000;2000;11560085,0;109,1;Faible (<6)
2001: A Space Odyssey ;tt0062622;1968;161;8,3;427357;Stanley Kubrick;Keir Dullea;Gary Lockwood;Glenn Beck;UK;English;G;Adventure;Mystery;Sci-Fi;12000000,0;56715371,0;24000;1960;44715371,0;372,6;Excellent (8+)
E.T. the Extra-Terrestrial ;tt0083866;1982;120;7,9;281842;Steven Spielberg;Henry Thomas;Dee Wallace;Peter Coyote;USA;English;PG;Family;Sci-Fi;;10500000,0;434949459,0;34000;1980;424449459,0;4042,4;Bon (7-8)
In the Land of Women ;tt0419843;2007;97;6,5;27689;Jon Kasdan;Kristen Stewart;Elena Anaya;Dustin Milligan;USA;English;PG-13;Comedy;Drama;Romance;10000000,0;11043445,0;1000;2000;1043445,0;10,4;Moyen (6-7)
The Blue Butterfly ;tt0313300;2004;97;6,3;1337;Léa Pool;William Hurt;Marc Donato;Raoul Max Trujillo;Canada;English;PG;Adventure;Drama;;12500000,0;;392;2000;;;Moyen (6-7)
There Goes My Baby ;tt0108320;1994;99;6,4;859;Floyd Mutrux;Ricky Schroder;Kelli Williams;Seymour Cassel;USA;English;R;Comedy;Drama;;10500000,0;125169,0;119;1990;-10374831,0;-98,8;Moyen (6-7)
Housefull ;tt1573072;2010;144;5,3;8598;Sajid Khan;Arjun Rampal;Boman Irani;Riteish Deshmukh;India;Hindi;;Comedy;;;;1165104,0;250;2010;;;Faible (<6)
September Dawn ;tt0473700;2007;111;5,8;2618;Christopher Cain;Jon Gries;Taylor Handley;Trent Ford;USA;;R;Drama;History;Romance;11000000,0;1066555,0;411;2000;-9933445,0;-90,3;Faible (<6)
For Greater Glory: The True Story of Cristiada ;tt1566501;2012;145;6,6;3665;Dean Wright;Santiago Cabrera;Eduardo Verástegui;Catalina Sandino Moreno;Mexico;Spanish;R;Drama;History;War;10818775,0;5669081,0;0;2010;-5149694,0;-47,6;Moyen (6-7)
La Famille Bélier ;tt3547740;2014;106;7,4;15060;Eric Lartigau;Karin Viard;Eric Elmosnino;François Damiens;France;French;;Comedy;Drama;Music;11000000,0;;0;2010;;;Bon (7-8)
Good Will Hunting ;tt0119217;1997;126;8,3;604904;Gus Van Sant;Robin Williams;Matt Damon;Minnie Driver;USA;English;R;Drama;;;10000000,0;138339411,0;31000;1990;128339411,0;1283,4;Excellent (8+)
Misconduct ;tt3658772;2016;106;5,3;6935;Shintaro Shimosawa;Al Pacino;Anthony Hopkins;Glen Powell;USA;English;R;Drama;Thriller;;11000000,0;;0;2010;;;Faible (<6)
Saw III ;tt0489270;2006;121;6,2;142115;Darren Lynn Bousman;Costas Mandylor;Shawnee Smith;Leigh Whannell;USA;English;R;Horror;Mystery;;10000000,0;80150343,0;0;2000;70150343,0;701,5;Moyen (6-7)
Stripes ;tt0083131;1981;117;6,9;48629;Ivan Reitman;Bill Murray;Harold Ramis;Judge Reinhold;USA;English;R;Action;Comedy;War;10000000,0;85300000,0;0;1980;75300000,0;753,0;Moyen (6-7)
Bring It On ;tt0204946;2000;98;5,9;70141;Peyton Reed;Kirsten Dunst;Lindsay Sloane;Clare Kramer;USA;English;PG-13;Comedy;Sport;;10000000,0;68353550,0;0;2000;58353550,0;583,5;Faible (<6)
The Purge: Election Year ;tt4094724;2016;109;6,1;17596;James DeMonaco;Frank Grillo;Joseph Julian Soria;Mykelti Williamson;France;English;R;Action;Horror;Sci-Fi;10000000,0;78845130,0;0;2010;68845130,0;688,5;Moyen (6-7)
She's All That ;tt0160862;1999;95;5,8;67115;Robert Iscove;Paul Walker;Clea DuVall;Kieran Culkin;USA;English;PG-13;Comedy;Romance;;10000000,0;63319509,0;0;1990;53319509,0;533,2;Faible (<6)
Saw IV ;tt0890870;2007;96;5,9;111087;Darren Lynn Bousman;Costas Mandylor;Shawnee Smith;Angus Macfadyen;USA;English;R;Horror;Mystery;;10000000,0;63270259,0;0;2000;53270259,0;532,7;Faible (<6)
White Noise ;tt0375210;2005;101;5,5;41763;Geoffrey Sax;Deborah Kara Unger;Keegan Connor Tracy;Mike Dopud;UK;English;PG-13;Drama;Horror;Mystery;10000000,0;55865715,0;0;2000;45865715,0;458,7;Faible (<6)
Madea's Family Reunion ;tt0455612;2006;107;5,0;8962;Tyler Perry;Boris Kodjoe;Cicely Tyson;Blair Underwood;USA;English;PG-13;Comedy;Drama;Romance;6000000,0;63231524,0;676;2000;57231524,0;953,9;Faible (<6)
The Color of Money ;tt0090863;1986;119;7,0;57831;Martin Scorsese;Tom Cruise;Bill Cobbs;Mary Elizabeth Mastrantonio;USA;English;R;Drama;Sport;;13800000,0;52293982,0;0;1980;38493982,0;278,9;Bon (7-8)
The Longest Day ;tt0056197;1962;178;7,8;43270;Ken Annakin;Richard Burton;Richard Beymer;Eddie Albert;USA;English;G;Action;Drama;History;10000000,0;;0;1960;;;Bon (7-8)
The Mighty Ducks ;tt0104868;1992;100;6,4;44502;Stephen Herek;Lane Smith;Shaun Weiss;Elden Henson;USA;English;PG;Comedy;Drama;Family;10000000,0;50752337,0;0;1990;40752337,0;407,5;Moyen (6-7)
The Grudge ;tt0391198;2004;98;5,9;115050;Takashi Shimizu;Sarah Michelle Gellar;Clea DuVall;Ted Raimi;USA;English;PG-13;Horror;Mystery;Thriller;10000000,0;110175871,0;4000;2000;100175871,0;1001,8;Faible (<6)
Happy Gilmore ;tt0116483;1996;92;7,0;156143;Dennis Dugan;Adam Sandler;Kevin Nealon;Frances Bay;USA;English;PG-13;Comedy;Sport;;12000000,0;38624000,0;0;1990;26624000,0;221,9;Bon (7-8)
Jeepers Creepers ;tt0263488;2001;90;6,1;86890;Victor Salva;Eileen Brennan;Patricia Belcher;Jonathan Breck;Germany;English;R;Horror;Mystery;;10000000,0;37470017,0;0;2000;27470017,0;274,7;Moyen (6-7)
Bill & Ted's Excellent Adventure ;tt0096928;1989;90;6,9;85362;Stephen Herek;Keanu Reeves;George Carlin;Al Leong;USA;English;PG;Adventure;Comedy;Music;10000000,0;40485039,0;0;1980;30485039,0;304,9;Moyen (6-7)
Oliver! ;tt0063385;1968;153;7,5;25303;Carol Reed;Oliver Reed;Ron Moody;Jack Wild;UK;English;G;Drama;Family;Musical;10000000,0;16800000,0;0;1960;6800000,0;68,0;Bon (7-8)
The Best Exotic Marigold Hotel ;tt1412386;2011;124;7,3;75306;John Madden;Tom Wilkinson;Penelope Wilton;Celia Imrie;UK;English;PG-13;Comedy;Drama;;10000000,0;46377022,0;48000;2010;36377022,0;363,8;Bon (7-8)
Recess: School's Out ;tt0265632;2001;82;6,5;6808;Chuck Sheetz;Diedrich Bader;Andrew Lawrence;Dabney Coleman;USA;English;G;Animation;Comedy;Family;23000000,0;36696761,0;227;2000;13696761,0;59,6;Moyen (6-7)
Mad Max Beyond Thunderdome ;tt0089530;1985;107;6,2;101840;George Miller;Tina Turner;Bruce Spence;Angelo Rossitto;Australia;English;PG-13;Action;Adventure;Sci-Fi;12305523,0;36200000,0;0;1980;23894477,0;194,2;Moyen (6-7)
Commando ;tt0088944;1985;75;6,7;111649;Mark L. Lester;Bill Duke;Vernon Wells;Rae Dawn Chong;USA;English;R;Action;Adventure;Thriller;10000000,0;;0;1980;;;Moyen (6-7)
The Boy ;tt3882082;2016;97;6,0;35654;William Brent Bell;Lauren Cohan;Rupert Evans;Stephanie Lemelin;USA;English;PG-13;Horror;Mystery;Thriller;10000000,0;35794166,0;20000;2010;25794166,0;257,9;Moyen (6-7)
Devil ;tt1314655;2010;80;6,3;104089;John Erick Dowdle;Bojana Novakovic;Bokeem Woodbine;Geoffrey Arend;USA;English;PG-13;Horror;Mystery;Thriller;10000000,0;33583175,0;16000;2010;23583175,0;235,8;Moyen (6-7)
Friday After Next ;tt0293815;2002;85;5,8;19284;Marcus Raboy;John Witherspoon;Mike Epps;Katt Williams;USA;English;R;Comedy;Drama;;20000000,0;32983713,0;981;2000;12983713,0;64,9;Faible (<6)
Insidious: Chapter 3 ;tt3195644;2015;97;6,1;54190;Leigh Whannell;Lin Shaye;Hayley Kiyoko;Leigh Whannell;Canada;English;PG-13;Fantasy;Horror;Thriller;10000000,0;52200504,0;29000;2010;42200504,0;422,0;Moyen (6-7)
The Last Dragon ;tt0089461;1985;109;6,9;9424;Michael Schultz;Mike Starr;Vanity;Keshia Knight Pulliam;USA;English;PG-13;Action;Comedy;Drama;10000000,0;33000000,0;0;1980;23000000,0;230,0;Moyen (6-7)
The Lawnmower Man ;tt0104692;1992;140;5,4;27800;Brett Leonard;Jeff Fahey;Austin O'Brien;Troy Evans;UK;English;R;Horror;Sci-Fi;;10000000,0;32101000,0;0;1990;22101000,0;221,0;Faible (<6)
Nick and Norah's Infinite Playlist ;tt0981227;2008;90;6,7;74887;Peter Sollett;Ari Graynor;Alexis Dziena;Aaron Yoo;USA;English;PG-13;Comedy;Drama;Music;9000000,0;31487293,0;0;2000;22487293,0;249,9;Moyen (6-7)
Dogma ;tt0120655;1999;130;7,4;181737;Kevin Smith;Matt Damon;Janeane Garofalo;George Carlin;USA;English;R;Adventure;Comedy;Drama;10000000,0;30651422,0;10000;1990;20651422,0;206,5;Bon (7-8)
The Banger Sisters ;tt0280460;2002;98;5,6;12388;Bob Dolman;Erika Christensen;Eva Amurri Martino;Sal Lopez;USA;English;R;Comedy;Drama;;10000000,0;30306281,0;744;2000;20306281,0;203,1;Faible (<6)
Twilight Zone: The Movie ;tt0086491;1983;101;6,5;25613;Joe Dante;Albert Brooks;Al Leong;Vic Morrow;USA;English;PG;Fantasy;Horror;Sci-Fi;10000000,0;29500000,0;0;1980;19500000,0;195,0;Moyen (6-7)
Road House ;tt0098206;1989;114;6,5;42987;Rowdy Herrington;Ben Gazzara;Kevin Tighe;Kelly Lynch;USA;English;R;Action;Thriller;;17000000,0;30050028,0;0;1980;13050028,0;76,8;Moyen (6-7)
A Low Down Dirty Shame ;tt0110399;1994;100;5,8;3924;Keenen Ivory Wayans;Jada Pinkett Smith;Salli Richardson-Whitfield;Charles S. Dutton;USA;English;R;Action;Comedy;Crime;10000000,0;29392418,0;368;1990;19392418,0;193,9;Faible (<6)
Swimfan ;tt0283026;2002;85;5,0;16300;John Polson;Erika Christensen;Shiri Appleby;Jason Ritter;USA;English;PG-13;Drama;Thriller;;8500000,0;28563926,0;720;2000;20063926,0;236,0;Faible (<6)
Employee of the Month ;tt0424993;2006;103;5,5;37681;Greg Coolidge;Dane Cook;Danny Woodburn;Jessica Simpson;USA;English;PG-13;Comedy;Romance;;12000000,0;28435406,0;0;2000;16435406,0;137,0;Faible (<6)
Can't Hardly Wait ;tt0127723;1998;100;6,5;37885;Harry Elfont;Ethan Embry;Lauren Ambrose;Charlie Korsmo;USA;English;PG-13;Comedy;Romance;;10000000,0;25339117,0;0;1990;15339117,0;153,4;Moyen (6-7)
The Outsiders ;tt0086066;1983;114;7,2;57363;Francis Ford Coppola;Tom Cruise;William Smith;Tom Waits;USA;English;PG-13;Crime;Drama;;10000000,0;25600000,0;10000;1980;15600000,0;156,0;Bon (7-8)
Pete's Dragon ;tt2788732;2016;102;7,3;408;David Lowery;Bryce Dallas Howard;Oona Laurence;Isiah Whitlock Jr.;USA;English;PG;Adventure;Family;Fantasy;65000000,0;;21000;2010;;;Bon (7-8)
The Dead Zone ;tt0085407;1983;103;7,2;44804;David Cronenberg;Tom Skerritt;Herbert Lom;Anthony Zerbe;USA;English;R;Horror;Sci-Fi;Thriller;10000000,0;;0;1980;;;Bon (7-8)
Sinister 2 ;tt2752772;2015;97;5,2;25210;Ciarán Foy;Laila Haley;James Ransone;Jaden Klein;USA;English;R;Horror;Mystery;Thriller;10000000,0;27736779,0;13000;2010;17736779,0;177,4;Faible (<6)
Sparkle ;tt1876451;2012;116;5,7;5161;Salim Akil;Omari Hardwick;Curtis Armstrong;Mike Epps;USA;English;PG-13;Drama;Music;;17000000,0;24397469,0;0;2010;7397469,0;43,5;Faible (<6)
Valentine ;tt0242998;2001;96;4,7;20467;Jamie Blanks;Marley Shelton;Jessica Capshaw;Johnny Whitworth;USA;English;R;Horror;Mystery;Thriller;10000000,0;20384136,0;0;2000;10384136,0;103,8;Faible (<6)
The Fourth Kind ;tt1220198;2009;98;5,9;63108;Olatunde Osunsanmi;Milla Jovovich;Will Patton;Hakeem Kae-Kazim;USA;English;PG-13;Mystery;Sci-Fi;Thriller;10000000,0;25464480,0;15000;2000;15464480,0;154,6;Faible (<6)
A Prairie Home Companion ;tt0420087;2006;105;6,8;19655;Robert Altman;Meryl Streep;Virginia Madsen;Lily Tomlin;USA;English;PG-13;Comedy;Drama;Music;10000000,0;20338609,0;683;2000;10338609,0;103,4;Moyen (6-7)
Sugar Hill ;tt0107079;1993;123;5,9;3119;Leon Ichaso;Khandi Alexander;Clarence Williams III;Steve Harris;USA;English;R;Drama;Thriller;;10000000,0;18272447,0;331;1990;8272447,0;82,7;Faible (<6)
Invasion U.S.A. ;tt0089348;1985;107;5,3;6143;Joseph Zito;Billy Drago;Richard Lynch;Eddie Jones;USA;English;R;Action;Thriller;;10000000,0;;0;1980;;;Faible (<6)
Roll Bounce ;tt0403455;2005;112;6,0;5585;Malcolm D. Lee;Jurnee Smollett-Bell;Brandon T. Jackson;Shad Moss;USA;English;PG-13;Comedy;Drama;Music;;17378977,0;997;2000;;;Moyen (6-7)
Rushmore ;tt0128445;1998;93;7,7;134458;Wes Anderson;Bill Murray;Connie Nielsen;Olivia Williams;USA;English;R;Comedy;Drama;;9000000,0;17096053,0;5000;1990;8096053,0;90,0;Bon (7-8)
Skyline ;tt1564585;2010;97;4,4;76199;Colin Strause;David Zayas;Donald Faison;Brittany Daniel;USA;English;PG-13;Action;Sci-Fi;Thriller;10000000,0;21371425,0;13000;2010;11371425,0;113,7;Faible (<6)
The Second Best Exotic Marigold Hotel ;tt2555736;2015;122;6,6;22369;John Madden;Tina Desai;Celia Imrie;Ronald Pickup;UK;English;PG;Comedy;Drama;;10000000,0;33071558,0;21000;2010;23071558,0;230,7;Moyen (6-7)
Kit Kittredge: An American Girl ;tt0846308;2008;101;6,7;4719;Patricia Rozema;Julia Ormond;Jane Krakowski;Willow Smith;USA;English;G;Drama;Family;;10000000,0;17655201,0;851;2000;7655201,0;76,6;Moyen (6-7)
The Perfect Man ;tt0380623;2005;100;5,5;23527;Mark Rosman;Ben Feldman;Chris Noth;Vanessa Lengies;USA;English;PG;Comedy;Family;Romance;25000000,0;16247775,0;767;2000;-8752225,0;-35,0;Faible (<6)
Mo' Better Blues ;tt0100168;1990;129;6,5;8295;Spike Lee;Denzel Washington;Nicholas Turturro;Charlie Murphy;USA;English;R;Drama;Music;Romance;10000000,0;16153600,0;720;1990;6153600,0;61,5;Moyen (6-7)
Kung Pow: Enter the Fist ;tt0240468;2002;81;6,2;37901;Steve Oedekerk;Steve Oedekerk;Simon Rhee;Jennifer Tung;USA;English;PG-13;Action;Comedy;;10000000,0;16033556,0;0;2000;6033556,0;60,3;Moyen (6-7)
Tremors ;tt0100814;1990;96;7,1;90070;Ron Underwood;Reba McEntire;Ariana Richards;Michael Gross;USA;English;PG-13;Comedy;Horror;Sci-Fi;11000000,0;16667084,0;11000;1990;5667084,0;51,5;Bon (7-8)
Wrong Turn ;tt0295700;2003;84;6,1;87494;Rob Schmidt;Kevin Zegers;Lindy Booth;Julian Richings;USA;English;R;Horror;Thriller;;12600000,0;15417771,0;0;2000;2817771,0;22,4;Moyen (6-7)
The Long Riders ;tt0081071;1980;100;7,1;7322;Walter Hill;Dennis Quaid;David Carradine;Randy Quaid;USA;English;R;Western;;;10000000,0;;680;1980;;;Bon (7-8)
The Corruptor ;tt0142192;1999;110;6,0;15358;James Foley;Byron Mann;Paul Ben-Victor;Kim Chan;USA;English;R;Action;Crime;Drama;30000000,0;15156200,0;328;1990;-14843800,0;-49,5;Moyen (6-7)
Mud ;tt1935179;2012;130;7,4;135286;Jeff Nichols;Matthew McConaughey;Tye Sheridan;Sam Shepard;USA;English;PG-13;Drama;;;10000000,0;21589307,0;27000;2010;11589307,0;115,9;Bon (7-8)
Reno 911!: Miami ;tt0499554;2007;84;5,9;23928;Robert Ben Garant;Wendi McLendon-Covey;Thomas Lennon;Carlos Alazraqui;USA;English;R;Comedy;Crime;;10000000,0;20339754,0;441;2000;10339754,0;103,4;Faible (<6)
One Direction: This Is Us ;tt2515086;2013;106;4,1;22161;Morgan Spurlock;Harry Styles;Zayn Malik;Niall Horan;USA;English;PG;Documentary;Music;;10000000,0;28873374,0;0;2010;18873374,0;188,7;Faible (<6)
The Goods: Live Hard, Sell Hard ;tt1092633;2009;89;5,8;17790;Neal Brennan;Rob Riggle;Noureen DeWulf;Charles Napier;USA;English;R;Comedy;;;;15102127,0;0;2000;;;Faible (<6)
Hey Arnold! The Movie ;tt0314166;2002;76;5,9;4564;Tuck Tucker;Jennifer Jason Leigh;Vincent Schiavelli;Paul Sorvino;USA;English;PG;Adventure;Animation;Comedy;3000000,0;13684949,0;227;2000;10684949,0;356,2;Faible (<6)
My Week with Marilyn ;tt1655420;2011;99;7,0;71679;Simon Curtis;Eddie Redmayne;Toby Jones;Julia Ormond;UK;English;R;Biography;Drama;;6400000,0;14597405,0;17000;2010;8197405,0;128,1;Bon (7-8)
The Matador ;tt0365485;2005;96;6,8;40514;Richard Shepard;Adam Scott;Philip Baker Hall;Hope Davis;USA;English;R;Comedy;Crime;Drama;10000000,0;12570442,0;808;2000;2570442,0;25,7;Moyen (6-7)
Love Jones ;tt0119572;1997;104;7,4;2801;Theodore Witcher;Leonard Roberts;Nia Long;Larenz Tate;USA;English;R;Drama;Romance;;10000000,0;12514138,0;1000;1990;2514138,0;25,1;Bon (7-8)
The Gift ;tt4178092;2015;108;7,1;79909;Joel Edgerton;Busy Philipps;Allison Tolman;Wendell Pierce;USA;English;R;Mystery;Thriller;;5000000,0;43771291,0;15000;2010;38771291,0;775,4;Bon (7-8)
End of the Spear ;tt0399862;2005;108;7,0;4360;Jim Hanon;Chase Ellison;Chad Allen;Jack Guzman;USA;English;PG-13;Adventure;Drama;;10000000,0;11703287,0;1000;2000;1703287,0;17,0;Bon (7-8)
Get Over It ;tt0192071;2001;87;5,8;15617;Tommy O'Haver;Mila Kunis;Kirsten Dunst;Carmen Electra;USA;English;PG-13;Comedy;Romance;;22000000,0;11560259,0;0;2000;-10439741,0;-47,5;Faible (<6)
Office Space ;tt0151804;1999;89;7,8;200293;Mike Judge;Gary Cole;Stephen Root;Diedrich Bader;USA;English;R;Comedy;;;10000000,0;10824921,0;16000;1990;824921,0;8,2;Bon (7-8)
Drop Dead Gorgeous ;tt0157503;1999;97;6,5;27265;Michael Patrick Jann;Kirsten Dunst;Kirstie Alley;Ellen Barkin;Germany;English;PG-13;Comedy;Romance;Thriller;10000000,0;10561238,0;0;1990;561238,0;5,6;Moyen (6-7)
Big Eyes ;tt1126590;2014;106;7,0;55539;Tim Burton;Christoph Waltz;Danny Huston;Jon Polito;USA;English;PG-13;Biography;Crime;Drama;10000000,0;14479776,0;20000;2010;4479776,0;44,8;Bon (7-8)
Very Bad Things ;tt0124198;1998;100;6,3;39331;Peter Berg;Jon Favreau;Daniel Stern;Jeanne Tripplehorn;USA;English;R;Comedy;Crime;Thriller;10000000,0;9801782,0;0;1990;-198218,0;-2,0;Moyen (6-7)
Sleepover ;tt0368975;2004;89;5,3;12706;Joe Nussbaum;Steve Carell;Alexa PenaVega;Hunter Parrish;USA;English;PG;Comedy;Romance;;10000000,0;8070311,0;0;2000;-1929689,0;-19,3;Faible (<6)
Body Double ;tt0086984;1984;114;6,8;20113;Brian De Palma;Melanie Griffith;Dennis Franz;Gregg Henry;USA;English;R;Mystery;Thriller;;10000000,0;;0;1980;;;Moyen (6-7)
MacGruber ;tt1470023;2010;95;5,5;35888;Jorma Taccone;Jasper Cole;Will Forte;Powers Boothe;USA;English;R;Action;Comedy;Romance;10000000,0;8460995,0;0;2010;-1539005,0;-15,4;Faible (<6)
Dirty Pretty Things ;tt0301199;2002;97;7,4;34848;Stephen Frears;Sophie Okonedo;Benedict Wong;Sergi López;UK;English;R;Crime;Drama;Thriller;10000000,0;8111360,0;0;2000;-1888640,0;-18,9;Bon (7-8)
Movie 43 ;tt1333125;2013;94;4,3;79146;Elizabeth Banks;Hugh Jackman;Kate Winslet;Seth MacFarlane;USA;English;R;Comedy;;;6000000,0;8828771,0;25000;2010;2828771,0;47,1;Faible (<6)
Over Her Dead Body ;tt0785007;2008;95;5,2;21268;Jeff Lowell;Stephen Root;William Morgan Sheppard;Wendi McLendon-Covey;USA;English;PG-13;Comedy;Fantasy;Romance;10000000,0;7563670,0;518;2000;-2436330,0;-24,4;Faible (<6)
Seeking a Friend for the End of the World ;tt1307068;2012;101;6,7;87203;Lorene Scafaria;Steve Carell;Mark Moses;Rob Huebel;USA;English;R;Adventure;Comedy;Drama;10000000,0;6619173,0;25000;2010;-3380827,0;-33,8;Moyen (6-7)
Cedar Rapids ;tt1477837;2011;87;6,3;32697;Miguel Arteta;Kurtwood Smith;Stephen Root;Alia Shawkat;USA;English;R;Comedy;;;;6857503,0;0;2010;;;Moyen (6-7)
American History X ;tt0120586;1998;101;8,6;782437;Tony Kaye;Ethan Suplee;Beverly D'Angelo;Stacy Keach;USA;English;R;Crime;Drama;;7500000,0;6712241,0;35000;1990;-787759,0;-10,5;Excellent (8+)
The Collection ;tt1748227;2012;82;6,1;36029;Marcus Dunstan;Daniel Sharman;Johanna Braddy;Lee Tergesen;USA;English;R;Action;Horror;Thriller;10000000,0;6842058,0;14000;2010;-3157942,0;-31,6;Moyen (6-7)
Teacher's Pet ;tt0350194;2004;74;5,8;1231;Timothy Björklund;Nathan Lane;Kelsey Grammer;Jerry Stiller;USA;English;PG;Animation;Comedy;Family;10000000,0;6491350,0;49;2000;-3508650,0;-35,1;Faible (<6)
The Red Violin ;tt0120802;1998;130;7,7;26832;François Girard;Johannes Silberschneider;Clotilde Mollet;Carlo Cecchi;Canada;French;R;Drama;Music;Mystery;10000000,0;9473382,0;0;1990;-526618,0;-5,3;Bon (7-8)
The Straight Story ;tt0166896;1999;112;8,0;63733;David Lynch;Sissy Spacek;Richard Farnsworth;Everett McGill;France;English;G;Biography;Drama;;10000000,0;6197866,0;0;1990;-3802134,0;-38,0;Excellent (8+)
Deuces Wild ;tt0231448;2002;96;5,6;6200;Scott Kalvert;Norman Reedus;James Franco;Frankie Muniz;USA;English;R;Action;Crime;Drama;10000000,0;6044618,0;398;2000;-3955382,0;-39,6;Faible (<6)
Bad Words ;tt2170299;2013;89;6,7;38459;Jason Bateman;Beth Grant;Philip Baker Hall;Patricia Belcher;USA;English;R;Comedy;Drama;;10000000,0;7764027,0;0;2010;-2235973,0;-22,4;Moyen (6-7)
Run, Fatboy, Run ;tt0425413;2007;100;6,6;58509;David Schwimmer;Dylan Moran;Iddo Goldberg;India de Beaufort;UK;English;PG-13;Comedy;Romance;Sport;;5998971,0;0;2000;;;Moyen (6-7)
Heartbeeps ;tt0082507;1981;78;4,2;1040;Allan Arkush;Bernadette Peters;Randy Quaid;Christopher Guest;USA;English;PG;Comedy;Sci-Fi;;10000000,0;;425;1980;;;Faible (<6)
Black or White ;tt2883434;2014;121;6,6;8058;Mike Binder;Jennifer Ehle;Gillian Jacobs;Jillian Estell;USA;English;PG-13;Drama;;;9000000,0;21569041,0;0;2010;12569041,0;139,7;Moyen (6-7)
On the Line ;tt0279286;2001;85;4,1;3662;Eric Bross;Jerry Stiller;Tamala Jones;Dave Foley;USA;English;PG;Comedy;Family;Romance;16000000,0;4356743,0;0;2000;-11643257,0;-72,8;Faible (<6)
Rescue Dawn ;tt0462504;2006;120;7,3;84641;Werner Herzog;Christian Bale;Toby Huss;François Chau;USA;English;PG-13;Adventure;Biography;Drama;10000000,0;5484375,0;0;2000;-4515625,0;-45,2;Bon (7-8)
Danny Collins ;tt1772288;2015;106;7,1;20810;Dan Fogelman;Al Pacino;Jennifer Garner;Melissa Benoist;USA;English;R;Comedy;Drama;Music;10000000,0;5348317,0;0;2010;-4651683,0;-46,5;Bon (7-8)
Jeff, Who Lives at Home ;tt1588334;2011;83;6,5;56005;Jay Duplass;Judy Greer;Evan Ross;Rae Dawn Chong;USA;English;R;Comedy;Drama;;10000000,0;4244155,0;0;2010;-5755845,0;-57,6;Moyen (6-7)
I Am Love ;tt1226236;2009;120;7,0;14031;Luca Guadagnino;Flavio Parenti;Waris Ahluwalia;Alba Rohrwacher;Italy;Italian;R;Drama;Romance;;10000000,0;5004648,0;0;2000;-4995352,0;-50,0;Bon (7-8)
Atlas Shrugged II: The Strike ;tt1985017;2012;111;5,5;5612;John Putch;Robert Picardo;Diedrich Bader;Esai Morales;USA;English;PG-13;Drama;Mystery;Sci-Fi;10000000,0;3333823,0;0;2010;-6666177,0;-66,7;Faible (<6)
Romeo Is Bleeding ;tt0107983;1993;100;6,6;10735;Peter Medak;Gary Oldman;Michael Wincott;Lena Olin;UK;English;R;Action;Crime;Drama;11500000,0;3275585,0;561;1990;-8224415,0;-71,5;Moyen (6-7)
The Limey ;tt0165854;1999;89;7,1;24412;Steven Soderbergh;Peter Fonda;Lesley Ann Warren;William Lucking;USA;English;R;Crime;Drama;Mystery;9000000,0;3193102,0;944;1990;-5806898,0;-64,5;Bon (7-8)
Crash ;tt0375679;2004;115;7,9;361169;Paul Haggis;Don Cheadle;Loretta Devine;Jennifer Esposito;Germany;English;R;Crime;Drama;Thriller;6500000,0;54557348,0;18000;2000;48057348,0;739,3;Bon (7-8)
The House of Mirth ;tt0200720;2000;135;7,1;6377;Terence Davies;Eric Stoltz;Anthony LaPaglia;Elizabeth McGovern;UK;English;PG;Drama;Romance;;10000000,0;3041803,0;345;2000;-6958197,0;-69,6;Bon (7-8)
Malone ;tt0093483;1987;92;5,6;1768;Harley Cokeliss;Cliff Robertson;Tracey Walter;Dennis Burkley;USA;English;R;Action;Drama;Thriller;10000000,0;3060858,0;208;1980;-6939142,0;-69,4;Faible (<6)
Peaceful Warrior ;tt0438315;2006;120;7,3;20426;Victor Salva;Scott Mechlowicz;Tim DeKay;Agnes Bruckner;Germany;English;PG-13;Drama;Romance;Sport;10000000,0;1055654,0;0;2000;-8944346,0;-89,4;Bon (7-8)
Bucky Larson: Born to Be a Star ;tt1411664;2011;97;3,3;9541;Tom Brady;Don Johnson;Kevin Nealon;Nicholas Turturro;USA;English;R;Comedy;;;10000000,0;2331318,0;0;2010;-7668682,0;-76,7;Faible (<6)
Bamboozled ;tt0215545;2000;135;6,5;8720;Spike Lee;Gillian White;Michael Rapaport;Jada Pinkett Smith;USA;English;R;Comedy;Drama;Music;10000000,0;2185266,0;1000;2000;-7814734,0;-78,1;Moyen (6-7)
The Forest ;tt3387542;2016;93;4,8;20837;Jason Zada;Eoin Macken;Stephanie Vogt;Gen Seto;USA;English;PG-13;Horror;Mystery;Thriller;10000000,0;26583369,0;10000;2010;16583369,0;165,8;Faible (<6)
Sphinx ;tt0083113;1981;118;5,2;892;Franklin J. Schaffner;Frank Langella;William Hootkins;John Gielgud;USA;English;PG;Adventure;Mystery;Thriller;14000000,0;800000,0;106;1980;-13200000,0;-94,3;Faible (<6)
While We're Young ;tt1791682;2014;97;6,3;30325;Noah Baumbach;Naomi Watts;Maria Dizzia;Dree Hemingway;USA;English;R;Comedy;Drama;;10000000,0;7574066,0;0;2010;-2425934,0;-24,3;Moyen (6-7)
A Better Life ;tt1554091;2011;98;7,2;13174;Chris Weitz;Demián Bichir;Eddie 'Piolin' Sotelo;Robert Peters;USA;English;PG-13;Drama;Romance;;10000000,0;1754319,0;0;2010;-8245681,0;-82,5;Bon (7-8)
Spider ;tt0278731;2002;98;6,8;30096;David Cronenberg;Miranda Richardson;John Neville;Lynn Redgrave;Canada;English;R;Drama;Mystery;Thriller;8000000,0;1641788,0;0;2000;-6358212,0;-79,5;Moyen (6-7)
Gun Shy ;tt0171356;2000;101;5,7;5936;Eric Blakeney;Liam Neeson;Oliver Platt;Mitch Pileggi;USA;English;R;Comedy;Crime;Romance;10000000,0;1631839,0;242;2000;-8368161,0;-83,7;Faible (<6)
Nicholas Nickleby ;tt0309912;2002;132;7,2;9395;Douglas McGrath;Charlie Hunnam;Anne Hathaway;Jim Broadbent;UK;English;PG;Drama;Romance;;10000000,0;1309849,0;0;2000;-8690151,0;-86,9;Bon (7-8)
The Iceman ;tt1491044;2012;106;6,9;55567;Ariel Vromen;Chris Evans;James Franco;Robert Davi;USA;English;R;Biography;Crime;Drama;10000000,0;1939441,0;20000;2010;-8060559,0;-80,6;Moyen (6-7)
Krrish ;tt0432637;2006;168;6,3;12411;Rakesh Roshan;Naseeruddin Shah;Rekha;Sharat Saxena;India;Hindi;Not Rated;Action;Adventure;Romance;10000000,0;;533;2000;;;Moyen (6-7)
Cecil B. DeMented ;tt0173716;2000;87;6,2;11403;John Waters;Alicia Witt;Melanie Griffith;Kevin Nealon;France;English;R;Comedy;Crime;Thriller;10000000,0;1276984,0;795;2000;-8723016,0;-87,2;Moyen (6-7)
Killer Joe ;tt1726669;2011;98;6,7;59297;William Friedkin;Matthew McConaughey;Scott A. Martin;Carol Sutton;USA;English;R;Crime;Drama;Romance;11000000,0;1987762,0;12000;2010;-9012238,0;-81,9;Moyen (6-7)
The Joneses ;tt1285309;2009;96;6,5;33473;Derrick Borte;Demi Moore;Gary Cole;Robert Pralgo;USA;English;R;Comedy;Drama;;5000000,0;1474508,0;0;2000;-3525492,0;-70,5;Moyen (6-7)
Owning Mahowny ;tt0285861;2003;104;7,2;10585;Richard Kwietniowski;Philip Seymour Hoffman;Minnie Driver;Maury Chaykin;Canada;English;R;Crime;Drama;Thriller;10000000,0;1011054,0;0;2000;-8988946,0;-89,9;Bon (7-8)
The Brothers Solomon ;tt0784972;2007;93;5,3;9517;Bob Odenkirk;Jenna Fischer;Lee Majors;Will Forte;USA;English;R;Comedy;;;10000000,0;900926,0;319;2000;-9099074,0;-91,0;Faible (<6)
My Blueberry Nights ;tt0765120;2007;95;6,7;44208;Kar-Wai Wong;Natalie Portman;Norah Jones;Adriane Lenox;Hong Kong;English;PG-13;Drama;Romance;;10000000,0;866778,0;0;2000;-9133222,0;-91,3;Moyen (6-7)
Illuminata ;tt0120709;1998;119;6,2;1402;John Turturro;Beverly D'Angelo;Ben Gazzara;George DiCenzo;Spain;English;R;Drama;;;;836641,0;74;1990;;;Moyen (6-7)
Swept Away ;tt0291502;2002;89;3,6;13145;Guy Ritchie;Bruce Greenwood;Jeanne Tripplehorn;David Thornton;UK;English;R;Comedy;Romance;;10000000,0;598645,0;725;2000;-9401355,0;-94,0;Faible (<6)
War, Inc. ;tt0884224;2008;107;5,7;20008;Joshua Seftel;Bashar Rahal;Sergej Trifunovic;Ned Bellamy;USA;English;R;Action;Comedy;Thriller;10000000,0;578527,0;883;2000;-9421473,0;-94,2;Faible (<6)
Shaolin Soccer ;tt0286112;2001;85;7,3;56923;Stephen Chow;Wei Zhao;Karen Mok;Kwok-Kwan Chan;Hong Kong;Cantonese;PG;Action;Comedy;Sport;10000000,0;488872,0;0;2000;-9511128,0;-95,1;Bon (7-8)
The Brown Bunny ;tt0330099;2003;93;5,0;11487;Vincent Gallo;Vincent Gallo;Cheryl Tiegs;Anna Vareschi;USA;English;Not Rated;Drama;;;10000000,0;365734,0;952;2000;-9634266,0;-96,3;Faible (<6)
The Swindle ;tt0120018;1997;101;6,6;1649;Claude Chabrol;Isabelle Huppert;François Cluzet;Michel Serrault;France;French;;Comedy;Crime;Thriller;60000000,0;231417,0;33;1990;-59768583,0;-99,6;Moyen (6-7)
Rosewater ;tt2752688;2014;103;6,6;8307;Jon Stewart;Numan Acar;Claire Foy;Haluk Bilginer;USA;English;R;Biography;Drama;;5000000,0;3093491,0;5000;2010;-1906509,0;-38,1;Moyen (6-7)
The Chambermaid on the Titanic ;tt0129923;1997;101;6,8;1135;Bigas Luna;Olivier Martinez;Aitana Sánchez-Gijón;Romane Bohringer;France;French;;Drama;Romance;;;244465,0;85;1990;;;Moyen (6-7)
Coriolanus ;tt1372686;2011;123;6,2;27009;Ralph Fiennes;Gerard Butler;Ashraf Barhom;Lubna Azabal;UK;English;R;Drama;Thriller;War;;756452,0;12000;2010;;;Moyen (6-7)
Imaginary Heroes ;tt0373024;2004;111;7,3;8708;Dan Harris;Kip Pardue;Ryan Donowho;Larry Fessenden;USA;English;R;Comedy;Drama;;4000000,0;228524,0;345;2000;-3771476,0;-94,3;Bon (7-8)
High Heels and Low Lifes ;tt0253126;2001;86;6,2;3080;Mel Smith;Minnie Driver;Danny Dyer;Mary McCormack;UK;English;R;Action;Comedy;Drama;10000000,0;226792,0;117;2000;-9773208,0;-97,7;Moyen (6-7)
World's Greatest Dad ;tt1262981;2009;99;6,9;31964;Bobcat Goldthwait;Robin Williams;Daryl Sabara;Henry Simmons;USA;English;R;Comedy;Drama;;;221210,0;0;2000;;;Moyen (6-7)
Severance ;tt0464196;2006;90;6,6;31890;Christopher Smith;Danny Dyer;Toby Stephens;Laura Harris;UK;English;R;Comedy;Horror;Thriller;5000000,0;136432,0;0;2000;-4863568,0;-97,3;Moyen (6-7)
Edmond ;tt0443496;2005;82;6,3;9971;Stuart Gordon;Joe Mantegna;Dulé Hill;Jeffrey Combs;USA;English;R;Drama;Thriller;;10000000,0;131617,0;661;2000;-9868383,0;-98,7;Moyen (6-7)
Welcome to the Rileys ;tt1183923;2010;110;7,0;19979;Jake Scott;Kristen Stewart;Ally Sheedy;Kerry Cahill;UK;English;R;Drama;;;;152857,0;0;2010;;;Bon (7-8)
Police Academy: Mission to Moscow ;tt0110857;1994;83;3,3;24958;Alan Metter;Christopher Lee;Michael Winslow;G.W. Bailey;USA;English;PG;Comedy;Crime;;6200000,0;126247,0;321;1990;-6073753,0;-98,0;Faible (<6)
Blood Done Sign My Name ;tt1210039;2010;128;6,7;465;Jeb Stuart;Ricky Schroder;Nate Parker;Lee Norris;USA;English;PG-13;Drama;;;;82739,0;503;2010;;;Moyen (6-7)
Cinco de Mayo, La Batalla ;tt2553908;2013;125;6,2;683;Rafa Lara;Jorge Luis Moreno;Andrés Montiel;William Miller;Mexico;Spanish;R;Drama;History;War;10000000,0;169379,0;874;2010;-9830621,0;-98,3;Moyen (6-7)
Elsa & Fred ;tt2113659;2014;97;6,5;2041;Michael Radford;Chris Noth;Jared Gilman;James Brolin;USA;English;PG-13;Comedy;Drama;Romance;10000000,0;;0;2010;;;Moyen (6-7)
An Alan Smithee Film: Burn Hollywood Burn ;tt0118577;1997;86;3,5;2971;Arthur Hiller;Eric Idle;Harvey Weinstein;Ryan O'Neal;USA;English;R;Comedy;;;10000000,0;15447,0;89;1990;-9984553,0;-99,8;Faible (<6)
The Open Road ;tt1007018;2009;91;5,5;2941;Michael Meredith;Jeff Bridges;Justin Timberlake;Ted Danson;USA;English;PG-13;Comedy;Drama;;10000000,0;19348,0;370;2000;-9980652,0;-99,8;Faible (<6)
The Good Guy ;tt1247662;2009;90;5,9;7759;Julio DePietro;Adrian Martinez;Scott Porter;Aaron Yoo;USA;English;R;Comedy;Romance;;8000000,0;100503,0;1000;2000;-7899497,0;-98,7;Faible (<6)
Motherhood ;tt1220220;2009;90;4,7;3662;Katherine Dieckmann;Stephanie Szostak;Minnie Driver;Anthony Edwards;USA;English;PG-13;Comedy;Drama;;5000000,0;92900,0;546;2000;-4907100,0;-98,1;Faible (<6)
Free Style ;tt1128071;2008;94;4,2;361;William Dear;Madison Pettis;Corbin Bleu;Sandra Echeverría;Canada;English;PG;Drama;;;;140987,0;58;2000;;;Faible (<6)
Strangerland ;tt2325977;2015;112;5,2;5637;Kim Farrant;Nicholas Hamilton;Reef Ireland;Sean Keenan;Australia;English;R;Drama;Mystery;Thriller;10000000,0;;0;2010;;;Faible (<6)
The Janky Promoters ;tt1210071;2009;85;5,2;1097;Marcus Raboy;Mike Epps;Tamala Jones;Glenn Plummer;USA;English;R;Comedy;Crime;Music;;;402;2000;;;Faible (<6)
Blonde Ambition ;tt0887719;2007;93;3,9;4995;Scott Marshall;Drew Fuller;Drew Waters;Larry Miller;USA;English;PG-13;Comedy;Romance;;10000000,0;5561,0;160;2000;-9994439,0;-99,9;Faible (<6)
The Oxford Murders ;tt0488604;2008;104;6,1;22753;Álex de la Iglesia;Jim Carter;Leonor Watling;Danny Sapani;Spain;English;R;Crime;Mystery;Thriller;10000000,0;3607,0;0;2000;-9996393,0;-100,0;Moyen (6-7)
The Reef ;tt1320291;2010;94;5,8;11950;Andrew Traucki;Damian Walshe-Howling;Gyton Grantley;Adrienne Pickering;Australia;English;R;Horror;Thriller;;;;0;2010;;;Faible (<6)
Eulogy ;tt0349416;2004;85;6,7;7690;Michael Clancy;Zooey Deschanel;Rip Torn;Kelly Preston;USA;English;R;Comedy;Drama;;6500000,0;70527,0;376;2000;-6429473,0;-98,9;Moyen (6-7)
White Noise 2: The Light ;tt0496436;2007;99;5,7;11285;Patrick Lussier;Teryl Rothery;Craig Fairbrass;Adrian Holmes;USA;English;PG-13;Drama;Fantasy;Horror;10000000,0;;509;2000;;;Faible (<6)
You Got Served: Beat the World ;tt1568139;2011;91;4,5;1642;Robert Adetuyi;Shane Pollard;Mishael Morgan;Chase Armitage;Canada;English;PG-13;Drama;Music;;10000000,0;;0;2010;;;Faible (<6)
Fifty Dead Men Walking ;tt1097643;2008;117;6,9;9585;Kari Skogland;Jim Sturgess;Kevin Zegers;Michael McElhatton;UK;English;R;Drama;Thriller;;6000000,0;;0;2000;;;Moyen (6-7)
Jungle Shuffle ;tt2722786;2014;85;4,8;162;Taedong Park;Drake Bell;Tom Arnold;Amanda Troop;South Korea;English;;Adventure;Animation;;10000000,0;;186;2010;;;Faible (<6)
Adam Resurrected ;tt0479341;2008;106;6,3;3075;Paul Schrader;Veronica Ferres;Ayelet Zurer;Derek Jacobi;Germany;English;R;Drama;War;;10000000,0;;589;2000;;;Moyen (6-7)
Of Horses and Men ;tt3074732;2013;81;6,9;1920;Benedikt Erlingsson;Ingvar Eggert Sigurðsson;Charlotte Bøving;Sigríður María Egilsdóttir;Iceland;Icelandic;;Comedy;Drama;Romance;10000000,0;11835,0;1000;2010;-9988165,0;-99,9;Moyen (6-7)
It's a Wonderful Afterlife ;tt1319716;2010;100;5,4;1250;Gurinder Chadha;Sendhil Ramamurthy;Mark Addy;Shabana Azmi;UK;English;PG-13;Comedy;Drama;Horror;10000000,0;;695;2010;;;Faible (<6)
The Devil's Tomb ;tt1147687;2009;90;3,8;5715;Jason Connery;Ray Winstone;Henry Rollins;Jason London;USA;English;R;Action;Horror;Sci-Fi;10000000,0;;486;2000;;;Faible (<6)
Partition ;tt0213985;2007;116;7,0;2223;Vic Sarin;Jimi Mistry;Jesse Moss;John Light;Canada;English;R;Drama;Romance;;10000000,0;;746;2000;;;Bon (7-8)
Good Intentions ;tt1070781;2010;84;5,2;553;Jim Issa;Elaine Hendrix;Luke Perry;Jon Gries;USA;English;PG-13;Comedy;;;10000000,0;;119;2010;;;Faible (<6)
The Good, the Bad, the Weird ;tt0901487;2008;135;7,3;26156;Jee-woon Kim;Kang-ho Song;Woo-sung Jung;Dal-su Oh;South Korea;Korean;R;Action;Adventure;Comedy;10000000,0;128486,0;0;2000;-9871514,0;-98,7;Bon (7-8)
Nurse 3D ;tt1913166;2013;84;4,6;7286;Douglas Aarniokoski;Boris Kodjoe;Katrina Bowden;Kathleen Turner;USA;English;R;Horror;Thriller;;10000000,0;;0;2010;;;Faible (<6)
Gunless ;tt1376195;2010;89;6,5;3015;William Phillips;Tyler Mane;Callum Rennie;Dustin Milligan;Canada;English;;Action;Comedy;Drama;10000000,0;;850;2010;;;Moyen (6-7)
Adventureland ;tt1091722;2009;107;6,8;131180;Greg Mottola;Kristen Stewart;Martin Starr;Wendie Malick;USA;English;R;Comedy;Drama;Romance;;16025394,0;0;2000;;;Moyen (6-7)
The Lost City ;tt0343996;2005;144;6,7;8369;Andy Garcia;Danny Pino;Victor Rivers;Enrique Murciano;USA;English;R;Drama;Romance;;9600000,0;2483955,0;957;2000;-7116045,0;-74,1;Moyen (6-7)
Next Friday ;tt0195945;2000;98;6,1;27492;Steve Carr;John Witherspoon;Mike Epps;Rolando Molina;USA;English;R;Comedy;;;9500000,0;57176582,0;0;2000;47676582,0;501,9;Moyen (6-7)
American Heist ;tt2923316;2014;94;5,2;12372;Sarik Andreasyan;Hayden Christensen;Jordana Brewster;Akon;Canada;English;R;Action;Crime;Drama;10000000,0;;0;2010;;;Faible (<6)
You Only Live Twice ;tt0062512;1967;117;6,9;75280;Lewis Gilbert;Donald Pleasence;Burt Kwouk;Desmond Llewelyn;UK;English;Approved;Action;Adventure;Thriller;9500000,0;43100000,0;0;1960;33600000,0;353,7;Moyen (6-7)
Plastic ;tt2556874;2014;102;6,0;5865;Julian Gilbey;Mem Ferda;Alfie Allen;Malese Jow;UK;English;R;Action;Comedy;Crime;10000000,0;;1000;2010;;;Moyen (6-7)
Amour ;tt1602620;2012;127;7,9;70382;Michael Haneke;Isabelle Huppert;Emmanuelle Riva;Jean-Louis Trintignant;France;French;PG-13;Drama;Romance;;8900000,0;225377,0;33000;2010;-8674623,0;-97,5;Bon (7-8)
Poltergeist III ;tt0095889;1988;98;4,5;13190;Gary Sherman;Tom Skerritt;Heather O'Rourke;Zelda Rubinstein;USA;English;PG-13;Horror;Thriller;;10500000,0;14114488,0;616;1980;3614488,0;34,4;Faible (<6)
Re-Kill ;tt1612319;2015;88;5,1;1763;Valeri Milev;Daniella Alonso;Roger Cross;Jesse Garcia;USA;English;R;Action;Horror;;9500000,0;;898;2010;;;Faible (<6)
It's a Mad, Mad, Mad, Mad World ;tt0057193;1963;197;7,6;29323;Stanley Kramer;Jonathan Winters;Sid Caesar;Spencer Tracy;USA;English;Approved;Action;Adventure;Comedy;9400000,0;46300000,0;0;1960;36900000,0;392,6;Bon (7-8)
Volver ;tt0441909;2006;121;7,6;76681;Pedro Almodóvar;Carmen Maura;Lola Dueñas;Antonio de la Torre;Spain;Spanish;R;Comedy;Crime;Drama;;12899702,0;0;2000;;;Bon (7-8)
Heavy Metal ;tt0082509;1981;90;6,7;23516;Gerald Potterton;John Vernon;Joe Flaherty;Don Francks;Canada;English;R;Adventure;Animation;Fantasy;9300000,0;;0;1980;;;Moyen (6-7)
Gentlemen Broncos ;tt1161418;2009;89;6,1;9006;Jared Hess;Jizelle Jade;Michael Angarano;Héctor Jiménez;USA;English;PG-13;Adventure;Comedy;Sci-Fi;;113155,0;0;2000;;;Moyen (6-7)
Richard III ;tt0114279;1995;104;7,5;11612;Richard Loncraine;Robert Downey Jr.;Jim Broadbent;Kristin Scott Thomas;UK;English;R;Drama;War;;6000000,0;2600000,0;0;1990;-3400000,0;-56,7;Bon (7-8)
Into the Grizzly Maze ;tt1694021;2015;94;5,3;4486;David Hackl;Scott Glenn;Michaela McManus;Luisa D'Oliveira;USA;English;R;Action;Horror;Thriller;10000000,0;;0;2010;;;Faible (<6)
Kites ;tt1198101;2010;90;6,0;9673;Anurag Basu;Bárbara Mori;Steven Michael Quezada;Kabir Bedi;India;English;;Action;Drama;Romance;600000000,0;1602466,0;0;2010;-598397534,0;-99,7;Moyen (6-7)
Melancholia ;tt1527186;2011;130;7,1;128729;Lars von Trier;Alexander Skarsgård;Kirsten Dunst;Charlotte Rampling;Denmark;English;R;Drama;Sci-Fi;;7400000,0;3029870,0;50000;2010;-4370130,0;-59,1;Bon (7-8)
Red Dog ;tt0803061;2011;92;7,5;13003;Kriv Stenders;Noah Taylor;Keisha Castle-Hughes;Luke Ford;Australia;English;PG;Biography;Comedy;Drama;8500000,0;;10000;2010;;;Bon (7-8)
Jab Tak Hai Jaan ;tt2176013;2012;176;6,9;42296;Yash Chopra;Shah Rukh Khan;Katrina Kaif;Vic Waghorn;India;Hindi;Not Rated;Drama;Romance;;7217600,0;3047539,0;12000;2010;-4170061,0;-57,8;Moyen (6-7)
Alien ;tt0078748;1979;116;8,5;563827;Ridley Scott;Tom Skerritt;Yaphet Kotto;Bolaji Badejo;UK;English;R;Horror;Sci-Fi;;11000000,0;78900000,0;23000;1970;67900000,0;617,3;Excellent (8+)
The Texas Chain Saw Massacre ;tt0072271;1974;88;7,5;96410;Tobe Hooper;Gunnar Hansen;Edwin Neal;Marilyn Burns;USA;English;R;Horror;Thriller;;83532,0;30859000,0;0;1970;30775468,0;36842,7;Bon (7-8)
The Runaways ;tt1017451;2010;106;6,6;39260;Floria Sigismondi;Kristen Stewart;Scout Taylor-Compton;Johnny Lewis;USA;English;R;Biography;Drama;Music;10000000,0;3571735,0;0;2010;-6428265,0;-64,3;Moyen (6-7)
Fiddler on the Roof ;tt0067093;1971;181;8,0;29839;Norman Jewison;Topol;Paul Michael Glaser;Rosalind Harris;USA;English;G;Drama;Family;Musical;9000000,0;50000000,0;0;1970;41000000,0;455,6;Excellent (8+)
Thunderball ;tt0059800;1965;130;7,0;82073;Terence Young;Desmond Llewelyn;Earl Cameron;Lois Maxwell;UK;English;Approved;Action;Adventure;Thriller;9000000,0;63600000,0;0;1960;54600000,0;606,7;Bon (7-8)
Detention ;tt1701990;2011;93;5,8;12520;Joseph Kahn;Josh Hutcherson;Shanley Caswell;Parker Bagley;USA;English;R;Comedy;Horror;Sci-Fi;10000000,0;;0;2010;;;Faible (<6)
Loose Cannons ;tt1405810;2010;110;7,3;8667;Ferzan Ozpetek;Riccardo Scamarcio;Alessandro Preziosi;Lunetta Savino;Italy;Italian;;Comedy;Drama;Romance;;;0;2010;;;Bon (7-8)
Set It Off ;tt0117603;1996;123;6,8;10139;F. Gary Gray;Vivica A. Fox;Jada Pinkett Smith;Blair Underwood;USA;English;R;Action;Crime;Drama;9000000,0;36049108,0;0;1990;27049108,0;300,5;Moyen (6-7)
The Best Man ;tt0168501;1999;120;6,7;6525;Malcolm D. Lee;Harold Perrineau;Sanaa Lathan;Jarrod Bunch;USA;English;R;Comedy;Drama;;9000000,0;34074895,0;0;1990;25074895,0;278,6;Moyen (6-7)
Child's Play ;tt0094862;1988;87;6,5;62038;Tom Holland;Catherine Hicks;Alex Vincent;Dinah Manoff;USA;English;R;Fantasy;Horror;;9000000,0;33244684,0;0;1980;24244684,0;269,4;Moyen (6-7)
Sicko ;tt0386032;2007;123;8,0;66610;Michael Moore;Michael Moore;Tucker Albrizzi;Bill Clinton;USA;English;PG-13;Documentary;Drama;;9000000,0;24530513,0;0;2000;15530513,0;172,6;Excellent (8+)
The Purge: Anarchy ;tt2975578;2014;103;6,5;92364;James DeMonaco;Noel Gugliemi;Zach Gilford;Roberta Valderrama;USA;English;R;Action;Horror;Sci-Fi;9000000,0;71519230,0;15000;2010;62519230,0;694,7;Moyen (6-7)
Down to You ;tt0186975;2000;91;4,9;12324;Kris Isacsson;Rosario Dawson;Lauren German;Shawn Hatosy;USA;English;PG-13;Comedy;Drama;Romance;9000000,0;20035310,0;580;2000;11035310,0;122,6;Faible (<6)
Harold & Kumar Go to White Castle ;tt0366551;2004;88;7,1;155262;Danny Leiner;Ethan Embry;Fred Willard;Paula Garcés;USA;English;R;Adventure;Comedy;;9000000,0;18225165,0;0;2000;9225165,0;102,5;Bon (7-8)
The Contender ;tt0208874;2000;126;7,0;20449;Rod Lurie;Jeff Bridges;Gary Oldman;William Petersen;USA;English;R;Drama;Thriller;;20000000,0;17804273,0;1000;2000;-2195727,0;-11,0;Bon (7-8)
Boiler Room ;tt0181984;2000;120;7,0;41313;Ben Younger;Vin Diesel;Nia Long;Herbert Russell;USA;English;R;Crime;Drama;Thriller;8000000,0;16938179,0;0;2000;8938179,0;111,7;Bon (7-8)
Trading Places ;tt0086465;1983;116;7,5;102895;John Landis;Don Ameche;Denholm Elliott;Ralph Bellamy;USA;English;R;Comedy;;;;90400000,0;0;1980;;;Bon (7-8)
Black Christmas ;tt0454082;2006;94;4,5;19918;Glen Morgan;Oliver Hudson;Crystal Lowe;Andrea Martin;USA;English;R;Horror;;;9000000,0;16235293,0;0;2000;7235293,0;80,4;Faible (<6)
Breakin' All the Rules ;tt0349169;2004;85;5,5;4247;Daniel Taplitz;Jennifer Esposito;Tate Taylor;Patrick Cranshaw;USA;English;PG-13;Comedy;Romance;;;11827301,0;266;2000;;;Faible (<6)
Henry V ;tt0097499;1989;137;7,7;23441;Kenneth Branagh;Brian Blessed;Derek Jacobi;Danny Webb;UK;English;PG-13;Action;Biography;Drama;9000000,0;10161099,0;0;1980;1161099,0;12,9;Bon (7-8)
The Savages ;tt0775529;2007;114;7,2;32188;Tamara Jenkins;Philip Seymour Hoffman;David Zayas;Gbenga Akinnagbe;USA;English;R;Comedy;Drama;;;6610326,0;0;2000;;;Bon (7-8)
Chasing Papi ;tt0323572;2003;76;4,8;3419;Linda Mendoza;Carlos Ponce;Freddy Rodríguez;Maria Conchita Alonso;USA;English;PG;Comedy;Romance;;;6126237,0;419;2000;;;Faible (<6)
The Way of the Gun ;tt0202677;2000;119;6,7;27536;Christopher McQuarrie;Kristin Lehman;Nicky Katt;Dylan Kussman;USA;English;R;Action;Crime;Drama;8500000,0;6047856,0;1000;2000;-2452144,0;-28,8;Moyen (6-7)
Igby Goes Down ;tt0280760;2002;99;7,0;29058;Burr Steers;Kieran Culkin;Rory Culkin;Bill Irwin;USA;English;R;Comedy;Drama;;9000000,0;4681503,0;838;2000;-4318497,0;-48,0;Bon (7-8)
PCU ;tt0110759;1994;79;6,5;10476;Hart Bochner;Jon Favreau;Matt Ross;Chris Young;USA;English;PG-13;Comedy;;;8000000,0;4350774,0;0;1990;-3649226,0;-45,6;Moyen (6-7)
The Ultimate Gift ;tt0482629;2006;114;7,4;14100;Michael O. Sajbel;Bill Cobbs;Drew Fuller;Mircea Monroe;USA;English;PG;Drama;Family;Romance;;3420871,0;0;2000;;;Bon (7-8)
The Ice Pirates ;tt0087451;1984;91;5,7;7767;Stewart Raffill;Anjelica Huston;John Carradine;Robert Urich;USA;English;PG;Action;Adventure;Comedy;9000000,0;;0;1980;;;Faible (<6)
Gracie ;tt0441007;2007;95;6,2;3624;Davis Guggenheim;Emma Bell;John Doman;Carly Schroeder;USA;English;PG-13;Biography;Drama;Sport;9000000,0;2955039,0;313;2000;-6044961,0;-67,2;Moyen (6-7)
Trust the Man ;tt0427968;2005;103;5,7;7833;Bart Freundlich;Billy Crudup;Garry Shandling;Dagmara Dominczyk;USA;English;R;Comedy;Drama;Romance;9000000,0;1530535,0;215;2000;-7469465,0;-83,0;Faible (<6)
Hamlet 2 ;tt1104733;2008;92;6,4;15200;Andrew Fleming;Steve Coogan;Amy Poehler;David Arquette;USA;English;R;Comedy;Music;;9000000,0;4881867,0;1000;2000;-4118133,0;-45,8;Moyen (6-7)
Velvet Goldmine ;tt0120879;1998;124;7,0;27766;Todd Haynes;Christian Bale;Eddie Izzard;Janet McTeer;UK;English;R;Drama;Music;;;1043487,0;0;1990;;;Bon (7-8)
The Wailing ;tt5215952;2016;156;7,7;2379;Hong-jin Na;Jung-min Hwang;Jun Kunimura;Woo-hee Chun;South Korea;Korean;Not Rated;Fantasy;Horror;Mystery;;770629,0;0;2010;;;Bon (7-8)
Glee: The 3D Concert Movie ;tt1922612;2011;84;5,4;5156;Kevin Tancharoen;Lea Michele;Heather Morris;Kevin McHale;USA;English;PG;Documentary;Music;;9000000,0;11860839,0;0;2010;2860839,0;31,8;Faible (<6)
The Legend of Suriyothai ;tt0290879;2001;300;6,6;1666;Chatrichalerm Yukol;Sarunyu Wongkrachang;Chatchai Plengpanich;Mai Charoenpura;Thailand;Thai;R;Action;Adventure;Drama;400000000,0;454255,0;124;2000;-399545745,0;-99,9;Moyen (6-7)
Two Evil Eyes ;tt0100827;1990;120;6,1;4302;Dario Argento;John Amos;Adrienne Barbeau;Sally Kirkland;Italy;English;R;Horror;;;9000000,0;349618,0;375;1990;-8650382,0;-96,1;Moyen (6-7)
Barbecue ;tt3202120;2014;98;6,1;1673;Eric Lavaine;Lambert Wilson;Julie Engelbrecht;Lionel Abelanski;France;French;;Comedy;;;;;348;2010;;;Moyen (6-7)
All or Nothing ;tt0286261;2002;121;7,6;8161;Mike Leigh;Lesley Manville;Ruth Sheen;Gary McDonald;UK;English;R;Drama;;;9000000,0;112935,0;484;2000;-8887065,0;-98,7;Bon (7-8)
Princess Kaiulani ;tt1185344;2009;97;6,2;1201;Marc Forby;Q'orianka Kilcher;Will Patton;Shaun Evans;USA;English;PG;Drama;;;9000000,0;883887,0;0;2000;-8116113,0;-90,2;Moyen (6-7)
Opal Dream ;tt0420835;2006;86;6,6;813;Peter Cattaneo;Jacqueline McKenzie;Vince Colosimo;Peter Callan;Australia;English;PG;Drama;Family;;11400000,0;13751,0;135;2000;-11386249,0;-99,9;Moyen (6-7)
Flame and Citron ;tt0920458;2008;45;7,3;14247;Ole Christian Madsen;Lars Mikkelsen;Thure Lindhardt;Christian Berkel;Denmark;Danish;Not Rated;Drama;History;Thriller;45000000,0;145109,0;0;2000;-44854891,0;-99,7;Bon (7-8)
Undiscovered ;tt0434424;2005;97;4,2;2599;Meiert Avis;Fisher Stevens;Kip Pardue;Perrey Reeves;Germany;English;PG-13;Comedy;Music;Romance;9000000,0;1046166,0;128;2000;-7953834,0;-88,4;Faible (<6)
Red Riding: In the Year of Our Lord 1974 ;tt1259574;2009;102;7,1;9305;Julian Jarrold;Andrew Garfield;Warren Clarke;John Henshaw;UK;English;Not Rated;Crime;Drama;Mystery;;;0;2000;;;Bon (7-8)
The Girl on the Train ;tt1183672;2009;105;6,0;1219;André Téchiné;Catherine Deneuve;Ronit Elkabetz;Émilie Dequenne;France;French;Unrated;Drama;;;;2874,0;120;2000;;;Moyen (6-7)
Veronika Decides to Die ;tt1068678;2009;103;6,5;10100;Emily Young;Sarah Michelle Gellar;Erika Christensen;Jonathan Tucker;USA;English;R;Drama;Romance;;9000000,0;;3000;2000;;;Moyen (6-7)
Crocodile Dundee ;tt0090555;1986;93;6,5;74743;Peter Faiman;Paul Hogan;Linda Kozlowski;David Gulpilil;Australia;English;PG-13;Adventure;Comedy;;8800000,0;174635000,0;0;1980;165835000,0;1884,5;Moyen (6-7)
Ultramarines: A Warhammer 40,000 Movie ;tt1679332;2010;76;5,7;4990;Martyn Pick;Sean Pertwee;Steven Waddington;Donald Sumpter;UK;English;R;Action;Animation;Fantasy;;;0;2010;;;Faible (<6)
The I Inside ;tt0325596;2004;90;6,1;9296;Roland Suso Richter;Stephen Graham;Sarah Polley;Stephen Rea;UK;English;R;Mystery;Sci-Fi;Thriller;8800000,0;;458;2000;;;Moyen (6-7)
Beneath Hill 60 ;tt1418646;2010;122;7,1;5741;Jeremy Sims;Harrison Gilbertson;Gyton Grantley;Steve Le Marquand;Australia;English;R;Drama;History;War;9000000,0;;0;2010;;;Bon (7-8)
Polisse ;tt1661420;2011;127;7,3;10796;Maïwenn;Riccardo Scamarcio;Maïwenn;Karin Viard;France;French;Not Rated;Crime;Drama;;;171320,0;0;2010;;;Bon (7-8)
Awake ;tt0211933;2007;84;6,5;63216;Joby Harold;Hayden Christensen;Fisher Stevens;Denis O'Hare;USA;English;R;Crime;Mystery;Thriller;8600000,0;14373825,0;0;2000;5773825,0;67,1;Moyen (6-7)
Skin Trade ;tt1641841;2014;96;5,7;5228;Ekachai Uekrongtham;Michael Jai White;Mike Dopud;Celina Jade;Thailand;English;R;Action;Crime;Thriller;9000000,0;162,0;0;2010;-8999838,0;-100,0;Faible (<6)
The Lost Boys ;tt0093437;1987;97;7,2;92924;Joel Schumacher;Dianne Wiest;Jami Gertz;Jason Patric;USA;English;R;Comedy;Fantasy;Horror;;32222567,0;19000;1980;;;Bon (7-8)
Crazy Heart ;tt1263670;2009;112;7,3;67760;Scott Cooper;Jeff Bridges;Beth Grant;Debrianna Mansini;USA;English;R;Drama;Music;Romance;7000000,0;39462438,0;0;2000;32462438,0;463,7;Bon (7-8)
The Rose ;tt0079826;1979;125;6,9;6142;Mark Rydell;David Keith;Frederic Forrest;Alan Bates;USA;English;R;Drama;Music;Romance;8500000,0;29200000,0;1000;1970;20700000,0;243,5;Moyen (6-7)
Baggage Claim ;tt1171222;2013;96;5,0;7098;David E. Talbert;Djimon Hounsou;Christina Milian;Boris Kodjoe;USA;English;PG-13;Comedy;;;8500000,0;21564616,0;0;2010;13064616,0;153,7;Faible (<6)
Barbarella ;tt0062711;1968;98;5,9;24436;Roger Vadim;Jane Fonda;David Hemmings;Milo O'Shea;France;English;PG;Adventure;Comedy;Fantasy;9000000,0;;0;1960;;;Faible (<6)
Shipwrecked ;tt0099816;1990;92;6,7;1984;Nils Gaup;Bjørn Sundquist;Louisa Milwood-Haigh;Stian Smestad;Norway;English;PG;Adventure;Family;;60000000,0;;278;1990;;;Moyen (6-7)
Election ;tt0126886;1999;103;7,3;73640;Alexander Payne;Matthew Broderick;Chris Klein;Molly Hagan;USA;English;R;Comedy;Drama;;8000000,0;14879556,0;0;1990;6879556,0;86,0;Bon (7-8)
The Namesake ;tt0433416;2006;122;7,6;16530;Mira Nair;Jacinda Barrett;Brooke Smith;Tabu;USA;English;PG-13;Drama;;;;13569248,0;0;2000;;;Bon (7-8)
The DUFF ;tt1666801;2015;101;6,5;51326;Ari Sandel;Bella Thorne;Romany Malco;Skyler Samuels;USA;English;PG-13;Comedy;;;8500000,0;34017854,0;8000;2010;25517854,0;300,2;Moyen (6-7)
Glitter ;tt0118589;2001;104;2,1;19412;Vondie Curtis-Hall;Mariah Carey;Max Beesley;Valarie Pettiford;USA;English;PG-13;Drama;Music;Romance;22000000,0;4273372,0;0;2000;-17726628,0;-80,6;Faible (<6)
The Haunting in Connecticut 2: Ghosts of Georgia ;tt1457765;2013;101;5,3;13167;Tom Elkins;Abigail Spencer;Cicely Tyson;Brad James;USA;English;R;Drama;Horror;Mystery;9000000,0;;0;2010;;;Faible (<6)
Silmido ;tt0387596;2003;135;7,2;3290;Woo-Suk Kang;Yu-mi Jeong;Sung-kee Ahn;Kyung-gu Sol;South Korea;Korean;;Action;Drama;;8000000,0;;387;2000;;;Bon (7-8)
Bright Star ;tt0810784;2009;119;7,0;21360;Jane Campion;Abbie Cornish;Paul Schneider;Samuel Roukin;UK;English;PG;Biography;Drama;Romance;8500000,0;4440055,0;0;2000;-4059945,0;-47,8;Bon (7-8)
My Name Is Khan ;tt1188996;2010;128;8,0;69759;Karan Johar;Shah Rukh Khan;Jimmy Shergill;Christopher B. Duncan;India;Hindi;PG-13;Adventure;Drama;Thriller;12000000,0;4018695,0;27000;2010;-7981305,0;-66,5;Excellent (8+)
All Is Lost ;tt2017038;2013;106;6,9;59545;J.C. Chandor;Robert Redford;;;USA;English;PG-13;Action;Adventure;Drama;9000000,0;6262942,0;18000;2010;-2737058,0;-30,4;Moyen (6-7)
Limbo ;tt0164085;1999;126;7,1;5158;John Sayles;Mary Elizabeth Mastrantonio;Casey Siemaszko;Vanessa Martinez;USA;English;R;Adventure;Drama;Thriller;8000000,0;1997807,0;196;1990;-6002193,0;-75,0;Bon (7-8)
Namastey London ;tt0795434;2007;128;7,3;13577;Vipul Amrutlal Shah;Katrina Kaif;Clive Standen;Riteish Deshmukh;India;Hindi;;Comedy;Drama;Romance;;1207007,0;341;2000;;;Bon (7-8)
The Wind That Shakes the Barley ;tt0460989;2006;127;7,5;36846;Ken Loach;Padraic Delaney;Orla Fitzgerald;Martin Lucey;Ireland;English;Not Rated;Drama;War;;;1829142,0;0;2000;;;Bon (7-8)
Yeh Jawaani Hai Deewani ;tt2178470;2013;160;6,9;25122;Ayan Mukerji;Ranbir Kapoor;Madhuri Dixit;Aditya Roy Kapoor;India;Hindi;Not Rated;Comedy;Drama;Musical;;3827466,0;0;2010;;;Moyen (6-7)
Quo Vadis ;tt0043949;1951;171;7,2;9808;Mervyn LeRoy;Peter Ustinov;Deborah Kerr;Robert Taylor;USA;English;Passed;Biography;Drama;History;7623000,0;;1000;1950;;;Bon (7-8)
Repo! The Genetic Opera ;tt0963194;2008;150;6,7;20419;Darren Lynn Bousman;Alexa PenaVega;Paris Hilton;Paul Sorvino;USA;English;R;Horror;Musical;Sci-Fi;8500000,0;140244,0;8000;2000;-8359756,0;-98,4;Moyen (6-7)
Valley of the Wolves: Iraq ;tt0493264;2006;122;6,0;14486;Serdar Akar;Necati Sasmaz;Bergüzar Korel;Ghassan Massoud;Turkey;Arabic;;Action;Adventure;;8300000,0;;467;2000;;;Moyen (6-7)
Pulp Fiction ;tt0110912;1994;178;8,9;1324680;Quentin Tarantino;Bruce Willis;Eric Stoltz;Phil LaMarr;USA;English;R;Crime;Drama;;8000000,0;107930000,0;45000;1990;99930000,0;1249,1;Excellent (8+)
The Muppet Movie ;tt0079588;1979;95;7,7;25498;James Frawley;Madeline Kahn;Jim Henson;Dom DeLuise;UK;English;G;Adventure;Comedy;Family;;76657000,0;0;1970;;;Bon (7-8)
Nightcrawler ;tt2872718;2014;117;7,9;293304;Dan Gilroy;Jake Gyllenhaal;Michael Papajohn;James Huang;USA;English;R;Crime;Drama;Thriller;8500000,0;32279955,0;65000;2010;23779955,0;279,8;Bon (7-8)
Club Dread ;tt0331953;2004;119;5,6;23823;Jay Chandrasekhar;Brittany Daniel;Lindsay Price;Jay Chandrasekhar;USA;English;R;Comedy;Horror;Thriller;8550000,0;4992159,0;713;2000;-3557841,0;-41,6;Faible (<6)
The Sound of Music ;tt0059742;1965;174;8,0;148172;Robert Wise;Eleanor Parker;Angela Cartwright;Nicholas Hammond;USA;English;G;Biography;Drama;Family;8200000,0;163214286,0;15000;1960;155014286,0;1890,4;Excellent (8+)
Splash ;tt0088161;1984;111;6,2;54723;Ron Howard;Tom Hanks;Howard Morris;Patrick Cronin;USA;English;PG;Comedy;Fantasy;Romance;8000000,0;69800000,0;0;1980;61800000,0;772,5;Moyen (6-7)
Little Miss Sunshine ;tt0449059;2006;101;7,9;355810;Jonathan Dayton;Steve Carell;Steven Christopher Parker;Jill Talley;USA;English;R;Comedy;Drama;;8000000,0;59889948,0;15000;2000;51889948,0;648,6;Bon (7-8)
Stand by Me ;tt0092005;1986;89;8,1;271794;Rob Reiner;Marshall Bell;Frances Lee McCain;Casey Siemaszko;USA;English;R;Adventure;Drama;;8000000,0;52287414,0;24000;1980;44287414,0;553,6;Excellent (8+)
28 Days Later... ;tt0289043;2002;113;7,6;297250;Danny Boyle;Noah Huntley;Megan Burns;David Schneider;UK;English;R;Drama;Horror;Sci-Fi;8000000,0;45063889,0;11000;2000;37063889,0;463,3;Bon (7-8)
You Got Served ;tt0365957;2004;95;3,5;23671;Chris Stokes;Jennifer Freeman;Marques Houston;Steve Harvey;USA;English;PG-13;Drama;Music;;8000000,0;40066497,0;0;2000;32066497,0;400,8;Faible (<6)
Escape from Alcatraz ;tt0079116;1979;112;7,6;87090;Don Siegel;Clint Eastwood;Patrick McGoohan;Fred Ward;USA;English;PG;Biography;Crime;Drama;8000000,0;36500000,0;0;1970;28500000,0;356,2;Bon (7-8)
Brown Sugar ;tt0297037;2002;109;6,5;5971;Rick Famuyiwa;Boris Kodjoe;Sanaa Lathan;Wendell Pierce;USA;English;PG-13;Comedy;Drama;Music;8000000,0;27362712,0;0;2000;19362712,0;242,0;Moyen (6-7)
A Thin Line Between Love and Hate ;tt0117891;1996;108;5,6;3122;Martin Lawrence;Faizon Love;Lynn Whitfield;Della Reese;USA;English;R;Comedy;Crime;Drama;8000000,0;34746109,0;559;1990;26746109,0;334,3;Faible (<6)
50/50 ;tt1306980;2011;100;7,7;270441;Jonathan Levine;Joseph Gordon-Levitt;Anna Kendrick;Bryce Dallas Howard;USA;English;R;Comedy;Drama;Romance;8000000,0;34963967,0;40000;2010;26963967,0;337,0;Bon (7-8)
Shutter ;tt0482599;2008;90;5,2;26609;Masayuki Ochiai;James Kyson;David Denman;Daisy Betts;USA;English;PG-13;Horror;Mystery;Thriller;8000000,0;25926543,0;0;2000;17926543,0;224,1;Faible (<6)
That Awkward Moment ;tt1800246;2014;94;6,1;76791;Tom Gormican;Mackenzie Davis;Lola Glaudini;Josh Pais;USA;English;R;Comedy;Romance;;8000000,0;26049082,0;0;2010;18049082,0;225,6;Moyen (6-7)
Modern Problems ;tt0082763;1981;93;5,0;3904;Ken Shapiro;Brian Doyle-Murray;Dabney Coleman;Mary Kay Place;USA;English;PG;Comedy;Fantasy;Sci-Fi;8000000,0;;495;1980;;;Faible (<6)
Kicks ;tt4254584;2016;80;7,8;59;Justin Tipping;Tina Gilton;Natalie Stephany Aguilar;Justin Hall;USA;English;R;Adventure;;;;;240;2010;;;Bon (7-8)
Much Ado About Nothing ;tt0107616;1993;111;7,4;37269;Kenneth Branagh;Keanu Reeves;Denzel Washington;Brian Blessed;UK;English;PG-13;Comedy;Drama;Romance;8000000,0;22551000,0;0;1990;14551000,0;181,9;Bon (7-8)
On Her Majesty's Secret Service ;tt0064757;1969;142;6,8;59941;Peter R. Hunt;Telly Savalas;George Lazenby;Desmond Llewelyn;UK;English;M;Action;Adventure;Thriller;7000000,0;22800000,0;0;1960;15800000,0;225,7;Moyen (6-7)
New Nightmare ;tt0111686;1994;107;6,4;38191;Wes Craven;Miko Hughes;Heather Langenkamp;Tracy Middendorf;USA;English;R;Fantasy;Horror;Mystery;8000000,0;18090181,0;0;1990;10090181,0;126,1;Moyen (6-7)
Drive Me Crazy ;tt0164114;1999;91;5,7;14904;John Schultz;Stephen Collins;Mark Webber;Keri Lynn Pratt;USA;English;PG-13;Comedy;Drama;Romance;8000000,0;17843379,0;0;1990;9843379,0;123,0;Faible (<6)
Akeelah and the Bee ;tt0437800;2006;112;7,5;15337;Doug Atchison;Curtis Armstrong;Sean Michael Afable;Tzi Ma;USA;English;PG;Drama;;;;18811135,0;0;2000;;;Bon (7-8)
Half Baked ;tt0120693;1998;82;6,7;48225;Tamra Davis;Dave Chappelle;Harland Williams;Clarence Williams III;USA;English;R;Comedy;Crime;;8000000,0;17278980,0;0;1990;9278980,0;116,0;Moyen (6-7)
New in Town ;tt1095174;2009;97;5,6;17461;Jonas Elmer;J.K. Simmons;Frances Conroy;Harry Connick Jr.;USA;English;PG;Comedy;Romance;;8000000,0;16699684,0;0;2000;8699684,0;108,7;Faible (<6)
American Psycho ;tt0144084;2000;102;7,6;357275;Mary Harron;Christian Bale;Justin Theroux;Samantha Mathis;USA;English;R;Crime;Drama;;7000000,0;15047419,0;18000;2000;8047419,0;115,0;Bon (7-8)
The Good Girl ;tt0279113;2002;93;6,5;37952;Miguel Arteta;Jake Gyllenhaal;Zooey Deschanel;Tim Blake Nelson;USA;English;R;Drama;Romance;;5000000,0;14015786,0;938;2000;9015786,0;180,3;Moyen (6-7)
Bon Cop Bad Cop ;tt0479647;2006;116;7,0;8616;Erik Canuel;Colm Feore;Richard Howland;Sarain Boylan;Canada;English;R;Action;Comedy;Crime;8000000,0;;758;2000;;;Bon (7-8)
The Boondock Saints II: All Saints Day ;tt1300851;2009;138;6,3;53251;Troy Duffy;Norman Reedus;Julie Benz;Clifton Collins Jr.;USA;English;R;Action;Crime;Thriller;8000000,0;10269307,0;0;2000;2269307,0;28,4;Moyen (6-7)
The City of Your Final Destination ;tt0896923;2009;117;6,4;2311;James Ivory;Alexandra Maria Lara;Omar Metwally;Diego Velazquez;USA;English;PG-13;Drama;Romance;;8300000,0;;638;2000;;;Moyen (6-7)
Enough Said ;tt2390361;2013;93;7,1;49240;Nicole Holofcener;Christopher Nicholas Smith;Ben Falcone;Michaela Watkins;USA;English;PG-13;Comedy;Drama;Romance;8000000,0;17536788,0;12000;2010;9536788,0;119,2;Bon (7-8)
Easy A ;tt1282140;2010;92;7,1;276746;Will Gluck;Emma Stone;Dan Byrd;Fred Armisen;USA;English;PG-13;Comedy;Romance;;8000000,0;58401464,0;19000;2010;50401464,0;630,0;Bon (7-8)
The Inkwell ;tt0110137;1994;110;6,5;1103;Matty Rich;Jada Pinkett Smith;Joe Morton;Larenz Tate;USA;English;R;Comedy;Drama;Romance;;8880705,0;160;1990;;;Moyen (6-7)
Shadow of the Vampire ;tt0189998;2000;92;6,9;34191;E. Elias Merhige;Eddie Izzard;Udo Kier;Catherine McCormack;UK;English;R;Drama;Horror;;8000000,0;8279017,0;0;2000;279017,0;3,5;Moyen (6-7)
Prom ;tt1604171;2011;104;5,4;12702;Joe Nussbaum;Cameron Monaghan;Thomas McDonell;Aimee Teegarden;USA;English;PG;Comedy;Drama;;8000000,0;10106233,0;0;2010;2106233,0;26,3;Faible (<6)
The Pallbearer ;tt0117283;1996;98;4,9;6124;Matt Reeves;Mark Margolis;Michael Rapaport;Carol Kane;USA;English;PG-13;Comedy;Romance;;8000000,0;;125;1990;;;Faible (<6)
Held Up ;tt0165831;1999;89;5,1;2870;Steve Rash;Barry Corbin;Nia Long;Jake Busey;USA;English;PG-13;Comedy;;;8000000,0;4692814,0;77;1990;-3307186,0;-41,3;Faible (<6)
Woman on Top ;tt0206420;2000;92;5,3;8546;Fina Torres;Harold Perrineau;John de Lancie;Mark Feuerstein;USA;English;R;Comedy;Fantasy;Romance;8000000,0;5018450,0;859;2000;-2981550,0;-37,3;Faible (<6)
Howards End ;tt0104454;1992;140;7,5;21254;James Ivory;Anthony Hopkins;Vanessa Redgrave;Samuel West;UK;English;PG;Drama;Romance;;;25967000,0;788;1990;;;Bon (7-8)
Anomalisa ;tt2401878;2015;90;7,3;31489;Duke Johnson;Jennifer Jason Leigh;Tom Noonan;David Thewlis;USA;English;R;Animation;Comedy;Drama;8000000,0;3442820,0;0;2010;-4557180,0;-57,0;Bon (7-8)
Another Year ;tt1431181;2010;129;7,3;23629;Mike Leigh;Jim Broadbent;Imelda Staunton;Phil Davis;UK;English;PG-13;Comedy;Drama;;10000000,0;3205244,0;0;2010;-6794756,0;-67,9;Bon (7-8)
8 Women ;tt0283832;2002;111;7,1;23660;François Ozon;Catherine Deneuve;Isabelle Huppert;Emmanuelle Béart;France;French;R;Comedy;Crime;Musical;8000000,0;3076425,0;0;2000;-4923575,0;-61,5;Bon (7-8)
Showdown in Little Tokyo ;tt0102915;1991;79;6,0;12561;Mark L. Lester;Cary-Hiroyuki Tagawa;Tia Carrere;Vernee Watson;USA;English;R;Action;Comedy;Crime;8000000,0;2275557,0;0;1990;-5724443,0;-71,6;Moyen (6-7)
Clay Pigeons ;tt0118863;1998;104;6,6;9494;David Dobkin;Janeane Garofalo;Vince Vieluf;Kevin Rahm;Germany;English;R;Comedy;Crime;;8000000,0;1789892,0;515;1990;-6210108,0;-77,6;Moyen (6-7)
It's Kind of a Funny Story ;tt0804497;2010;101;7,2;106098;Anna Boden;Zoë Kravitz;Jeremy Davies;Jim Gaffigan;USA;English;PG-13;Comedy;Drama;Romance;8000000,0;6350058,0;20000;2010;-1649942,0;-20,6;Bon (7-8)
Made in Dagenham ;tt1371155;2010;113;7,2;11158;Nigel Cole;Bob Hoskins;Robbie Kay;Sally Hawkins;UK;English;R;Biography;Comedy;Drama;7200000,0;1094798,0;0;2010;-6105202,0;-84,8;Bon (7-8)
When Did You Last See Your Father? ;tt0829098;2007;92;6,9;3571;Anand Tucker;Colin Firth;Jim Broadbent;Gina McKee;UK;English;PG-13;Biography;Drama;;8000000,0;1071240,0;429;2000;-6928760,0;-86,6;Moyen (6-7)
Prefontaine ;tt0119937;1997;106;6,8;5673;Steve James;Kurtwood Smith;Laurel Holloman;Amy Locane;USA;English;PG-13;Biography;Drama;Romance;8000000,0;532190,0;0;1990;-7467810,0;-93,3;Moyen (6-7)
The Wicked Lady ;tt0086582;1983;98;4,0;802;Michael Winner;Faye Dunaway;Marina Sirtis;John Gielgud;UK;English;R;Adventure;Drama;;8000000,0;;79;1980;;;Faible (<6)
The Secret of Kells ;tt0485601;2009;75;7,7;22811;Tomm Moore;Sean Lennon;Mick Lally;Evan McGuire;France;English;Not Rated;Adventure;Animation;Family;6500000,0;686383,0;11000;2000;-5813617,0;-89,4;Bon (7-8)
Begin Again ;tt1980929;2013;104;7,4;99430;John Carney;James Corden;Karen Pittman;Mary Catherine Garrison;USA;English;R;Drama;Music;;8000000,0;16168741,0;43000;2010;8168741,0;102,1;Bon (7-8)
Down in the Valley ;tt0398027;2005;108;6,5;16617;David Jacobson;Hunter Parrish;Bruce Dern;Rory Culkin;USA;English;R;Drama;Romance;Thriller;8000000,0;568695,0;412;2000;-7431305,0;-92,9;Moyen (6-7)
Brooklyn Rules ;tt0283503;2007;99;6,4;5049;Michael Corrente;Jerry Ferrara;Tony Devon;Alexa Havins;USA;English;R;Crime;Drama;;8000000,0;398420,0;226;2000;-7601580,0;-95,0;Moyen (6-7)
Restless ;tt2241676;2012;180;7,2;2098;Edward Hall;Rufus Sewell;Hayley Atwell;Charlotte Rampling;UK;English;;Drama;Romance;;;;434;2010;;;Bon (7-8)
The Singing Detective ;tt0314676;2003;109;5,6;7116;Keith Gordon;Robert Downey Jr.;Robin Wright;Alfre Woodard;USA;English;R;Comedy;Crime;Musical;8000000,0;336456,0;494;2000;-7663544,0;-95,8;Faible (<6)
The Land Girls ;tt0119494;1998;111;6,3;1591;David Leland;Anna Friel;Catherine McCormack;Steven Mackintosh;UK;English;R;Drama;Romance;War;;146083,0;75;1990;;;Moyen (6-7)
Fido ;tt0457572;2006;93;6,8;25055;Andrew Currie;Alexia Fast;Henry Czerny;Kesun Loder;Canada;English;R;Comedy;Drama;Horror;8000000,0;298110,0;0;2000;-7701890,0;-96,3;Moyen (6-7)
The Wendell Baker Story ;tt0373445;2005;99;5,5;5159;Andrew Wilson;Will Ferrell;Eddie Griffin;Jacob Vargas;USA;English;PG-13;Comedy;Drama;Romance;8000000,0;127144,0;143;2000;-7872856,0;-98,4;Faible (<6)
Wild Target ;tt1235189;2010;98;6,9;29994;Jonathan Lynn;Rupert Grint;Rupert Everett;Geoff Bell;UK;English;PG-13;Action;Comedy;Crime;8000000,0;117190,0;0;2010;-7882810,0;-98,5;Moyen (6-7)
Pathology ;tt0964539;2008;95;6,0;26849;Marc Schölermann;John de Lancie;Larry Drake;Johnny Whitworth;USA;English;R;Crime;Horror;Thriller;8000000,0;108662,0;3000;2000;-7891338,0;-98,6;Moyen (6-7)
10th & Wolf ;tt0360323;2006;107;6,4;5557;Robert Moresco;Brian Dennehy;Brad Renfro;Dash Mihok;USA;English;R;Crime;Drama;Thriller;8000000,0;53481,0;294;2000;-7946519,0;-99,3;Moyen (6-7)
Dear Wendy ;tt0342272;2004;102;6,6;9003;Thomas Vinterberg;Michael Angarano;Chris Owen;William Hootkins;Italy;English;Unrated;Comedy;Crime;Drama;50000000,0;23106,0;532;2000;-49976894,0;-100,0;Moyen (6-7)
Aloft ;tt2494384;2014;97;5,3;2103;Claudia Llosa;Ian Tracey;Zen McGrath;William Shimell;Spain;English;R;Drama;;;8000000,0;52961,0;675;2010;-7947039,0;-99,3;Faible (<6)
Akira ;tt0094625;1988;124;8,1;106160;Katsuhiro Ôtomo;Mitsuo Iwata;Takeshi Kusao;Tesshô Genda;Japan;Japanese;R;Action;Animation;Sci-Fi;1100000000,0;439162,0;0;1980;-1099560838,0;-100,0;Excellent (8+)
The Death and Life of Bobby Z ;tt0473188;2007;97;5,9;12078;John Herzfeld;Paul Walker;Olivia Wilde;Jason Flemyng;USA;English;R;Action;Crime;Thriller;22000000,0;;0;2000;;;Faible (<6)
The Rocket: The Legend of Rocket Richard ;tt0460505;2005;124;7,7;4412;Charles Binamé;Stephen McHattie;Roy Dupuis;Julie LeBreton;Canada;French;PG;Biography;Drama;Sport;8000000,0;;520;2000;;;Bon (7-8)
Swelter ;tt2112277;2014;96;4,6;1965;Keith Parmer;Rachel Ann Mullins;Josh Henderson;Grant Bowler;USA;English;R;Action;Crime;Drama;8000000,0;;438;2010;;;Faible (<6)
My Lucky Star ;tt2102502;2013;114;5,1;322;Dennie Gordon;Leehom Wang;Ruby Lin;Jack Kao;China;Chinese;;Action;Adventure;Comedy;;50000,0;81;2010;;;Faible (<6)
Imagine Me & You ;tt0421994;2005;90;6,9;23023;Ol Parker;Celia Imrie;Ben Miles;Darren Boyd;UK;English;R;Comedy;Drama;Romance;7900000,0;671240,0;0;2000;-7228760,0;-91,5;Moyen (6-7)
Mr. Church ;tt4196848;2016;104;8,0;63;Bruce Beresford;Mckenna Grace;Lucy Fry;Natalie Coughlin;USA;English;PG-13;Drama;;;8000000,0;;205;2010;;;Excellent (8+)
Swimming Pool ;tt0324133;2003;102;6,8;35065;François Ozon;Charlotte Rampling;Ludivine Sagnier;Jean-Claude Lecas;France;English;R;Crime;Drama;Mystery;;10105505,0;0;2000;;;Moyen (6-7)
Green Street 3: Never Back Down ;tt2628316;2013;93;5,4;3740;James Nunn;Spencer Wilding;Mark Wingett;Kacey Clarke;UK;English;R;Action;Drama;;;;0;2010;;;Faible (<6)
The Blood of Heroes ;tt0094764;1989;90;6,5;4792;David Webb Peoples;Delroy Lindo;Joan Chen;Anna Katarina;Australia;English;R;Action;Sci-Fi;Sport;10000000,0;882290,0;999;1980;-9117710,0;-91,2;Moyen (6-7)
Code of Honor ;tt4060866;2016;106;4,2;662;Michael Winnick;Scott Takeda;Helena Mattsson;Craig Sheffer;USA;English;R;Action;;;8000000,0;;689;2010;;;Faible (<6)
Driving Miss Daisy ;tt0097239;1989;99;7,4;72324;Bruce Beresford;Morgan Freeman;Jessica Tandy;Patti LuPone;USA;English;PG;Comedy;Drama;Family;7500000,0;106593296,0;3000;1980;99093296,0;1321,2;Bon (7-8)
Soul Food ;tt0120169;1997;115;6,9;5275;George Tillman Jr.;Vanessa Williams;Mekhi Phifer;Vivica A. Fox;USA;English;R;Comedy;Drama;;7500000,0;43490057,0;508;1990;35990057,0;479,9;Moyen (6-7)
Rumble in the Bronx ;tt0113326;1995;89;6,7;29843;Stanley Tong;Françoise Yip;Anita Mui;Garvin Cross;Hong Kong;Cantonese;R;Action;Comedy;;7500000,0;32333860,0;0;1990;24833860,0;331,1;Moyen (6-7)
Far from Men ;tt2936180;2014;101;7,3;4035;David Oelhoffen;Viggo Mortensen;Reda Kateb;Ángela Molina;France;French;;Drama;War;Western;7700000,0;;2000;2010;;;Bon (7-8)
Thank You for Smoking ;tt0427944;2005;92;7,6;191998;Jason Reitman;J.K. Simmons;Cameron Bright;Todd Louiso;USA;English;R;Comedy;Drama;;6500000,0;24792061,0;0;2000;18292061,0;281,4;Bon (7-8)
Hostel: Part II ;tt0498353;2007;94;5,4;69989;Eli Roth;Jay Hernandez;Lauren German;Stanislav Ianevski;USA;English;R;Horror;;;10000000,0;17544812,0;0;2000;7544812,0;75,4;Faible (<6)
An Education ;tt1174732;2009;100;7,3;112138;Lone Scherfig;Dominic Cooper;Olivia Williams;Ellie Kendrick;UK;English;PG-13;Drama;;;4500000,0;12574715,0;12000;2000;8074715,0;179,4;Bon (7-8)
Shopgirl ;tt0338427;2005;106;6,4;21225;Anand Tucker;Frances Conroy;Bridgette Wilson-Sampras;Clyde Kusatsu;USA;English;R;Drama;Romance;;;10281585,0;1000;2000;;;Moyen (6-7)
The Hotel New Hampshire ;tt0087428;1984;109;6,0;6595;Tony Richardson;Joely Richardson;Beau Bridges;Nastassja Kinski;UK;English;R;Comedy;Drama;Romance;7500000,0;5100000,0;345;1980;-2400000,0;-32,0;Moyen (6-7)
Narc ;tt0272207;2002;105;7,2;34098;Joe Carnahan;Jason Patric;Chi McBride;Alan Van Sprang;USA;English;R;Crime;Drama;Mystery;7500000,0;10460089,0;1000;2000;2960089,0;39,5;Bon (7-8)
Men with Brooms ;tt0263734;2002;102;6,0;3709;Paul Gross;Molly Parker;Paul Gross;Kari Matchett;Canada;English;R;Comedy;Drama;Romance;7500000,0;4239767,0;0;2000;-3260233,0;-43,5;Moyen (6-7)
Witless Protection ;tt1001562;2008;97;3,1;5463;Charles Robert Carner;Ivana Milicevic;Jenny McCarthy;Richard Bull;USA;English;PG-13;Comedy;Crime;;7500000,0;4131640,0;140;2000;-3368360,0;-44,9;Faible (<6)
The Work and the Glory ;tt0410454;2004;118;6,9;833;Russell Holt;Eric Johnson;Brenda Strong;Tiffany Dupont;USA;English;PG;Drama;Romance;;7500000,0;3347439,0;31;2000;-4152561,0;-55,4;Moyen (6-7)
Extract ;tt1225822;2009;92;6,2;37530;Mike Judge;J.K. Simmons;Mila Kunis;Clifton Collins Jr.;USA;English;R;Comedy;Crime;Romance;8000000,0;10814185,0;0;2000;2814185,0;35,2;Moyen (6-7)
Masked and Anonymous ;tt0319829;2003;112;5,5;3972;Larry Charles;Jeff Bridges;Cheech Marin;Bruce Dern;USA;English;PG-13;Comedy;Drama;Music;;533344,0;655;2000;;;Faible (<6)
Alias Betty ;tt0269329;2001;103;6,9;1439;Claude Miller;Sandrine Kiberlain;Edouard Baer;Roschdy Zem;France;French;;Comedy;Crime;Drama;50000000,0;206400,0;26;2000;-49793600,0;-99,6;Moyen (6-7)
Code 46 ;tt0345061;2003;93;6,3;18109;Michael Winterbottom;Samantha Morton;Om Puri;Natalie Mendoza;UK;English;R;Drama;Romance;Sci-Fi;7500000,0;197148,0;0;2000;-7302852,0;-97,4;Moyen (6-7)
Outside Bet ;tt1772422;2012;101;4,8;243;Sacha Bennett;Bob Hoskins;Jenny Agutter;Vincent Regan;UK;English;;Comedy;;;7500000,0;;223;2010;;;Faible (<6)
Albert Nobbs ;tt1602098;2011;113;6,7;19616;Rodrigo García;Mia Wasikowska;Michael McElhatton;Mark Williams;UK;English;R;Drama;;;8000000,0;3014541,0;0;2010;-4985459,0;-62,3;Moyen (6-7)
Black November ;tt2147225;2012;95;5,6;385;Jeta Amata;Akon;Nathin Butler;Razaaq Adoti;Nigeria;English;;Action;Crime;Drama;7500000,0;;389;2010;;;Faible (<6)
Ta Ra Rum Pum ;tt0833553;2007;153;5,4;2909;Siddharth Anand;Saif Ali Khan;Mary Goggin;Vic Aviles;USA;Hindi;;Comedy;Family;Romance;6000000,0;872643,0;108;2000;-5127357,0;-85,5;Faible (<6)
Persepolis ;tt0808417;2007;89;8,0;70194;Vincent Paronnaud;Catherine Deneuve;Gena Rowlands;Danielle Darrieux;France;French;PG-13;Animation;Biography;Drama;7300000,0;4443403,0;14000;2000;-2856597,0;-39,1;Excellent (8+)
The Hole ;tt1085779;2009;92;5,7;19157;Joe Dante;Bruce Dern;Teri Polo;Haley Bennett;USA;English;PG-13;Adventure;Fantasy;Thriller;12000000,0;;0;2000;;;Faible (<6)
The Wave ;tt1063669;2008;107;7,6;80639;Dennis Gansel;Max Riemelt;Elyas M'Barek;Jennifer Ulrich;Germany;German;;Drama;Thriller;;5000000,0;;25000;2000;;;Bon (7-8)
The Neon Demon ;tt1974419;2016;118;7,0;9866;Nicolas Winding Refn;Keanu Reeves;Bella Heathcote;Charles Baker;France;English;R;Horror;Thriller;;7000000,0;1330827,0;0;2010;-5669173,0;-81,0;Bon (7-8)
Harry Brown ;tt1289406;2009;97;7,2;74435;Daniel Barber;Joseph Gilgun;Jack O'Connell;Sean Harris;UK;English;R;Action;Crime;Drama;7300000,0;1818681,0;0;2000;-5481319,0;-75,1;Bon (7-8)
The Omega Code ;tt0203408;1999;100;3,5;4682;Robert Marcarelli;George Coe;William Hootkins;Ayla Kell;USA;English;PG-13;Action;Adventure;Fantasy;7500000,0;12610552,0;129;1990;5110552,0;68,1;Faible (<6)
Juno ;tt0467406;2007;96;7,5;414335;Jason Reitman;J.K. Simmons;Jennifer Garner;Rainn Wilson;USA;English;PG-13;Comedy;Drama;Romance;7500000,0;143492840,0;10000;2000;135992840,0;1813,2;Bon (7-8)
Pound of Flesh ;tt3488328;2015;104;5,1;4099;Ernie Barbarash;Darren Shahlavi;Aki Aleong;Brahim Achabbakhe;Canada;English;R;Action;Thriller;;7500000,0;;0;2010;;;Faible (<6)
Diamonds Are Forever ;tt0066995;1971;120;6,7;74249;Guy Hamilton;Desmond Llewelyn;Lois Maxwell;Jill St. John;UK;English;GP;Action;Adventure;Thriller;7200000,0;43800000,0;0;1970;36600000,0;508,3;Moyen (6-7)
The Godfather ;tt0068646;1972;175;9,2;1155770;Francis Ford Coppola;Al Pacino;Marlon Brando;Robert Duvall;USA;English;R;Crime;Drama;;6000000,0;134821952,0;43000;1970;128821952,0;2147,0;Excellent (8+)
Flashdance ;tt0085549;1983;95;6,1;35172;Adrian Lyne;Michael Nouri;Cynthia Rhodes;Lee Ving;USA;English;R;Drama;Music;Romance;4000000,0;94900000,0;0;1980;90900000,0;2272,5;Moyen (6-7)
500 Days of Summer ;tt1022603;2009;95;7,7;376600;Marc Webb;Joseph Gordon-Levitt;Chloë Grace Moretz;Zooey Deschanel;USA;English;PG-13;Comedy;Drama;Romance;7500000,0;32391374,0;40000;2000;24891374,0;331,9;Bon (7-8)
The Piano ;tt0107822;1993;121;7,6;63931;Jane Campion;Holly Hunter;Ian Mune;Geneviève Lemon;New Zealand;English;R;Drama;Music;Romance;7000000,0;40158000,0;0;1990;33158000,0;473,7;Bon (7-8)
Magic Mike ;tt1915581;2012;110;6,1;108843;Steven Soderbergh;Channing Tatum;Alex Pettyfer;Matthew McConaughey;USA;English;R;Comedy;Drama;;7000000,0;113709992,0;54000;2010;106709992,0;1524,4;Moyen (6-7)
Darkness Falls ;tt0282209;2003;96;4,9;25870;Jonathan Liebesman;Sullivan Stapleton;Emma Caulfield;Angus Sampson;USA;English;PG-13;Horror;Mystery;Thriller;11000000,0;32131483,0;2000;2000;21131483,0;192,1;Faible (<6)
Live and Let Die ;tt0070328;1973;121;6,8;74957;Guy Hamilton;Yaphet Kotto;Geoffrey Holder;Clifton James;UK;English;PG;Action;Adventure;Thriller;7000000,0;35400000,0;0;1970;28400000,0;405,7;Moyen (6-7)
My Dog Skip ;tt0156812;2000;95;7,0;16651;Jay Russell;Clint Howard;Frankie Muniz;Cody Linley;USA;English;PG;Drama;Family;Sport;5000000,0;34099640,0;0;2000;29099640,0;582,0;Bon (7-8)
Definitely, Maybe ;tt0832266;2008;112;7,2;127760;Adam Brooks;Ryan Reynolds;Sakina Jaffrey;Paulina Gerzon;Germany;English;PG-13;Comedy;Drama;Romance;;31973840,0;0;2000;;;Bon (7-8)
Jumping the Broom ;tt1640484;2011;112;5,7;7973;Salim Akil;Gary Dourdan;Loretta Devine;Laz Alonso;USA;English;PG-13;Comedy;Drama;;6600000,0;37295394,0;0;2010;30695394,0;465,1;Faible (<6)
Good Night, and Good Luck. ;tt0433383;2005;93;7,5;84070;George Clooney;Robert Downey Jr.;Tate Donovan;Alex Borstein;USA;English;PG;Biography;Drama;History;7500000,0;31501218,0;0;2000;24001218,0;320,0;Bon (7-8)
Capote ;tt0379725;2005;110;7,4;100571;Bennett Miller;Philip Seymour Hoffman;Michael J. Burg;Kwesi Ameyaw;Canada;English;R;Biography;Crime;Drama;7000000,0;28747570,0;0;2000;21747570,0;310,7;Bon (7-8)
Desperado ;tt0112851;1995;104;7,2;138707;Robert Rodriguez;Quentin Tarantino;Steve Buscemi;Salma Hayek;USA;English;R;Action;Crime;Thriller;7000000,0;25625110,0;0;1990;18625110,0;266,1;Bon (7-8)
Logan's Run ;tt0074812;1976;119;6,8;39847;Michael Anderson;Farrah Fawcett;Jenny Agutter;Peter Ustinov;USA;English;PG;Action;Adventure;Sci-Fi;9000000,0;25000000,0;0;1970;16000000,0;177,8;Moyen (6-7)
The Man with the Golden Gun ;tt0071807;1974;125;6,8;73950;Guy Hamilton;Christopher Lee;Hervé Villechaize;Desmond Llewelyn;UK;English;PG;Action;Adventure;Thriller;13000000,0;21000000,0;2000;1970;8000000,0;61,5;Moyen (6-7)
Action Jackson ;tt0094612;1988;96;5,2;7569;Craig R. Baxley;Bill Duke;Vanity;Carl Weathers;USA;English;R;Action;Comedy;Crime;7000000,0;20257000,0;978;1980;13257000,0;189,4;Faible (<6)
The Descent ;tt0435625;2005;100;7,2;154938;Neil Marshall;MyAnna Buring;Shauna Macdonald;Craig Conway;UK;English;R;Adventure;Horror;Thriller;3500000,0;26005908,0;10000;2000;22505908,0;643,0;Bon (7-8)
Michael Jordan to the Max ;tt0245280;2000;46;7,5;1723;Don Kempf;Bill Murray;Michael Jordan;Bob Costas;USA;English;;Documentary;Sport;;;18642318,0;407;2000;;;Bon (7-8)
Devil's Due ;tt2752758;2014;89;4,0;13913;Matt Bettinelli-Olpin;Zach Gilford;Allison Miller;Vanessa Ray;USA;English;R;Horror;Mystery;;7000000,0;15818967,0;0;2010;8818967,0;126,0;Faible (<6)
Flirting with Disaster ;tt0116324;1996;92;6,8;15088;David O. Russell;Lily Tomlin;Mary Tyler Moore;David Patrick Kelly;USA;English;R;Comedy;;;7000000,0;14891000,0;824;1990;7891000,0;112,7;Moyen (6-7)
The Devil's Rejects ;tt0395584;2005;109;6,9;76267;Rob Zombie;Sid Haig;Ken Foree;Lew Temple;USA;English;R;Crime;Horror;;7000000,0;16901126,0;0;2000;9901126,0;141,4;Moyen (6-7)
Dope ;tt3850214;2015;103;7,3;56605;Rick Famuyiwa;Kimberly Elise;Rick Fox;Kiersey Clemons;USA;English;R;Comedy;Crime;Drama;7000000,0;17474107,0;23000;2010;10474107,0;149,6;Bon (7-8)
In Too Deep ;tt0160401;1999;95;6,1;4598;Michael Rymer;LL Cool J;Omar Epps;Nia Long;USA;English;R;Crime;Drama;Thriller;7000000,0;14003141,0;375;1990;7003141,0;100,0;Moyen (6-7)
House of 1000 Corpses ;tt0251736;2003;105;6,0;60709;Rob Zombie;Sid Haig;Matthew McGrory;Erin Daniels;USA;English;R;Horror;;;7000000,0;12583510,0;0;2000;5583510,0;79,8;Moyen (6-7)
Alien Zone ;tt0072626;1978;79;4,1;440;Sharron Miller;Bernard Fox;Elizabeth MacRae;Charles Aidman;USA;English;PG;Horror;;;350000,0;;44;1970;;;Faible (<6)
A Serious Man ;tt1019452;2009;106;7,0;102125;Ethan Coen;Michael Stuhlbarg;Fred Melamed;Peter Breitmayer;USA;English;R;Comedy;Drama;;7000000,0;9190525,0;10000;2000;2190525,0;31,3;Bon (7-8)
Get Low ;tt1194263;2009;100;7,1;19147;Aaron Schneider;Bill Murray;Robert Duvall;Bill Cobbs;USA;English;PG-13;Drama;Mystery;;7500000,0;9176553,0;0;2000;1676553,0;22,4;Bon (7-8)
Warlock ;tt0098622;1989;103;6,2;11668;Steve Miner;Julian Sands;Richard E. Grant;Lori Singer;USA;English;R;Action;Fantasy;Horror;7000000,0;9094451,0;0;1980;2094451,0;29,9;Moyen (6-7)
Beyond the Lights ;tt3125324;2014;116;6,9;11191;Gina Prince-Bythewood;Minnie Driver;Nate Parker;Darryl Stephens;USA;English;PG-13;Drama;Music;;7000000,0;14612840,0;0;2010;7612840,0;108,8;Moyen (6-7)
A Single Man ;tt1315981;2009;99;7,6;83182;Tom Ford;Colin Firth;Teddy Sears;Keri Lynn Pratt;USA;English;R;Drama;Romance;;7000000,0;9166863,0;16000;2000;2166863,0;31,0;Bon (7-8)
The Last Temptation of Christ ;tt0095497;1988;164;7,6;39680;Martin Scorsese;Irvin Kershner;Barbara Hershey;Roberts Blossom;USA;English;R;Drama;;;7000000,0;8373585,0;0;1980;1373585,0;19,6;Bon (7-8)
Outside Providence ;tt0125971;1999;96;6,4;7736;Michael Corrente;Jonathan Brandis;George Wendt;Shawn Hatosy;USA;English;R;Comedy;Drama;Romance;7000000,0;7292175,0;0;1990;292175,0;4,2;Moyen (6-7)
Bride & Prejudice ;tt0361411;2004;122;6,2;17436;Gurinder Chadha;Indira Varma;Martin Henderson;Anupam Kher;UK;English;PG-13;Comedy;Drama;Musical;7000000,0;6601079,0;0;2000;-398921,0;-5,7;Moyen (6-7)
Rabbit-Proof Fence ;tt0252444;2002;94;7,5;23486;Phillip Noyce;Roy Billing;David Gulpilil;Deborah Mailman;Australia;Aboriginal;PG;Adventure;Biography;Drama;6000000,0;6165429,0;0;2000;165429,0;2,8;Bon (7-8)
Who's Your Caddy? ;tt0785077;2007;93;2,0;13815;Don Michael Paul;Jeffrey Jones;Faizon Love;Lil' Wayne;USA;English;PG-13;Comedy;Sport;;7000000,0;5694308,0;446;2000;-1305692,0;-18,7;Faible (<6)
Split Second ;tt0105459;1992;96;6,2;8391;Tony Maylam;Michael J. Pollard;Alun Armstrong;Alastair Duncan;UK;English;R;Action;Crime;Horror;7000000,0;5430822,0;0;1990;-1569178,0;-22,4;Moyen (6-7)
The Other Side of Heaven ;tt0250371;2001;113;6,5;3203;Mitch Davis;Anne Hathaway;Nathaniel Lees;Miriama Smith;USA;English;PG;Adventure;Biography;Drama;7000000,0;4720371,0;650;2000;-2279629,0;-32,6;Moyen (6-7)
Veer-Zaara ;tt0420332;2004;192;7,9;34449;Yash Chopra;Shah Rukh Khan;Preity Zinta;Anupam Kher;India;Hindi;;Drama;Musical;Romance;7000000,0;2921738,0;2000;2000;-4078262,0;-58,3;Bon (7-8)
Redbelt ;tt1012804;2008;99;6,8;18561;David Mamet;Alice Braga;Randy Couture;Jose Pablo Cantillo;USA;English;R;Drama;Sport;;7000000,0;2344847,0;0;2000;-4655153,0;-66,5;Moyen (6-7)
Cyrus ;tt1336617;2010;91;6,3;29967;Jay Duplass;Matt Walsh;Tim Guinee;Katie Aselton;USA;English;R;Comedy;Drama;Romance;7000000,0;7455447,0;0;2010;455447,0;6,5;Moyen (6-7)
A Dog of Flanders ;tt0160216;1999;100;6,3;781;Kevin Brodie;Bruce McGill;Cheryl Ladd;Jack Warden;USA;English;PG;Drama;Family;;7000000,0;2148212,0;157;1990;-4851788,0;-69,3;Moyen (6-7)
Auto Focus ;tt0298744;2002;105;6,6;11387;Paul Schrader;Ed Begley Jr.;Michael McKean;Kurt Fuller;USA;English;R;Biography;Crime;Drama;7000000,0;2062066,0;357;2000;-4937934,0;-70,5;Moyen (6-7)
Factory Girl ;tt0432402;2006;99;6,4;18355;George Hickenlooper;Hayden Christensen;Jimmy Fallon;Beth Grant;USA;English;R;Biography;Drama;;7000000,0;1654367,0;3000;2000;-5345633,0;-76,4;Moyen (6-7)
We Need to Talk About Kevin ;tt1242460;2011;112;7,5;95529;Lynne Ramsay;Ezra Miller;Siobhan Fallon Hogan;Ashley Gerasimovich;UK;English;R;Drama;Thriller;;7000000,0;1738692,0;38000;2010;-5261308,0;-75,2;Bon (7-8)
The Christmas Candle ;tt2739338;2013;100;5,8;844;John Stephenson;Samantha Barks;Hans Matheson;Lesley Manville;UK;English;PG;Drama;Family;;;2209479,0;962;2010;;;Faible (<6)
The Mighty Macs ;tt1034324;2009;99;6,5;1119;Tim Chambers;Ellen Burstyn;Marley Shelton;Jennifer Butler;USA;English;G;Drama;Sport;;7000000,0;1889522,0;797;2000;-5110478,0;-73,0;Moyen (6-7)
Losin' It ;tt0085868;1983;100;4,8;3114;Curtis Hanson;Tom Cruise;Shelley Long;Rick Rossovich;Canada;English;R;Comedy;Drama;Family;7000000,0;;168;1980;;;Faible (<6)
Mother and Child ;tt1121977;2009;125;7,2;9727;Rodrigo García;Naomi Watts;Jimmy Smits;Carla Gallo;USA;English;R;Drama;Romance;;4825000,0;1110286,0;0;2000;-3714714,0;-77,0;Bon (7-8)
March or Die ;tt0076175;1977;107;6,3;2215;Dick Richards;Catherine Deneuve;Terence Hill;Jack O'Halloran;UK;English;PG;Adventure;Drama;Romance;9000000,0;1000000,0;122;1970;-8000000,0;-88,9;Moyen (6-7)
Les visiteurs ;tt0108500;1993;107;7,0;24438;Jean-Marie Poiré;Christian Clavier;Isabelle Nanty;Valérie Lemercier;France;French;R;Comedy;Fantasy;Sci-Fi;50000000,0;700000,0;0;1990;-49300000,0;-98,6;Bon (7-8)
Somewhere ;tt1421051;2010;97;6,3;35848;Sofia Coppola;Nathalie Fay;Chris Pontius;Erin Wasson;USA;English;R;Comedy;Drama;;7000000,0;1768416,0;0;2010;-5231584,0;-74,7;Moyen (6-7)
I Hope They Serve Beer in Hell ;tt1220628;2009;105;5,3;7412;Bob Gosse;Geoff Stults;Susie Abromeit;Derek Wayne Johnson;USA;English;R;Comedy;;;;1425993,0;0;2000;;;Faible (<6)
Chairman of the Board ;tt0118836;1998;95;2,3;5143;Alex Zamm;Taylor Negron;Raquel Welch;Larry Miller;USA;English;PG-13;Comedy;;;10000000,0;306715,0;724;1990;-9693285,0;-96,9;Faible (<6)
Hesher ;tt1403177;2010;106;7,1;43965;Spencer Susser;Joseph Gordon-Levitt;Natalie Portman;Rainn Wilson;USA;English;R;Drama;;;7000000,0;382946,0;19000;2010;-6617054,0;-94,5;Bon (7-8)
Dom Hemingway ;tt2402105;2013;93;6,2;21243;Richard Shepard;Richard E. Grant;Mark Wingett;Richard Graham;UK;English;R;Comedy;Crime;Drama;;518134,0;0;2010;;;Moyen (6-7)
Gerry ;tt0302674;2002;103;6,2;15104;Gus Van Sant;Matt Damon;Casey Affleck;;USA;English;R;Adventure;Drama;Mystery;3500000,0;236266,0;0;2000;-3263734,0;-93,2;Moyen (6-7)
The Heart of Me ;tt0301390;2002;96;6,7;1966;Thaddeus O'Sullivan;Olivia Williams;Luke Newberry;Eleanor Bron;UK;English;R;Drama;Romance;;7000000,0;196067,0;97;2000;-6803933,0;-97,2;Moyen (6-7)
Freeheld ;tt1658801;2015;103;6,5;5863;Peter Sollett;Steve Carell;Josh Charles;Luke Grimes;USA;English;PG-13;Biography;Drama;Romance;7000000,0;532988,0;0;2010;-6467012,0;-92,4;Moyen (6-7)
The Extra Man ;tt1361313;2010;108;5,9;4124;Shari Springer Berman;Lynn Cohen;Marian Seldes;Dan Hedaya;USA;English;R;Comedy;;;7000000,0;453079,0;916;2010;-6546921,0;-93,5;Faible (<6)
Hard to Be a God ;tt2328813;2013;177;6,7;2518;Aleksey German;Leonid Yarmolnik;Yuriy Tsurilo;Valentin Golubenko;Russia;Russian;Not Rated;Drama;Sci-Fi;;7000000,0;;1000;2010;;;Moyen (6-7)
Ca$h ;tt1106860;2010;118;6,0;7663;Stephen Milburn Anderson;Chris Hemsworth;Mike Starr;Paul Sanchez;USA;English;R;Comedy;Crime;Thriller;7000000,0;46451,0;694;2010;-6953549,0;-99,3;Moyen (6-7)
Wah-Wah ;tt0419256;2005;97;6,9;2670;Richard E. Grant;Emily Watson;Julie Walters;Miranda Richardson;UK;English;R;Drama;;;7000000,0;233103,0;311;2000;-6766897,0;-96,7;Moyen (6-7)
The Boondock Saints ;tt0144117;1999;102;7,9;197845;Troy Duffy;Norman Reedus;David Della Rocco;Bob Marley;Canada;English;R;Action;Crime;Thriller;7000000,0;;16000;1990;;;Bon (7-8)
Z Storm ;tt3469440;2014;92;5,3;383;David Lam;Michael Wong;Louis Koo;Stephen Au;Hong Kong;Cantonese;;Action;Crime;;7000000,0;;55;2010;;;Faible (<6)
Twixt ;tt1756851;2011;88;4,8;8589;Francis Ford Coppola;Alden Ehrenreich;Bruce Dern;Joanne Whalley;USA;English;R;Comedy;Fantasy;Horror;7000000,0;;0;2010;;;Faible (<6)
Snow Queen ;tt2243621;2012;80;5,3;1159;Vladlen Barbe;Erin Fitzgerald;Wendee Lee;Ivan Okhlobystin;Russia;Russian;PG;Adventure;Animation;Family;7000000,0;;453;2010;;;Faible (<6)
Alpha and Omega 4: The Legend of the Saw Toothed Cave ;tt4061848;2014;45;6,0;192;Richard Rich;Debi Derryberry;Kate Higgins;Cindy Robinson;USA;;;Action;Adventure;Animation;7000000,0;;41;2010;;;Moyen (6-7)
Pale Rider ;tt0089767;1985;115;7,3;39451;Clint Eastwood;Clint Eastwood;Chris Penn;Sydney Penny;USA;English;R;Western;;;6900000,0;41400000,0;0;1980;34500000,0;500,0;Bon (7-8)
Stargate: The Ark of Truth ;tt0942903;2008;97;7,4;15862;Robert C. Cooper;Ben Browder;Christopher Judge;Julian Sands;USA;English;;Action;Adventure;Drama;;;389;2000;;;Bon (7-8)
Dazed and Confused ;tt0106677;1993;102;7,7;120036;Richard Linklater;Milla Jovovich;Adam Goldberg;Cole Hauser;USA;English;R;Comedy;;;6900000,0;7993039,0;10000;1990;1093039,0;15,8;Bon (7-8)
High School Musical 2 ;tt0810900;2007;111;4,8;39786;Kenny Ortega;Lucas Grabeel;Corbin Bleu;Olesya Rulin;USA;English;TV-G;Comedy;Drama;Family;7000000,0;;586;2000;;;Faible (<6)
Two Lovers and a Bear ;tt4412528;2016;96;7,2;33;Kim Nguyen;Gordon Pinsent;Justin Edward Seale;John Ralston;Canada;English;;Drama;Romance;;8700000,0;;187;2010;;;Bon (7-8)
Criminal Activities ;tt3687310;2015;94;5,8;5255;Jackie Earle Haley;Rex Baker;Edi Gathegi;Travis Aaron Wade;USA;English;;Crime;Drama;Thriller;7000000,0;;0;2010;;;Faible (<6)
Aimee & Jaguar ;tt0130444;1999;125;7,3;5153;Max Färberböck;Heike Makatsch;Johanna Wokalek;Maria Schrader;Germany;German;;Biography;Drama;Romance;15000000,0;927107,0;687;1990;-14072893,0;-93,8;Bon (7-8)
The Chumscrubber ;tt0406650;2005;108;7,0;16299;Arie Posin;Rory Culkin;John Heard;Tim DeKay;USA;English;R;Comedy;Drama;;6800000,0;49526,0;1000;2000;-6750474,0;-99,3;Bon (7-8)
Shade ;tt0323939;2003;101;6,4;10771;Damian Nieman;Glenn Plummer;Jason Cerbone;Mark De Alessandro;USA;English;R;Crime;Thriller;;6800000,0;10696,0;413;2000;-6789304,0;-99,8;Moyen (6-7)
House at the End of the Street ;tt1582507;2012;101;5,6;58366;Mark Tonderai;Jennifer Lawrence;Nolan Gerard Funk;Gil Bellows;Canada;English;PG-13;Drama;Horror;Thriller;6900000,0;31607598,0;10000;2010;24707598,0;358,1;Faible (<6)
Incendies ;tt1255953;2010;139;8,2;80429;Denis Villeneuve;Lubna Azabal;Mélissa Désormeaux-Poulin;Ahmad Massad;Canada;French;R;Drama;Mystery;War;6800000,0;6857096,0;37000;2010;57096,0;0,8;Excellent (8+)
Remember Me, My Love ;tt0323807;2003;125;6,5;3548;Gabriele Muccino;Laura Morante;Silvio Muccino;Giulia Michelini;Italy;Italian;R;Comedy;Drama;Romance;5000000,0;223878,0;282;2000;-4776122,0;-95,5;Moyen (6-7)
Perrier's Bounty ;tt1003034;2009;88;6,4;5133;Ian Fitzgibbon;Jim Broadbent;Brendan Coyle;Michael McElhatton;Ireland;English;R;Action;Comedy;Crime;;828,0;663;2000;;;Moyen (6-7)
Elite Squad ;tt0861739;2007;115;8,1;81644;José Padilha;Wagner Moura;Fernanda Machado;André Ramiro;Brazil;Portuguese;R;Action;Crime;Drama;4000000,0;8060,0;11000;2000;-3991940,0;-99,8;Excellent (8+)
Annabelle ;tt3322940;2014;99;5,4;81699;John R. Leonetti;Alfre Woodard;Annabelle Wallis;Gabriel Bateman;USA;English;R;Horror;Mystery;;6500000,0;84263837,0;45000;2010;77763837,0;1196,4;Faible (<6)
Bran Nue Dae ;tt1148165;2009;88;6,3;1388;Rachel Perkins;Deborah Mailman;Magda Szubanski;Jessica Mauboy;Australia;English;PG-13;Comedy;Drama;Musical;6500000,0;110029,0;479;2000;-6389971,0;-98,3;Moyen (6-7)
Boyz n the Hood ;tt0101507;1991;112;7,8;94139;John Singleton;John Cothran;Lloyd Avery II;Na'Blonka Durden;USA;English;R;Crime;Drama;;6000000,0;57504069,0;0;1990;51504069,0;858,4;Bon (7-8)
La Bamba ;tt0093378;1987;108;6,8;21409;Luis Valdez;Esai Morales;Rosanna DeSoto;Danielle von Zerneck;USA;English;PG-13;Biography;Drama;Music;6500000,0;54215416,0;0;1980;47715416,0;734,1;Moyen (6-7)
The Four Seasons ;tt0082405;1981;107;7,2;3157;Alan Alda;Rita Moreno;Len Cariou;Sandy Dennis;USA;English;PG;Comedy;Drama;;;;337;1980;;;Bon (7-8)
Dressed to Kill ;tt0080661;1980;104;7,1;23986;Brian De Palma;Angie Dickinson;David Margulies;Nancy Allen;USA;English;X;Mystery;Romance;Thriller;6500000,0;31899000,0;0;1980;25399000,0;390,8;Bon (7-8)
The Adventures of Huck Finn ;tt0106223;1993;108;6,2;6384;Stephen Sommers;Curtis Armstrong;Frances Conroy;Anne Heche;USA;English;PG;Adventure;Comedy;Drama;6500000,0;24103594,0;391;1990;17603594,0;270,8;Moyen (6-7)
Go ;tt0139239;1999;102;7,3;59474;Doug Liman;Sarah Polley;Jay Mohr;Scott Wolf;USA;English;R;Comedy;Crime;;6500000,0;16842303,0;0;1990;10342303,0;159,1;Bon (7-8)
Friends with Money ;tt0436331;2006;88;5,9;19715;Nicole Holofcener;Greg Germann;Marin Hinkle;Jake Cherry;USA;English;R;Comedy;Drama;Romance;6500000,0;13367101,0;515;2000;6867101,0;105,6;Faible (<6)
The Andromeda Strain ;tt0066769;1971;115;7,2;25857;Robert Wise;David Wayne;Paula Kelly;Eric Christmas;USA;English;G;Sci-Fi;Thriller;;6500000,0;;0;1970;;;Bon (7-8)
Bats ;tt0200469;1999;91;3,6;8294;Louis Morneau;Leon;Bob Gunton;Ned Bellamy;USA;English;PG-13;Horror;Sci-Fi;Thriller;6500000,0;10149779,0;342;1990;3649779,0;56,2;Faible (<6)
Nowhere in Africa ;tt0161860;2001;141;7,7;10672;Caroline Link;Merab Ninidze;Juliane Köhler;Matthias Habich;Germany;English;R;Biography;Drama;;7000000,0;6173485,0;802;2000;-826515,0;-11,8;Bon (7-8)
Shame ;tt1723811;2011;101;7,3;145395;Steve McQueen;Michael Fassbender;Nicole Beharie;James Badge Dale;UK;English;NC-17;Drama;;;6500000,0;4000304,0;23000;2010;-2499696,0;-38,5;Bon (7-8)
Layer Cake ;tt0375912;2004;105;7,4;134070;Matthew Vaughn;Tom Hardy;Sally Hawkins;Jamie Foreman;UK;English;R;Crime;Drama;Thriller;4000000,0;2338695,0;0;2000;-1661305,0;-41,5;Bon (7-8)
The Work and the Glory II: American Zion ;tt0457530;2005;100;6,6;564;Sterling Van Wagenen;Emily Podleski;Eric Johnson;Brenda Strong;USA;English;PG-13;Drama;Western;;6500000,0;2024854,0;19;2000;-4475146,0;-68,8;Moyen (6-7)
The East ;tt1869716;2013;116;6,9;41856;Zal Batmanglij;Alexander Skarsgård;Julia Ormond;Jason Ritter;UK;English;PG-13;Drama;Thriller;;6500000,0;2268296,0;12000;2010;-4231704,0;-65,1;Moyen (6-7)
A Home at the End of the World ;tt0359423;2004;97;6,8;12049;Michael Mayer;Robin Wright;Matt Frewer;Sissy Spacek;USA;English;R;Drama;Romance;;6500000,0;1029017,0;1000;2000;-5470983,0;-84,2;Moyen (6-7)
Aberdeen ;tt0168446;2000;106;7,3;2601;Hans Petter Moland;Charlotte Rampling;Sara-Marie Maltha;Stellan Skarsgård;UK;English;;Drama;;;6500000,0;64148,0;260;2000;-6435852,0;-99,0;Bon (7-8)
The Messenger ;tt0790712;2009;105;7,2;29608;Oren Moverman;Steve Buscemi;Yaya DaCosta;Eamonn Walker;USA;English;R;Drama;Romance;War;6500000,0;66637,0;0;2000;-6433363,0;-99,0;Bon (7-8)
Tracker ;tt1414378;2010;102;6,5;2892;Ian Sharp;Ray Winstone;Jed Brophy;Temuera Morrison;New Zealand;English;R;Action;Adventure;Drama;6500000,0;;830;2010;;;Moyen (6-7)
Control ;tt0421082;2007;122;7,7;51353;Anton Corbijn;Sam Riley;Samantha Morton;Alexandra Maria Lara;UK;English;R;Biography;Drama;Music;4500000,0;871577,0;13000;2000;-3628423,0;-80,6;Bon (7-8)
The Terminator ;tt0088247;1984;107;8,1;600266;James Cameron;Michael Biehn;Brian Thompson;Paul Winfield;UK;English;R;Action;Sci-Fi;;6500000,0;38400000,0;13000;1980;31900000,0;490,8;Excellent (8+)
Good Bye Lenin! ;tt0301357;2003;121;7,7;114407;Wolfgang Becker;Florian Lukas;Chulpan Khamatova;Burghart Klaußner;Germany;German;R;Drama;Romance;;4800000,0;4063859,0;11000;2000;-736141,0;-15,3;Bon (7-8)
The Damned United ;tt1226271;2009;98;7,6;32307;Tom Hooper;Stephen Graham;Mark Bazeley;Maurice Roëves;UK;English;R;Biography;Drama;Sport;10000000,0;449558,0;0;2000;-9550442,0;-95,5;Bon (7-8)
The Return of the Living Dead ;tt0089907;1985;108;7,3;39856;Dan O'Bannon;Linnea Quigley;Clu Gulager;Beverly Randolph;USA;English;R;Comedy;Horror;Sci-Fi;4000000,0;;0;1980;;;Bon (7-8)
Mallrats ;tt0113749;1995;123;7,2;99033;Kevin Smith;Ethan Suplee;Jason Mewes;Joey Lauren Adams;USA;English;R;Comedy;Romance;;6000000,0;2122561,0;0;1990;-3877439,0;-64,6;Bon (7-8)
Grease ;tt0077631;1978;110;7,2;170027;Randal Kleiser;Olivia Newton-John;Stockard Channing;Sid Caesar;USA;English;PG-13;Musical;Romance;;6000000,0;181360000,0;13000;1970;175360000,0;2922,7;Bon (7-8)
Platoon ;tt0091763;1986;120;8,1;291603;Oliver Stone;Johnny Depp;Tom Berenger;Kevin Dillon;UK;English;R;Drama;War;;6000000,0;137963328,0;9000;1980;131963328,0;2199,4;Excellent (8+)
Fahrenheit 9/11 ;tt0361596;2004;122;7,5;113152;Michael Moore;Osama bin Laden;Stevie Wonder;Ricky Martin;USA;English;R;Documentary;Drama;War;6000000,0;119078393,0;0;2000;113078393,0;1884,6;Bon (7-8)
Butch Cassidy and the Sundance Kid ;tt0064115;1969;110;8,1;152089;George Roy Hill;Katharine Ross;Ted Cassidy;Kenneth Mars;USA;English;M;Biography;Crime;Drama;6000000,0;102308900,0;0;1960;96308900,0;1605,1;Excellent (8+)
Mary Poppins ;tt0058331;1964;139;7,8;107408;Robert Stevenson;Ed Wynn;Glynis Johns;Elsa Lanchester;USA;English;Approved;Comedy;Family;Fantasy;6000000,0;102300000,0;0;1960;96300000,0;1605,0;Bon (7-8)
Ordinary People ;tt0081283;1980;124;7,8;35130;Robert Redford;Adam Baldwin;Elizabeth McGovern;Judd Hirsch;USA;English;R;Drama;;;6000000,0;54800000,0;0;1980;48800000,0;813,3;Bon (7-8)
West Side Story ;tt0055614;1961;152;7,6;71919;Jerome Robbins;Rita Moreno;George Chakiris;Richard Beymer;USA;English;Unrated;Crime;Drama;Musical;6000000,0;43650000,0;0;1960;37650000,0;627,5;Bon (7-8)
Caddyshack ;tt0080487;1980;98;7,4;81599;Harold Ramis;Bill Murray;Rodney Dangerfield;Brian Doyle-Murray;USA;English;R;Comedy;Sport;;6000000,0;39800000,0;0;1980;33800000,0;563,3;Bon (7-8)
The Brothers ;tt0250274;2001;106;6,3;3198;Gary Hardwick;Julie Benz;Tatyana Ali;Jenifer Lewis;USA;English;R;Comedy;Drama;;6000000,0;27457409,0;478;2000;21457409,0;357,6;Moyen (6-7)
The Wood ;tt0161100;1999;106;6,9;6585;Rick Famuyiwa;Omar Epps;Tamala Jones;Richard T. Jones;USA;English;R;Comedy;Drama;Romance;6000000,0;25047631,0;990;1990;19047631,0;317,5;Moyen (6-7)
The Usual Suspects ;tt0114814;1995;106;8,6;740918;Bryan Singer;Kevin Spacey;Chazz Palminteri;Kevin Pollak;USA;English;R;Crime;Drama;Mystery;6000000,0;23272306,0;28000;1990;17272306,0;287,9;Excellent (8+)
A Nightmare on Elm Street 5: The Dream Child ;tt0097981;1989;89;5,1;29659;Stephen Hopkins;Lisa Wilcox;Kelly Jo Minter;Matthew Borlenghi;USA;English;X;Fantasy;Horror;Romance;8000000,0;22168359,0;1000;1980;14168359,0;177,1;Faible (<6)
Van Wilder: Party Liaison ;tt0283111;2002;94;6,4;89128;Walt Becker;Ryan Reynolds;Curtis Armstrong;Erik Estrada;Germany;English;R;Comedy;Romance;;6000000,0;21005329,0;0;2000;15005329,0;250,1;Moyen (6-7)
The Wrestler ;tt1125849;2008;109;7,9;251349;Darren Aronofsky;Mark Margolis;John D'Leo;Ajay Naidu;USA;English;R;Drama;Sport;;6000000,0;26236603,0;10000;2000;20236603,0;337,3;Bon (7-8)
Duel in the Sun ;tt0038499;1946;144;6,9;6304;King Vidor;Joseph Cotten;Lillian Gish;Jennifer Jones;USA;English;Unrated;Drama;Romance;Western;8000000,0;20400000,0;403;1940;12400000,0;155,0;Moyen (6-7)
Best in Show ;tt0218839;2000;90;7,5;45859;Christopher Guest;John Michael Higgins;Catherine O'Hara;Michael McKean;USA;English;PG-13;Comedy;;;6000000,0;18621249,0;0;2000;12621249,0;210,4;Bon (7-8)
Escape from New York ;tt0082340;1981;106;7,2;91017;John Carpenter;Donald Pleasence;Adrienne Barbeau;Tom Atkins;UK;English;R;Action;Sci-Fi;;6000000,0;25244700,0;0;1980;19244700,0;320,7;Bon (7-8)
School Daze ;tt0096054;1988;121;5,8;4756;Spike Lee;Tisha Campbell-Martin;Ossie Davis;Bill Nunn;USA;English;R;Comedy;Drama;Musical;6500000,0;14545844,0;624;1980;8045844,0;123,8;Faible (<6)
Daddy Day Camp ;tt0462244;2007;89;2,9;12339;Fred Savage;Lochlyn Munro;Brian Doyle-Murray;Tamala Jones;USA;English;PG;Comedy;Family;;6000000,0;13235267,0;256;2000;7235267,0;120,6;Faible (<6)
Mr. Nice Guy ;tt0117786;1997;86;6,2;19774;Sammo Kam-Bo Hung;Sammo Kam-Bo Hung;Richard Norton;Rachel Blakely;Hong Kong;English;PG-13;Action;Comedy;Crime;;12674183,0;355;1990;;;Moyen (6-7)
A Mighty Wind ;tt0310281;2003;91;7,3;22408;Christopher Guest;Michael McKean;Christopher Guest;Laura Harris;USA;English;PG-13;Comedy;Music;;;17508936,0;0;2000;;;Bon (7-8)
Mystic Pizza ;tt0095690;1988;104;6,2;18286;Donald Petrie;Julia Roberts;Lili Taylor;Conchata Ferrell;USA;English;R;Comedy;Drama;Romance;6000000,0;12793213,0;0;1980;6793213,0;113,2;Moyen (6-7)
Sliding Doors ;tt0120148;1998;99;6,8;52805;Peter Howitt;Jeanne Tripplehorn;Kevin McNally;John Lynch;UK;English;R;Comedy;Drama;Fantasy;9000000,0;11883495,0;0;1990;2883495,0;32,0;Moyen (6-7)
Tales from the Hood ;tt0114609;1995;98;6,1;4582;Rusty Cundieff;Corbin Bernsen;Clarence Williams III;David Alan Grier;USA;English;R;Comedy;Horror;Thriller;6000000,0;11797927,0;985;1990;5797927,0;96,6;Moyen (6-7)
The Last King of Scotland ;tt0455590;2006;121;7,7;145580;Kevin Macdonald;David Oyelowo;Simon McBurney;Abby Mukiibi Nkaaga;UK;English;R;Biography;Drama;History;6000000,0;17605861,0;0;2000;11605861,0;193,4;Bon (7-8)
Halloween 5 ;tt0097474;1989;96;5,2;22929;Dominique Othenin-Girard;Donald Pleasence;Tamara Glynn;Troy Evans;USA;English;X;Horror;Thriller;;3000000,0;11642254,0;926;1980;8642254,0;288,1;Faible (<6)
Bernie ;tt1704573;2011;99;6,8;45396;Richard Linklater;Matthew McConaughey;Brandon Smith;Rick Dial;USA;English;PG-13;Comedy;Crime;Drama;5000000,0;9203192,0;15000;2010;4203192,0;84,1;Moyen (6-7)
Dolphins and Whales 3D: Tribes of the Ocean ;tt0996382;2008;42;6,5;172;Jean-Jacques Mantello;Charlotte Rampling;Daryl Hannah;;UK;English;;Adventure;Documentary;Short;6000000,0;7518876,0;28;2000;1518876,0;25,3;Moyen (6-7)
Pollock ;tt0183659;2000;122;7,0;23023;Ed Harris;John Heard;Bud Cort;Amy Madigan;USA;English;R;Biography;Drama;;6000000,0;8596914,0;0;2000;2596914,0;43,3;Bon (7-8)
200 Cigarettes ;tt0137338;1999;101;5,9;13010;Risa Bramon Garcia;Janeane Garofalo;Dave Chappelle;Gaby Hoffmann;USA;English;R;Comedy;Drama;Romance;6000000,0;6851636,0;0;1990;851636,0;14,2;Faible (<6)
The Words ;tt1840417;2012;102;7,1;59637;Brian Klugman;J.K. Simmons;Bradley Cooper;Olivia Wilde;USA;English;PG-13;Drama;Mystery;Romance;6000000,0;11434867,0;21000;2010;5434867,0;90,6;Bon (7-8)
Casa de mi Padre ;tt1702425;2012;84;5,5;17169;Matt Piedmont;Will Ferrell;Adrian Martinez;Luis E. Carazo;USA;Spanish;R;Comedy;Western;;6000000,0;5895238,0;9000;2010;-104762,0;-1,7;Faible (<6)
City Island ;tt1174730;2009;104;7,4;27301;Raymond De Felitta;Ezra Miller;Curtiss Cook;Dominik García-Lorido;USA;English;PG-13;Comedy;Drama;;6000000,0;6670712,0;0;2000;670712,0;11,2;Bon (7-8)
The Guard ;tt1540133;2011;96;7,3;64794;John Michael McDonagh;Don Cheadle;Fionnula Flanagan;Wale Ojo;Ireland;English;R;Comedy;Crime;Thriller;6000000,0;5359774,0;17000;2010;-640226,0;-10,7;Bon (7-8)
College ;tt0844671;2008;94;4,6;11011;Deb Hagan;Drake Bell;Alona Tal;Haley Bennett;USA;English;R;Comedy;;;6500000,0;4693919,0;422;2000;-1806081,0;-27,8;Faible (<6)
The Virgin Suicides ;tt0159097;1999;90;7,2;116910;Sofia Coppola;Kirsten Dunst;Kathleen Turner;Scott Glenn;USA;English;R;Drama;Romance;;6000000,0;4859475,0;0;1990;-1140525,0;-19,0;Bon (7-8)
Little Voice ;tt0147004;1998;97;7,0;13892;Mark Herman;Jim Broadbent;Annette Badland;Brenda Blethyn;UK;English;R;Comedy;Drama;Music;;4595000,0;915;1990;;;Bon (7-8)
Miss March ;tt1151922;2009;90;5,1;18313;Zach Cregger;Hugh M. Hefner;Windell Middlebrooks;Raquel Alessi;USA;English;R;Comedy;Romance;;6000000,0;4542775,0;985;2000;-1457225,0;-24,3;Faible (<6)
Wish I Was Here ;tt2870708;2014;106;6,7;29341;Zach Braff;Jim Parsons;Josh Gad;Michael Weston;USA;English;R;Comedy;Drama;;6000000,0;3588432,0;0;2010;-2411568,0;-40,2;Moyen (6-7)
Simply Irresistible ;tt0145893;1999;96;5,3;11439;Mark Tarlov;Sarah Michelle Gellar;Dylan Baker;Lawrence Gilliard Jr.;Germany;English;PG-13;Comedy;Drama;Fantasy;6000000,0;4394936,0;901;1990;-1605064,0;-26,8;Faible (<6)
Hedwig and the Angry Inch ;tt0248845;2001;95;7,8;26300;John Cameron Mitchell;John Cameron Mitchell;Miriam Shor;Andrea Martin;USA;English;R;Comedy;Drama;Music;6000000,0;3029081,0;0;2000;-2970919,0;-49,5;Bon (7-8)
Only the Strong ;tt0107750;1993;99;6,7;4195;Sheldon Lettich;Antoni Corone;Ryan Bollman;Todd Susman;USA;English;PG-13;Action;Drama;;6000000,0;3273588,0;0;1990;-2726412,0;-45,4;Moyen (6-7)
Goddess of Love ;tt3432552;2015;93;5,4;522;Jon Knautz;Rachel Alig;Monda Scott;Alexis Kendra;USA;English;;Drama;Horror;Mystery;;;84;2010;;;Faible (<6)
Shattered Glass ;tt0323944;2003;99;7,2;28855;Billy Ray;Hayden Christensen;Rosario Dawson;Cas Anvar;USA;English;PG-13;Drama;History;;6000000,0;2207975,0;0;2000;-3792025,0;-63,2;Bon (7-8)
Novocaine ;tt0234354;2001;95;5,8;9589;David Atkins;Chelcie Ross;Lynne Thigpen;Polly Noonan;USA;English;R;Comedy;Crime;Drama;6000000,0;2025238,0;289;2000;-3974762,0;-66,2;Faible (<6)
The Business of Strangers ;tt0270259;2001;84;6,4;3413;Patrick Stettner;Stockard Channing;Tony Devon;Frederick Weller;USA;English;R;Drama;Thriller;;;1028337,0;29;2000;;;Moyen (6-7)
The Wild Bunch ;tt0065214;1969;144;8,0;63192;Sam Peckinpah;William Holden;Warren Oates;L.Q. Jones;USA;English;R;Action;Adventure;Western;6244087,0;;0;1960;;;Excellent (8+)
The Wackness ;tt1082886;2008;99;7,0;27266;Jonathan Levine;Mary-Kate Olsen;Aaron Yoo;Method Man;USA;English;R;Comedy;Drama;Romance;6000000,0;2077046,0;0;2000;-3922954,0;-65,4;Bon (7-8)
The Great Train Robbery ;tt0079240;1979;110;7,0;11623;Michael Crichton;Lesley-Anne Down;Michael Elphick;Pamela Salem;UK;English;PG;Adventure;Crime;Drama;6000000,0;;643;1970;;;Bon (7-8)
Morvern Callar ;tt0300214;2002;97;6,7;6906;Lynne Ramsay;Samantha Morton;Bryan Dick;Paul Popplewell;UK;English;R;Drama;;;;267194,0;605;2000;;;Moyen (6-7)
Beastmaster 2: Through the Portal of Time ;tt0101412;1991;107;3,8;2281;Sylvio Tabet;Michael Berryman;Kari Wuhrer;Marc Singer;USA;English;PG-13;Action;Adventure;Fantasy;6000000,0;869325,0;125;1990;-5130675,0;-85,5;Faible (<6)
The 5th Quarter ;tt1130964;2010;90;5,7;1245;Rick Bieber;Aidan Quinn;Kendrick Cross;Sammy Nagi Njuguna;USA;English;PG;Biography;Drama;Sport;6000000,0;399611,0;0;2010;-5600389,0;-93,3;Faible (<6)
The Flower of Evil ;tt0322289;2003;104;6,6;2591;Claude Chabrol;Benoît Magimel;Nathalie Baye;Mélanie Doutey;France;French;R;Drama;;;;181798,0;52;2000;;;Moyen (6-7)
The Greatest ;tt1226232;2009;96;6,7;7394;Shana Feste;Jennifer Ehle;Zoë Kravitz;Cara Seymour;USA;English;R;Drama;Romance;;6000000,0;115862,0;0;2000;-5884138,0;-98,1;Moyen (6-7)
Snow Flower and the Secret Fan ;tt1541995;2011;104;6,1;3024;Wayne Wang;Bingbing Li;Russell Wong;Ji-hyun Jun;China;English;PG-13;Drama;History;;6000000,0;1346503,0;0;2010;-4653497,0;-77,6;Moyen (6-7)
Come Early Morning ;tt0457308;2006;97;6,2;2330;Joey Lauren Adams;Tim Blake Nelson;Diane Ladd;Ritchie Montgomery;USA;English;R;Drama;Romance;;6000000,0;117560,0;224;2000;-5882440,0;-98,0;Moyen (6-7)
Lucky Break ;tt0246134;2001;107;6,2;1940;Peter Cattaneo;James Nesbitt;Olivia Williams;Peter McNamara;UK;English;PG-13;Comedy;Crime;Romance;6000000,0;54606,0;30;2000;-5945394,0;-99,1;Moyen (6-7)
Julia ;tt0076245;1977;117;7,4;6454;Fred Zinnemann;Meryl Streep;Jane Fonda;Vanessa Redgrave;USA;English;PG;Drama;;;7840000,0;;733;1970;;;Bon (7-8)
Surfer, Dude ;tt0976247;2008;85;4,7;7367;S.R. Bindler;Matthew McConaughey;Scott Glenn;Sarah Wright;USA;English;R;Comedy;;;6000000,0;36497,0;850;2000;-5963503,0;-99,4;Faible (<6)
Lake of Fire ;tt0841119;2006;152;8,3;2143;Tony Kaye;Noam Chomsky;Pat Buchanan;Bill Baird;USA;English;Unrated;Documentary;;;;23807,0;570;2000;;;Excellent (8+)
11:14 ;tt0331811;2003;85;7,2;38273;Greg Marcks;Henry Thomas;Barbara Hershey;Shawn Hatosy;USA;English;R;Comedy;Crime;Drama;6000000,0;;0;2000;;;Bon (7-8)
Men of War ;tt0110490;1994;76;5,8;2989;Perry Lang;Catherine Bell;Kevin Tighe;Tim Guinee;USA;English;R;Action;Drama;Thriller;8600000,0;;176;1990;;;Faible (<6)
Don McKay ;tt1281374;2009;87;5,9;2050;Jake Goldberger;Pruitt Taylor Vince;M. Emmet Walsh;Robert Wahlberg;USA;English;R;Drama;Mystery;Thriller;;;275;2000;;;Faible (<6)
Deadfall ;tt1667310;2012;95;6,3;32512;Stefan Ruzowitzky;Charlie Hunnam;Olivia Wilde;Sissy Spacek;USA;English;R;Crime;Drama;Thriller;12000000,0;65804,0;0;2010;-11934196,0;-99,5;Moyen (6-7)
A Shine of Rainbows ;tt1014774;2009;101;7,2;1696;Vic Sarin;Connie Nielsen;Aidan Quinn;John Bell;Canada;English;PG;Drama;Family;;6000000,0;;1000;2000;;;Bon (7-8)
The Hit List ;tt1575694;2011;90;5,4;10196;William Kaufman;Drew Waters;Sean Cook;Cole Hauser;USA;English;R;Action;Thriller;;6000000,0;;0;2010;;;Faible (<6)
Videodrome ;tt0086541;1983;89;7,3;60522;David Cronenberg;Debbie Harry;Leslie Carlson;Reiner Schwarz;Canada;English;R;Horror;Mystery;Sci-Fi;5952000,0;;0;1980;;;Bon (7-8)
L'auberge espagnole ;tt0283900;2002;111;7,3;34383;Cédric Klapisch;Romain Duris;Cécile De France;Iddo Goldberg;France;French;R;Comedy;Drama;;5300000,0;3895664,0;0;2000;-1404336,0;-26,5;Bon (7-8)
Song One ;tt2182972;2014;86;5,8;6797;Kate Barker-Froyland;Anne Hathaway;Shawn Parsons;Li Jun Li;USA;English;PG-13;Drama;Music;;6000000,0;20200,0;0;2010;-5979800,0;-99,7;Faible (<6)
Winter in Wartime ;tt0795441;2008;103;7,1;9230;Martin Koolhoven;Yorick van Wageningen;Tygo Gernandt;Martijn Lakemeier;Netherlands;Dutch;R;Drama;History;War;4000000,0;542860,0;0;2000;-3457140,0;-86,4;Bon (7-8)
Freaky Deaky ;tt0938305;2012;90;6,5;6741;Charles Matthau;Billy Burke;Michael Jai White;Bill Duke;USA;English;R;Comedy;Crime;Thriller;6000000,0;;0;2010;;;Moyen (6-7)
The Train ;tt0059825;1964;133;7,9;10119;John Frankenheimer;Jeanne Moreau;Paul Scofield;Michel Simon;France;English;Unrated;Thriller;War;;6700000,0;;0;1960;;;Bon (7-8)
Trade of Innocents ;tt1772408;2012;88;5,4;748;Christopher M. Bessette;Mira Sorvino;John Billingsley;Trieu Tran;USA;English;PG-13;Drama;Thriller;;;15059,0;543;2010;;;Faible (<6)
The Protector ;tt0427954;2005;111;7,1;30210;Prachya Pinkaew;Jon Foo;Nathan Jones;Johnny Nguyen;Thailand;Thai;R;Action;Crime;Drama;200000000,0;11905519,0;0;2000;-188094481,0;-94,0;Bon (7-8)
Stiff Upper Lips ;tt0120210;1998;94;6,4;867;Gary Sinyor;Sean Pertwee;Frank Finlay;Samuel West;UK;English;R;Comedy;;;;69582,0;109;1990;;;Moyen (6-7)
Bend It Like Beckham ;tt0286499;2002;112;6,7;89806;Gurinder Chadha;Archie Panjabi;Parminder Nagra;Anupam Kher;UK;English;PG-13;Comedy;Drama;Romance;3500159,0;32541719,0;0;2000;29041560,0;829,7;Moyen (6-7)
Sunshine State ;tt0286179;2002;141;6,9;3433;John Sayles;Miguel Ferrer;Edie Falco;Timothy Hutton;USA;English;PG-13;Drama;Romance;;5600000,0;3064356,0;160;2000;-2535644,0;-45,3;Moyen (6-7)
Crossover ;tt0473024;2006;95;2,1;8707;Preston A. Whitmore II;Wesley Jonathan;Wayne Brady;Eva Marcille;USA;English;PG-13;Action;Sport;;5600000,0;7009668,0;244;2000;1409668,0;25,2;Faible (<6)
Khiladi 786 ;tt2166214;2012;141;4,3;4633;Ashish R. Mohan;Asin;Mithun Chakraborty;Johnny Lever;India;Hindi;Not Rated;Action;Comedy;;;352684,0;365;2010;;;Faible (<6)
[Rec] 2 ;tt1245112;2009;85;6,6;55597;Jaume Balagueró;Jonathan D. Mellor;Pablo Rosso;Andrea Ros;Spain;Spanish;R;Horror;;;5600000,0;27024,0;4000;2000;-5572976,0;-99,5;Moyen (6-7)
Standing Ovation ;tt1303803;2010;105;3,4;548;Stewart Raffill;Kayla Jackson;Alexis Biesiada;Kayla Raparelli;USA;English;PG;Musical;;;;531806,0;277;2010;;;Faible (<6)
The Sting ;tt0070735;1973;129;8,3;175607;George Roy Hill;Eileen Brennan;Robert Shaw;Ray Walston;USA;English;PG;Comedy;Crime;Drama;5500000,0;159600000,0;0;1970;154100000,0;2801,8;Excellent (8+)
Chariots of Fire ;tt0082158;1981;125;7,2;40511;Hugh Hudson;Alice Krige;Ben Cross;John Gielgud;UK;English;PG;Biography;Drama;Sport;5500000,0;58800000,0;0;1980;53300000,0;969,1;Bon (7-8)
Diary of a Mad Black Woman ;tt0422093;2005;116;5,6;10472;Darren Grant;Cicely Tyson;Kimberly Elise;Tamara Taylor;USA;English;PG-13;Comedy;Drama;Romance;5500000,0;50382128,0;0;2000;44882128,0;816,0;Faible (<6)
Shine ;tt0117631;1996;105;7,7;43013;Scott Hicks;Noah Taylor;Armin Mueller-Stahl;Nicholas Bell;Australia;English;PG-13;Biography;Drama;Music;5500000,0;35811509,0;0;1990;30311509,0;551,1;Bon (7-8)
Don Jon ;tt2229499;2013;90;6,6;190494;Joseph Gordon-Levitt;Joseph Gordon-Levitt;Scarlett Johansson;Tony Danza;USA;English;R;Comedy;Drama;Romance;3000000,0;24475193,0;33000;2010;21475193,0;715,8;Moyen (6-7)
High Plains Drifter ;tt0068699;1973;105;7,6;36381;Clint Eastwood;Clint Eastwood;Richard Bull;John Hillerman;USA;English;R;Mystery;Western;;5500000,0;;0;1970;;;Bon (7-8)
Ghost World ;tt0162346;2001;111;7,4;96129;Terry Zwigoff;Scarlett Johansson;Steve Buscemi;T.J. Thyne;USA;English;R;Comedy;Drama;;7000000,0;6200756,0;5000;2000;-799244,0;-11,4;Bon (7-8)
Iris ;tt0280778;2001;91;7,1;14786;Richard Eyre;Kate Winslet;Jim Broadbent;Kris Marshall;UK;English;R;Biography;Drama;Romance;5500000,0;1292119,0;0;2000;-4207881,0;-76,5;Bon (7-8)
Galaxina ;tt0080771;1980;95;3,4;1955;William Sachs;Stephen Macht;Avery Schreiber;Angelo Rossitto;USA;English;R;Comedy;Sci-Fi;;;;438;1980;;;Faible (<6)
The Chorus ;tt0372824;2004;97;7,9;44151;Christophe Barratier;Jean-Baptiste Maunier;François Berléand;Gérard Jugnot;France;French;PG-13;Drama;Music;;5500000,0;3629758,0;0;2000;-1870242,0;-34,0;Bon (7-8)
Mambo Italiano ;tt0330602;2003;92;6,7;5548;Émile Gaudreault;Paul Sorvino;Luke Kirby;Claudia Ferri;Canada;English;R;Comedy;Drama;;5000000,0;6239558,0;352;2000;1239558,0;24,8;Moyen (6-7)
Wonderland ;tt0335563;2003;104;6,6;18792;James Cox;Alexis Dziena;Louis Lombardi;Franky G;USA;English;R;Crime;Drama;Mystery;5000000,0;1056102,0;1000;2000;-3943898,0;-78,9;Moyen (6-7)
Do the Right Thing ;tt0097216;1989;120;7,9;59524;Spike Lee;Ruby Dee;John Savage;Danny Aiello;USA;English;R;Drama;;;6500000,0;27545445,0;0;1980;21045445,0;323,8;Bon (7-8)
Harvard Man ;tt0242508;2001;99;4,9;3754;James Toback;Sarah Michelle Gellar;Eric Stoltz;Joey Lauren Adams;USA;English;R;Comedy;Crime;Drama;5500000,0;56007,0;113;2000;-5443993,0;-99,0;Faible (<6)
Le Havre ;tt1508675;2011;93;7,2;15267;Aki Kaurismäki;Jean-Pierre Léaud;Kati Outinen;Jean-Pierre Darroussin;Finland;French;Not Rated;Comedy;Drama;;3850000,0;611709,0;0;2010;-3238291,0;-84,1;Bon (7-8)
Irreversible ;tt0290673;2002;99;7,4;87244;Gaspar Noé;Philippe Nahon;Albert Dupontel;Jo Prestia;France;French;Not Rated;Crime;Drama;Mystery;;753501,0;13000;2000;;;Bon (7-8)
R100 ;tt2914838;2013;99;6,1;1658;Hitoshi Matsumoto;Lindsay Kay Hayward;Hitoshi Matsumoto;Shinobu Terajima;Japan;Japanese;Unrated;Comedy;Drama;;5500000,0;22770,0;543;2010;-5477230,0;-99,6;Moyen (6-7)
Rang De Basanti ;tt0405508;2006;157;8,4;70233;Rakeysh Omprakash Mehra;Anupam Kher;Steven Mackintosh;Madhavan;India;Hindi;Not Rated;Comedy;Drama;History;;2197331,0;0;2000;;;Excellent (8+)
Animals ;tt3297554;2014;90;6,2;605;Collin Schiffli;Kim Shaw;John Heard;David Dastmalchian;USA;English;;Drama;;;;;679;2010;;;Moyen (6-7)
Salvation Boulevard ;tt1251743;2011;96;5,3;3788;George Ratliff;Jim Gaffigan;Cree Kelly;Mike Eshaq;USA;English;R;Action;Comedy;Drama;9000000,0;27445,0;1000;2010;-8972555,0;-99,7;Faible (<6)
The Ten ;tt0811106;2007;96;5,0;15315;David Wain;Jon Hamm;Ken Marino;Ron Silver;USA;English;R;Comedy;Romance;;5250000,0;766487,0;915;2000;-4483513,0;-85,4;Faible (<6)
A Room for Romeo Brass ;tt0202559;1999;90;7,7;4471;Shane Meadows;Bob Hoskins;Paddy Considine;Shane Meadows;UK;English;R;Comedy;Drama;;;18434,0;484;1990;;;Bon (7-8)
Headhunters ;tt1614989;2011;100;7,6;79353;Morten Tyldum;Aksel Hennie;Synnøve Macody Lund;Julie R. Ølgaard;Norway;Norwegian;R;Crime;Drama;Thriller;30300000,0;1196752,0;23000;2010;-29103248,0;-96,1;Bon (7-8)
Grabbers ;tt1525366;2012;94;6,3;13227;Jon Wright;Russell Tovey;Richard Coyle;Bronagh Gallagher;UK;English;Not Rated;Comedy;Horror;Sci-Fi;4000000,0;;11000;2010;;;Moyen (6-7)
Saint Ralph ;tt0384488;2004;98;7,6;4976;Michael McGowan;Campbell Scott;Adam Butcher;Gordon Pinsent;Canada;English;PG-13;Comedy;Drama;Sport;6000000,0;795126,0;989;2000;-5204874,0;-86,7;Bon (7-8)
Miss Julie ;tt2667960;2014;129;5,6;2894;Liv Ullmann;Samantha Morton;Jessica Chastain;Colin Farrell;Norway;English;PG-13;Drama;Romance;;5500000,0;;0;2010;;;Faible (<6)
Somewhere in Time ;tt0081534;1980;103;7,3;21049;Jeannot Szwarc;Teresa Wright;Bill Erwin;George Voskovec;USA;English;PG;Drama;Fantasy;Romance;5100000,0;;0;1980;;;Bon (7-8)
Dum Maaro Dum ;tt1618430;2011;128;6,2;3266;Rohan Sippy;Abhishek Bachchan;Bipasha Basu;Prateik;India;Hindi;R;Action;Crime;Drama;;563699,0;421;2010;;;Moyen (6-7)
Insidious: Chapter 2 ;tt2226417;2013;106;6,6;109214;James Wan;Lin Shaye;Barbara Hershey;Leigh Whannell;USA;English;PG-13;Fantasy;Horror;Thriller;5000000,0;83574831,0;35000;2010;78574831,0;1571,5;Moyen (6-7)
Saw II ;tt0432348;2005;95;6,6;188679;Darren Lynn Bousman;Emmanuelle Vaugier;Tony Nappo;Shawnee Smith;USA;English;R;Horror;Mystery;;4000000,0;87025093,0;0;2000;83025093,0;2075,6;Moyen (6-7)
10 Cloverfield Lane ;tt1179933;2016;104;7,3;126893;Dan Trachtenberg;Bradley Cooper;John Gallagher Jr.;Sumalee Montano;USA;English;PG-13;Drama;Horror;Mystery;15000000,0;71897215,0;33000;2010;56897215,0;379,3;Bon (7-8)
Jackass: The Movie ;tt0322802;2002;87;6,6;67992;Jeff Tremaine;Bam Margera;Steve-O;Chris Pontius;USA;English;R;Comedy;Documentary;;5000000,0;64267897,0;0;2000;59267897,0;1185,4;Moyen (6-7)
Lights Out ;tt4786282;2016;81;6,9;13523;David F. Sandberg;Billy Burke;Amiah Miller;Gabriel Bateman;USA;English;PG-13;Horror;;;4900000,0;56536016,0;0;2010;51636016,0;1053,8;Moyen (6-7)
Paranormal Activity 3 ;tt1778304;2011;94;5,8;76828;Henry Joost;Johanna Braddy;Sprague Grayden;Christopher Nicholas Smith;USA;English;R;Horror;;;5000000,0;104007828,0;24000;2010;99007828,0;1980,2;Faible (<6)
Ouija ;tt1204977;2014;89;4,4;31915;Stiles White;Lin Shaye;Shelley Hennig;Daren Kagasoff;USA;English;PG-13;Fantasy;Horror;;5000000,0;50820940,0;18000;2010;45820940,0;916,4;Faible (<6)
A Nightmare on Elm Street 3: Dream Warriors ;tt0093629;1987;88;6,6;49820;Chuck Russell;John Saxon;Heather Langenkamp;Jennifer Rubin;USA;English;X;Action;Fantasy;Horror;4500000,0;44793200,0;0;1980;40293200,0;895,4;Moyen (6-7)
Instructions Not Included ;tt2378281;2013;115;7,6;22105;Eugenio Derbez;Eugenio Derbez;Jessica Lindsey;Hugo Stiglitz;Mexico;Spanish;PG-13;Comedy;Drama;;5000000,0;44456509,0;14000;2010;39456509,0;789,1;Bon (7-8)
Paranormal Activity 4 ;tt2109184;2012;96;4,6;51204;Henry Joost;Matt Shively;Brendon Eggertsen;Alisha Boe;USA;English;R;Horror;;;5000000,0;53884821,0;26000;2010;48884821,0;977,7;Faible (<6)
The Robe ;tt0046247;1953;135;6,8;6359;Henry Koster;Richard Burton;Jean Simmons;Victor Mature;USA;English;Unrated;Drama;History;;5000000,0;36000000,0;0;1950;31000000,0;620,0;Moyen (6-7)
The Return of the Pink Panther ;tt0072081;1975;113;7,1;19596;Blake Edwards;Burt Kwouk;Herbert Lom;Catherine Schell;UK;English;G;Comedy;Crime;Mystery;5000000,0;;620;1970;;;Bon (7-8)
Freddy's Dead: The Final Nightmare ;tt0101917;1991;93;4,9;30765;Rachel Talalay;Johnny Depp;Tom Arnold;Yaphet Kotto;USA;English;R;Comedy;Fantasy;Horror;8500000,0;34872293,0;963;1990;26372293,0;310,3;Faible (<6)
Monster ;tt0340855;2003;109;7,3;105568;Patty Jenkins;Charlize Theron;Bruce Dern;Pruitt Taylor Vince;USA;English;R;Biography;Crime;Drama;4500000,0;34468224,0;0;2000;29968224,0;666,0;Bon (7-8)
20,000 Leagues Under the Sea ;tt0046672;1954;127;7,2;22123;Richard Fleischer;James Mason;Robert J. Wilke;Paul Lukas;USA;English;Approved;Adventure;Drama;Family;5000000,0;;0;1950;;;Bon (7-8)
Paranormal Activity: The Marked Ones ;tt2473682;2014;101;5,0;31791;Christopher Landon;Richard Cabral;Gloria Sandoval;Molly Ephraim;USA;English;R;Fantasy;Horror;Thriller;5000000,0;32453345,0;10000;2010;27453345,0;549,1;Faible (<6)
The Elephant Man ;tt0080678;1980;124;8,2;161972;David Lynch;Anthony Hopkins;Anne Bancroft;Dexter Fletcher;USA;English;PG;Biography;Drama;;5000000,0;;9000;1980;;;Excellent (8+)
Dallas Buyers Club ;tt0790636;2013;117;8,0;326494;Jean-Marc Vallée;Matthew McConaughey;Jennifer Garner;Denis O'Hare;USA;English;R;Biography;Drama;;5000000,0;27296514,0;65000;2010;22296514,0;445,9;Excellent (8+)
The Lazarus Effect ;tt2918436;2015;83;5,2;28513;David Gelb;Olivia Wilde;Mark Duplass;Donald Glover;USA;English;PG-13;Horror;Sci-Fi;Thriller;3300000,0;25799043,0;0;2010;22499043,0;681,8;Faible (<6)
Memento ;tt0209144;2000;113;8,5;845580;Christopher Nolan;Callum Rennie;Thomas Lennon;Jorja Fox;USA;English;R;Mystery;Thriller;;9000000,0;25530884,0;40000;2000;16530884,0;183,7;Excellent (8+)
Oculus ;tt2388715;2013;104;6,5;85688;Mike Flanagan;James Lafferty;Rory Cochrane;Garrett Ryan;USA;English;R;Horror;Mystery;;5000000,0;27689474,0;23000;2010;22689474,0;453,8;Moyen (6-7)
Clerks II ;tt0424345;2006;97;7,4;114797;Kevin Smith;Ethan Suplee;Jason Mewes;Brian O'Halloran;USA;English;R;Comedy;;;5000000,0;24138847,0;0;2000;19138847,0;382,8;Bon (7-8)
Billy Elliot ;tt0249462;2000;110;7,7;98354;Stephen Daldry;Julie Walters;Gary Lewis;Jamie Draven;UK;English;R;Drama;Music;;5000000,0;21994911,0;0;2000;16994911,0;339,9;Bon (7-8)
The Way Way Back ;tt1727388;2013;103;7,4;115813;Nat Faxon;Steve Carell;Liam James;Jim Rash;USA;English;PG-13;Comedy;Drama;;5000000,0;21501098,0;22000;2010;16501098,0;330,0;Bon (7-8)
House Party 2 ;tt0102065;1991;94;5,1;3571;George Jackson;William Schallert;Tisha Campbell-Martin;Helen Martin;USA;English;R;Comedy;Drama;Music;5000000,0;19281235,0;232;1990;14281235,0;285,6;Faible (<6)
The Man from Snowy River ;tt0084296;1982;102;7,3;5894;George Miller;Tony Bonner;Jack Thompson;Tom Burlinson;Australia;English;PG;Adventure;Drama;Family;3500000,0;;0;1980;;;Bon (7-8)
Doug's 1st Movie ;tt0187819;1999;77;5,0;2448;Maurice Joyce;Frank Welker;Constance Shulman;Alice Playten;USA;English;G;Animation;Comedy;Family;5000000,0;19421271,0;122;1990;14421271,0;288,4;Faible (<6)
The Apostle ;tt0118632;1997;134;7,2;11622;Robert Duvall;John Beasley;Todd Allen;June Carter Cash;USA;English;PG-13;Drama;;;5000000,0;20733485,0;1000;1990;15733485,0;314,7;Bon (7-8)
Mommie Dearest ;tt0082766;1981;129;6,7;10564;Frank Perry;Faye Dunaway;Xander Berkeley;Diana Scarwid;USA;English;R;Biography;Drama;;5000000,0;;0;1980;;;Moyen (6-7)
Our Idiot Brother ;tt1637706;2011;90;6,4;74875;Jesse Peretz;Zooey Deschanel;Adam Scott;Steve Coogan;USA;English;R;Comedy;Drama;;5000000,0;24809547,0;11000;2010;19809547,0;396,2;Moyen (6-7)
Race ;tt3499096;2016;134;7,1;11744;Stephen Hopkins;William Hurt;Tony Curran;David Kross;Canada;English;PG-13;Biography;Drama;Sport;;19097994,0;0;2010;;;Bon (7-8)
The Players Club ;tt0119905;1998;104;5,6;4345;Ice Cube;Bernie Mac;Monica Calhoun;Chrystale Wilson;USA;English;R;Comedy;Drama;;4500000,0;23031390,0;575;1990;18531390,0;411,8;Faible (<6)
As Above, So Below ;tt2870612;2014;93;6,1;49948;John Erick Dowdle;Ben Feldman;Edwin Hodge;Perdita Weeks;USA;English;R;Horror;Mystery;Thriller;5000000,0;21197315,0;14000;2010;16197315,0;323,9;Moyen (6-7)
Addicted ;tt2205401;2014;106;5,2;5975;Bille Woodruff;Boris Kodjoe;Cameron Mills;Sharon Leal;USA;Spanish;R;Drama;Thriller;;5000000,0;17382982,0;0;2010;12382982,0;247,7;Faible (<6)
Eve's Bayou ;tt0119080;1997;109;7,3;6915;Kasi Lemmons;Jurnee Smollett-Bell;Lynn Whitfield;Diahann Carroll;USA;English;R;Drama;;;6000000,0;14821531,0;599;1990;8821531,0;147,0;Bon (7-8)
Still Alice ;tt3316960;2014;101;7,5;86077;Richard Glatzer;Kristen Stewart;Hunter Parrish;Seth Gilliam;USA;English;PG-13;Drama;;;5000000,0;18656400,0;45000;2010;13656400,0;273,1;Bon (7-8)
The Egyptian ;tt0046949;1954;139;6,6;2498;Michael Curtiz;Gene Tierney;Peter Ustinov;Jean Simmons;USA;English;Approved;Drama;History;;5000000,0;;376;1950;;;Moyen (6-7)
Nighthawks ;tt0082817;1981;99;6,4;12519;Bruce Malmuth;Sylvester Stallone;Lindsay Wagner;Persis Khambatta;USA;English;R;Action;Crime;Thriller;5000000,0;;0;1980;;;Moyen (6-7)
Friday the 13th Part VIII: Jason Takes Manhattan ;tt0097388;1989;100;4,5;22961;Rob Hedden;Kane Hodder;Peter Mark Richman;Scott Reeves;USA;English;R;Adventure;Horror;;5000000,0;14343976,0;1000;1980;9343976,0;186,9;Faible (<6)
My Big Fat Greek Wedding ;tt0259446;2002;95;6,6;102071;Joel Zwick;Nia Vardalos;Louis Mandylor;Lainie Kazan;USA;English;PG;Comedy;Family;Romance;5000000,0;241437427,0;5000;2000;236437427,0;4728,7;Moyen (6-7)
Spring Breakers ;tt2101441;2012;94;5,3;108683;Harmony Korine;James Franco;Heather Morris;Rachel Korine;USA;English;R;Crime;Drama;;5000000,0;14123773,0;25000;2010;9123773,0;182,5;Faible (<6)
Halloween: The Curse of Michael Myers ;tt0113253;1995;93;4,9;20815;Joe Chappelle;Donald Pleasence;Kim Darby;Mitchell Ryan;USA;English;R;Horror;Thriller;;5000000,0;15126948,0;0;1990;10126948,0;202,5;Faible (<6)
Y Tu Mamá También ;tt0245574;2001;106;7,7;91377;Alfonso Cuarón;Maribel Verdú;Daniel Giménez Cacho;María Aura;Mexico;Spanish;R;Adventure;Comedy;Drama;2000000,0;13622333,0;0;2000;11622333,0;581,1;Bon (7-8)
Shaun of the Dead ;tt0365748;2004;99;8,0;395921;Edgar Wright;Peter Serafinowicz;Dylan Moran;Rafe Spall;UK;English;R;Comedy;Horror;;4000000,0;13464388,0;19000;2000;9464388,0;236,6;Excellent (8+)
The Haunting of Molly Hartley ;tt1045655;2008;82;3,8;7904;Mickey Liddell;Jessica Lowndes;Randy Wayne;Haley Bennett;USA;English;PG-13;Drama;Horror;Thriller;5000000,0;13350177,0;562;2000;8350177,0;167,0;Faible (<6)
Lone Star ;tt0116905;1996;135;7,6;23202;John Sayles;Matthew McConaughey;Clifton James;Miriam Colon;USA;English;R;Drama;Mystery;;5000000,0;13269963,0;0;1990;8269963,0;165,4;Bon (7-8)
Halloween 4: The Return of Michael Myers ;tt0095271;1988;88;5,9;29629;Dwight H. Little;Donald Pleasence;Kathleen Kinmont;Ellie Cornell;USA;English;R;Horror;Thriller;;5000000,0;17768000,0;0;1980;12768000,0;255,4;Faible (<6)
April Fool's Day ;tt0090655;1986;89;6,2;10624;Fred Walton;Thomas F. Wilson;Deborah Foreman;Clayton Rohner;USA;English;R;Horror;Mystery;;5000000,0;12947763,0;0;1980;7947763,0;159,0;Moyen (6-7)
Diner ;tt0083833;1982;110;7,2;14995;Barry Levinson;Steve Guttenberg;Daniel Stern;Ellen Barkin;USA;English;R;Comedy;Drama;;5000000,0;14100000,0;0;1980;9100000,0;182,0;Bon (7-8)
Lone Wolf McQuade ;tt0085862;1983;107;6,3;7973;Steve Carver;David Carradine;William Sanderson;Robert Beltran;USA;English;PG;Action;Crime;Drama;5000000,0;12200000,0;0;1980;7200000,0;144,0;Moyen (6-7)
Apollo 18 ;tt1772240;2011;86;5,2;47227;Gonzalo López-Gallego;Warren Christie;Ryan Robbins;Andrew Airlie;USA;English;PG-13;Horror;Mystery;Sci-Fi;5000000,0;17683670,0;0;2010;12683670,0;253,7;Faible (<6)
Sunshine Cleaning ;tt0862846;2008;91;6,9;61151;Christine Jeffs;Clifton Collins Jr.;Mary Lynn Rajskub;Paul Dooley;USA;English;R;Comedy;Drama;;8000000,0;12055108,0;0;2000;4055108,0;50,7;Moyen (6-7)
No Escape ;tt1781922;2015;103;6,8;48675;John Erick Dowdle;Sterling Jerins;Claire Geare;Sahajak Boonthanakit;USA;English;R;Action;Thriller;;5000000,0;27285953,0;16000;2010;22285953,0;445,7;Moyen (6-7)
The Beastmaster ;tt0083630;1982;90;6,2;15345;Don Coscarelli;Vanna Bonta;John Amos;Rip Torn;USA;English;PG;Action;Adventure;Fantasy;8000000,0;;0;1980;;;Moyen (6-7)
Solomon and Sheba ;tt0053290;1959;141;6,2;2017;King Vidor;Gina Lollobrigida;George Sanders;Finlay Currie;USA;English;;Drama;History;Romance;5000000,0;;270;1950;;;Moyen (6-7)
Fifty Shades of Black ;tt4667094;2016;92;3,5;9509;Michael Tiddes;Fred Willard;Mike Epps;Russell Peters;USA;English;R;Comedy;;;5000000,0;11675178,0;11000;2010;6675178,0;133,5;Faible (<6)
Not Easily Broken ;tt0795438;2009;99;6,1;2326;Bill Duke;Eddie Cibrian;Jenifer Lewis;Wood Harris;USA;English;PG-13;Drama;Romance;;8000000,0;10572742,0;738;2000;2572742,0;32,2;Moyen (6-7)
A Farewell to Arms ;tt0022879;1932;79;6,6;3519;Frank Borzage;Gary Cooper;Helen Hayes;Adolphe Menjou;USA;English;Unrated;Drama;Romance;War;800000,0;;213;1930;;;Moyen (6-7)
The Perfect Match ;tt4871980;2016;96;4,5;1180;Bille Woodruff;Donald Faison;Brandy Norwood;Lauren London;USA;English;R;Comedy;Romance;;5000000,0;9658370,0;740;2010;4658370,0;93,2;Faible (<6)
Digimon: The Movie ;tt0259974;2000;82;5,9;5164;Mamoru Hosoda;Lara Jill Miller;Colleen O'Shaughnessey;Mona Marshall;USA;English;PG;Action;Adventure;Animation;5000000,0;9628751,0;207;2000;4628751,0;92,6;Faible (<6)
Saved! ;tt0332375;2004;92;6,9;40274;Brian Dannelly;Macaulay Culkin;Patrick Fugit;Eva Amurri Martino;USA;English;PG-13;Comedy;Drama;;5000000,0;8786715,0;0;2000;3786715,0;75,7;Moyen (6-7)
The Barbarian Invasions ;tt0338135;2003;112;7,7;24921;Denys Arcand;Marie-Josée Croze;Stéphane Rousseau;Marina Hands;Canada;French;R;Comedy;Crime;Drama;6000000,0;3432342,0;0;2000;-2567658,0;-42,8;Bon (7-8)
Robin and Marian ;tt0075147;1976;106;6,6;8930;Richard Lester;Robert Shaw;Denholm Elliott;Nicol Williamson;USA;English;PG;Adventure;Drama;Romance;5000000,0;;672;1970;;;Moyen (6-7)
The Forsaken ;tt0245120;2001;90;5,3;7319;J.S. Cardone;Brendan Fehr;Kerr Smith;Izabella Miko;USA;English;R;Horror;Thriller;;5000000,0;6755271,0;327;2000;1755271,0;35,1;Faible (<6)
Force 10 from Navarone ;tt0077572;1978;126;6,3;13587;Guy Hamilton;Harrison Ford;Carl Weathers;Franco Nero;UK;English;PG;Action;Drama;War;5000000,0;;729;1970;;;Moyen (6-7)
UHF ;tt0098546;1989;150;7,0;21416;Jay Levey;Fran Drescher;Gedde Watanabe;Michael Richards;USA;English;PG-13;Comedy;Drama;;5000000,0;6157157,0;0;1980;1157157,0;23,1;Bon (7-8)
Grandma's Boy ;tt0456554;2006;90;7,0;67853;Nicholaus Goossen;Linda Cardellini;Joel David Moore;Shirley Jones;USA;English;R;Comedy;;;;6088249,0;0;2000;;;Bon (7-8)
Slums of Beverly Hills ;tt0120831;1998;91;6,6;9427;Tamara Jenkins;Natasha Lyonne;Kevin Corrigan;Jessica Walter;USA;English;R;Comedy;Drama;;5000000,0;5480318,0;462;1990;480318,0;9,6;Moyen (6-7)
Once Upon a Time in the West ;tt0064116;1968;145;8,6;216005;Sergio Leone;Claudia Cardinale;Woody Strode;Jack Elam;Italy;English;PG-13;Western;;;5000000,0;;10000;1960;;;Excellent (8+)
Made ;tt0227005;2001;95;6,4;15053;Jon Favreau;Jon Favreau;Faizon Love;Jonathan Silverman;USA;English;R;Comedy;Crime;Drama;5000000,0;5308707,0;393;2000;308707,0;6,2;Moyen (6-7)
Moon ;tt1182345;2009;97;7,9;260607;Duncan Jones;Kevin Spacey;Matt Berry;Benedict Wong;UK;English;R;Drama;Mystery;Sci-Fi;5000000,0;5009677,0;47000;2000;9677,0;0,2;Bon (7-8)
Keeping Up with the Steins ;tt0415949;2006;90;5,4;2719;Scott Marshall;Miranda Cosgrove;Jami Gertz;Carter Jenkins;USA;English;PG-13;Comedy;;;;4328294,0;249;2000;;;Faible (<6)
Sea Rex 3D: Journey to a Prehistoric World ;tt1529567;2010;41;6,9;296;Ronan Chapalain;Norbert Ferrer;Guillaume Denaiffe;Chloe Hollings;UK;English;;Documentary;;;5000000,0;4074023,0;89;2010;-925977,0;-18,5;Moyen (6-7)
The Sweet Hereafter ;tt0120255;1997;112;7,7;26720;Atom Egoyan;Bruce Greenwood;Sarah Polley;Simon Baker;Canada;English;R;Drama;;;5000000,0;4306697,0;920;1990;-693303,0;-13,9;Bon (7-8)
Of Gods and Men ;tt1588337;2010;122;7,2;12411;Xavier Beauvois;Lambert Wilson;Michael Lonsdale;Olivier Rabourdin;France;French;PG-13;Drama;;;4000000,0;3950029,0;0;2010;-49971,0;-1,2;Bon (7-8)
Bottle Shock ;tt0914797;2008;110;6,8;12233;Randall Miller;Alan Rickman;Freddy Rodríguez;Greg Collins;USA;English;PG-13;Comedy;Drama;;5000000,0;4040588,0;0;2000;-959412,0;-19,2;Moyen (6-7)
Jekyll and Hyde... Together Again ;tt0084171;1982;87;6,2;881;Jerry Belson;Cassandra Peterson;Tim Thomerson;Bess Armstrong;USA;English;R;Comedy;Music;Sci-Fi;5000000,0;;323;1980;;;Moyen (6-7)
Heavenly Creatures ;tt0110005;1994;108;7,4;50197;Peter Jackson;Kate Winslet;Jed Brophy;Liz Mullane;New Zealand;English;R;Biography;Crime;Drama;5000000,0;3049135,0;0;1990;-1950865,0;-39,0;Bon (7-8)
90 Minutes in Heaven ;tt4337690;2015;121;4,6;2047;Michael Polish;Hayden Christensen;Bobby Batson;Cynthia Barrett;USA;English;PG-13;Drama;;;5000000,0;4700361,0;0;2010;-299639,0;-6,0;Faible (<6)
Everything Must Go ;tt1531663;2010;97;6,4;40305;Dan Rush;Will Ferrell;Scott Takeda;Stephen Root;USA;English;R;Comedy;Drama;;5000000,0;2711210,0;0;2010;-2288790,0;-45,8;Moyen (6-7)
Zero Effect ;tt0120906;1998;116;7,0;12366;Jake Kasdan;Kim Dickens;Ryan O'Neal;Angela Featherstone;USA;English;R;Comedy;Crime;Drama;5000000,0;1980338,0;507;1990;-3019662,0;-60,4;Bon (7-8)
The Machinist ;tt0361862;2004;94;7,7;281649;Brad Anderson;Christian Bale;Jennifer Jason Leigh;Reg E. Cathey;Spain;English;R;Drama;Thriller;;5000000,0;1082044,0;21000;2000;-3917956,0;-78,4;Bon (7-8)
Light Sleeper ;tt0102307;1992;103;6,8;3665;Paul Schrader;Dana Delany;Jane Adams;David Clennon;USA;English;R;Crime;Drama;;5000000,0;1100000,0;247;1990;-3900000,0;-78,0;Moyen (6-7)
Kill the Messenger ;tt1216491;2014;112;7,0;32382;Michael Cuesta;Jeremy Renner;Paz Vega;Robert Pralgo;USA;English;R;Biography;Crime;Drama;5000000,0;2445646,0;13000;2010;-2554354,0;-51,1;Bon (7-8)
Rabbit Hole ;tt0935075;2010;91;7,0;40618;John Cameron Mitchell;Dianne Wiest;Jon Tenney;Tammy Blanchard;USA;English;PG-13;Drama;;;5000000,0;2221809,0;0;2010;-2778191,0;-55,6;Bon (7-8)
Party Monster ;tt0320244;2003;98;6,3;12675;Fenton Bailey;Macaulay Culkin;Mia Kirshner;Marilyn Manson;USA;English;R;Biography;Crime;Drama;5000000,0;296665,0;0;2000;-4703335,0;-94,1;Moyen (6-7)
Green Room ;tt4062536;2015;95;7,1;28845;Jeremy Saulnier;Alia Shawkat;Mark Webber;Joe Cole;USA;English;R;Crime;Horror;Music;5000000,0;3219029,0;10000;2010;-1780971,0;-35,6;Bon (7-8)
The Oh in Ohio ;tt0422861;2006;88;5,6;5494;Billy Kent;Liza Minnelli;Tim Russ;Winter Ave Zoli;USA;English;R;Comedy;Drama;Romance;5000000,0;;255;2000;;;Faible (<6)
Atlas Shrugged: Who Is John Galt? ;tt2800038;2014;99;4,4;1900;James Manera;Joaquim de Almeida;Greg Germann;Kristoffer Polaha;USA;English;PG-13;Drama;Mystery;Sci-Fi;5000000,0;830210,0;0;2010;-4169790,0;-83,4;Faible (<6)
Bottle Rocket ;tt0115734;1996;91;7,1;54478;Wes Anderson;Andrew Wilson;Darryl Cox;Lumi Cavazos;USA;English;R;Comedy;Crime;Drama;7000000,0;1040879,0;0;1990;-5959121,0;-85,1;Bon (7-8)
Albino Alligator ;tt0115495;1996;97;6,1;6632;Kevin Spacey;Viggo Mortensen;Joe Mantegna;Faye Dunaway;USA;English;R;Crime;Drama;Thriller;5000000,0;326308,0;225;1990;-4673692,0;-93,5;Moyen (6-7)
Gandhi, My Father ;tt0459293;2007;136;7,4;1311;Feroz Abbas Khan;Akshaye Khanna;Bhoomika Chawla;Darshan Jariwala;India;Hindi;;Biography;Drama;History;;240425,0;133;2000;;;Bon (7-8)
Standard Operating Procedure ;tt0896866;2008;118;7,5;3329;Errol Morris;Jeffrey Frost;Megan Ambuhl Graner;Ken Davis;USA;English;R;Crime;Documentary;War;;228830,0;489;2000;;;Bon (7-8)
Out of the Blue ;tt0081291;1980;94;7,2;1599;Dennis Hopper;Raymond Burr;Don Gordon;Jim Byrnes;Canada;English;R;Drama;;;2200000,0;;274;1980;;;Bon (7-8)
Tucker and Dale vs Evil ;tt1465522;2010;89;7,6;127842;Eli Craig;Katrina Bowden;Tyler Labine;Chelan Simmons;Canada;English;R;Comedy;Horror;;;223615,0;49000;2010;;;Bon (7-8)
Lovely, Still ;tt1150947;2008;90;7,3;1560;Nicholas Fackler;Adam Scott;Ellen Burstyn;Martin Landau;USA;English;PG;Drama;Romance;;5000000,0;124720,0;777;2000;-4875280,0;-97,5;Bon (7-8)
Tycoon ;tt0039927;1947;95;6,2;989;Richard Wallace;Judith Anderson;Paul Fix;Laraine Day;USA;English;Approved;Adventure;Drama;Romance;3209000,0;;44;1940;;;Moyen (6-7)
Desert Blue ;tt0126261;1998;90;6,2;1884;Morgan J. Freeman;Ethan Suplee;John Heard;Sara Gilbert;USA;English;R;Drama;;;2000000,0;99147,0;69;1990;-1900853,0;-95,0;Moyen (6-7)
Decoys ;tt0357585;2004;95;4,6;4041;Matthew Hastings;Meghan Ory;Marc Trottier;Corey Sevier;Canada;English;R;Comedy;Horror;Sci-Fi;5000000,0;;174;2000;;;Faible (<6)
The Visit ;tt3567288;2015;94;6,2;65299;M. Night Shyamalan;Ocean James;Patch Darragh;Olivia DeJonge;USA;English;PG-13;Horror;Thriller;;5000000,0;65069140,0;27000;2010;60069140,0;1201,4;Moyen (6-7)
Redacted ;tt0937237;2007;90;6,2;8824;Brian De Palma;Mike Figueroa;Daniel Stewart Sherman;Kel O'Neill;USA;English;R;Crime;Thriller;War;5000000,0;65087,0;559;2000;-4934913,0;-98,7;Moyen (6-7)
Fascination ;tt0305632;2004;103;3,3;1207;Klaus Menzel;Adam Garcia;Jacqueline Bisset;Alice Evans;Germany;English;R;Mystery;Romance;Thriller;5000000,0;16066,0;40;2000;-4983934,0;-99,7;Faible (<6)
Area 51 ;tt1519461;2015;91;4,2;7888;Oren Peli;Glenn Campbell;Sandra Staggs;Jelena Nik;USA;English;R;Horror;Sci-Fi;Thriller;5000000,0;;0;2010;;;Faible (<6)
Sleep Tight ;tt1437358;2011;102;7,2;23756;Jaume Balagueró;Luis Tosar;Tony Corvillo;Marta Etura;Spain;Spanish;Not Rated;Drama;Horror;Thriller;5000000,0;;0;2010;;;Bon (7-8)
The Cottage ;tt0465430;2008;92;6,2;10056;Paul Andrew Williams;Dave Legeno;Doug Bradley;Georgia Groome;UK;English;Unrated;Comedy;Crime;Horror;2500000,0;;639;2000;;;Moyen (6-7)
Dead Like Me: Life After Death ;tt1079444;2009;87;6,1;10734;Stephen Herek;Henry Ian Cusick;Callum Blue;Shenae Grimes-Beech;USA;English;R;Comedy;Drama;Fantasy;5000000,0;;887;2000;;;Moyen (6-7)
Farce of the Penguins ;tt0488539;2006;80;4,2;4322;Bob Saget;Alyson Hannigan;John Stamos;Jim Belushi;USA;English;R;Animation;Comedy;;;;419;2000;;;Faible (<6)
Flying By ;tt1131732;2009;90;4,5;215;Jim Amatulli;Heather Locklear;Patricia Neal;Katie Leclerc;USA;English;PG-13;Drama;Family;Music;;;38;2000;;;Faible (<6)
Rudderless ;tt1798243;2014;105;7,5;12672;William H. Macy;Billy Crudup;Felicity Huffman;David Adam Flannery;USA;English;R;Comedy;Drama;Music;5000000,0;37440,0;0;2010;-4962560,0;-99,3;Bon (7-8)
Henry & Me ;tt1460798;2014;67;6,7;83;Barrett Esposito;Chazz Palminteri;Cyndi Lauper;Danny Aiello;USA;English;PG;Animation;Family;;10000000,0;;165;2010;;;Moyen (6-7)
Christmas Eve ;tt3703148;2015;95;5,1;1091;Mitch Davis;Gary Cole;Jon Heder;Cheryl Hines;USA;English;PG;Comedy;;;;;0;2010;;;Faible (<6)
We Have Your Husband ;tt2063015;2011;87;5,5;216;Eric Bross;Teri Polo;Esai Morales;Nicholas Gonzalez;USA;English;TV-PG;Crime;Drama;Thriller;5000000,0;;58;2010;;;Faible (<6)
Dying of the Light ;tt1274586;2014;94;4,4;6964;Paul Schrader;Nicolas Cage;Irène Jacob;Tomiwa Edun;Bahamas;English;R;Drama;Thriller;;5000000,0;;0;2010;;;Faible (<6)
Born of War ;tt1554921;2014;109;4,4;237;Vicky Jewson;James Frain;Sofia Black-D'Elia;Lisa Kay;UK;English;R;Action;Drama;Thriller;5000000,0;;190;2010;;;Faible (<6)
Capricorn One ;tt0077294;1977;130;6,8;15988;Peter Hyams;David Huddleston;Sam Waterston;Hal Holbrook;USA;English;PG;Action;Sci-Fi;Thriller;5000000,0;;2000;1970;;;Moyen (6-7)
Should've Been Romeo ;tt1717210;2012;0;6,7;38;Marc Bennett;Michael Rapaport;Natasha Henstridge;Costas Mandylor;USA;English;;Comedy;Drama;;5000000,0;;35;2010;;;Moyen (6-7)
Running Forever ;tt4453560;2015;88;8,6;8;Mike Mayhall;David Raizor;Cody Howard;Martin Kove;USA;English;;Family;;;5000000,0;;49;2010;;;Excellent (8+)
Yoga Hosers ;tt3838992;2016;88;4,8;849;Kevin Smith;Johnny Depp;Haley Joel Osment;Natasha Lyonne;USA;English;PG-13;Comedy;Fantasy;Horror;5000000,0;;0;2010;;;Faible (<6)
Navy Seals vs. Zombies ;tt4511566;2015;97;3,4;928;Stanton Barrett;Mikal Vega;Michael Dudikoff;Ed Quinn;USA;English;;Action;Horror;;;;0;2010;;;Faible (<6)
I Served the King of England ;tt0284363;2006;113;7,4;6183;Jirí Menzel;Julia Jentsch;Ivan Barnev;Milan Lasica;Czech Republic;Czech;R;Comedy;Drama;Romance;84450000,0;617228,0;1000;2000;-83832772,0;-99,3;Bon (7-8)
Soul Kitchen ;tt1244668;2009;99;7,3;29203;Fatih Akin;Udo Kier;Moritz Bleibtreu;Birol Ünel;Germany;German;;Comedy;Drama;;4000000,0;274385,0;0;2000;-3725615,0;-93,1;Bon (7-8)
Sling Blade ;tt0117666;1996;148;8,0;72443;Billy Bob Thornton;Robert Duvall;Dwight Yoakam;J.T. Walsh;USA;English;R;Drama;;;890000,0;24475416,0;0;1990;23585416,0;2650,0;Excellent (8+)
The Awakening ;tt1687901;2011;107;6,5;46347;Nick Murphy;Isaac Hempstead Wright;Imelda Staunton;Joseph Mawle;UK;English;R;Horror;Thriller;;3000000,0;;10000;2010;;;Moyen (6-7)
Hostel ;tt0450278;2005;93;5,9;138814;Eli Roth;Jay Hernandez;Takashi Miike;Rick Hoffman;USA;English;R;Horror;;;4800000,0;47277326,0;0;2000;42477326,0;884,9;Faible (<6)
Tristram Shandy: A Cock and Bull Story ;tt0423409;2005;94;6,8;11202;Michael Winterbottom;Steve Coogan;Shirley Henderson;Dylan Moran;UK;English;R;Comedy;Drama;;2800000,0;1247453,0;750;2000;-1552547,0;-55,4;Moyen (6-7)
Take Shelter ;tt1675192;2011;121;7,4;68211;Jeff Nichols;Katy Mixon;Shea Whigham;Robert Longstreet;USA;English;R;Drama;Thriller;;5000000,0;1729969,0;14000;2010;-3270031,0;-65,4;Bon (7-8)
Lady in White ;tt0095484;1988;118;6,7;4695;Frank LaLoggia;Alex Rocco;Lukas Haas;Katherine Helmond;USA;English;R;Fantasy;Horror;Mystery;4700000,0;1705139,0;0;1980;-2994861,0;-63,7;Moyen (6-7)
Driving Lessons ;tt0446687;2006;98;6,8;9611;Jeremy Brock;Rupert Grint;Julie Walters;Tamsin Egerton;UK;English;PG-13;Comedy;Drama;;;238774,0;864;2000;;;Moyen (6-7)
Let's Kill Ward's Wife ;tt2980708;2014;82;5,4;4247;Scott Foley;Donald Faison;Greg Grunberg;Dagmara Dominczyk;USA;English;Unrated;Comedy;Crime;;5000000,0;;0;2010;;;Faible (<6)
The Texas Chainsaw Massacre 2 ;tt0092076;1986;101;5,5;19234;Tobe Hooper;Bill Johnson;Lou Perryman;Jim Siedow;USA;English;X;Comedy;Horror;;4700000,0;8025872,0;0;1980;3325872,0;70,8;Faible (<6)
Pat Garrett & Billy the Kid ;tt0070518;1973;106;7,4;13467;Sam Peckinpah;James Coburn;Bob Dylan;Jason Robards;USA;English;R;Biography;Drama;Romance;4638783,0;;0;1970;;;Bon (7-8)
Only God Forgives ;tt1602613;2013;90;5,7;83234;Nicolas Winding Refn;Ryan Gosling;Kristin Scott Thomas;Yayaying Rhatha Phongam;Denmark;English;R;Crime;Drama;;4800000,0;778565,0;30000;2010;-4021435,0;-83,8;Faible (<6)
Camping sauvage ;tt0451673;2005;79;5,4;262;Christophe Ali;Denis Lavant;Isild Le Besco;Emmanuelle Bercot;France;French;;Drama;;;;;11;2000;;;Faible (<6)
Without Men ;tt1547090;2011;87;3,2;1427;Gabriela Tagliavini;Maria Conchita Alonso;Kate del Castillo;Camryn Manheim;USA;English;R;Comedy;;;4700000,0;;491;2010;;;Faible (<6)
Barfi ;tt3099638;2013;0;7,1;57;Shekar;Bhama;Diganth;Dileep Raj;India;Kannada;;Comedy;Romance;;;;2;2010;;;Bon (7-8)
Dear Frankie ;tt0377752;2004;105;7,8;18940;Shona Auerbach;Gerard Butler;Sharon Small;Jack McElhone;UK;English;PG-13;Drama;Romance;;;1340891,0;2000;2000;;;Bon (7-8)
All Hat ;tt0903131;2007;89;5,3;436;Leonard Farlinger;Keith Carradine;Gary Farmer;Stephen McHattie;Canada;English;R;Western;;;5000000,0;;31;2000;;;Faible (<6)
The Names of Love ;tt1646974;2010;100;7,2;6304;Michel Leclerc;Sara Forestier;Jacques Gamblin;Zinedine Soualem;France;French;R;Comedy;Drama;Romance;4600000,0;513836,0;0;2010;-4086164,0;-88,8;Bon (7-8)
Treading Water ;tt2091427;2013;92;6,2;421;Analeine Cal y Mayor;Zoë Kravitz;Douglas Smith;Kim Ly;Mexico;English;;Comedy;Drama;;4700000,0;;199;2010;;;Moyen (6-7)
Savage Grace ;tt0379976;2007;97;5,9;8867;Tom Kalin;Eddie Redmayne;Elena Anaya;Stephen Dillane;Spain;English;Not Rated;Drama;;;4600000,0;434417,0;0;2000;-4165583,0;-90,6;Faible (<6)
Out of the Blue ;tt0839938;2006;100;7,3;2776;Robert Sarkies;William Kircher;Matthew Sunderland;Paul Glover;New Zealand;English;;Crime;Drama;;;728,0;285;2000;;;Bon (7-8)
Police Academy ;tt0087928;1984;96;6,7;87739;Hugh Wilson;Steve Guttenberg;Bubba Smith;Michael Winslow;USA;English;R;Comedy;;;4500000,0;81200000,0;0;1980;76700000,0;1704,4;Moyen (6-7)
The Blue Lagoon ;tt0080453;1980;104;5,7;50125;Randal Kleiser;Brooke Shields;Christopher Atkins;Leo McKern;USA;English;R;Adventure;Drama;Romance;4500000,0;;0;1980;;;Faible (<6)
Four Weddings and a Funeral ;tt0109831;1994;117;7,1;107923;Mike Newell;Kristin Scott Thomas;James Fleet;Simon Callow;UK;English;R;Comedy;Drama;Romance;4500000,0;52700832,0;0;1990;48200832,0;1071,1;Bon (7-8)
Fast Times at Ridgemont High ;tt0083929;1982;90;7,2;71217;Amy Heckerling;Jennifer Jason Leigh;Judge Reinhold;Vincent Schiavelli;USA;English;X;Comedy;Drama;;4500000,0;;0;1980;;;Bon (7-8)
Moby Dick ;tt0049513;1956;115;7,4;13474;John Huston;Royal Dano;Richard Basehart;James Robertson Justice;USA;English;Unrated;Adventure;Drama;;4500000,0;;0;1950;;;Bon (7-8)
25th Hour ;tt0307901;2002;108;7,7;149528;Spike Lee;Philip Seymour Hoffman;Rosario Dawson;Aaron Stanford;USA;English;R;Drama;;;15000000,0;13060843,0;0;2000;-1939157,0;-12,9;Bon (7-8)
Bound ;tt0115736;1996;109;7,4;41138;Lana Wachowski;Christopher Meloni;Kevin Michael Richardson;Peter Spellos;USA;English;R;Crime;Drama;Romance;4500000,0;3798532,0;2000;1990;-701468,0;-15,6;Bon (7-8)
Requiem for a Dream ;tt0180093;2000;102;8,4;573541;Darren Aronofsky;Ellen Burstyn;Mark Margolis;Louise Lasser;USA;English;R;Drama;;;4500000,0;3609278,0;38000;2000;-890722,0;-19,8;Excellent (8+)
State Fair ;tt0038116;1945;100;7,1;2756;Walter Lang;Dana Andrews;Jeanne Crain;Frank McHugh;USA;English;Approved;Musical;Romance;;;;501;1940;;;Bon (7-8)
Tango ;tt0120274;1998;115;7,2;2412;Carlos Saura;Mía Maestro;Juan Luis Galiardo;Miguel Ángel Solá;Spain;Spanish;PG-13;Drama;Musical;;700000000,0;1687311,0;539;1990;-698312689,0;-99,8;Bon (7-8)
Salvador ;tt0091886;1986;122;7,5;15175;Oliver Stone;Jim Belushi;John Savage;Juan Fernández;UK;English;R;Drama;History;Thriller;4500000,0;;1000;1980;;;Bon (7-8)
Moms' Night Out ;tt3014666;2014;98;5,4;10483;Andrew Erwin;Alex Kendrick;Sarah Drew;Patricia Heaton;USA;English;PG;Comedy;;;5000000,0;10429707,0;0;2010;5429707,0;108,6;Faible (<6)
Donnie Darko ;tt0246578;2001;133;8,1;580999;Richard Kelly;Jake Gyllenhaal;Mary McDonnell;James Duval;USA;English;R;Drama;Sci-Fi;Thriller;4500000,0;727883,0;33000;2000;-3772117,0;-83,8;Excellent (8+)
Saving Private Perez ;tt0461336;2011;105;6,0;1592;Beto Gómez;Jaime Camil;Gerardo Taracena;Joaquín Cosio;Mexico;Spanish;PG-13;Adventure;Comedy;Western;;1391770,0;0;2010;;;Moyen (6-7)
Character ;tt0119448;1997;122;7,8;9171;Mike van Diem;Jan Decleir;Fedja van Huêt;Hans Kesting;Netherlands;Dutch;R;Crime;Drama;Mystery;4500000,0;713413,0;689;1990;-3786587,0;-84,1;Bon (7-8)
Spun ;tt0283003;2002;106;6,8;32357;Jonas Åkerlund;Patrick Fugit;Nicholas Gonzalez;Debbie Harry;USA;English;R;Comedy;Crime;Drama;2000000,0;410241,0;3000;2000;-1589759,0;-79,5;Moyen (6-7)
Life During Wartime ;tt0808526;2009;98;6,5;5465;Todd Solondz;Rich Pecci;Shirley Henderson;Charlotte Rampling;USA;English;R;Comedy;Drama;;;278821,0;0;2000;;;Moyen (6-7)
Lady Vengeance ;tt0451094;2005;112;7,7;53508;Chan-wook Park;Min-sik Choi;Yeong-ae Lee;Hye-jeong Kang;South Korea;Korean;R;Crime;Drama;;4200000000,0;211667,0;4000;2000;-4199788333,0;-100,0;Bon (7-8)
Mozart's Sister ;tt1653911;2010;120;6,4;1213;René Féret;Nicolas Giraud;Clovis Fouin;Marie Féret;France;French;;Biography;Drama;Music;;706622,0;0;2010;;;Moyen (6-7)
Mean Machine ;tt0291341;2001;99;6,5;29463;Barry Skolnick;Jason Statham;Jason Flemyng;Danny Dyer;UK;English;R;Comedy;Drama;Sport;2500000,0;92191,0;0;2000;-2407809,0;-96,3;Moyen (6-7)
Exiled ;tt0796212;2006;110;7,3;6919;Johnnie To;Simon Yam;Anthony Chau-Sang Wong;Josie Ho;Hong Kong;Cantonese;R;Action;Crime;Thriller;35000000,0;49413,0;528;2000;-34950587,0;-99,9;Bon (7-8)
Blackthorn ;tt1629705;2011;102;6,6;7390;Mateo Gil;Sam Shepard;Dominique McElligott;Stephen Rea;Spain;English;R;Action;Adventure;Western;;199652,0;0;2010;;;Moyen (6-7)
Lilya 4-Ever ;tt0300140;2002;109;7,9;35464;Lukas Moodysson;Oksana Akinshina;Artyom Bogucharskiy;Lyubov Agapova;Sweden;Russian;R;Crime;Drama;;;181655,0;0;2000;;;Bon (7-8)
After.Life ;tt0838247;2009;104;5,9;30836;Agnieszka Wojtowicz-Vosloo;Liam Neeson;Josh Charles;Chandler Canterbury;USA;English;R;Drama;Horror;Mystery;4500000,0;108229,0;7000;2000;-4391771,0;-97,6;Faible (<6)
Fugly ;tt3683702;2014;134;4,7;781;Kabir Sadanand;Jimmy Shergill;Sana Saeed;Dimple Kapadia;India;Hindi;;Drama;Thriller;;;;62;2010;;;Faible (<6)
One Flew Over the Cuckoo's Nest ;tt0073486;1975;133;8,7;680041;Milos Forman;Scatman Crothers;Michael Berryman;Louise Fletcher;USA;English;R;Drama;;;4400000,0;112000000,0;32000;1970;107600000,0;2445,5;Excellent (8+)
R.L. Stine's Monsterville: The Cabinet of Souls ;tt4386242;2015;85;5,9;917;Peter DeLuise;Katherine McNamara;Dove Cameron;Braeden Lemasters;USA;English;PG;Comedy;;;4400000,0;;224;2010;;;Faible (<6)
Silent Movie ;tt0075222;1976;87;6,7;12666;Mel Brooks;Sid Caesar;Dom DeLuise;Bernadette Peters;USA;;PG;Comedy;Romance;;4400000,0;;629;1970;;;Moyen (6-7)
Airlift ;tt4387040;2016;130;8,5;30977;Raja Menon;Nimrat Kaur;Sameer Ali Khan;Purab Kohli;India;Hindi;;Action;Drama;History;4400000,0;;10000;2010;;;Excellent (8+)
Falcon Rising ;tt2295722;2014;103;5,8;4952;Ernie Barbarash;Michael Jai White;Michael J. Morris;Lateef Crowder;USA;English;R;Action;Adventure;;4500000,0;8691,0;0;2010;-4491309,0;-99,8;Faible (<6)
The Sweeney ;tt0857190;2012;112;6,1;16445;Nick Love;Hayley Atwell;Ray Winstone;Alan Ford;UK;English;R;Action;Crime;Drama;3000000,0;26345,0;0;2010;-2973655,0;-99,1;Moyen (6-7)
Sexy Beast ;tt0203119;2000;89;7,3;43135;Jonathan Glazer;Ray Winstone;James Fox;Amanda Redman;UK;English;R;Crime;Thriller;;;6940281,0;0;2000;;;Bon (7-8)
Easy Money ;tt1291652;2010;124;6,7;13443;Daniel Espinosa;Fabian Bolin;Fares Fares;Matias Varela;Sweden;Swedish;R;Action;Crime;Drama;;188870,0;0;2010;;;Moyen (6-7)
Whale Rider ;tt0298228;2002;101;7,6;34232;Niki Caro;Keisha Castle-Hughes;Rawiri Paratene;Tammy Davis;New Zealand;English;PG-13;Drama;Family;;6000000,0;20772796,0;0;2000;14772796,0;246,2;Bon (7-8)
Paa ;tt1532957;2009;133;7,2;7295;R. Balki;Vidya Balan;Abhishek Bachchan;Paresh Rawal;India;Hindi;;Comedy;Drama;;150000000,0;199228,0;504;2000;-149800772,0;-99,9;Bon (7-8)
Cargo ;tt0381940;2009;112;6,2;15780;Ivan Engler;Yangzom Brauen;Claude-Oliver Rudolph;Anna Katharina Schwabroh;Switzerland;German;;Mystery;Sci-Fi;Thriller;4500000,0;;2000;2000;;;Moyen (6-7)
High School Musical ;tt0475293;2006;98;5,2;59254;Kenny Ortega;Lucas Grabeel;Corbin Bleu;Olesya Rulin;USA;English;TV-G;Comedy;Drama;Family;4200000,0;;0;2000;;;Faible (<6)
Love and Death on Long Island ;tt0119574;1997;93;7,1;3407;Richard Kwietniowski;Jason Priestley;Maury Chaykin;Danny Webb;UK;English;PG-13;Comedy;Drama;;;2542264,0;61;1990;;;Bon (7-8)
Night Watch ;tt0403358;2004;104;6,5;47097;Timur Bekmambetov;Konstantin Khabenskiy;Aleksey Chadov;Zhanna Friske;Russia;Russian;R;Fantasy;Thriller;;4200000,0;1487477,0;0;2000;-2712523,0;-64,6;Moyen (6-7)
The Crying Game ;tt0104036;1992;112;7,3;41361;Neil Jordan;Jim Broadbent;Miranda Richardson;Stephen Rea;UK;English;R;Crime;Drama;Romance;2300000,0;62549000,0;0;1990;60249000,0;2619,5;Bon (7-8)
Porky's ;tt0084522;1981;94;6,2;31260;Bob Clark;Art Hindle;Susan Clark;Tony Ganios;Canada;English;R;Comedy;;;4000000,0;105500000,0;0;1980;101500000,0;2537,5;Moyen (6-7)
Survival of the Dead ;tt1134854;2009;90;5,0;17478;George A. Romero;Julian Richings;Shawn Roberts;Kathleen Munroe;USA;English;R;Horror;;;4000000,0;101055,0;0;2000;-3898945,0;-97,5;Faible (<6)
Night of the Living Dead ;tt0063350;1968;96;8,0;87978;George A. Romero;Judith O'Dea;Duane Jones;S. William Hinzman;USA;English;Unrated;Drama;Horror;Mystery;114000,0;;0;1960;;;Excellent (8+)
Lost in Translation ;tt0335266;2003;101;7,8;321283;Sofia Coppola;Scarlett Johansson;Bill Murray;Catherine Lambert;USA;English;R;Drama;;;4000000,0;44566004,0;17000;2000;40566004,0;1014,2;Bon (7-8)
Annie Hall ;tt0075686;1977;93;8,1;192940;Woody Allen;Woody Allen;Carol Kane;Shelley Duvall;USA;English;PG;Comedy;Romance;;4000000,0;39200000,0;0;1970;35200000,0;880,0;Excellent (8+)
The Greatest Show on Earth ;tt0044672;1952;152;6,7;9456;Cecil B. DeMille;Gloria Grahame;Dorothy Lamour;Cornel Wilde;USA;English;Not Rated;Drama;Family;Romance;4000000,0;36000000,0;625;1950;32000000,0;800,0;Moyen (6-7)
Monster's Ball ;tt0285742;2001;112;7,1;71495;Marc Forster;Heath Ledger;Peter Boyle;Marcus Lyle Brown;USA;English;R;Drama;Romance;;4000000,0;31252964,0;0;2000;27252964,0;681,3;Bon (7-8)
Maggie ;tt1881002;2015;95;5,6;30219;Henry Hobson;Joely Richardson;J.D. Evermore;David A Cole;USA;English;PG-13;Drama;Horror;;8500000,0;131175,0;22000;2010;-8368825,0;-98,5;Faible (<6)
Leaving Las Vegas ;tt0113627;1995;111;7,6;93894;Mike Figgis;Nicolas Cage;Valeria Golino;Julian Sands;USA;English;R;Drama;Romance;;3600000,0;31968347,0;0;1990;28368347,0;788,0;Bon (7-8)
Hansel & Gretel Get Baked ;tt2081194;2013;86;4,3;2806;Duane Journey;Molly C. Quinn;Lara Flynn Boyle;Lochlyn Munro;USA;English;;Comedy;Horror;;4500000,0;;0;2010;;;Faible (<6)
The Front Page ;tt0071524;1974;105;7,3;9007;Billy Wilder;Austin Pendleton;Harold Gould;David Wayne;USA;English;PG;Comedy;Drama;Romance;4000000,0;;661;1970;;;Bon (7-8)
The Boy Next Door ;tt3181822;2015;91;4,6;27198;Rob Cohen;Ryan Guzman;Hill Harper;Adam Hicks;USA;English;R;Mystery;Thriller;;4000000,0;35385560,0;8000;2010;31385560,0;784,6;Faible (<6)
Trapeze ;tt0049875;1956;105;6,8;3102;Carol Reed;Gina Lollobrigida;Katy Jurado;Sidney James;USA;English;Approved;Drama;Romance;;4000000,0;;283;1950;;;Moyen (6-7)
The Kids Are All Right ;tt0842926;2010;106;7,1;110616;Lisa Cholodenko;Josh Hutcherson;Mia Wasikowska;Yaya DaCosta;USA;English;R;Comedy;Drama;;3500000,0;20803237,0;16000;2010;17303237,0;494,4;Bon (7-8)
They Live ;tt0096256;1988;93;7,3;73501;John Carpenter;Meg Foster;Peter Jason;George 'Buck' Flower;USA;English;R;Horror;Sci-Fi;Thriller;4000000,0;13008928,0;27000;1980;9008928,0;225,2;Bon (7-8)
The Great Escape ;tt0057115;1963;172;8,3;165638;John Sturges;James Coburn;Donald Pleasence;Gordon Jackson;USA;English;Approved;Adventure;Drama;History;4000000,0;;8000;1960;;;Excellent (8+)
What the #$*! Do We (K)now!? ;tt0399877;2004;109;5,4;12059;William Arntz;Marlee Matlin;Elaine Hendrix;Armin Shimerman;USA;English;Unrated;Comedy;Documentary;Drama;;10941801,0;2000;2000;;;Faible (<6)
The Last Exorcism Part II ;tt2034139;2013;93;4,0;13506;Ed Gass-Donnelly;Muse Watson;Spencer Treat Clark;Ashley Bell;France;English;PG-13;Drama;Horror;Thriller;5000000,0;15152879,0;0;2010;10152879,0;203,1;Faible (<6)
Boyhood ;tt1065073;2014;165;8,0;266020;Richard Linklater;Ellar Coltrane;Lorelei Linklater;Libby Villari;USA;English;R;Drama;;;4000000,0;25359200,0;92000;2010;21359200,0;534,0;Excellent (8+)
Scoop ;tt0457513;2006;96;6,7;66840;Woody Allen;Scarlett Johansson;Kevin McNally;Geoff Bell;UK;English;PG-13;Comedy;Crime;Mystery;4000000,0;10515579,0;0;2000;6515579,0;162,9;Moyen (6-7)
The Wash ;tt0290332;2001;93;4,6;5612;DJ Pooh;Angell Conwell;Dr. Dre;DJ Pooh;USA;English;R;Comedy;;;4000000,0;10097096,0;842;2000;6097096,0;152,4;Faible (<6)
3 Strikes ;tt0199290;2000;82;4,0;1415;DJ Pooh;Mo'Nique;Mike Epps;Faizon Love;USA;English;R;Comedy;;;6000000,0;9821335,0;118;2000;3821335,0;63,7;Faible (<6)
The Cooler ;tt0318374;2003;101;7,0;28714;Wayne Kramer;Estella Warren;Paul Sorvino;Shawn Hatosy;USA;English;R;Crime;Drama;Fantasy;3200000,0;8243880,0;762;2000;5043880,0;157,6;Bon (7-8)
The Misfits ;tt0055184;1961;120;7,4;12981;John Huston;Montgomery Clift;Kevin McCarthy;Thelma Ritter;USA;English;Approved;Drama;Romance;Western;4000000,0;;0;1960;;;Bon (7-8)
The Night Listener ;tt0448075;2006;81;5,9;13086;Patrick Stettner;Robin Williams;Joe Morton;Rory Culkin;USA;English;R;Crime;Mystery;Thriller;4000000,0;7825820,0;576;2000;3825820,0;95,6;Faible (<6)
The Jerky Boys ;tt0110189;1995;82;4,6;2129;James Melkonian;Vincent Pastore;William Hickey;Peter Appel;USA;English;R;Comedy;Crime;;;7557877,0;138;1990;;;Faible (<6)
The Orphanage ;tt0464141;2007;105;7,5;120189;J.A. Bayona;Geraldine Chaplin;Belén Rueda;Fernando Cayo;Spain;Spanish;R;Drama;Mystery;Thriller;3400000,0;7159147,0;11000;2000;3759147,0;110,6;Bon (7-8)
A Haunted House 2 ;tt2828996;2014;86;4,7;14621;Michael Tiddes;Ashley Rickards;Essence Atkins;Gabriel Iglesias;USA;English;R;Comedy;Fantasy;;4000000,0;17314483,0;0;2010;13314483,0;332,9;Faible (<6)
The Rules of Attraction ;tt0292644;2002;110;6,7;44339;Roger Avary;Ian Somerhalder;Faye Dunaway;Clifton Collins Jr.;USA;English;R;Comedy;Drama;Romance;4000000,0;6525762,0;0;2000;2525762,0;63,1;Moyen (6-7)
Topaz ;tt0065112;1969;127;6,3;12677;Alfred Hitchcock;Roscoe Lee Browne;John Vernon;Philippe Noiret;USA;English;M;Drama;Thriller;;4000000,0;;414;1960;;;Moyen (6-7)
Let's Go to Prison ;tt0454987;2006;90;6,0;19622;Bob Odenkirk;Dylan Baker;Chi McBride;Amy Hill;USA;English;R;Comedy;Crime;;;4613815,0;931;2000;;;Moyen (6-7)
Four Rooms ;tt0113101;1995;110;6,7;78241;Allison Anders;Salma Hayek;Alicia Witt;Lili Taylor;USA;English;R;Comedy;Fantasy;;4000000,0;4301331,0;0;1990;301331,0;7,5;Moyen (6-7)
Secretary ;tt0274812;2002;104;7,1;67949;Steven Shainberg;Jeremy Davies;Stephen McHattie;Lesley Ann Warren;USA;English;R;Comedy;Drama;Romance;4000000,0;4046737,0;15000;2000;46737,0;1,2;Bon (7-8)
The Real Cancun ;tt0360916;2003;96;2,7;3611;Rick de Oliveira;Laura Ramsey;Alan Taylor;Benjamin Fletcher;USA;English;R;Documentary;;;8000000,0;3713002,0;131;2000;-4286998,0;-53,6;Faible (<6)
Talk Radio ;tt0096219;1988;110;7,3;10073;Oliver Stone;Michael Wincott;Zach Grenier;Bill Johnson;USA;English;R;Drama;;;4000000,0;3468572,0;816;1980;-531428,0;-13,3;Bon (7-8)
Waiting for Guffman ;tt0118111;1996;84;7,6;22697;Christopher Guest;Catherine O'Hara;Fred Willard;Larry Miller;USA;English;R;Comedy;;;4000000,0;2892582,0;0;1990;-1107418,0;-27,7;Bon (7-8)
Love Stinks ;tt0188863;1999;94;5,8;4377;Jeff Franklin;Ivana Milicevic;Tyra Banks;Bridgette Wilson-Sampras;USA;English;R;Comedy;;;4000000,0;2800000,0;309;1990;-1200000,0;-30,0;Faible (<6)
You Kill Me ;tt0796375;2007;93;6,5;16224;John Dahl;Philip Baker Hall;Aaron Hughes;Jayne Eastwood;USA;English;R;Comedy;Crime;Romance;4000000,0;2426851,0;830;2000;-1573149,0;-39,3;Moyen (6-7)
Thumbsucker ;tt0318761;2005;96;6,6;18762;Mike Mills;Kelli Garner;Lou Taylor Pucci;Nancy O'Dell;USA;English;R;Comedy;Drama;;4000000,0;1325073,0;708;2000;-2674927,0;-66,9;Moyen (6-7)
Red State ;tt0873886;2011;88;6,2;53342;Kevin Smith;Anna Gunn;Michael Angarano;Stephen Root;USA;English;R;Action;Crime;Horror;4000000,0;;16000;2010;;;Moyen (6-7)
Mirrormask ;tt0366780;2005;101;6,9;20275;Dave McKean;Stephanie Leonidas;Gina McKee;Rob Brydon;UK;English;PG;Adventure;Fantasy;;4000000,0;864959,0;0;2000;-3135041,0;-78,4;Moyen (6-7)
Samsara ;tt0770802;2011;102;8,5;22457;Ron Fricke;Collin Alfredo St. Dic;Balinese Tari Legong Dancers;Puti Sri Candra Dewi;USA;;PG-13;Documentary;Music;;4000000,0;2601847,0;26000;2010;-1398153,0;-35,0;Excellent (8+)
The Barbarians ;tt0092615;1987;87;4,8;2308;Ruggero Deodato;Michael Berryman;Eva LaRue;Richard Lynch;USA;English;R;Adventure;Fantasy;;4000000,0;800000,0;550;1980;-3200000,0;-80,0;Faible (<6)
The Art of Getting By ;tt1645080;2011;83;6,6;45293;Gavin Wiesen;Michael Angarano;Blair Underwood;Rita Wilson;USA;English;PG-13;Drama;Romance;;;1429260,0;0;2010;;;Moyen (6-7)
Zipper ;tt3346224;2015;103;5,7;4091;Mora Stephens;Ray Winstone;Alexandra Breckenridge;Elena Satine;USA;English;R;Drama;Thriller;;4500000,0;;987;2010;;;Faible (<6)
Poolhall Junkies ;tt0273982;2002;99;7,0;8535;Mars Callahan;Chazz Palminteri;Ricky Schroder;Ernie Reyes Jr.;USA;English;R;Drama;Thriller;;4000000,0;562059,0;872;2000;-3437941,0;-85,9;Bon (7-8)
The Loss of Sexual Innocence ;tt0126859;1999;106;5,4;2877;Mike Figgis;Kelly Macdonald;Saffron Burrows;Julian Sands;USA;English;R;Drama;;;4000000,0;399793,0;111;1990;-3600207,0;-90,0;Faible (<6)
Holy Motors ;tt2076220;2012;115;7,1;29440;Leos Carax;Kylie Minogue;Leos Carax;Denis Lavant;France;French;Not Rated;Drama;Fantasy;;;;12000;2010;;;Bon (7-8)
Joe ;tt2382396;2013;117;6,9;36494;David Gordon Green;Nicolas Cage;Tye Sheridan;Ronnie Gene Blevins;USA;English;R;Drama;;;4000000,0;371897,0;11000;2010;-3628103,0;-90,7;Moyen (6-7)
Shooting Fish ;tt0120122;1997;99;6,6;6705;Stefan Schwartz;Peter McNamara;Dan Futterman;Ralph Ineson;UK;English;PG;Comedy;Crime;Romance;3000000,0;302204,0;167;1990;-2697796,0;-89,9;Moyen (6-7)
Prison ;tt0095904;1987;102;5,9;2705;Renny Harlin;Viggo Mortensen;Lane Smith;Hal Landon Jr.;USA;English;R;Crime;Drama;Horror;1300000,0;354704,0;314;1980;-945296,0;-72,7;Faible (<6)
Psycho Beach Party ;tt0206226;2000;85;6,3;4617;Robert Lee King;Lauren Ambrose;Kathleen Robertson;Beth Broderick;Australia;English;Unrated;Comedy;Horror;Mystery;1500000,0;265107,0;614;2000;-1234893,0;-82,3;Moyen (6-7)
The Big Tease ;tt0156639;1999;86;6,3;2133;Kevin Allen;Craig Ferguson;Frances Fisher;Mary McCormack;UK;English;R;Comedy;;;4000000,0;185577,0;182;1990;-3814423,0;-95,4;Moyen (6-7)
Buen Día, Ramón ;tt2876428;2013;120;7,7;2112;Jorge Ramírez Suárez;Hector Kotsifakis;Adriana Barraza;Arcelia Ramírez;Mexico;German;PG-13;Drama;;;4000000,0;100412,0;0;2010;-3899588,0;-97,5;Bon (7-8)
Trust ;tt1529572;2010;106;7,0;34224;David Schwimmer;Noah Emmerich;Jordan Trovillion;Zoe Levin;USA;English;R;Crime;Drama;Thriller;9500000,0;58214,0;10000;2010;-9441786,0;-99,4;Bon (7-8)
An Everlasting Piece ;tt0218182;2000;103;6,3;1398;Barry Levinson;Anna Friel;Brían F. O'Byrne;Pauline McLynn;USA;English;R;Comedy;;;14000000,0;75078,0;132;2000;-13924922,0;-99,5;Moyen (6-7)
Among Giants ;tt0122906;1998;93;5,9;811;Sam Miller;Rachel Griffiths;Alan Williams;Rob Jarvis;UK;English;R;Comedy;Romance;;2500000,0;64359,0;108;1990;-2435641,0;-97,4;Faible (<6)
Adore ;tt2103267;2013;112;6,2;23334;Anne Fontaine;Robin Wright;Naomi Watts;Ben Mendelsohn;Australia;English;R;Drama;Romance;;16000000,0;317125,0;0;2010;-15682875,0;-98,0;Moyen (6-7)
The Velocity of Gary ;tt0120878;1998;100;5,0;1555;Dan Ireland;Salma Hayek;Danny Arroyo;Olivia d'Abo;USA;English;R;Comedy;Drama;Romance;4000000,0;;98;1990;;;Faible (<6)
Mondays in the Sun ;tt0319769;2002;113;7,7;9913;Fernando León de Aranoa;Luis Tosar;Enrique Villén;Aida Folch;Spain;Spanish;R;Comedy;Drama;;4000000,0;146402,0;0;2000;-3853598,0;-96,3;Bon (7-8)
Stake Land ;tt1464580;2010;98;6,5;34263;Jim Mickle;Connor Paolo;Michael Cerveris;Nick Damici;USA;English;R;Drama;Horror;Sci-Fi;650000,0;18469,0;0;2010;-631531,0;-97,2;Moyen (6-7)
The Last Time I Committed Suicide ;tt0119502;1997;92;5,8;1686;Stephen Kay;Keanu Reeves;Marg Helgenberger;Gretchen Mol;USA;English;R;Biography;Drama;;4000000,0;12836,0;161;1990;-3987164,0;-99,7;Faible (<6)
Futuro Beach ;tt2199543;2014;106;6,1;1738;Karim Aïnouz;Wagner Moura;Clemens Schick;Jesuíta Barbosa;Brazil;Portuguese;Unrated;Drama;;;4000000,0;20262,0;278;2010;-3979738,0;-99,5;Moyen (6-7)
Another Happy Day ;tt1719071;2011;119;6,0;3297;Sam Levinson;George Kennedy;Ezra Miller;Demi Moore;USA;English;R;Comedy;Drama;;4000000,0;;798;2010;;;Moyen (6-7)
A Lonely Place to Die ;tt1422136;2011;99;6,3;22220;Julian Gilbey;Ed Speleers;Eamonn Walker;Sean Harris;UK;English;R;Action;Adventure;Crime;4000000,0;;0;2010;;;Moyen (6-7)
Nothing ;tt0298482;2003;90;6,3;5137;Vincenzo Natali;David Hewlett;Angelo Tsarouchas;Marie-Josée Croze;Canada;English;R;Comedy;Fantasy;;;;688;2000;;;Moyen (6-7)
The Geographer Drank His Globe Away ;tt3155604;2013;120;7,5;2488;Aleksandr Veledinskiy;Konstantin Khabenskiy;Elena Lyadova;Eugenia Khirivskaya;Russia;Russian;;Adventure;Drama;;4000000,0;;282;2010;;;Bon (7-8)
1776 ;tt0068156;1972;168;7,6;6303;Peter H. Hunt;Blythe Danner;Ken Howard;Howard Caine;USA;English;PG;Drama;Family;History;4000000,0;;0;1970;;;Bon (7-8)
Inescapable ;tt1844203;2012;93;5,2;2086;Ruba Nadda;Saad Siddiqui;Bonnie Lee Bouman;Fadia Nadda;Canada;English;R;Drama;Mystery;Romance;4000000,0;4063,0;657;2010;-3995937,0;-99,9;Faible (<6)
Hell's Angels ;tt0020960;1930;96;7,8;3753;Howard Hughes;Jean Harlow;Marian Marsh;James Hall;USA;English;Passed;Drama;War;;3950000,0;;279;1930;;;Bon (7-8)
Purple Violets ;tt0491109;2007;103;6,6;2727;Edward Burns;Debra Messing;Rosemarie DeWitt;Peter Jacobson;USA;English;;Comedy;Drama;Romance;4000000,0;;296;2000;;;Moyen (6-7)
The Veil ;tt3533916;2016;93;4,7;4146;Phil Joanou;Lily Rabe;Shannon Woodward;Kira McLean;USA;English;R;Horror;;;4000000,0;;0;2010;;;Faible (<6)
The Loved Ones ;tt1316536;2009;84;6,7;27781;Sean Byrne;Robin McLeavy;Jessica McNamee;Victoria Thaine;Australia;English;R;Horror;Thriller;;;;0;2000;;;Moyen (6-7)
No Vacancy ;tt1854582;2012;81;4,2;1561;Chris Stokes;Kristen Quintrall;Rachel Sterling;Black Thomas;USA;English;R;Horror;;;4000000,0;;531;2010;;;Faible (<6)
How to Fall in Love ;tt2395247;2012;84;6,3;1929;Mark Griffiths;Eric Mabius;Gina Holden;Brooke D'Orsay;USA;English;TV-G;Comedy;Romance;;4000000,0;;170;2010;;;Moyen (6-7)
The Perfect Wave ;tt2414822;2014;94;4,7;724;Bruce Macdonald;Rachel Hendrix;Cheryl Ladd;Diana Vickers;South Africa;English;PG;Adventure;Biography;Drama;4000000,0;;365;2010;;;Faible (<6)
A Man for All Seasons ;tt0060665;1966;120;7,9;23713;Fred Zinnemann;Robert Shaw;Susannah York;Paul Scofield;UK;English;Approved;Biography;Drama;History;2000000,0;;2000;1960;;;Bon (7-8)
Network ;tt0074958;1976;121;8,1;103493;Sidney Lumet;Robert Duvall;Faye Dunaway;William Holden;USA;English;R;Drama;Romance;;3800000,0;;17000;1970;;;Excellent (8+)
Gone with the Wind ;tt0031381;1939;226;8,2;215340;Victor Fleming;Hattie McDaniel;George Reeves;Thomas Mitchell;USA;English;G;Drama;History;Romance;3977000,0;198655278,0;16000;1930;194678278,0;4895,1;Excellent (8+)
Desert Dancer ;tt2403393;2014;104;6,0;1177;Richard Raymond;Tom Cullen;Reece Ritchie;Marama Corlett;UK;English;PG-13;Biography;Drama;;4000000,0;143653,0;0;2010;-3856347,0;-96,4;Moyen (6-7)
Major Dundee ;tt0059418;1965;152;6,8;5294;Sam Peckinpah;James Coburn;Slim Pickens;Warren Oates;USA;English;Approved;Adventure;War;Western;3800000,0;14873,0;251;1960;-3785127,0;-99,6;Moyen (6-7)
Down for Life ;tt1056477;2009;92;7,3;257;Alan Jacobs;Snoop Dogg;Laz Alonso;Nicholas Gonzalez;USA;English;R;Drama;;;;;237;2000;;;Bon (7-8)
Annie Get Your Gun ;tt0042200;1950;107;7,0;3167;George Sidney;Keenan Wynn;Howard Keel;Betty Hutton;USA;English;Passed;Biography;Comedy;Musical;3768785,0;8000000,0;456;1950;4231215,0;112,3;Bon (7-8)
Four Lions ;tt1341167;2010;97;7,3;55982;Christopher Morris;Kayvan Novak;Riz Ahmed;Alex Macqueen;UK;English;R;Comedy;Crime;Drama;;304137,0;17000;2010;;;Bon (7-8)
House of Sand ;tt0373747;2005;115;7,5;2650;Andrucha Waddington;Fernanda Montenegro;Seu Jorge;Fernanda Torres;Brazil;Portuguese;R;Drama;;;8000000,0;;385;2000;;;Bon (7-8)
Defendor ;tt1303828;2009;95;6,8;31836;Peter Stebbings;Michael Kelly;Tony Nappo;Charlotte Sullivan;Canada;English;R;Comedy;Crime;Drama;3500000,0;37606,0;0;2000;-3462394,0;-98,9;Moyen (6-7)
The Pirate ;tt0040694;1948;102;7,1;3258;Vincente Minnelli;Gladys Cooper;Reginald Owen;Ellen Ross;USA;English;Approved;Adventure;Comedy;Musical;3700000,0;2956000,0;359;1940;-744000,0;-20,1;Bon (7-8)
The Good Heart ;tt0808285;2009;99;6,9;3579;Dagur Kári;Alice Olivia Clarke;Susan Blommaert;Stephen Henderson;Iceland;English;R;Drama;;;3800000,0;19959,0;0;2000;-3780041,0;-99,5;Moyen (6-7)
The History Boys ;tt0464049;2006;109;6,9;17770;Nicholas Hytner;Dominic Cooper;Russell Tovey;James Corden;UK;English;R;Comedy;Drama;;2000000,0;2706659,0;0;2000;706659,0;35,3;Moyen (6-7)
Midnight Cowboy ;tt0064665;1969;113;7,9;76616;John Schlesinger;Brenda Vaccaro;Barnard Hughes;John McGiver;USA;English;X;Drama;;;3600000,0;;0;1960;;;Bon (7-8)
The Full Monty ;tt0119164;1997;91;7,2;82232;Peter Cattaneo;Tom Wilkinson;Mark Addy;Lesley Sharp;UK;English;R;Comedy;Drama;Music;3500000,0;45857453,0;0;1990;42357453,0;1210,2;Bon (7-8)
Airplane! ;tt0080339;1980;88;7,8;160281;Jim Abrahams;Peter Graves;Lloyd Bridges;Barbara Billingsley;USA;English;PG;Comedy;;;3500000,0;83400000,0;16000;1980;79900000,0;2282,9;Bon (7-8)
Chain of Command ;tt4340720;2015;88;3,5;801;Kevin Carraway;Michael Jai White;Max Ryan;Jon Osbeck;USA;English;R;Action;Thriller;;5000000,0;;358;2010;;;Faible (<6)
Friday ;tt0113118;1995;97;7,3;74626;F. Gary Gray;Nia Long;John Witherspoon;Tony Cox;USA;English;R;Comedy;Drama;;3500000,0;27900000,0;8000;1990;24400000,0;697,1;Bon (7-8)
Menace II Society ;tt0107554;1993;97;7,5;39508;Albert Hughes;Jada Pinkett Smith;Larenz Tate;Khandi Alexander;USA;English;R;Crime;Drama;Thriller;3500000,0;27900000,0;0;1990;24400000,0;697,1;Bon (7-8)
Creepshow 2 ;tt0092796;1987;85;6,0;15956;Michael Gornick;George Kennedy;Holt McCallany;Dorothy Lamour;USA;English;R;Comedy;Fantasy;Horror;3500000,0;14000000,0;1000;1980;10500000,0;300,0;Moyen (6-7)
The Ballad of Cable Hogue ;tt0065446;1970;121;7,3;6350;Sam Peckinpah;Slim Pickens;Jason Robards;L.Q. Jones;USA;English;R;Comedy;Drama;Romance;3716946,0;;357;1970;;;Bon (7-8)
In Cold Blood ;tt0061809;1967;134;8,0;19026;Richard Brooks;John Forsythe;Robert Blake;Will Geer;USA;English;Approved;Biography;Crime;Drama;3500000,0;;0;1960;;;Excellent (8+)
The Nun's Story ;tt0053131;1959;149;7,6;7071;Fred Zinnemann;Colleen Dewhurst;Peter Finch;Beatrice Straight;USA;English;Not Rated;Drama;;;3500000,0;;930;1950;;;Bon (7-8)
Harper ;tt0060490;1966;121;7,0;5941;Jack Smight;Janet Leigh;Robert Wagner;Shelley Winters;USA;English;Not Rated;Action;Crime;Drama;3500000,0;;470;1960;;;Bon (7-8)
Frenzy ;tt0068611;1972;116;7,5;30982;Alfred Hitchcock;Bernard Cribbins;Jean Marsh;Clive Swift;UK;English;R;Thriller;;;2000000,0;;0;1970;;;Bon (7-8)
The Witch ;tt4263482;2015;92;6,8;66483;Robert Eggers;Julian Richings;Kate Dickie;Ralph Ineson;USA;English;R;Horror;Mystery;;3500000,0;25138292,0;43000;2010;21638292,0;618,2;Moyen (6-7)
I Got the Hook Up ;tt0131436;1998;93;3,9;1721;Michael Martin;Joe Estevez;Master P;Anthony Johnson;USA;English;R;Comedy;;;3500000,0;10305534,0;280;1990;6805534,0;194,4;Faible (<6)
She's the One ;tt0117628;1996;96;6,1;13949;Edward Burns;John Mahoney;Frank Vincent;Michael McGlone;USA;English;R;Comedy;Drama;Romance;3500000,0;9449219,0;453;1990;5949219,0;170,0;Moyen (6-7)
Gods and Monsters ;tt0120684;1998;105;7,5;24977;Bill Condon;Brendan Fraser;Lynn Redgrave;Kevin J. O'Connor;USA;English;R;Biography;Drama;;3500000,0;6390032,0;0;1990;2890032,0;82,6;Bon (7-8)
The Secret in Their Eyes ;tt1305806;2009;129;8,2;131831;Juan José Campanella;Ricardo Darín;Soledad Villamil;Guillermo Francella;Argentina;Spanish;R;Drama;Mystery;Thriller;2000000,0;20167424,0;33000;2000;18167424,0;908,4;Excellent (8+)
Train ;tt1015474;2008;94;4,8;4790;Gideon Raff;Gideon Emery;Gloria Votsis;Derek Magyar;USA;English;R;Horror;Thriller;;;;804;2000;;;Faible (<6)
Evil Dead II ;tt0092991;1987;37;7,8;113451;Sam Raimi;Ted Raimi;Dan Hicks;Kassie Wesley DePaiva;USA;English;X;Comedy;Fantasy;Horror;3600000,0;5923044,0;0;1980;2323044,0;64,5;Bon (7-8)
Pootie Tang ;tt0258038;2001;81;5,2;11399;Louis C.K.;Wanda Sykes;J.B. Smoove;Robert Vaughn;USA;English;PG-13;Action;Adventure;Comedy;3000000,0;3293258,0;0;2000;293258,0;9,8;Faible (<6)
Sharknado ;tt2724064;2013;97;3,3;34532;Anthony C. Ferrante;Ian Ziering;John Heard;Cassandra Scerbo;USA;English;TV-14;Horror;;;1000000,0;;93000;2010;;;Faible (<6)
La otra conquista ;tt0175996;1998;106;6,8;1024;Salvador Carrasco;Elpidia Carrillo;Zaide Silvia Gutiérrez;Damián Delgado;Mexico;Spanish;R;Drama;History;;3500000,0;886410,0;140;1990;-2613590,0;-74,7;Moyen (6-7)
Trollhunter ;tt1740707;2010;103;7,0;54104;André Øvredal;Otto Jespersen;Johanna Mørck;Glenn Erland Tosterud;Norway;Norwegian;PG-13;Comedy;Drama;Fantasy;19900000,0;252652,0;38000;2010;-19647348,0;-98,7;Bon (7-8)
Ira & Abby ;tt0480251;2006;101;6,5;1950;Robert Cary;Frances Conroy;Fred Willard;Kevin Sussman;USA;English;R;Comedy;Romance;;3500000,0;220234,0;360;2000;-3279766,0;-93,7;Moyen (6-7)
Winter Passing ;tt0380817;2005;98;6,4;7228;Adam Rapp;Zooey Deschanel;Will Ferrell;Dallas Roberts;USA;English;R;Comedy;Drama;;3500000,0;101228,0;414;2000;-3398772,0;-97,1;Moyen (6-7)
D.E.B.S. ;tt0367631;2004;91;5,3;12188;Angela Robinson;Jordana Brewster;Geoff Stults;Scoot McNairy;USA;English;PG-13;Action;Comedy;Romance;3500000,0;96793,0;1000;2000;-3403207,0;-97,2;Faible (<6)
The Masked Saint ;tt3103166;2016;105;4,7;342;Warren P. Sonoda;Diahann Carroll;Mykel Shannon Jenkins;Lara Jean Chorostecki;Canada;English;PG-13;Action;Biography;Crime;3500000,0;123777,0;0;2010;-3376223,0;-96,5;Faible (<6)
The Betrayed ;tt1074191;2008;98;6,1;1634;Amanda Gusack;Alice Krige;Christian Campbell;Blaine Anderson;USA;English;;Crime;Drama;Mystery;3500000,0;;127;2000;;;Moyen (6-7)
Taxman ;tt0138862;1998;104;5,5;372;Avi Nesher;Fisher Stevens;Elizabeth Berkley;Robert Townsend;USA;English;R;Action;Comedy;Crime;1000000,0;;18;1990;;;Faible (<6)
2:13 ;tt1002561;2009;96;4,8;961;Charles Adelman;Teri Polo;Kevin Pollak;Jere Burns;USA;English;;Horror;Thriller;;3500000,0;;211;2000;;;Faible (<6)
Batman: The Dark Knight Returns, Part 2 ;tt2166834;2013;148;8,4;30434;Jay Oliva;Michael Emerson;Mark Valley;Grey Griffin;USA;English;PG-13;Action;Animation;Crime;3500000,0;;5000;2010;;;Excellent (8+)
Time to Choose ;tt5001130;2015;100;7,0;75;Charles Ferguson;Jane Goodall;Jerry Brown;Peter Agnefjall;USA;English;;Documentary;;;3500000,0;29233,0;121;2010;-3470767,0;-99,2;Bon (7-8)
In the Name of the King: The Last Job ;tt2379386;2014;86;3,3;1285;Uwe Boll;Bashar Rahal;Shelly Varod;Ralitsa Paskaleva;Canada;English;R;Action;Adventure;Fantasy;3500000,0;;721;2010;;;Faible (<6)
Wicked Blood ;tt2761578;2014;92;5,4;1928;Mark Young;Alexa PenaVega;Jake Busey;Lew Temple;USA;English;Not Rated;Action;Crime;Drama;3500000,0;;482;2010;;;Faible (<6)
Dawn Patrol ;tt2073661;2014;88;4,8;455;Daniel Petrie Jr.;Chris Brochu;Jeff Fahey;Rita Wilson;;English;;Drama;Thriller;;3500000,0;;570;2010;;;Faible (<6)
Lords of London ;tt1800337;2014;90;3,1;610;Antonio Simoncini;Ray Winstone;Joe Egan;Glen Murphy;UK;English;R;Crime;Mystery;Thriller;3440000,0;;606;2010;;;Faible (<6)
High Anxiety ;tt0076141;1977;94;6,7;15115;Mel Brooks;Madeline Kahn;Harvey Korman;Dick Van Patten;USA;English;PG;Comedy;;;3400000,0;;0;1970;;;Moyen (6-7)
March of the Penguins ;tt0428803;2005;80;7,6;45984;Luc Jacquet;Morgan Freeman;Sofie Gråbøl;Romane Bohringer;France;French;G;Documentary;;;8000000,0;77413017,0;0;2000;69413017,0;867,7;Bon (7-8)
Margin Call ;tt1615147;2011;107;7,1;92599;J.C. Chandor;Kevin Spacey;Demi Moore;Ashley Williams;USA;English;R;Biography;Drama;Thriller;3500000,0;5354039,0;21000;2010;1854039,0;53,0;Bon (7-8)
August ;tt1753460;2011;99;6,1;1262;Eldar Rapaport;Murray Bartlett;Adrian Gonzalez;Edward Conna;USA;English;Not Rated;Drama;Romance;;;;224;2010;;;Moyen (6-7)
Choke ;tt1024715;2008;92;6,5;28573;Clark Gregg;Anjelica Huston;Matt Gerald;Jonah Bobo;USA;English;R;Comedy;Drama;;3000000,0;2926565,0;0;2000;-73435,0;-2,4;Moyen (6-7)
Whiplash ;tt2582802;2014;107;8,5;399138;Damien Chazelle;J.K. Simmons;Melissa Benoist;Chris Mulkey;USA;English;R;Drama;Music;;3300000,0;13092000,0;129000;2010;9792000,0;296,7;Excellent (8+)
City of God ;tt0317248;2002;135;8,7;533200;Fernando Meirelles;Alice Braga;Seu Jorge;Alexandre Rodrigues;Brazil;Portuguese;R;Crime;Drama;;3300000,0;7563397,0;28000;2000;4263397,0;129,2;Excellent (8+)
Human Traffic ;tt0188674;1999;99;7,1;19194;Justin Kerrigan;Danny Dyer;John Simm;Shaun Parkes;UK;English;R;Comedy;Music;;2200000,0;104257,0;0;1990;-2095743,0;-95,3;Bon (7-8)
Day One ;tt1850418;2012;102;6,6;2116;Nathan Frankowski;Corbin Bleu;Rus Blackwell;Luis Antonio;USA;English;PG-13;Biography;Drama;Music;3400000,0;;0;2010;;;Moyen (6-7)
The Dead Girl ;tt0783238;2006;93;6,7;12304;Karen Moncrieff;James Franco;Bruce Davison;Piper Laurie;USA;English;R;Crime;Drama;Mystery;;17311,0;799;2000;;;Moyen (6-7)
The Hunt ;tt2106476;2012;115;8,3;170155;Thomas Vinterberg;Thomas Bo Larsen;Alexandra Rapaport;Hana Shuan;Denmark;Danish;R;Drama;;;3800000,0;610968,0;60000;2010;-3189032,0;-83,9;Excellent (8+)
A Christmas Story ;tt0085334;1983;94;8,1;104908;Bob Clark;Zack Ward;Darren McGavin;Scott Schwartz;USA;English;PG;Comedy;Family;;4000000,0;;18000;1980;;;Excellent (8+)
Bella ;tt0482463;2006;91;7,4;9607;Alejandro Monteverde;Armando Riesco;Ramon Rodriguez;Eduardo Verástegui;USA;English;PG-13;Drama;Romance;;3300000,0;8108247,0;0;2000;4808247,0;145,7;Bon (7-8)
Class of 1984 ;tt0083739;1982;98;6,6;6549;Mark L. Lester;Roddy McDowall;Perry King;Timothy Van Patten;Canada;English;R;Action;Crime;Drama;4300000,0;;934;1980;;;Moyen (6-7)
The Opposite Sex ;tt2796678;2014;97;4,5;557;Jennifer Finnigan;Geoff Stults;Kenan Thompson;Josh Hopkins;USA;English;;Comedy;;;3300000,0;;0;2010;;;Faible (<6)
Dreaming of Joseph Lees ;tt0144178;1999;92;6,4;704;Eric Styles;Samantha Morton;Rupert Graves;Miriam Margolyes;USA;English;R;Drama;Romance;;2000000,0;7680,0;100;1990;-1992320,0;-99,6;Moyen (6-7)
The Class ;tt1068646;2008;128;7,5;29248;Laurent Cantet;François Bégaudeau;Agame Malembo-Emene;Angélica Sancio;France;French;PG-13;Drama;;;;3766595,0;0;2000;;;Bon (7-8)
Rosemary's Baby ;tt0063522;1968;136;8,0;140527;Roman Polanski;John Cassavetes;Mia Farrow;Charles Grodin;USA;English;R;Drama;Horror;;2300000,0;;13000;1960;;;Excellent (8+)
The Man Who Shot Liberty Valance ;tt0056217;1962;113;8,1;53741;John Ford;Lee Marvin;Woody Strode;Vera Miles;USA;English;Approved;Drama;Western;;3200000,0;;0;1960;;;Excellent (8+)
Adam ;tt1185836;2009;99;7,2;29239;Max Mayer;Peter Gallagher;Terry Walters;Amy Irving;USA;English;PG-13;Drama;Romance;;;2277396,0;0;2000;;;Bon (7-8)
Maria Full of Grace ;tt0390221;2004;101;7,5;30474;Joshua Marston;Catalina Sandino Moreno;Wilson Guerrero;Yenny Paola Vega;Colombia;Spanish;R;Crime;Drama;;3000000,0;6517198,0;0;2000;3517198,0;117,2;Bon (7-8)
Beginners ;tt1532503;2010;105;7,2;73349;Mike Mills;Goran Visnjic;Lou Taylor Pucci;Mary Page Keller;USA;English;R;Comedy;Drama;Romance;3200000,0;5776314,0;15000;2010;2576314,0;80,5;Bon (7-8)
Feast ;tt0426459;2005;95;6,4;25542;John Gulager;Krista Allen;Eric Dane;Henry Rollins;USA;English;R;Action;Comedy;Horror;3200000,0;;0;2000;;;Moyen (6-7)
Animal House ;tt0077975;1978;109;7,6;90177;John Landis;John Belushi;Karen Allen;Tim Matheson;USA;English;R;Comedy;;;3000000,0;141600000,0;0;1970;138600000,0;4620,0;Bon (7-8)
Goldfinger ;tt0058150;1964;110;7,8;139432;Guy Hamilton;Honor Blackman;Gert Fröbe;Lois Maxwell;UK;English;Approved;Action;Adventure;Thriller;3000000,0;51100000,0;0;1960;48100000,0;1603,3;Bon (7-8)
Antiviral ;tt2099556;2012;108;5,7;9356;Brandon Cronenberg;Sarah Gadon;Douglas Smith;Caleb Landry Jones;Canada;English;Not Rated;Horror;Sci-Fi;Thriller;3200000,0;;0;2010;;;Faible (<6)
It's a Wonderful Life ;tt0038650;1946;118;8,6;275720;Frank Capra;Donna Reed;Lionel Barrymore;Thomas Mitchell;USA;English;PG;Drama;Family;Fantasy;3180000,0;;41000;1940;;;Excellent (8+)
Trainspotting ;tt0117951;1996;94;8,2;469561;Danny Boyle;Kelly Macdonald;Shirley Henderson;Ewen Bremner;UK;English;R;Drama;;;3500000,0;16501785,0;21000;1990;13001785,0;371,5;Excellent (8+)
The Original Kings of Comedy ;tt0236388;2000;115;6,6;4687;Spike Lee;Bernie Mac;Cedric the Entertainer;Steve Harvey;USA;English;R;Comedy;Documentary;;3000000,0;38168022,0;290;2000;35168022,0;1172,3;Moyen (6-7)
Paranormal Activity 2 ;tt1536044;2010;98;5,7;82133;Tod Williams;Sprague Grayden;Molly Ephraim;Micah Sloat;USA;English;R;Horror;;;3000000,0;84749884,0;14000;2010;81749884,0;2725,0;Faible (<6)
Waking Ned Devine ;tt0166396;1998;91;7,4;21245;Kirk Jones;James Nesbitt;David Kelly;Fionnula Flanagan;UK;English;PG;Comedy;;;3000000,0;24788807,0;0;1990;21788807,0;726,3;Bon (7-8)
Bowling for Columbine ;tt0310793;2002;120;8,0;123090;Michael Moore;Michael Moore;Dick Clark;Bill Clinton;Germany;English;R;Crime;Documentary;Drama;4000000,0;21244913,0;4000;2000;17244913,0;431,1;Excellent (8+)
Coming Home ;tt3125472;2014;109;7,3;2789;Yimou Zhang;Li Gong;Daoming Chen;Ni Yan;China;Mandarin;PG-13;Drama;;;;377420,0;0;2010;;;Bon (7-8)
A Nightmare on Elm Street 2: Freddy's Revenge ;tt0089686;1985;87;5,4;43485;Jack Sholder;Clu Gulager;Robert Rusler;Marshall Bell;USA;English;R;Fantasy;Horror;;2200000,0;30000000,0;0;1980;27800000,0;1263,6;Faible (<6)
A Room with a View ;tt0091867;1985;117;7,4;29610;James Ivory;Julian Sands;Rupert Graves;Denholm Elliott;UK;English;Unrated;Drama;Romance;;3000000,0;20966644,0;0;1980;17966644,0;598,9;Bon (7-8)
The Purge ;tt2184339;2013;85;5,7;139329;James DeMonaco;Rhys Wakefield;Adelaide Kane;Chris Mulkey;USA;English;R;Horror;Sci-Fi;Thriller;3000000,0;64423650,0;31000;2010;61423650,0;2047,5;Faible (<6)
Sinister ;tt1922777;2012;110;6,8;155153;Scott Derrickson;Danielle Kotch;Victoria Leigh;James Ransone;USA;English;R;Horror;Mystery;;3000000,0;48056940,0;58000;2010;45056940,0;1501,9;Moyen (6-7)
Martin Lawrence Live: Runteldat ;tt0327036;2002;113;5,4;1466;David Raynr;Nancy O'Dell;Mikki Padilla;Dayna Devon;USA;English;R;Biography;Comedy;Documentary;3000000,0;19184015,0;63;2000;16184015,0;539,5;Faible (<6)
Cat on a Hot Tin Roof ;tt0051459;1958;108;8,1;33741;Richard Brooks;Burl Ives;Judith Anderson;Jack Carson;USA;English;Approved;Drama;Romance;;3000000,0;;0;1950;;;Excellent (8+)
Beneath the Planet of the Apes ;tt0065462;1970;95;6,1;32378;Ted Post;Linda Harrison;Gregory Sierra;Victor Buono;USA;English;G;Action;Adventure;Sci-Fi;3000000,0;;0;1970;;;Moyen (6-7)
Air Bud ;tt0118570;1997;98;5,1;12942;Charles Martin Smith;Kevin Zegers;Bill Cobbs;Michael Jeter;USA;English;PG;Comedy;Drama;Family;3000000,0;24629916,0;902;1990;21629916,0;721,0;Faible (<6)
Pokémon 3: The Movie ;tt0235679;2000;93;5,6;9066;Kunihiko Yuyama;Veronica Taylor;Eric Stuart;Lisa Ortiz;Japan;Japanese;G;Action;Adventure;Animation;16000000,0;;38;2000;;;Faible (<6)
Jason Lives: Friday the 13th Part VI ;tt0091080;1986;86;5,9;25332;Tom McLoughlin;Tony Goldwyn;Ron Palillo;Vincent Guastaferro;USA;English;R;Horror;Thriller;;3000000,0;19472057,0;0;1980;16472057,0;549,1;Faible (<6)
The Bridge on the River Kwai ;tt0050212;1957;161;8,2;149444;David Lean;William Holden;Sessue Hayakawa;Jack Hawkins;UK;English;PG;Adventure;Drama;War;3000000,0;27200000,0;0;1950;24200000,0;806,7;Excellent (8+)
Spaced Invaders ;tt0100666;1990;100;5,3;2580;Patrick Read Johnson;Ariana Richards;Royal Dano;Tonya Lee Williams;USA;English;PG;Adventure;Comedy;Sci-Fi;3000000,0;15369573,0;710;1990;12369573,0;412,3;Faible (<6)
Family Plot ;tt0074512;1976;120;6,8;15293;Alfred Hitchcock;Ed Lauter;Bruce Dern;William Devane;USA;English;PG;Comedy;Thriller;;4490375,0;;609;1970;;;Moyen (6-7)
The Apartment ;tt0053604;1960;125;8,3;109335;Billy Wilder;Fred MacMurray;Ray Walston;David White;USA;English;Approved;Comedy;Drama;Romance;3000000,0;;0;1960;;;Excellent (8+)
Jason Goes to Hell: The Final Friday ;tt0107254;1993;91;4,3;19331;Adam Marcus;Kane Hodder;Leslie Jordan;Erin Gray;USA;English;R;Fantasy;Horror;Thriller;2500000,0;15935068,0;949;1990;13435068,0;537,4;Faible (<6)
Torn Curtain ;tt0061107;1966;128;6,7;18656;Alfred Hitchcock;Tamara Toumanova;Lila Kedrova;David Opatoshu;USA;English;Approved;Thriller;;;6000000,0;;933;1960;;;Moyen (6-7)
Dave Chappelle's Block Party ;tt0425598;2005;100;7,2;7721;Michel Gondry;Common;Dave Chappelle;Lauryn Hill;USA;English;R;Comedy;Documentary;Music;3000000,0;11694528,0;635;2000;8694528,0;289,8;Bon (7-8)
Slow West ;tt3205376;2015;84;6,9;27650;John Maclean;Michael Fassbender;Kodi Smit-McPhee;Ben Mendelsohn;UK;English;R;Western;;;;229094,0;0;2010;;;Moyen (6-7)
Krush Groove ;tt0089444;1985;97;6,6;1361;Michael Schultz;Blair Underwood;LisaGay Hamilton;Bobby Brown;USA;English;R;Comedy;Drama;Music;3000000,0;;889;1980;;;Moyen (6-7)
Next Day Air ;tt1097013;2009;84;5,9;8265;Benny Boom;Omari Hardwick;Donald Faison;Mike Epps;USA;English;R;Action;Comedy;Crime;3000000,0;10017041,0;545;2000;7017041,0;233,9;Faible (<6)
Elmer Gantry ;tt0053793;1960;146;7,9;7998;Richard Brooks;Shirley Jones;Jean Simmons;Edward Andrews;USA;English;Approved;Drama;;;3000000,0;;808;1960;;;Bon (7-8)
Judgment at Nuremberg ;tt0055031;1961;186;8,3;44457;Stanley Kramer;Maximilian Schell;Montgomery Clift;Spencer Tracy;USA;English;Not Rated;Drama;War;;3000000,0;;0;1960;;;Excellent (8+)
Trippin' ;tt0160298;1999;94;5,2;1004;David Raynr;Donald Faison;Deon Richmond;Countess Vaughn;USA;English;R;Comedy;;;;9016377,0;143;1990;;;Faible (<6)
Red River ;tt0040724;1948;126;7,8;21316;Howard Hawks;Montgomery Clift;Walter Brennan;Harry Carey Jr.;USA;English;Approved;Action;Adventure;Romance;3000000,0;;0;1940;;;Bon (7-8)
Phat Girlz ;tt0490196;2006;99;3,0;8279;Nnegest Likké;Mo'Nique;Jimmy Jean-Louis;Joyful Drake;USA;English;PG-13;Comedy;;;3000000,0;7059537,0;837;2000;4059537,0;135,3;Faible (<6)
Before Midnight ;tt2209418;2013;109;7,9;95362;Richard Linklater;Seamus Davey-Fitzpatrick;Ariane Labed;Athina Rachel Tsangari;USA;English;R;Drama;Romance;;3000000,0;8114507,0;62000;2010;5114507,0;170,5;Bon (7-8)
Teen Wolf Too ;tt0094118;1987;95;3,2;8465;Christopher Leitch;John Astin;Robert Neary;Kim Darby;USA;English;PG;Comedy;Fantasy;;3000000,0;7888703,0;491;1980;4888703,0;163,0;Faible (<6)
Phantasm II ;tt0095863;1988;97;6,5;9502;Don Coscarelli;Angus Scrimm;A. Michael Baldwin;James Le Gros;USA;English;R;Action;Fantasy;Horror;3000000,0;7282851,0;812;1980;4282851,0;142,8;Moyen (6-7)
Woman Thou Art Loosed ;tt0399901;2004;94;6,9;806;Michael Schultz;Loretta Devine;Kimberly Elise;Clifton Powell;USA;English;R;Drama;;;;6879730,0;187;2000;;;Moyen (6-7)
Real Women Have Curves ;tt0296166;2002;90;7,0;6000;Patricia Cardoso;America Ferrera;Lupe Ontiveros;George Lopez;USA;English;PG-13;Comedy;Drama;;3000000,0;5844929,0;595;2000;2844929,0;94,8;Bon (7-8)
Water ;tt0240200;2005;117;7,8;12560;Deepa Mehta;John Abraham;Lisa Ray;Seema Biswas;Canada;Hindi;PG-13;Drama;Romance;;;3222857,0;0;2000;;;Bon (7-8)
East Is East ;tt0166175;1999;96;6,9;14548;Damien O'Donnell;Archie Panjabi;Jimi Mistry;Om Puri;UK;English;R;Comedy;Drama;;1900000,0;4170647,0;1000;1990;2270647,0;119,5;Moyen (6-7)
Whipped ;tt0174336;2000;82;4,4;3665;Peter M. Cohen;Callie Thorne;Brian Van Holt;David Heyman;USA;English;R;Comedy;Romance;;3000000,0;4142507,0;131;2000;1142507,0;38,1;Faible (<6)
Kama Sutra: A Tale of Love ;tt0116743;1996;109;6,0;8239;Mira Nair;Indira Varma;Sarita Choudhury;Rekha;USA;English;R;Crime;Drama;History;3000000,0;4109095,0;0;1990;1109095,0;37,0;Moyen (6-7)
Please Give ;tt0878835;2010;90;6,6;9808;Nicole Holofcener;Oliver Platt;Thomas Ian Nicholas;Ann Morgan Guilbert;USA;English;R;Comedy;Drama;;;4033268,0;0;2010;;;Moyen (6-7)
Willy Wonka & the Chocolate Factory ;tt0067992;1971;89;7,8;128334;Mel Stuart;Peter Ostrum;Jack Albertson;Julie Dawn Cole;USA;English;G;Family;Fantasy;Musical;3000000,0;;0;1970;;;Bon (7-8)
Warlock: The Armageddon ;tt0108517;1993;98;5,3;3943;Anthony Hickox;Julian Sands;Zach Galligan;Paula Marshall;USA;English;R;Fantasy;Horror;;3000000,0;3902679,0;217;1990;902679,0;30,1;Faible (<6)
8 Heads in a Duffel Bag ;tt0118541;1997;95;5,3;8005;Tom Schulman;Kristy Swanson;George Hamilton;Dyan Cannon;USA;English;R;Comedy;Crime;;3000000,0;3559990,0;417;1990;559990,0;18,7;Faible (<6)
Days of Heaven ;tt0077405;1978;94;8,0;37594;Terrence Malick;Sam Shepard;Stuart Margolin;Richard Libertini;USA;English;PG;Drama;Romance;;3000000,0;;0;1970;;;Excellent (8+)
Thirteen Conversations About One Thing ;tt0268690;2001;104;7,1;8603;Jill Sprecher;Matthew McConaughey;Rob McElhenney;Amy Irving;USA;English;R;Drama;;;4500000,0;3287435,0;430;2000;-1212565,0;-26,9;Bon (7-8)
Jawbreaker ;tt0155776;1999;87;5,4;18711;Darren Stein;Julie Benz;Judy Greer;Jeff Conaway;USA;English;R;Comedy;Crime;Thriller;3500000,0;3071947,0;0;1990;-428053,0;-12,2;Faible (<6)
Basquiat ;tt0115632;1996;108;6,9;15885;Julian Schnabel;Gary Oldman;Michael Wincott;Courtney Love;USA;English;R;Biography;Drama;;3300000,0;2961991,0;0;1990;-338009,0;-10,2;Moyen (6-7)
Frances Ha ;tt2347569;2012;86;7,4;43982;Noah Baumbach;Greta Gerwig;Grace Gummer;Vanessa Ray;USA;English;R;Comedy;Drama;Romance;;4063238,0;11000;2010;;;Bon (7-8)
Tsotsi ;tt0468565;2005;94;7,3;25063;Gavin Hood;Terry Pheto;Nambitha Mpumlwana;Rapulana Seiphemo;UK;Zulu;R;Crime;Drama;;3000000,0;2912363,0;0;2000;-87637,0;-2,9;Bon (7-8)
Happiness ;tt0147612;1998;134;7,8;55329;Todd Solondz;Philip Seymour Hoffman;Jon Lovitz;Dylan Baker;USA;English;;Comedy;Drama;;3000000,0;3000000,0;0;1990;0,0;0,0;Bon (7-8)
DysFunktional Family ;tt0337996;2003;89;6,6;761;George Gallo;Eddie Griffin;Joe Howard;Robert Noble;USA;English;R;Comedy;Documentary;;3000000,0;2223990,0;26;2000;-776010,0;-25,9;Moyen (6-7)
Tusk ;tt3099498;2014;102;5,4;31089;Kevin Smith;Johnny Depp;Haley Joel Osment;Michael Parks;USA;English;R;Comedy;Drama;Horror;3000000,0;1821983,0;20000;2010;-1178017,0;-39,3;Faible (<6)
Oldboy ;tt0364569;2003;120;8,4;356181;Chan-wook Park;Min-sik Choi;Ji-tae Yu;Hye-jeong Kang;South Korea;Korean;R;Drama;Mystery;Thriller;3000000,0;2181290,0;43000;2000;-818710,0;-27,3;Excellent (8+)
Letters to God ;tt1462054;2010;110;6,3;3942;David Nixon;Robyn Lively;Michael Bolten;Christopher Schmidt;USA;English;PG;Drama;Family;;3500000,0;2848578,0;0;2010;-651422,0;-18,6;Moyen (6-7)
Hobo with a Shotgun ;tt1640459;2011;86;6,1;37495;Jason Eisener;Gregory Smith;Robb Wells;Molly Dunsworth;Canada;English;Not Rated;Action;Comedy;Thriller;3000000,0;703002,0;37000;2010;-2296998,0;-76,6;Moyen (6-7)
Compadres ;tt3367294;2016;101;5,0;368;Enrique Begne;Kevin Pollak;Héctor Jiménez;Erick Elias;Mexico;English;R;Action;Comedy;;3000000,0;3105269,0;174;2010;105269,0;3,5;Faible (<6)
Freeway ;tt0116361;1996;102;6,9;22246;Matthew Bright;Bokeem Woodbine;Dan Hedaya;Robert Peters;USA;English;R;Comedy;Crime;Drama;3000000,0;;0;1990;;;Moyen (6-7)
Love's Abiding Joy ;tt0785025;2006;87;7,2;1289;Michael Landon Jr.;William Morgan Sheppard;Kevin Gage;Brianna Brown;USA;;PG;Drama;Family;Western;3000000,0;252726,0;76;2000;-2747274,0;-91,6;Bon (7-8)
Fish Tank ;tt1232776;2009;123;7,3;47385;Andrea Arnold;Michael Fassbender;Harry Treadaway;Jason Maza;UK;English;Not Rated;Drama;;;;373060,0;0;2000;;;Bon (7-8)
Damsels in Distress ;tt1667307;2011;99;5,7;7625;Whit Stillman;Greta Gerwig;Megalyn Echikunwoke;Zach Woods;USA;English;PG-13;Comedy;Drama;Romance;;1007535,0;0;2010;;;Faible (<6)
Bachelorette ;tt1920849;2012;87;5,3;37156;Leslye Headland;Kirsten Dunst;Adam Scott;Andrew Rannells;USA;English;R;Comedy;Romance;;3000000,0;418268,0;0;2010;-2581732,0;-86,1;Faible (<6)
Brave New Girl ;tt0403118;2004;120;5,0;758;Bobby Roth;Virginia Madsen;Aaron Ashmore;Lindsey Haun;USA;English;PG-13;Drama;Family;Music;;;47;2000;;;Faible (<6)
Tim and Eric's Billion Dollar Movie ;tt1855401;2012;93;5,3;7988;Tim Heidecker;Michael Gross;William Atherton;Bob Ross;USA;English;R;Comedy;;;3000000,0;200803,0;0;2010;-2799197,0;-93,3;Faible (<6)
Summer Storm ;tt0420206;2004;98;7,4;11074;Marco Kreuzpaintner;Alicja Bachleda;Kostja Ullmann;Robert Stadlober;Germany;German;R;Comedy;Drama;Romance;2700000,0;95016,0;442;2000;-2604984,0;-96,5;Bon (7-8)
Fort McCoy ;tt1282046;2011;100;5,9;266;Kate Connor;Johnny Pacar;Eric Stoltz;Brendan Fehr;USA;English;R;Drama;History;War;3000000,0;73678,0;348;2010;-2926322,0;-97,5;Faible (<6)
Chain Letter ;tt1148200;2009;88;4,1;4122;Deon Taylor;Matt Cohen;Betsy Russell;Noah Segan;USA;English;R;Horror;Thriller;;5000000,0;143000,0;0;2000;-4857000,0;-97,1;Faible (<6)
Just Looking ;tt0162236;1999;97;6,7;1238;Jason Alexander;Gretchen Mol;Patti LuPone;Peter Onorati;USA;English;R;Comedy;Drama;;3000000,0;39852,0;117;1990;-2960148,0;-98,7;Moyen (6-7)
The Divide ;tt1535616;2011;122;5,8;30511;Xavier Gens;Michael Biehn;Lauren German;Rosanna Arquette;Germany;English;R;Drama;Sci-Fi;Thriller;3000000,0;22000,0;0;2010;-2978000,0;-99,3;Faible (<6)
The Eclipse ;tt1346961;2009;86;6,2;2437;Conor McPherson;Aidan Quinn;Iben Hjejle;Jim Norton;Ireland;English;R;Drama;Horror;Romance;;128937,0;580;2000;;;Moyen (6-7)
Demonic ;tt1841642;2015;83;5,3;7358;Will Canon;Frank Grillo;Scott Mechlowicz;Aaron Yoo;USA;English;R;Horror;Thriller;;3000000,0;;0;2010;;;Faible (<6)
My Big Fat Independent Movie ;tt0385890;2005;80;3,3;1257;Philip Zlotorynski;Neil Hopkins;Darren Keefe Reiher;David Douglas;USA;English;R;Comedy;;;3000000,0;;48;2000;;;Faible (<6)
The Deported ;tt1390404;2009;90;6,2;62;Lance Kawas;Taylor Negron;Michael Rapaport;Talia Shire;USA;English;PG-13;Comedy;;;3000000,0;;54;2000;;;Moyen (6-7)
Tanner Hall ;tt1151410;2009;96;5,9;2280;Francesca Gregorini;Tom Everett Scott;Amy Sedaris;Chris Kattan;USA;English;R;Drama;;;3000000,0;5005,0;448;2000;-2994995,0;-99,8;Faible (<6)
Open Road ;tt1922679;2013;85;5,5;1370;Marcio Garcia;John Savage;Kristi Clainos;Emily Nelson;Brazil;English;;Action;Drama;Thriller;3000000,0;;433;2010;;;Faible (<6)
They Came Together ;tt2398249;2014;83;5,5;16987;David Wain;Christopher Meloni;Amy Poehler;Jack McBrayer;USA;English;R;Comedy;;;;;0;2010;;;Faible (<6)
30 Nights of Paranormal Activity with the Devil Inside the Girl with the Dragon Tattoo ;tt2417650;2013;80;2,6;2978;Craig Moss;French Stewart;Ashley Martin;Olivia Alexander;USA;English;R;Comedy;;;3000000,0;;2000;2010;;;Faible (<6)
Never Back Down 2: The Beatdown ;tt1754264;2011;90;5,8;13599;Michael Jai White;Michael Jai White;Alex Meraz;Jillian Murray;USA;English;R;Action;Drama;Sport;3000000,0;;6000;2010;;;Faible (<6)
Point Blank ;tt0062138;1967;92;7,4;13640;John Boorman;Lee Marvin;Angie Dickinson;Carroll O'Connor;USA;English;Approved;Crime;Thriller;;3000000,0;;3000;1960;;;Bon (7-8)
Four Single Fathers ;tt1252289;2009;100;5,1;118;Paolo Monico;Stephanie Szostak;Sarah Rafferty;Salvatore Santone;Italy;Italian;;Comedy;;;3000000,0;;32;2000;;;Faible (<6)
Enter the Dangerous Mind ;tt2229377;2013;88;5,2;704;Youssef Delara;Noel Gugliemi;David Bianchi;Jason Priestley;USA;English;;Thriller;;;800000,0;;406;2010;;;Faible (<6)
Something Wicked ;tt1327601;2014;95;4,8;976;Darin Scott;Julian Morris;Shantel VanSanten;John Robinson;USA;English;R;Drama;Horror;Mystery;3000000,0;;395;2010;;;Faible (<6)
AWOL-72 ;tt2048865;2015;82;3,9;520;Christian Sesma;Bokeem Woodbine;Brooke Newton;Brett Wagner;USA;English;R;Thriller;;;3000000,0;;398;2010;;;Faible (<6)
Iguana ;tt0095354;1988;97;6,2;240;Monte Hellman;Everett McGill;Jack Taylor;Fabio Testi;Italy;English;;Adventure;Crime;Drama;3000000,0;;37;1980;;;Moyen (6-7)
Chicago Overcoat ;tt1085382;2009;94;6,2;706;Brian Caunter;Mike Starr;Stacy Keach;Frank Vincent;USA;English;R;Action;Adventure;Crime;3000000,0;;229;2000;;;Moyen (6-7)
Barry Munday ;tt0482461;2010;95;5,9;3443;Chris D'Arienzo;Judy Greer;Cybill Shepherd;Shea Whigham;USA;English;R;Comedy;Drama;Romance;;;480;2010;;;Faible (<6)
Central Station ;tt0140888;1998;113;8,0;28951;Walter Salles;Fernanda Montenegro;Matheus Nachtergaele;Othon Bastos;Brazil;Portuguese;R;Drama;;;2900000,0;5595428,0;0;1990;2695428,0;92,9;Excellent (8+)
Pocketful of Miracles ;tt0055312;1961;136;7,3;4313;Frank Capra;Ann-Margret;Glenn Ford;Thomas Mitchell;USA;English;Approved;Comedy;Drama;;2900000,0;;612;1960;;;Bon (7-8)
Close Range ;tt3511596;2015;80;4,9;2425;Isaac Florentine;Anthony L. Fernandez;Nick Chinlund;Scott Evans;USA;English;;Action;Crime;;3000000,0;;968;2010;;;Faible (<6)
Boynton Beach Club ;tt0439478;2005;105;6,5;746;Susan Seidelman;Dyan Cannon;Michael Nouri;Brenda Vaccaro;USA;English;R;Comedy;Romance;;1500000,0;3123749,0;88;2000;1623749,0;108,2;Moyen (6-7)
Amnesiac ;tt2837336;2014;90;4,3;2157;Michael Polish;Olivia Rose Keegan;Patrick Bauchau;Mia Barron;USA;English;;Drama;Horror;Mystery;3000000,0;;421;2010;;;Faible (<6)
Freakonomics ;tt1152822;2010;93;6,4;5695;Heidi Ewing;Greg Crowe;James Ransone;Tempestt Bledsoe;USA;English;PG-13;Documentary;;;3000000,0;100675,0;0;2010;-2899325,0;-96,6;Moyen (6-7)
High Tension ;tt0338095;2003;89;6,8;55040;Alexandre Aja;Cécile De France;Maïwenn;Oana Pellea;France;French;Unrated;Horror;;;2200000,0;3645438,0;0;2000;1445438,0;65,7;Moyen (6-7)
Griff the Invisible ;tt1509803;2010;90;6,1;4173;Leon Ford;Maeve Dermody;Patrick Brammall;Kelly Paterniti;Australia;English;PG-13;Comedy;Drama;Romance;;;0;2010;;;Moyen (6-7)
Unnatural ;tt3551400;2015;89;4,0;859;Hank Braxtan;Q'orianka Kilcher;Gregory Cruz;Allegra Carpenter;USA;English;R;Action;Horror;Thriller;3000000,0;;369;2010;;;Faible (<6)
Hustle & Flow ;tt0410097;2005;116;7,4;33567;Craig Brewer;Isaac Hayes;Paula Jai Parker;Elise Neal;USA;English;R;Crime;Drama;Music;8000000,0;22201636,0;0;2000;14201636,0;177,5;Bon (7-8)
Some Like It Hot ;tt0053291;1959;120;8,3;175196;Billy Wilder;Nehemiah Persoff;Joe E. Brown;George Raft;USA;English;Not Rated;Comedy;Music;Romance;2883848,0;25000000,0;10000;1950;22116152,0;766,9;Excellent (8+)
Friday the 13th Part VII: The New Blood ;tt0095179;1988;88;5,3;21359;John Carl Buechler;Kane Hodder;Terry Kiser;William Butler;USA;English;R;Horror;;;2800000,0;19170001,0;0;1980;16370001,0;584,6;Faible (<6)
The Wizard of Oz ;tt0032138;1939;102;8,1;291875;Victor Fleming;Margaret Hamilton;Terry;Billie Burke;USA;English;Passed;Adventure;Family;Fantasy;2800000,0;22202612,0;14000;1930;19402612,0;693,0;Excellent (8+)
Young Frankenstein ;tt0072431;1974;106;8,0;112671;Mel Brooks;Madeline Kahn;Peter Boyle;Teri Garr;USA;English;PG;Comedy;;;2800000,0;86300000,0;14000;1970;83500000,0;2982,1;Excellent (8+)
Diary of the Dead ;tt0848557;2007;95;5,7;40800;George A. Romero;Megan Park;Shawn Roberts;Joe Dinicol;USA;English;R;Horror;;;2000000,0;952620,0;0;2000;-1047380,0;-52,4;Faible (<6)
Lage Raho Munna Bhai ;tt0456144;2006;144;8,2;27569;Rajkumar Hirani;Vidya Balan;Sanjay Dutt;Jimmy Shergill;India;Hindi;PG-13;Comedy;Drama;Romance;120000000,0;;349;2000;;;Excellent (8+)
Ulee's Gold ;tt0120402;1997;113;7,1;5744;Victor Nunez;Peter Fonda;Patricia Richardson;Vanessa Zima;USA;English;R;Drama;;;2700000,0;9054736,0;381;1990;6354736,0;235,4;Bon (7-8)
The Black Stallion ;tt0078872;1979;118;7,4;8856;Carroll Ballard;Teri Garr;Kelly Reno;Hoyt Axton;USA;English;G;Adventure;Family;Sport;2700000,0;;0;1970;;;Bon (7-8)
Sardaar Ji ;tt4080386;2015;141;6,6;745;Rohit Jugraj;Bhavkhandan Singh Rakhra;Neeru Bajwa;Diljit Dosanjh;Canada;Panjabi;;Romance;;;3000000,0;;50;2010;;;Moyen (6-7)
Journey to Saturn ;tt1095423;2008;90;5,7;1828;Thorbjørn Christoffersen;Iben Hjejle;Frank Hvam;Casper Christensen;Denmark;Danish;Not Rated;Action;Adventure;Animation;;;77;2000;;;Faible (<6)
Donovan's Reef ;tt0057007;1963;109;6,9;5786;John Ford;Lee Marvin;Cesar Romero;Jack Warden;USA;English;Not Rated;Adventure;Comedy;Romance;2686585,0;;573;1960;;;Moyen (6-7)
The Dress ;tt0116729;1996;95;7,0;1470;Alex van Warmerdam;Rijk de Gooyer;Ariane Schluter;Henri Garcin;Netherlands;Dutch;;Comedy;Drama;;2650000,0;;121;1990;;;Bon (7-8)
A Guy Named Joe ;tt0035959;1943;122;7,0;1553;Victor Fleming;Spencer Tracy;Esther Williams;Irene Dunne;USA;English;Passed;Drama;Fantasy;Romance;2627000,0;;116;1940;;;Bon (7-8)
Blazing Saddles ;tt0071230;1974;93;7,8;95294;Mel Brooks;Madeline Kahn;David Huddleston;Harvey Korman;USA;English;R;Comedy;Western;;2600000,0;119500000,0;12000;1970;116900000,0;4496,2;Bon (7-8)
Friday the 13th: The Final Chapter ;tt0087298;1984;97;5,9;29488;Joseph Zito;Judie Aronson;Tom Everett;Kimberly Beck;USA;English;R;Horror;Thriller;;1800000,0;32600000,0;0;1980;30800000,0;1711,1;Faible (<6)
Ida ;tt2718492;2013;82;7,4;34643;Pawel Pawlikowski;Joanna Kulig;Agata Trzebuchowska;Agata Kulesza;Poland;Polish;PG-13;Drama;;;;3826455,0;17000;2010;;;Bon (7-8)
Maurice ;tt0093512;1987;140;7,8;10755;James Ivory;Rupert Graves;Denholm Elliott;Simon Callow;UK;English;R;Drama;Romance;;2600000,0;3130592,0;963;1980;530592,0;20,4;Bon (7-8)
Beer League ;tt0453453;2006;86;6,0;6930;Frank Sebastiano;Joe Lo Truglio;Laurie Metcalf;Seymour Cassel;USA;English;R;Comedy;Sport;;2800000,0;475000,0;323;2000;-2325000,0;-83,0;Moyen (6-7)
Riding Giants ;tt0389326;2004;105;7,9;3849;Stacy Peralta;Gerry Lopez;Gabrielle Reece;Laird John Hamilton;USA;English;PG-13;Documentary;History;Sport;;2276368,0;0;2000;;;Bon (7-8)
Timecrimes ;tt0480669;2007;66;7,2;40878;Nacho Vigalondo;Karra Elejalde;Nacho Vigalondo;Bárbara Goenaga;Spain;Spanish;R;Horror;Mystery;Sci-Fi;2600000,0;38108,0;0;2000;-2561892,0;-98,5;Bon (7-8)
Silver Medallist ;tt0851515;2009;99;7,4;1418;Hao Ning;Jack Kao;Bo Huang;Zheng Xu;China;Mandarin;;Action;Adventure;Comedy;15000000,0;;30;2000;;;Bon (7-8)
Timber Falls ;tt0857295;2007;100;5,3;5012;Tony Giglio;Brianna Brown;Nick Searcy;Beth Broderick;USA;English;R;Horror;Thriller;;2600000,0;;254;2000;;;Faible (<6)
Singin' in the Rain ;tt0045152;1952;103;8,3;150020;Stanley Donen;Rita Moreno;Debbie Reynolds;Cyd Charisse;USA;English;Approved;Comedy;Musical;Romance;2540800,0;;0;1950;;;Excellent (8+)
Fat, Sick & Nearly Dead ;tt1227378;2010;97;7,6;6429;Joe Cross;Joe Cross;Joel Fuhrman;Amy Badberg;Australia;English;;Documentary;;;2500000,0;;10000;2010;;;Bon (7-8)
A Haunted House ;tt2243537;2013;86;5,1;34620;Michael Tiddes;Essence Atkins;Alanna Ubach;J.B. Smoove;USA;English;R;Comedy;Fantasy;;2500000,0;40041683,0;0;2010;37541683,0;1501,7;Faible (<6)
2016: Obama's America ;tt2247692;2012;87;5,1;9010;Dinesh D'Souza;Barack Obama;Zackary Steven Graham;Dinesh D'Souza;USA;English;PG;Documentary;;;2500000,0;33349949,0;0;2010;30849949,0;1234,0;Faible (<6)
That Thing You Do! ;tt0117887;1996;149;6,9;50311;Tom Hanks;Tom Hanks;Charlize Theron;Ethan Embry;USA;English;PG;Comedy;Drama;Music;26000000,0;25809813,0;0;1990;-190187,0;-0,7;Moyen (6-7)
Halloween III: Season of the Witch ;tt0085636;1982;98;4,6;28589;Tommy Lee Wallace;Tom Atkins;Dan O'Herlihy;Nancy Kyes;USA;English;R;Horror;Mystery;Sci-Fi;2500000,0;14400000,0;0;1980;11900000,0;476,0;Faible (<6)
Escape from the Planet of the Apes ;tt0067065;1971;98;6,3;23546;Don Taylor;Roddy McDowall;M. Emmet Walsh;Sal Mineo;USA;English;G;Action;Sci-Fi;;2500000,0;;819;1970;;;Moyen (6-7)
Hud ;tt0057163;1963;112;7,9;15277;Martin Ritt;Patricia Neal;Melvyn Douglas;Whit Bissell;USA;English;Approved;Drama;;;2500000,0;;1000;1960;;;Bon (7-8)
Kevin Hart: Let Me Explain ;tt2609912;2013;75;6,7;6062;Leslie Small;David Jason Perez;La'Princess Jackson;Dana Hanna;USA;English;R;Comedy;Documentary;;2500000,0;32230907,0;0;2010;29730907,0;1189,2;Moyen (6-7)
My Own Private Idaho ;tt0102494;1991;104;7,1;36996;Gus Van Sant;Keanu Reeves;Udo Kier;Flea;USA;English;R;Drama;;;2500000,0;6401336,0;0;1990;3901336,0;156,1;Bon (7-8)
Garden State ;tt0333766;2004;102;7,6;187595;Zach Braff;Armando Riesco;Michael Weston;Jill Flint;USA;English;R;Comedy;Drama;Romance;2500000,0;26781723,0;0;2000;24281723,0;971,3;Bon (7-8)
Before Sunrise ;tt0112471;1995;105;8,1;183288;Richard Linklater;Hanno Pöschl;Hans Weingartner;Dominik Castell;USA;English;R;Drama;Romance;;2500000,0;5400000,0;22000;1990;2900000,0;116,0;Excellent (8+)
Sur le seuil ;tt0380732;2003;99;6,6;1003;Éric Tessier;Patrick Huard;Michel Côté;Jean Pierre Bergeron;Canada;French;;Action;Drama;Horror;3200000,0;;39;2000;;;Moyen (6-7)
Jesus' Son ;tt0186253;1999;107;7,0;6221;Alison Maclean;Billy Crudup;Samantha Morton;Mark Webber;USA;English;R;Drama;;;2500000,0;1282084,0;500;1990;-1217916,0;-48,7;Bon (7-8)
Saving Face ;tt0384504;2004;96;7,6;7776;Alice Wu;Joan Chen;Ato Essandoh;Jessica Hecht;USA;English;R;Comedy;Drama;Romance;;1186323,0;774;2000;;;Bon (7-8)
Brick Lane ;tt0940585;2007;101;6,7;2560;Sarah Gavron;Satish Kaushik;Christopher Simpson;Tannishtha Chatterjee;UK;English;PG-13;Drama;;;;1094998,0;430;2000;;;Moyen (6-7)
Robot & Frank ;tt1990314;2012;89;7,1;52509;Jake Schreier;Frank Langella;Joshua Ormond;Ana Gasteyer;USA;English;PG-13;Comedy;Crime;Drama;2500000,0;3325638,0;13000;2010;825638,0;33,0;Bon (7-8)
My Life Without Me ;tt0314412;2003;106;7,6;21202;Isabel Coixet;Sarah Polley;Julian Richings;Amanda Plummer;Spain;English;R;Drama;Romance;;2000000,0;395592,0;0;2000;-1604408,0;-80,2;Bon (7-8)
The Spectacular Now ;tt1714206;2013;95;7,1;105591;James Ponsoldt;Shailene Woodley;Jennifer Jason Leigh;Dayo Okeniyi;USA;English;R;Comedy;Drama;Romance;2500000,0;6851969,0;10000;2010;4351969,0;174,1;Bon (7-8)
Marilyn Hotchkiss' Ballroom Dancing and Charm School ;tt0283465;1990;34;7,1;97;Randall Miller;William Hurt;Elden Henson;Michael Bower;USA;English;;Comedy;Family;Musical;34000,0;333658,0;16;1990;299658,0;881,3;Bon (7-8)
Religulous ;tt0815241;2008;101;7,7;52286;Larry Charles;Bill Maher;Tal Bachman;Steve Burg;USA;English;R;Comedy;Documentary;War;2500000,0;12995673,0;24000;2000;10495673,0;419,8;Bon (7-8)
Fuel ;tt1294164;2008;112;7,6;578;Joshua Tickell;Larry David;Sheryl Crow;George W. Bush;USA;English;Not Rated;Documentary;;;2500000,0;173783,0;588;2000;-2326217,0;-93,0;Bon (7-8)
Valley of the Heart's Delight ;tt0472200;2006;100;6,6;91;Tim Boxell;Bruce McGill;Diana Scarwid;Tom Bower;USA;English;;Drama;;;2500000,0;118666,0;144;2000;-2381334,0;-95,3;Moyen (6-7)
Eye of the Dolphin ;tt0465407;2006;100;5,7;806;Michael D. Sellers;Katharine Ross;Carly Schroeder;George Harris;USA;English;PG-13;Comedy;Drama;Family;2500000,0;71904,0;140;2000;-2428096,0;-97,1;Faible (<6)
8: The Mormon Proposition ;tt1484522;2010;80;7,1;1138;Reed Cowan;Dustin Lance Black;Emily Pearson;Gavin Newsom;USA;English;R;Documentary;;;2500000,0;99851,0;0;2010;-2400149,0;-96,0;Bon (7-8)
The Other End of the Line ;tt1049405;2008;106;6,2;4820;James Dodson;Larry Miller;Anupam Kher;Shriya Saran;UK;English;PG-13;Comedy;Drama;Romance;14000000,0;115504,0;0;2000;-13884496,0;-99,2;Moyen (6-7)
Anatomy ;tt0187696;2000;103;6,1;10220;Stefan Ruzowitzky;Benno Fürmann;Rüdiger Vogler;Sebastian Blomberg;Germany;German;R;Horror;Thriller;;8400000,0;5725,0;560;2000;-8394275,0;-99,9;Moyen (6-7)
Sleep Dealer ;tt0804529;2008;90;5,9;5699;Alex Rivera;Leonor Varela;Jacob Vargas;Tenoch Huerta;USA;Spanish;PG-13;Drama;Romance;Sci-Fi;2500000,0;75727,0;0;2000;-2424273,0;-97,0;Faible (<6)
Super ;tt1512235;2010;96;6,8;61787;James Gunn;Linda Cardellini;Rainn Wilson;Paul T. Taylor;USA;English;R;Comedy;Crime;Drama;2500000,0;322157,0;19000;2010;-2177843,0;-87,1;Moyen (6-7)
Christmas Mail ;tt1663628;2010;89;5,8;858;John Murlowski;Ashley Scott;Piper Mackenzie Harris;Lochlyn Munro;USA;English;TV-PG;Comedy;Drama;Family;2500000,0;;190;2010;;;Faible (<6)
Stung ;tt3300572;2015;87;5,0;3119;Benni Diez;Clifton Collins Jr.;Cecilia Pillado;David Masterson;Germany;English;Not Rated;Comedy;Horror;;2500000,0;;0;2010;;;Faible (<6)
Antibirth ;tt3333870;2016;94;6,3;63;Danny Perez;Natasha Lyonne;Emmanuel Kabongo;Mark Webber;USA;English;;Horror;;;3500000,0;;89;2010;;;Moyen (6-7)
Get on the Bus ;tt0116404;1996;120;6,8;4100;Spike Lee;Bernie Mac;Harry Lennix;Andre Braugher;USA;English;R;Drama;History;;2400000,0;5731103,0;352;1990;3331103,0;138,8;Moyen (6-7)
Thr3e ;tt0486028;2006;101;5,1;4057;Robby Henson;Marc Blucas;Max Ryan;Justine Waddell;Poland;English;PG-13;Drama;Horror;Mystery;2400000,0;978908,0;250;2000;-1421092,0;-59,2;Faible (<6)
Idiocracy ;tt0387808;2006;84;6,6;108052;Mike Judge;Anthony 'Citric' Campos;Patrick Fischler;David Herman;USA;English;R;Adventure;Comedy;Sci-Fi;;438653,0;79000;2000;;;Moyen (6-7)
The Rise of the Krays ;tt2945796;2015;110;5,0;1510;Zackary Adler;Simon Merrells;Kevin Leslie;Kris Sommerville;UK;English;R;Crime;Drama;;2500000,0;;0;2010;;;Faible (<6)
This Is England ;tt0480025;2006;101;7,7;99177;Shane Meadows;Stephen Graham;Joseph Gilgun;Jack O'Connell;UK;English;Unrated;Crime;Drama;;1500000,0;327919,0;11000;2000;-1172081,0;-78,1;Bon (7-8)
Alien Uprising ;tt2040578;2012;101;3,1;2753;Dominic Burns;Julian Glover;Sean Pertwee;Bianca Brigitte VanDamme;UK;English;R;Comedy;Sci-Fi;;2500000,0;;0;2010;;;Faible (<6)
Bathing Beauty ;tt0036628;1944;101;6,5;1079;George Sidney;Esther Williams;Basil Rathbone;Red Skelton;USA;English;Passed;Comedy;Musical;;2361000,0;;144;1940;;;Moyen (6-7)
Go for It! ;tt1307926;2011;105;3,9;1015;Carmen Marron;Jossara Jinaro;Aimee Garcia;Rene Rosado;USA;English;PG-13;Drama;Musical;;2450000,0;178739,0;566;2010;-2271261,0;-92,7;Faible (<6)
Dancer, Texas Pop. 81 ;tt0118925;1998;97;6,8;2189;Tim McCanlies;Ethan Embry;Michael O'Neill;Alexandra Holden;USA;English;PG;Comedy;Drama;Family;;565592,0;500;1990;;;Moyen (6-7)
Show Boat ;tt0044030;1951;108;7,0;3538;George Sidney;Agnes Moorehead;Ava Gardner;Howard Keel;USA;English;Approved;Drama;Family;Musical;2295429,0;;438;1950;;;Bon (7-8)
Redemption Road ;tt1470020;2010;95;5,9;440;Mario Van Peebles;Tom Skerritt;Cinda McCain;Luke Perry;USA;English;PG-13;Drama;;;;27012,0;279;2010;;;Faible (<6)
The Calling ;tt1666335;2014;108;5,8;6025;Jason Stone;Topher Grace;Ellen Burstyn;Christopher Heyerdahl;USA;English;R;Thriller;;;;;0;2010;;;Faible (<6)
The Brave Little Toaster ;tt0092695;1987;90;7,3;19650;Jerry Rees;Jon Lovitz;Phil Hartman;Mindy Sterling;USA;English;Not Rated;Adventure;Animation;Comedy;2300000,0;;0;1980;;;Bon (7-8)
Fantasia ;tt0032455;1940;120;7,8;71321;James Algar;Leopold Stokowski;Deems Taylor;;USA;English;G;Animation;Family;Fantasy;2280000,0;76400000,0;3000;1940;74120000,0;3250,9;Bon (7-8)
8 Days ;tt3111864;2014;90;6,9;44;Jaco Booyens;Nicole Smolen;Sebastian Aguilar;Ivette Alvarez;USA;English;PG-13;Drama;Thriller;;2500000,0;;224;2010;;;Moyen (6-7)
Friday the 13th Part III ;tt0083972;1982;91;5,7;31952;Steve Miner;Richard Brooker;Dana Kimmell;Catherine Parks;USA;English;R;Horror;Thriller;;4000000,0;36200000,0;0;1980;32200000,0;805,0;Faible (<6)
Friday the 13th: A New Beginning ;tt0089173;1985;92;4,7;22521;Danny Steinmann;Tiffany Helm;Melanie Kinnaman;Dominick Brascia;USA;English;R;Horror;Mystery;Thriller;2200000,0;21300000,0;1000;1980;19100000,0;868,2;Faible (<6)
The Last Sin Eater ;tt0810928;2007;117;5,9;1573;Michael Landon Jr.;Henry Thomas;Louise Fletcher;A.J. Buckley;USA;English;PG-13;Drama;;;2200000,0;379643,0;285;2000;-1820357,0;-82,7;Faible (<6)
Do You Believe? ;tt4056738;2015;120;5,9;4977;Jon Gunn;Alexa PenaVega;Delroy Lindo;Madison Pettis;USA;English;PG-13;Drama;;;2300000,0;12985267,0;13000;2010;10685267,0;464,6;Faible (<6)
Impact Point ;tt1086841;2008;90;4,3;1118;Hayley Cloake;Brian Austin Green;Kayla Ewell;Linden Ashby;USA;English;R;Thriller;;;2200000,0;;77;2000;;;Faible (<6)
The Valley of Decision ;tt0038213;1945;119;7,5;1314;Tay Garnett;Jessica Tandy;Greer Garson;Lionel Barrymore;USA;English;Passed;Drama;;;2160000,0;;68;1940;;;Bon (7-8)
Eden ;tt3032282;2015;90;4,8;1351;Shyam Madiraju;Jessica Lowndes;Ethan Peck;Brad Schmidt;Spain;English;R;Drama;Thriller;;;;452;2010;;;Faible (<6)
Chicken Tikka Masala ;tt0449000;2005;90;5,8;480;Harmage Singh Kalirai;Saeed Jaffrey;Zohra Segal;Shobu Kapoor;UK;English;;Comedy;Drama;Romance;1200000,0;;172;2000;;;Faible (<6)
Always Woodstock ;tt1995477;2014;97;5,3;485;Rita Merson;Ryan Guzman;James Wolk;Jason Ritter;USA;English;;Comedy;Music;Romance;2400000,0;;107;2010;;;Faible (<6)
Jack Brooks: Monster Slayer ;tt0816539;2007;90;6,0;5187;Jon Knautz;Rachel Skarsten;Daniel Kash;Stefanie Drummond;Canada;English;R;Action;Comedy;Horror;2500000,0;;870;2000;;;Moyen (6-7)
The Best Years of Our Lives ;tt0036868;1946;172;8,1;40359;William Wyler;Myrna Loy;Teresa Wright;Dana Andrews;USA;English;Not Rated;Drama;Romance;War;2100000,0;23650000,0;0;1940;21550000,0;1026,2;Excellent (8+)
Bully ;tt0242193;2001;115;7,0;29424;Larry Clark;Kelli Garner;Nick Stahl;Brad Renfro;USA;English;R;Biography;Crime;Drama;;510092,0;0;2000;;;Bon (7-8)
Elling ;tt0279064;2001;89;7,6;12244;Petter Næss;Jørgen Langhelle;Per Christian Ellefsen;Sven Nordin;Norway;Norwegian;R;Comedy;Drama;;15500000,0;313436,0;0;2000;-15186564,0;-98,0;Bon (7-8)
Mi America ;tt2460506;2015;125;7,2;22;Robert Fontaine;Michael Derek;Arturo Castro;Brad Lee Wind;USA;English;R;Crime;Drama;;2100000,0;3330,0;305;2010;-2096670,0;-99,8;Bon (7-8)
[Rec] ;tt1038988;2007;78;7,5;131462;Jaume Balagueró;Manuela Velasco;Pablo Rosso;Carlos Lasarte;Spain;Spanish;R;Horror;;;1500000,0;;15000;2000;;;Bon (7-8)
Lies in Plain Sight ;tt1675312;2010;89;6,3;544;Patricia Cardoso;Rosie Perez;Martha Higareda;Cheyenne Haynes;USA;English;TV-PG;Drama;;;2100000,0;;162;2010;;;Moyen (6-7)
Sharkskin ;tt2317796;2015;100;6,7;6;Dan Perri;Travis Myers;David Proval;Carmen Argenziano;USA;English;;Comedy;Drama;Mystery;2100000,0;;14;2010;;;Moyen (6-7)
Containment ;tt3561236;2015;77;4,8;1355;Neil Mcenery-West;Walter Hendrix III;Michael Chapman;Louise Brealey;UK;English;;Horror;Sci-Fi;Thriller;;;275;2010;;;Faible (<6)
The Timber ;tt2215673;2015;81;5,5;1274;Anthony O'Brien;James Ransone;Maria Doyle Kennedy;Shaun O'Hagan;USA;English;;Adventure;Drama;Western;2100000,0;;380;2010;;;Faible (<6)
From Russia with Love ;tt0057076;1963;115;7,5;89403;Terence Young;Robert Shaw;Daniela Bianchi;Lois Maxwell;UK;English;Approved;Action;Adventure;Thriller;2000000,0;24800000,0;0;1960;22800000,0;1140,0;Bon (7-8)
The Toxic Avenger Part II ;tt0098503;1989;96;5,1;4663;Michael Herz;Phoebe Legere;Jessica Dublin;Lisa Gaye;USA;English;R;Action;Comedy;Horror;2300000,0;792966,0;321;1980;-1507034,0;-65,5;Faible (<6)
Sleeper ;tt0070707;1973;89;7,3;33335;Woody Allen;Woody Allen;John Beck;Mews Small;USA;English;PG;Comedy;Sci-Fi;;2000000,0;;0;1970;;;Bon (7-8)
It Follows ;tt3235888;2014;100;6,9;112899;David Robert Mitchell;Maika Monroe;Ruby Harris;Jake Weary;USA;English;R;Horror;Mystery;;2000000,0;14673301,0;45000;2010;12673301,0;633,7;Moyen (6-7)
Everything You Always Wanted to Know About Sex * But Were Afraid to Ask ;tt0068555;1972;88;6,8;31077;Woody Allen;Woody Allen;John Carradine;Lynn Redgrave;USA;English;R;Comedy;;;2000000,0;;0;1970;;;Moyen (6-7)
To Kill a Mockingbird ;tt0056592;1962;129;8,4;215086;Robert Mulligan;Robert Duvall;Brock Peters;William Windom;USA;English;Not Rated;Crime;Drama;;2000000,0;;15000;1960;;;Excellent (8+)
Mad Max 2: The Road Warrior ;tt0082694;1981;87;7,6;133966;George Miller;Vernon Wells;Bruce Spence;Kjell Nilsson;Australia;English;R;Action;Adventure;Sci-Fi;2000000,0;9003011,0;0;1980;7003011,0;350,2;Bon (7-8)
The Legend of Drunken Master ;tt0111512;1994;102;7,6;34520;Chia-Liang Liu;Andy Lau;Anita Mui;Ho-Sung Pak;Hong Kong;Cantonese;R;Action;Comedy;;2000000,0;11546543,0;0;1990;9546543,0;477,3;Bon (7-8)
Boys Don't Cry ;tt0171804;1999;118;7,6;77551;Kimberly Peirce;Alicia Goranson;Brendan Sexton III;Jeannetta Arnette;USA;English;R;Biography;Crime;Drama;2000000,0;11533945,0;0;1990;9533945,0;476,7;Bon (7-8)
Silent House ;tt1767382;2011;86;5,3;18566;Chris Kentis;Eric Sheffer Stevens;Julia Taylor Ross;Adam Trese;France;English;R;Drama;Horror;Mystery;2000000,0;12555230,0;0;2010;10555230,0;527,8;Faible (<6)
The Lives of Others ;tt0405094;2006;137;8,5;259379;Florian Henckel von Donnersmarck;Sebastian Koch;Ulrich Mühe;Martina Gedeck;Germany;German;R;Drama;Thriller;;2000000,0;11284657,0;39000;2000;9284657,0;464,2;Excellent (8+)
Courageous ;tt1630036;2011;129;7,0;15401;Alex Kendrick;Ben Davies;Alex Kendrick;T.C. Stallings;USA;English;PG-13;Drama;;;2000000,0;34522221,0;10000;2010;32522221,0;1626,1;Bon (7-8)
The Hustler ;tt0054997;1961;134;8,0;62860;Robert Rossen;George C. Scott;Jackie Gleason;Murray Hamilton;USA;English;Unrated;Drama;Sport;;2000000,0;;0;1960;;;Excellent (8+)
Boom Town ;tt0032273;1940;119;7,1;2269;Jack Conway;Hedy Lamarr;Spencer Tracy;Claudette Colbert;USA;English;Passed;Adventure;Drama;Romance;1614000,0;;236;1940;;;Bon (7-8)
The Triplets of Belleville ;tt0286244;2003;80;7,8;42462;Sylvain Chomet;Michel Robin;Charles Linton;Béatrice Bonifassi;France;French;PG-13;Animation;Comedy;Drama;9500000,0;7002255,0;0;2000;-2497745,0;-26,3;Bon (7-8)
Smoke Signals ;tt0120321;1998;89;7,2;8224;Chris Eyre;Michael Greyeyes;Irene Bedard;Gary Farmer;Canada;English;PG-13;Comedy;Drama;;2000000,0;6719300,0;0;1990;4719300,0;236,0;Bon (7-8)
American Splendor ;tt0305206;2003;101;7,5;41999;Shari Springer Berman;Josh Hutcherson;James Urbaniak;Daniel Tay;USA;English;R;Biography;Comedy;Drama;;6003587,0;0;2000;;;Bon (7-8)
Before Sunset ;tt0381681;2004;80;8,0;168398;Richard Linklater;Vernon Dobtcheff;Albert Delpy;Marie Pillet;USA;English;R;Drama;Romance;;2700000,0;5792822,0;13000;2000;3092822,0;114,5;Excellent (8+)
Amores Perros ;tt0245712;2000;115;8,1;173551;Alejandro G. Iñárritu;Adriana Barraza;Jorge Salinas;Goya Toledo;Mexico;Spanish;R;Drama;Thriller;;2000000,0;5383834,0;11000;2000;3383834,0;169,2;Excellent (8+)
Thirteen ;tt0328538;2003;100;6,8;68222;Catherine Hardwicke;Holly Hunter;Sarah Clarke;Kip Pardue;USA;English;R;Drama;;;1500000,0;4599680,0;0;2000;3099680,0;206,6;Moyen (6-7)
Gentleman's Agreement ;tt0039416;1947;118;7,4;10791;Elia Kazan;Dean Stockwell;Celeste Holm;John Garfield;USA;English;Approved;Drama;Romance;;2000000,0;;0;1940;;;Bon (7-8)
Winter's Bone ;tt1399683;2010;100;7,2;111658;Debra Granik;Jennifer Lawrence;Shelley Waggener;Lauren Sweetser;USA;English;R;Drama;;;2000000,0;6531491,0;20000;2010;4531491,0;226,6;Bon (7-8)
Touching the Void ;tt0379557;2003;106;8,1;26926;Kevin Macdonald;Nicholas Aaron;Brendan Mackey;Joe Simpson;UK;English;R;Adventure;Documentary;Drama;;4581222,0;0;2000;;;Excellent (8+)
Alexander's Ragtime Band ;tt0029852;1938;106;7,0;1381;Henry King;Tyrone Power;Don Ameche;John Carradine;USA;English;Approved;Drama;Musical;Romance;2000000,0;;60;1930;;;Bon (7-8)
Me and You and Everyone We Know ;tt0415978;2005;91;7,4;31130;Miranda July;Najarra Townsend;Brad William Henke;Miranda July;USA;English;R;Comedy;Drama;;2000000,0;3885134,0;0;2000;1885134,0;94,3;Bon (7-8)
Inside Job ;tt1645089;2010;105;8,3;55382;Charles Ferguson;Matt Damon;George W. Bush;Barney Frank;USA;English;PG-13;Crime;Documentary;;;4311834,0;63000;2010;;;Excellent (8+)
We Are Your Friends ;tt3787590;2015;96;6,1;20885;Max Joseph;Vanessa Lengies;Emily Ratajkowski;Jonny Weston;UK;English;R;Drama;Music;Romance;2000000,0;3590010,0;0;2010;1590010,0;79,5;Moyen (6-7)
Ghost Dog: The Way of the Samurai ;tt0165798;1999;116;7,5;70084;Jim Jarmusch;Henry Silva;Gano Grills;Richard Portnow;France;English;R;Action;Crime;Drama;;3300230,0;0;1990;;;Bon (7-8)
Harsh Times ;tt0433387;2005;116;7,0;54657;David Ayer;J.K. Simmons;Christian Bale;Noel Gugliemi;USA;English;R;Action;Crime;Drama;2000000,0;3335839,0;0;2000;1335839,0;66,8;Bon (7-8)
Captive ;tt3268668;2015;97;5,3;3911;Jerry Jameson;David Oyelowo;Leonor Varela;Sydelle Noel;USA;English;PG-13;Crime;Drama;Thriller;2000000,0;2557668,0;0;2010;557668,0;27,9;Faible (<6)
Full Frontal ;tt0290212;2002;101;4,7;8662;Steven Soderbergh;Julia Roberts;Enrico Colantoni;Blair Underwood;USA;English;R;Comedy;Romance;;2000000,0;2506446,0;134;2000;506446,0;25,3;Faible (<6)
Witchboard ;tt0090327;1986;98;5,7;4288;Kevin Tenney;Kathleen Wilhoite;Tawny Kitaen;Rose Marie;UK;English;R;Horror;Mystery;Thriller;2000000,0;7369373,0;0;1980;5369373,0;268,5;Faible (<6)
Shortbus ;tt0367027;2006;101;6,5;27346;John Cameron Mitchell;Sook-Yin Lee;Peter Stickles;Raphael Barker;USA;English;Unrated;Comedy;Drama;Romance;2000000,0;1984378,0;0;2000;-15622,0;-0,8;Moyen (6-7)
Waltz with Bashir ;tt1185616;2008;90;8,0;46107;Ari Folman;Ari Folman;Ronny Dayag;Zahava Solomon;Israel;Hebrew;R;Animation;Biography;Documentary;1500000,0;2283276,0;0;2000;783276,0;52,2;Excellent (8+)
The Book of Mormon Movie, Volume 1: The Journey ;tt0349159;2003;120;3,3;397;Gary Rogers;Noah Danby;Kirby Heyborne;Bruce Newbold;USA;English;PG-13;Adventure;;;2000000,0;1098224,0;32;2000;-901776,0;-45,1;Faible (<6)
No End in Sight ;tt0912593;2007;102;8,3;7314;Charles Ferguson;Campbell Scott;Dick Cheney;Donald Rumsfeld;USA;English;;Documentary;War;;2000000,0;1430185,0;0;2000;-569815,0;-28,5;Excellent (8+)
The Diary of a Teenage Girl ;tt3172532;2015;102;6,9;16645;Marielle Heller;Alexander Skarsgård;David Fine;Austin Lyon;USA;English;R;Drama;Romance;;2000000,0;1477002,0;0;2010;-522998,0;-26,1;Moyen (6-7)
In the Shadow of the Moon ;tt0925248;2007;100;8,1;5475;David Sington;John F. Kennedy;Buzz Aldrin;Neil Armstrong;UK;English;PG;Documentary;History;;2000000,0;1134049,0;0;2000;-865951,0;-43,3;Excellent (8+)
Meek's Cutoff ;tt1518812;2010;104;6,5;8204;Kelly Reichardt;Bruce Greenwood;Zoe Kazan;Shirley Henderson;USA;English;PG;Drama;Western;;;977600,0;0;2010;;;Moyen (6-7)
Inside Deep Throat ;tt0418753;2005;89;6,8;5615;Fenton Bailey;Hugh M. Hefner;Bill Maher;Linda Lovelace;USA;English;NC-17;Biography;Documentary;History;2000000,0;653621,0;592;2000;-1346379,0;-67,3;Moyen (6-7)
Dinner Rush ;tt0229340;2000;99;7,3;4359;Bob Giraldi;Danny Aiello;Manny Perez;Ajay Naidu;USA;English;R;Crime;Drama;Romance;;110000,0;495;2000;;;Bon (7-8)
Clockwatchers ;tt0118866;1997;96;6,4;4049;Jill Sprecher;Alanna Ubach;Bob Balaban;Jamie Kennedy;UK;English;PG-13;Comedy;Drama;;;444354,0;166;1990;;;Moyen (6-7)
The Virginity Hit ;tt1695994;2010;86;4,6;3467;Huck Botko;Matt Bennett;Krysta Rodriguez;Zack Pearlman;USA;English;R;Comedy;;;3400000,0;535249,0;974;2010;-2864751,0;-84,3;Faible (<6)
Subway ;tt0090095;1985;98;6,5;11031;Luc Besson;Christopher Lambert;Isabelle Adjani;Jean-Hugues Anglade;France;French;R;Comedy;Drama;Thriller;17000000,0;;739;1980;;;Moyen (6-7)
House of D ;tt0372334;2004;96;7,0;7479;David Duchovny;Robin Williams;Mark Margolis;Frank Langella;USA;English;PG-13;Comedy;Drama;;6000000,0;371081,0;857;2000;-5628919,0;-93,8;Bon (7-8)
Teeth ;tt0780622;2007;94;5,4;34556;Mitchell Lichtenstein;Jess Weixler;Nathan Parsons;John Hensley;USA;English;R;Comedy;Fantasy;Horror;;347578,0;17000;2000;;;Faible (<6)
Six-String Samurai ;tt0118736;1998;91;6,7;5613;Lance Mungia;Jeffrey Falcon;Stephane Gauger;Kim De Angelo;USA;English;PG-13;Action;Adventure;Comedy;2000000,0;124494,0;0;1990;-1875506,0;-93,8;Moyen (6-7)
Hum To Mohabbat Karega ;tt0249588;2000;0;2,8;275;Kundan Shah;Karisma Kapoor;Bobby Deol;Shakti Kapoor;India;Hindi;;Action;Comedy;Romance;;;10;2000;;;Faible (<6)
It's All Gone Pete Tong ;tt0388139;2004;90;7,4;16828;Michael Dowse;Paul Kaye;Neil Maskell;Kate Magowan;UK;English;R;Biography;Comedy;Drama;;120620,0;0;2000;;;Bon (7-8)
Saint John of Las Vegas ;tt1276105;2009;85;5,8;2522;Hue Rhodes;Peter Dinklage;Steve Buscemi;Romany Malco;USA;English;R;Comedy;Drama;;3800000,0;100669,0;407;2000;-3699331,0;-97,4;Faible (<6)
24 7: Twenty Four Seven ;tt0120391;1997;96;7,1;2081;Shane Meadows;Bob Hoskins;Annette Badland;Karl Collins;UK;English;R;Comedy;Drama;Romance;;;224;1990;;;Bon (7-8)
Stonewall ;tt3018070;2015;129;4,5;1758;Roland Emmerich;Jeremy Irvine;Caleb Landry Jones;Matt Craven;USA;English;R;Drama;;;13500000,0;186354,0;0;2010;-13313646,0;-98,6;Faible (<6)
Roadside Romeo ;tt1050739;2008;93;5,3;922;Jugal Hansraj;Saif Ali Khan;Sanjay Mishra;Javed Jaffrey;India;Hindi;PG;Animation;Comedy;Family;;55202,0;39;2000;;;Faible (<6)
This Thing of Ours ;tt0338497;2003;100;5,4;508;Danny Provenzano;Vincent Pastore;Frank Vincent;Chuck Zito;USA;English;Not Rated;Crime;Drama;;;;61;2000;;;Faible (<6)
The Lost Medallion: The Adventures of Billy Stone ;tt1390539;2013;97;4,8;1278;Bill Muir;Alex Kendrick;Jansen Panettiere;Tiya Sircar;Thailand;English;PG;Adventure;Family;Fantasy;;549632,0;715;2010;;;Faible (<6)
The Last Five Years ;tt2474024;2014;94;5,9;6223;Richard LaGravenese;Anna Kendrick;Jeremy Jordan;Charly Bivona;USA;English;PG-13;Comedy;Drama;Musical;;137945,0;0;2010;;;Faible (<6)
The Missing Person ;tt1105512;2009;95;6,2;1268;Noah Buschel;Merritt Wever;Amy Ryan;Paul Adelstein;USA;English;;Drama;;;1500000,0;17580,0;195;2000;-1482420,0;-98,8;Moyen (6-7)
Return of the Living Dead III ;tt0107953;1993;97;5,9;10182;Brian Yuzna;Melinda Clarke;Kent McCord;Sarah Douglas;USA;English;R;Horror;Romance;Sci-Fi;2000000,0;;810;1990;;;Faible (<6)
London ;tt0449061;2005;92;6,6;19336;Hunter Richards;Jason Statham;Chris Evans;Dane Cook;UK;English;R;Drama;Romance;;14000,0;12667,0;0;2000;-1333,0;-9,5;Moyen (6-7)
Sherrybaby ;tt0423169;2006;96;6,6;10282;Laurie Collyer;Brad William Henke;Kate Burton;Michelle Hurst;USA;English;R;Drama;;;2000000,0;198407,0;474;2000;-1801593,0;-90,1;Moyen (6-7)
Circle ;tt3118452;2015;87;6,0;13279;Aaron Hann;Jordi Vilasuso;Michael McLafferty;Kaiwi Lyman-Mersereau;USA;English;Not Rated;Drama;Horror;Mystery;;;0;2010;;;Moyen (6-7)
Eden Lake ;tt1020530;2008;91;6,8;57811;James Watkins;Michael Fassbender;Jack O'Connell;Lorraine Stanley;UK;English;R;Horror;Thriller;;;5824,0;0;2000;;;Moyen (6-7)
Plush ;tt2226519;2013;99;5,4;2895;Catherine Hardwicke;Frances Fisher;James Kyson;Marlene Forte;USA;English;R;Thriller;;;;2843,0;604;2010;;;Faible (<6)
Vampire Killers ;tt1020885;2009;88;5,2;17296;Phil Claydon;MyAnna Buring;James Corden;Silvia Colloca;UK;English;R;Action;Comedy;Fantasy;;;0;2000;;;Faible (<6)
Gangster's Paradise: Jerusalema ;tt0783532;2008;119;7,8;9689;Ralph Ziman;Rapulana Seiphemo;Kenneth Nkosi;Robert Hobbs;South Africa;English;R;Action;Crime;Drama;2000000,0;4958,0;1000;2000;-1995042,0;-99,8;Bon (7-8)
Freeze Frame ;tt0363095;2004;99;6,4;2588;John Simpson;Colin Salmon;Lee Evans;Ian McNeice;UK;English;R;Crime;Drama;Thriller;2000000,0;;205;2000;;;Moyen (6-7)
Grave Encounters ;tt1703199;2011;92;6,1;40380;Colin Minihan;Mackenzie Gray;Sean Rogerson;Ashleigh Gryzko;Canada;English;Not Rated;Horror;;;100000,0;;0;2010;;;Moyen (6-7)
Stitches ;tt2126362;2012;86;5,7;6585;Conor McMahon;Peter McQuinn;Tommy Knight;Jemma Curran;Ireland;English;R;Comedy;Horror;;;;0;2010;;;Faible (<6)
Nine Dead ;tt0959329;2010;83;5,5;9280;Chris Shadley;Daniel Baldwin;William Lee Scott;Marc Macaulay;USA;English;R;Crime;Drama;Horror;2000000,0;;0;2010;;;Faible (<6)
To Be Frank, Sinatra at 100 ;tt4704314;2015;81;7,4;7;Simon Napier-Bell;Alice Cooper;Tim Rice;Louis Walsh;UK;English;;Documentary;;;2000000,0;;0;2010;;;Bon (7-8)
Bananas ;tt0066808;1971;82;7,1;27646;Woody Allen;Woody Allen;Charlotte Rae;Louise Lasser;USA;English;GP;Comedy;;;2000000,0;;0;1970;;;Bon (7-8)
Supercapitalist ;tt1734586;2012;102;3,9;289;Simon Yin;Paul Sheehan;Linus Roache;Kathy Uyen;USA;English;Not Rated;Thriller;;;;13220,0;115;2010;;;Faible (<6)
Rockaway ;tt0796355;2007;90;4,6;355;Jeff Crook;Nicholas Gonzalez;Mario Cimarro;Ricardo Chavira;USA;English;R;Action;Crime;Drama;2000000,0;;44;2000;;;Faible (<6)
The Lady from Shanghai ;tt0040525;1947;92;7,7;19236;Orson Welles;Rita Hayworth;Everett Sloane;Ted de Corsia;USA;English;Not Rated;Crime;Drama;Film-Noir;2300000,0;7927,0;0;1940;-2292073,0;-99,7;Bon (7-8)
No Man's Land: The Rise of Reeker ;tt1090671;2008;88;4,9;2701;Dave Payne;Mircea Monroe;Lew Temple;Robert Pine;USA;English;R;Horror;Thriller;;2000000,0;;153;2000;;;Faible (<6)
Highway ;tt0165361;2002;97;6,3;5182;James Cox;Jake Gyllenhaal;M.C. Gainey;Mark Rolston;USA;English;R;Crime;Drama;;14000000,0;;912;2000;;;Moyen (6-7)
Small Apartments ;tt1272886;2012;96;6,1;5732;Jonas Åkerlund;Noel Gugliemi;Saffron Burrows;Matt Lucas;USA;English;R;Comedy;Crime;Drama;2000000,0;;0;2010;;;Moyen (6-7)
Coffee Town ;tt2234025;2013;87;6,6;4204;Brad Copeland;Sunil Narkar;Ben Schwartz;Glenn Howerton;USA;English;;Comedy;;;2000000,0;;0;2010;;;Moyen (6-7)
The Ghastly Love of Johnny X ;tt1754633;2012;106;5,7;344;Paul Bunnell;Kate Maberly;Kevin McCarthy;Paul Williams;USA;English;Not Rated;Comedy;Fantasy;Musical;2000000,0;2436,0;655;2010;-1997564,0;-99,9;Faible (<6)
All Is Bright ;tt1462901;2013;107;5,6;4478;Phil Morrison;Sally Hawkins;Curtiss Cook;Peter Hermann;USA;English;R;Comedy;Drama;;;4556,0;825;2010;;;Faible (<6)
The Torture Chamber of Dr. Sadism ;tt0062235;1967;80;6,0;952;Harald Reinl;Christopher Lee;Lex Barker;Karin Dor;West Germany;German;M;Horror;Mystery;;;;200;1960;;;Moyen (6-7)
Straight A's ;tt2024506;2013;91;5,7;3605;James Cox;Jon Mack;Powers Boothe;Josh Meyers;USA;English;R;Comedy;Drama;;2000000,0;;0;2010;;;Faible (<6)
A Funny Thing Happened on the Way to the Forum ;tt0060438;1966;99;7,0;6804;Richard Lester;Buster Keaton;Zero Mostel;Phil Silvers;USA;English;Approved;Comedy;Musical;;2000000,0;;805;1960;;;Bon (7-8)
Slacker Uprising ;tt0850669;2007;102;5,3;2242;Michael Moore;Michael Moore;Eddie Vedder;Steve Earle;USA;English;;Documentary;;;2000000,0;;69;2000;;;Faible (<6)
The Legend of Hell's Gate: An American Conspiracy ;tt1220217;2011;108;4,4;583;Tanner Beard;William McNamara;Kevin Alejandro;Glenn Morshower;USA;English;PG-13;Action;Adventure;History;2000000,0;;651;2010;;;Faible (<6)
The Walking Deceased ;tt3499458;2015;88;3,4;2348;Scott Dow;Trenton Rostedt;Wray Crawford;Dave Sheridan;USA;English;R;Comedy;Horror;;1250000,0;;0;2010;;;Faible (<6)
The Curse of Downers Grove ;tt1772261;2015;89;4,5;1040;Derick Martini;Kevin Zegers;Bella Heathcote;Tom Arnold;USA;English;;Drama;Horror;Mystery;2000000,0;;0;2010;;;Faible (<6)
Shark Lake ;tt4416518;2015;92;3,4;838;Jerry Dugan;Melissa Bolona;Michael Aaron Milligan;James Chalke;USA;English;Not Rated;Thriller;;;2000000,0;;728;2010;;;Faible (<6)
River's Edge ;tt0091860;1986;99;7,1;11763;Tim Hunter;Keanu Reeves;Daniel Roebuck;Ione Skye;USA;English;R;Crime;Drama;;1900000,0;4600000,0;0;1980;2700000,0;142,1;Bon (7-8)
Northfork ;tt0322659;2003;103;6,4;4894;Michael Polish;Peter Coyote;Anthony Edwards;Jon Gries;USA;English;PG-13;Drama;Fantasy;;1900000,0;1420578,0;298;2000;-479422,0;-25,2;Moyen (6-7)
The Marine 4: Moving Target ;tt3528666;2015;90;5,2;2032;William Kaufman;Paul McGillion;Mike 'The Miz' Mizanin;David Lewis;USA;English;R;Action;Thriller;;1950000,0;;620;2010;;;Faible (<6)
Buried ;tt1462758;2010;95;7,0;118684;Rodrigo Cortés;Ryan Reynolds;Samantha Mathis;Erik Palladino;Spain;English;R;Drama;Mystery;Thriller;3000000,0;1028658,0;24000;2010;-1971342,0;-65,7;Bon (7-8)
Submarine ;tt1440292;2010;97;7,3;65877;Richard Ayoade;Craig Roberts;Paddy Considine;Sally Hawkins;UK;English;R;Comedy;Drama;Romance;;466702,0;17000;2010;;;Bon (7-8)
The Square ;tt2486682;2013;108;8,1;6678;Jehane Noujaim;Khalid Abdalla;Ahmed Hassan;Aida Elkashef;Egypt;Arabic;Not Rated;Documentary;Drama;History;1500000,0;;0;2010;;;Excellent (8+)
One to Another ;tt0486751;2006;95;5,8;1010;Pascal Arnold;Karl E. Landler;Lizzie Brocheré;Pierre Perrier;France;French;Unrated;Drama;;;1400000,0;18435,0;104;2000;-1381565,0;-98,7;Faible (<6)
ABCD (Any Body Can Dance) ;tt2321163;2013;160;6,4;5018;Remo;Lauren Gottlieb;Remo;Prabhudheva;India;Hindi;Not Rated;Drama;Musical;;;95236,0;1000;2010;;;Moyen (6-7)
Man on Wire ;tt1155592;2008;90;7,8;40481;James Marsh;Paul McGill;Philippe Petit;Jean-Louis Blondeau;UK;English;PG-13;Biography;Crime;Documentary;1000000,0;2957978,0;0;2000;1957978,0;195,8;Bon (7-8)
Abandoned ;tt4519006;2015;86;6,3;333;John Laing;Siobhan Marshall;Peter Feeney;Rachel Nash;New Zealand;English;;Drama;;;;;213;2010;;;Moyen (6-7)
Brotherly Love ;tt3262990;2015;89;7,2;744;Jamal Hill;Logan Browning;Adam Ratcliffe;Faizon Love;USA;English;R;Drama;;;1900000,0;444044,0;1000;2010;-1455956,0;-76,6;Bon (7-8)
The Last Exorcism ;tt1320244;2010;87;5,6;41509;Daniel Stamm;Caleb Landry Jones;Ashley Bell;Patrick Fabian;France;English;PG-13;Drama;Horror;Thriller;1800000,0;40990055,0;0;2010;39190055,0;2177,2;Faible (<6)
Nowhere Boy ;tt1266029;2009;98;7,2;29019;Sam Taylor-Johnson;Kristin Scott Thomas;Ophelia Lovibond;Anne-Marie Duff;UK;English;R;Biography;Drama;Music;;1445366,0;10000;2000;;;Bon (7-8)
A Streetcar Named Desire ;tt0044081;1951;125;8,0;78454;Elia Kazan;Marlon Brando;Karl Malden;Kim Hunter;USA;English;PG;Drama;;;1800000,0;;5000;1950;;;Excellent (8+)
Dr. Strangelove or: How I Learned to Stop Worrying and Love the Bomb ;tt0057012;1964;95;8,5;342585;Stanley Kubrick;George C. Scott;Slim Pickens;Keenan Wynn;USA;English;PG;Comedy;;;1800000,0;;18000;1960;;;Excellent (8+)
El crimen del padre Amaro ;tt0313196;2002;118;6,8;11088;Carlos Carrera;Damián Alcázar;Ana Claudia Talancón;Pedro Armendáriz Jr.;Mexico;Spanish;R;Drama;Romance;;1800000,0;5709616,0;544;2000;3909616,0;217,2;Moyen (6-7)
Beasts of the Southern Wild ;tt2125435;2012;93;7,3;70336;Benh Zeitlin;Quvenzhané Wallis;Gina Montana;Dwight Henry;USA;English;PG-13;Drama;Fantasy;;1800000,0;12784397,0;31000;2010;10984397,0;610,2;Bon (7-8)
Battle for the Planet of the Apes ;tt0069768;1973;96;5,5;22764;J. Lee Thompson;Roddy McDowall;Paul Williams;Claude Akins;USA;English;G;Action;Sci-Fi;;1800000,0;;511;1970;;;Faible (<6)
Songcatcher ;tt0210299;2000;109;7,3;2794;Maggie Greenwald;Aidan Quinn;David Patrick Kelly;Jane Adams;USA;English;PG-13;Drama;Music;;1800000,0;3050934,0;0;2000;1250934,0;69,5;Bon (7-8)
Higher Ground ;tt1562568;2011;109;6,3;2603;Vera Farmiga;Donna Murphy;Bill Irwin;Michael Chernus;USA;English;R;Drama;;;;841206,0;952;2010;;;Moyen (6-7)
Vaalu ;tt3566698;2015;155;5,1;563;Vijay Chandar;Hansika Motwani;T.R. Silambarasan;Brahmanandam;India;Tamil;;Comedy;Romance;;150000000,0;;82;2010;;;Faible (<6)
The Greatest Movie Ever Sold ;tt1743720;2011;90;6,6;13223;Morgan Spurlock;Quentin Tarantino;J.J. Abrams;Donald Trump;USA;English;PG-13;Comedy;Documentary;;1500000,0;638476,0;0;2010;-861524,0;-57,4;Moyen (6-7)
Ed and His Dead Mother ;tt0106792;1993;93;6,1;1435;Jonathan Wacks;Steve Buscemi;Gary Farmer;Jon Gries;USA;English;PG-13;Comedy;Horror;;1800000,0;;266;1990;;;Moyen (6-7)
Travelers and Magicians ;tt0378906;2003;108;7,5;1747;Khyentse Norbu;Tshewang Dendup;Lhakpa Dorji;Sonam Kinga;Australia;Dzongkha;;Adventure;Drama;;1800000,0;505295,0;353;2000;-1294705,0;-71,9;Bon (7-8)
Hang 'Em High ;tt0061747;1968;114;7,0;25472;Ted Post;Clint Eastwood;Bruce Dern;Alan Hale Jr.;USA;English;M;Western;;;1800000,0;;0;1960;;;Bon (7-8)
Deadline - U.S.A. ;tt0044533;1952;87;7,2;1756;Richard Brooks;Humphrey Bogart;Jim Backus;Kim Hunter;USA;English;;Crime;Drama;Film-Noir;;;169;1950;;;Bon (7-8)
Sublime ;tt0822858;2007;113;5,3;6267;Tony Krantz;George Newbern;Tom Cavanagh;Cas Anvar;USA;English;R;Horror;Thriller;;1800000,0;;368;2000;;;Faible (<6)
A Beginner's Guide to Snuff ;tt4058122;2016;87;8,7;13;Mitchell Altieri;Kimberley Crossman;Luke Edwards;Bree Williamson;USA;English;;Comedy;Horror;Thriller;;;8;2010;;;Excellent (8+)
Independence Daysaster ;tt2645670;2013;90;3,4;761;W.D. Hogan;Tom Everett Scott;Keenan Tracey;Nicholas Carella;Canada;English;PG-13;Action;Sci-Fi;;1800000,0;;566;2010;;;Faible (<6)
Dysfunctional Friends ;tt1653002;2012;111;5,4;686;Corey Grant;Christian Keyes;Essence Atkins;Tatyana Ali;USA;English;Not Rated;Comedy;Drama;;1800000,0;;569;2010;;;Faible (<6)
Run Lola Run ;tt0130827;1998;81;7,8;161471;Tom Tykwer;Moritz Bleibtreu;Ludger Pistor;Armin Rohde;Germany;German;R;Crime;Drama;;3500000,0;7267324,0;0;1990;3767324,0;107,6;Bon (7-8)
May ;tt0303361;2002;93;6,7;26773;Lucky McKee;James Duval;Will Estes;Nora Zehetner;USA;English;R;Drama;Horror;;500000,0;145540,0;0;2000;-354460,0;-70,9;Moyen (6-7)
Against the Wild ;tt2475846;2013;90;4,7;840;Richard Boddington;Natasha Henstridge;CJ Adams;Erin Pitt;Canada;English;PG;Adventure;Family;;2000000,0;;326;2010;;;Faible (<6)
Living Dark: The Story of Ted the Caver ;tt2100573;2013;112;6,3;28;David Hunt;Matthew Alan;Chris Cleveland;Circus-Szalewski;USA;English;PG-13;Horror;;;1750000,0;;73;2010;;;Moyen (6-7)
Under the Same Moon ;tt0796307;2007;106;7,4;5526;Patricia Riggen;America Ferrera;Eugenio Derbez;Kate del Castillo;Mexico;Spanish;PG-13;Adventure;Drama;;;12589108,0;0;2000;;;Bon (7-8)
Conquest of the Planet of the Apes ;tt0068408;1972;88;6,1;23268;J. Lee Thompson;Roddy McDowall;Gordon Jump;John Randolph;USA;English;PG;Action;Sci-Fi;;1700000,0;;794;1970;;;Moyen (6-7)
In the Bedroom ;tt0247425;2001;138;7,5;32415;Todd Field;Tom Wilkinson;Sissy Spacek;Karen Allen;USA;English;R;Crime;Drama;;1700000,0;35918429,0;951;2000;34218429,0;2012,8;Bon (7-8)
I Spit on Your Grave ;tt1242432;2010;105;6,3;56402;Steven R. Monroe;Sarah Butler;Chad Lindberg;Daniel Franzese;USA;English;R;Horror;Thriller;;2000000,0;92401,0;17000;2010;-1907599,0;-95,4;Moyen (6-7)
Happy, Texas ;tt0162360;1999;98;6,3;8697;Mark Illsley;Ally Walker;Illeana Douglas;Jeremy Northam;USA;English;PG-13;Comedy;Crime;Romance;1700000,0;1943649,0;374;1990;243649,0;14,3;Moyen (6-7)
My Summer of Love ;tt0382189;2004;86;6,8;16349;Pawel Pawlikowski;Paddy Considine;Natalie Press;Dean Andrews;UK;English;R;Drama;Romance;;1700000,0;992238,0;869;2000;-707762,0;-41,6;Moyen (6-7)
The Lunchbox ;tt2350496;2013;104;7,8;30479;Ritesh Batra;Nawazuddin Siddiqui;Nimrat Kaur;Lillete Dubey;India;Hindi;PG;Drama;Romance;;1000000,0;4231500,0;16000;2010;3231500,0;323,2;Bon (7-8)
Yes ;tt0381717;2004;100;6,9;2725;Sally Potter;Shirley Henderson;Joan Allen;Stephanie Leonidas;UK;English;R;Drama;Romance;;1000000,0;396035,0;305;2000;-603965,0;-60,4;Moyen (6-7)
You Can't Take It with You ;tt0030993;1938;126;8,0;17799;Frank Capra;Jean Arthur;Ann Miller;Lionel Barrymore;USA;English;Approved;Comedy;Drama;Romance;1644736,0;;0;1930;;;Excellent (8+)
From Here to Eternity ;tt0045793;1953;118;7,8;33987;Fred Zinnemann;Montgomery Clift;Donna Reed;Deborah Kerr;USA;English;Not Rated;Drama;Romance;War;1650000,0;;0;1950;;;Bon (7-8)
She Wore a Yellow Ribbon ;tt0041866;1949;103;7,4;11920;John Ford;Harry Carey Jr.;Ben Johnson;Victor McLaglen;USA;English;Unrated;Western;;;1600000,0;;721;1940;;;Bon (7-8)
Grace Unplugged ;tt2349460;2013;102;6,1;2561;Brad J. Silverman;Shawnee Smith;Michael Welch;Anthony Reynolds;USA;English;PG;Drama;Music;;;2507106,0;0;2010;;;Moyen (6-7)
Foolish ;tt0166195;1999;84;4,3;536;Dave Meyers;Eddie Griffin;Clifton Powell;Marla Gibbs;USA;English;R;Comedy;Drama;;2000000,0;6026908,0;43;1990;4026908,0;201,3;Faible (<6)
N-Secure ;tt1289419;2010;0;3,5;548;David M. Matthews;Essence Atkins;Lamman Rucker;Tempestt Bledsoe;USA;English;R;Crime;Drama;Thriller;;2592808,0;588;2010;;;Faible (<6)
Caramel ;tt0825236;2007;95;7,2;9750;Nadine Labaki;Yasmine Al Massri;Adel Karam;Nadine Labaki;France;Arabic;PG;Comedy;Drama;Romance;1300000,0;1060591,0;0;2000;-239409,0;-18,4;Bon (7-8)
Out of the Dark ;tt2872724;2014;92;4,7;2621;Lluís Quílez;Stephen Rea;Pixie Davies;Alejandro Furth;USA;English;R;Horror;Thriller;;;;844;2010;;;Faible (<6)
The Bubble ;tt0476643;2006;90;7,3;4702;Eytan Fox;Ohad Knoller;Lior Ashkenazi;Yousef 'Joe' Sweid;Israel;Hebrew;Unrated;Comedy;Drama;Romance;1500000,0;155972,0;0;2000;-1344028,0;-89,6;Bon (7-8)
The Conversation ;tt0071360;1974;113;7,9;74651;Francis Ford Coppola;Harrison Ford;Teri Garr;Cindy Williams;USA;English;PG;Drama;Mystery;Thriller;1600000,0;;6000;1970;;;Bon (7-8)
Dil Jo Bhi Kahey... ;tt0442764;2005;0;5,1;257;Romesh Sharma;Annabelle Wallis;Revathy;Bhoomika Chawla;India;English;;Romance;;;70000000,0;129319,0;9;2000;-69870681,0;-99,8;Faible (<6)
Mississippi Mermaid ;tt0064990;1969;123;7,2;4391;François Truffaut;Catherine Deneuve;Jean-Paul Belmondo;Michel Bouquet;France;French;R;Crime;Drama;Romance;1600000,0;26893,0;278;1960;-1573107,0;-98,3;Bon (7-8)
I Love Your Work ;tt0322700;2003;111;5,4;1618;Adam Goldberg;Judy Greer;Marisa Coughlan;Nicky Katt;USA;English;R;Drama;Mystery;;1650000,0;2580,0;63;2000;-1647420,0;-99,8;Faible (<6)
Cabin Fever ;tt3832096;2016;99;3,7;3313;Travis Zariwny;Dustin Ingram;Gage Golightly;Samuel Davis;USA;English;Not Rated;Horror;;;;;2000;2010;;;Faible (<6)
Waitress ;tt0473308;2007;108;7,1;37714;Adrienne Shelly;Lew Temple;Cheryl Hines;Eddie Jemison;USA;English;PG-13;Comedy;Drama;Romance;2000000,0;19067631,0;0;2000;17067631,0;853,4;Bon (7-8)
Bloodsport ;tt0092675;1988;92;6,8;57578;Newt Arnold;Bolo Yeung;Donald Gibb;Ken Siu;USA;English;R;Action;Biography;Drama;1100000,0;11806119,0;0;1980;10706119,0;973,3;Moyen (6-7)
Mr. Smith Goes to Washington ;tt0031679;1939;120;8,2;77392;Frank Capra;Claude Rains;Jean Arthur;Thomas Mitchell;USA;English;Not Rated;Comedy;Drama;;1500000,0;;0;1930;;;Excellent (8+)
Kids ;tt0113540;1995;91;7,0;59041;Larry Clark;Rosario Dawson;Leo Fitzpatrick;Justin Pierce;USA;English;;Drama;;;1500000,0;7417210,0;0;1990;5917210,0;394,5;Bon (7-8)
The Squid and the Whale ;tt0367089;2005;88;7,4;60295;Noah Baumbach;William Baldwin;Elizabeth Meriwether;Owen Kline;USA;English;R;Comedy;Drama;;1500000,0;7362100,0;0;2000;5862100,0;390,8;Bon (7-8)
Kissing Jessica Stein ;tt0264761;2001;97;6,7;14018;Charles Herman-Wurmfeld;Scott Cohen;Jennifer Westfeldt;Brian Stepanek;USA;English;R;Comedy;Drama;Romance;1000000,0;7022940,0;682;2000;6022940,0;602,3;Moyen (6-7)
Kickboxer: Vengeance ;tt3082898;2016;90;9,1;246;John Stockwell;Matthew Ziff;T.J. Storm;Sam Medina;USA;;;Action;;;17000000,0;;0;2010;;;Excellent (8+)
Spellbound ;tt0038109;1945;95;7,6;32927;Alfred Hitchcock;Norman Lloyd;Rhonda Fleming;Leo G. Carroll;USA;English;Unrated;Film-Noir;Mystery;Romance;1696377,0;;0;1940;;;Bon (7-8)
Exotica ;tt0109759;1994;103;7,2;14112;Atom Egoyan;Bruce Greenwood;Mia Kirshner;Sarah Polley;Canada;English;R;Drama;Mystery;Romance;2000000,0;5132222,0;619;1990;3132222,0;156,6;Bon (7-8)
Buffalo '66 ;tt0118789;1998;110;7,5;36657;Vincent Gallo;Anjelica Huston;Vincent Gallo;Jan-Michael Vincent;USA;English;R;Comedy;Crime;Drama;1500000,0;2365931,0;0;1990;865931,0;57,7;Bon (7-8)
Insidious ;tt1591095;2010;103;6,8;202800;James Wan;Lin Shaye;Barbara Hershey;Philip Friedman;USA;English;PG-13;Fantasy;Horror;Mystery;1500000,0;53991137,0;60000;2010;52491137,0;3499,4;Moyen (6-7)
Repo Man ;tt0087995;1984;92;6,9;25332;Alex Cox;Del Zamora;Tracey Walter;Miguel Sandoval;USA;English;R;Comedy;Crime;Sci-Fi;1500000,0;;0;1980;;;Moyen (6-7)
Nine Queens ;tt0247586;2000;114;7,9;38215;Fabián Bielinsky;Ricardo Darín;Gastón Pauls;Leticia Brédice;Argentina;Spanish;R;Crime;Drama;Thriller;1500000,0;1221261,0;0;2000;-278739,0;-18,6;Bon (7-8)
The Gatekeepers ;tt2309788;2012;101;7,6;4547;Dror Moreh;Ami Ayalon;Yuval Diskin;Yaakov Peri;Israel;Hebrew;PG-13;Documentary;War;;;2408553,0;0;2010;;;Bon (7-8)
The Ballad of Jack and Rose ;tt0357110;2005;112;6,7;9408;Rebecca Miller;Beau Bridges;Susanna Thompson;Ryan McDonald;USA;English;R;Drama;;;1500000,0;712294,0;608;2000;-787706,0;-52,5;Moyen (6-7)
The To Do List ;tt1758795;2013;104;5,8;29517;Maggie Carey;Donald Glover;Alia Shawkat;Scott Porter;USA;English;R;Comedy;Romance;;1500000,0;3447339,0;0;2010;1947339,0;129,8;Faible (<6)
Killing Zoe ;tt0110265;1993;99;6,5;17322;Roger Avary;Eric Stoltz;Salvator Xuereb;Jean-Hugues Anglade;France;English;R;Crime;Drama;Thriller;1500000,0;418953,0;853;1990;-1081047,0;-72,1;Moyen (6-7)
The Believer ;tt0247199;2001;98;7,2;30314;Henry Bean;Ryan Gosling;Theresa Russell;Summer Phoenix;USA;English;R;Drama;;;1500000,0;406035,0;0;2000;-1093965,0;-72,9;Bon (7-8)
Snow Angels ;tt0453548;2007;107;6,9;10896;David Gordon Green;Michael Angarano;Connor Paolo;Tom Noonan;USA;English;R;Drama;Romance;;;402820,0;415;2000;;;Moyen (6-7)
Unsullied ;tt3139764;2014;93;5,5;95;Simeon Rice;Ward G. Smith;Lisa Brave;Malone Thomas;USA;English;R;Action;Horror;Thriller;1500000,0;;307;2010;;;Faible (<6)
Session 9 ;tt0261983;2001;100;6,5;43839;Brad Anderson;Paul Guilfoyle;Brendan Sexton III;Larry Fessenden;USA;English;R;Horror;Mystery;;1500000,0;373967,0;0;2000;-1126033,0;-75,1;Moyen (6-7)
I Want Someone to Eat Cheese With ;tt0391229;2006;80;6,2;2963;Jeff Garlin;Jessy Schram;Jeff Garlin;Joey Slotnick;USA;English;R;Comedy;Romance;;1500000,0;194568,0;0;2000;-1305432,0;-87,0;Moyen (6-7)
Mooz-Lum ;tt1450328;2010;94;6,7;919;Qasim Basir;Dorian Missick;Nia Long;Evan Ross;USA;English;PG-13;Drama;Family;;;;0;2010;;;Moyen (6-7)
Hatchet ;tt0422401;2006;93;5,7;23349;Adam Green;Joel David Moore;Kane Hodder;Joel Murray;USA;English;R;Comedy;Horror;;1500000,0;;0;2000;;;Faible (<6)
Modern Times ;tt0027977;1936;87;8,6;143086;Charles Chaplin;Paulette Goddard;Stanley Blystone;Fred Malatesta;USA;English;G;Comedy;Drama;Family;1500000,0;163245,0;0;1930;-1336755,0;-89,1;Excellent (8+)
Stolen Summer ;tt0286162;2002;91;6,5;2419;Pete Jones;Brian Dennehy;Aidan Quinn;Bonnie Hunt;USA;English;PG;Drama;;;1500000,0;119841,0;304;2000;-1380159,0;-92,0;Moyen (6-7)
My Name Is Bruce ;tt0489235;2007;84;6,3;21379;Bruce Campbell;Ted Raimi;Dan Hicks;Timothy Patrick Quill;USA;English;R;Comedy;Fantasy;;1500000,0;173066,0;0;2000;-1326934,0;-88,5;Moyen (6-7)
The Salon ;tt0436742;2005;90;4,3;444;Mark Brown;Vivica A. Fox;Monica Calhoun;Garrett Morris;USA;English;PG-13;Comedy;Drama;;1500000,0;92362,0;68;2000;-1407638,0;-93,8;Faible (<6)
Road Hard ;tt3110770;2015;98;6,1;1351;Adam Carolla;Jay Mohr;Jim O'Heir;David Alan Grier;USA;English;;Comedy;;;1500000,0;105943,0;212;2010;-1394057,0;-92,9;Moyen (6-7)
Forty Shades of Blue ;tt0395543;2005;108;6,0;1134;Ira Sachs;Rip Torn;Jenny O'Hara;Darren E. Burrows;USA;English;R;Drama;Music;Romance;1500000,0;;216;2000;;;Moyen (6-7)
Amigo ;tt1562847;2010;124;5,8;463;John Sayles;Brian Lee Franklin;John Arcilla;Ronnie Lazaro;USA;English;R;Drama;War;;1700000,0;183490,0;594;2010;-1516510,0;-89,2;Faible (<6)
Pontypool ;tt1226681;2008;95;6,7;22212;Bruce McDonald;Stephen McHattie;Georgina Reilly;Boyd Banks;Canada;English;Not Rated;Fantasy;Horror;;1500000,0;3478,0;0;2000;-1496522,0;-99,8;Moyen (6-7)
Trucker ;tt1087527;2008;90;6,7;2792;James Mottern;Jimmy Bennett;Joey Lauren Adams;Matthew Lawrence;USA;English;R;Drama;;;2000000,0;52166,0;371;2000;-1947834,0;-97,4;Moyen (6-7)
Me You and Five Bucks ;tt2265431;2015;93;7,6;7;Jaime Zevallos;Angela Sarafyan;Jaime Zevallos;Michael Elian;USA;English;;Comedy;Drama;Romance;1500000,0;;132;2010;;;Bon (7-8)
The Lords of Salem ;tt1731697;2012;101;5,1;20376;Rob Zombie;Sid Haig;Dee Wallace;Michael Berryman;USA;English;R;Drama;Fantasy;Horror;2500000,0;1163508,0;15000;2010;-1336492,0;-53,5;Faible (<6)
Housebound ;tt3504048;2014;107;6,8;23323;Gerard Johnstone;Morgana O'Reilly;Bruce Hopkins;Cameron Rhodes;New Zealand;English;Not Rated;Comedy;Horror;Mystery;350000,0;;10000;2010;;;Moyen (6-7)
Wal-Mart: The High Cost of Low Price ;tt0473107;2005;20;6,8;4120;Robert Greenwald;Lee Scott;Jon Hunter;Matt Hunter;USA;English;Not Rated;Documentary;;;1500000,0;;0;2000;;;Moyen (6-7)
Fetching Cody ;tt0475271;2005;87;6,8;1232;David Ray;Nicole Muñoz;Sarah Lind;Kyla Wise;Canada;English;;Drama;Fantasy;Romance;1500000,0;;193;2000;;;Moyen (6-7)
Once Upon a Time in Queens ;tt1639397;2013;98;6,3;291;Dave Rodriguez;Chazz Palminteri;Michael Rapaport;Paul Sorvino;USA;English;R;Comedy;Drama;;1500000,0;;283;2010;;;Moyen (6-7)
Closer to the Moon ;tt2017486;2014;112;7,1;2841;Nae Caranfil;Monica Barladeanu;Joe Armstrong;Martin Hancock;Romania;English;Not Rated;Comedy;Drama;;5000000,0;;0;2010;;;Bon (7-8)
Mutant World ;tt3626436;2014;82;2,8;459;David Winning;Ashanti;Amber Marshall;John DeSantis;Canada;English;;Sci-Fi;;;1500000,0;;236;2010;;;Faible (<6)
Growing Up Smith ;tt1105355;2015;102;8,2;108;Frank Lotito;Brighton Sharbino;Jake Busey;Tim Guinee;USA;English;PG-13;Comedy;Drama;Family;2000000,0;;232;2010;;;Excellent (8+)
Checkmate ;tt3781616;2015;97;3,1;735;Timothy Woodward Jr.;Katrina Law;Johnny Messner;Michael Paré;USA;English;;Action;Crime;Thriller;1500000,0;;402;2010;;;Faible (<6)
#Horror ;tt3526286;2015;101;3,3;1547;Tara Subkoff;Timothy Hutton;Balthazar Getty;Lydia Hearst;USA;English;Not Rated;Drama;Horror;Mystery;1500000,0;;750;2010;;;Faible (<6)
Wind Walkers ;tt1236254;2015;93;3,6;133;Russell Friedenberg;Rudy Youngblood;Glen Powell;Kiowa Gordon;USA;English;R;Action;Horror;Thriller;2000000,0;;135;2010;;;Faible (<6)
Snow White and the Seven Dwarfs ;tt0029583;1937;83;7,7;133348;William Cottrell;Adriana Caselotti;Billy Gilbert;Lucille La Verne;USA;English;Approved;Animation;Family;Fantasy;2000000,0;184925485,0;0;1930;182925485,0;9146,3;Bon (7-8)
The Holy Girl ;tt0300270;2004;106;6,7;2720;Lucrecia Martel;Mía Maestro;Mercedes Morán;María Alche;Argentina;Spanish;R;Drama;;;1400000,0;304124,0;57;2000;-1095876,0;-78,3;Moyen (6-7)
Shalako ;tt0063592;1968;113;5,5;1978;Edward Dmytryk;Brigitte Bardot;Woody Strode;Honor Blackman;UK;English;PG;Western;;;1455000,0;;209;1960;;;Faible (<6)
Incident at Loch Ness ;tt0374639;2004;94;6,6;3291;Zak Penn;Zak Penn;Gabriel Beristain;John Bailey;UK;English;PG-13;Adventure;Comedy;Horror;1400000,0;36830,0;400;2000;-1363170,0;-97,4;Moyen (6-7)
The Dog Lover ;tt4063178;2016;101;4,8;162;Alex Ranarivelo;Lea Thompson;Christina Moore;Cullen Douglas;USA;English;PG;Drama;;;2000000,0;;724;2010;;;Faible (<6)
Girl House ;tt2577172;2014;99;5,5;4948;Jon Knautz;Camren Bicondova;Adam DiMarco;Chasty Ballesteros;Canada;English;;Horror;Thriller;;3150000,0;;969;2010;;;Faible (<6)
The Blue Room ;tt3230082;2014;76;6,3;2082;Mathieu Amalric;Mathieu Amalric;Léa Drucker;Laurent Poitrenaux;France;French;R;Crime;Romance;Thriller;;231186,0;389;2010;;;Moyen (6-7)
House at the End of the Drive ;tt0464054;2014;91;6,9;330;David Worth;Jessica Szohr;Jonathan Mangum;Angela Jones;USA;English;R;Horror;Thriller;;1400000,0;;223;2010;;;Moyen (6-7)
Batman: The Movie ;tt0060153;1966;105;6,5;22975;Leslie H. Martinson;Burgess Meredith;Cesar Romero;Burt Ward;USA;English;Approved;Adventure;Comedy;Family;1377800,0;;0;1960;;;Moyen (6-7)
Lock, Stock and Two Smoking Barrels ;tt0120735;1998;120;8,2;414976;Guy Ritchie;Jason Statham;Jason Flemyng;Dexter Fletcher;UK;English;R;Comedy;Crime;;960000,0;3650677,0;21000;1990;2690677,0;280,3;Excellent (8+)
The Ballad of Gregorio Cortez ;tt3551840;1982;105;7,1;39;Robert M. Young;Barry Corbin;Bruce McGill;Ned Beatty;USA;English;;Western;;;1250000,0;;32;1980;;;Bon (7-8)
The Celebration ;tt0154420;1998;105;8,1;65951;Thomas Vinterberg;Ulrich Thomsen;Paprika Steen;Trine Dyrholm;Denmark;Danish;R;Drama;;;1300000,0;1647780,0;5000;1990;347780,0;26,8;Excellent (8+)
Trees Lounge ;tt0117958;1996;95;7,2;11369;Steve Buscemi;Steve Buscemi;Debi Mazar;Carol Kane;USA;English;R;Comedy;Drama;;1300000,0;695229,0;872;1990;-604771,0;-46,5;Bon (7-8)
Journey from the Fall ;tt0433398;2006;135;7,4;775;Ham Tran;Long Nguyen;Kieu Chinh;Cat Ly;USA;Vietnamese;R;Drama;;;1592000,0;638951,0;100;2000;-953049,0;-59,9;Bon (7-8)
The Basket ;tt0190255;1999;105;6,5;449;Rich Cowan;Eric Dane;Karen Allen;Peter Coyote;USA;English;PG;Drama;;;1300000,0;609042,0;117;1990;-690958,0;-53,2;Moyen (6-7)
Eddie: The Sleepwalking Cannibal ;tt1480658;2012;83;5,7;1231;Boris Rodriguez;Stephen McHattie;Thure Lindhardt;Georgina Reilly;Canada;English;Not Rated;Comedy;Horror;;1500000,0;1521,0;932;2010;-1498479,0;-99,9;Faible (<6)
Queen of the Mountains ;tt2640460;2014;135;8,7;3144;Sadyk Sher-Niyaz;Elina Abai Kyzy;Aziz Muradillayev;Mirlan Abdulayev;Kyrgyzstan;English;PG-13;Action;Biography;Drama;1400000,0;;0;2010;;;Excellent (8+)
Def-Con 4 ;tt0087130;1985;88;4,3;1339;Paul Donovan;Maury Chaykin;Lenore Zann;Tim Choate;Canada;English;R;Action;Sci-Fi;;1750000,0;;220;1980;;;Faible (<6)
The Hebrew Hammer ;tt0317640;2003;87;6,2;4182;Jonathan Kesselman;Judy Greer;Adam Goldberg;Tony Cox;USA;English;R;Comedy;;;1000000,0;19539,0;3000;2000;-980461,0;-98,0;Moyen (6-7)
Neal 'N' Nikki ;tt0470869;2005;97;3,3;1167;Arjun Sablok;Abhishek Bachchan;Uday Chopra;Samantha McLeod;India;English;;Comedy;Musical;Romance;1500000,0;100358,0;66;2000;-1399642,0;-93,3;Faible (<6)
The 41-Year-Old Virgin Who Knocked Up Sarah Marshall and Felt Superbad About It ;tt1498870;2010;82;2,7;5579;Craig Moss;Noureen DeWulf;Bryan Callen;Matt Crabtree;USA;English;R;Comedy;;;1300000,0;;0;2010;;;Faible (<6)
Forget Me Not ;tt1147684;2009;103;5,2;4866;Tyler Oliver;Bella Thorne;Chloe Bridges;Christopher Atkins;USA;English;R;Horror;Romance;Thriller;1300000,0;;969;2000;;;Faible (<6)
Rebecca ;tt0032976;1940;130;8,2;87424;Alfred Hitchcock;Laurence Olivier;Joan Fontaine;George Sanders;USA;English;Not Rated;Drama;Film-Noir;Mystery;1288000,0;;0;1940;;;Excellent (8+)
Friday the 13th Part 2 ;tt0082418;1981;87;6,1;39690;Steve Miner;Betsy Palmer;Adrienne King;Amy Steel;USA;English;R;Horror;Mystery;Thriller;1250000,0;19100000,0;0;1980;17850000,0;1428,0;Moyen (6-7)
The Lost Weekend ;tt0037884;1945;101;8,0;24959;Billy Wilder;Ray Milland;Jane Wyman;Frank Faylen;USA;English;Not Rated;Drama;Film-Noir;;1250000,0;;0;1940;;;Excellent (8+)
C.H.U.D. ;tt0087015;1984;96;5,5;7528;Douglas Cheek;Daniel Stern;John Heard;Sam McMurray;USA;English;R;Horror;Sci-Fi;;1250000,0;;0;1980;;;Faible (<6)
Filly Brown ;tt1869425;2012;80;5,7;910;Youssef Delara;Noel Gugliemi;Jenni Rivera;Jorge Diaz;USA;English;R;Drama;Music;;427000,0;2833383,0;0;2010;2406383,0;563,6;Faible (<6)
The Lion of Judah ;tt1212022;2011;87;3,7;458;Deryck Broom;Vic Mignogna;Omar Benson Miller;Anupam Kher;USA;English;PG;Animation;;;15000000,0;;381;2010;;;Faible (<6)
Niagara ;tt0046126;1953;92;7,1;11047;Henry Hathaway;Joseph Cotten;Jean Peters;Will Wright;USA;English;Approved;Crime;Film-Noir;Thriller;1250000,0;;1000;1950;;;Bon (7-8)
How Green Was My Valley ;tt0033729;1941;118;7,8;15840;John Ford;Roddy McDowall;Walter Pidgeon;Barry Fitzgerald;USA;English;Approved;Drama;Family;;1250000,0;;0;1940;;;Bon (7-8)
Da Sweet Blood of Jesus ;tt3104930;2014;123;4,1;794;Spike Lee;Rami Malek;Elvis Nolasco;Felicia Pearson;USA;English;;Comedy;Romance;Thriller;1420000,0;;447;2010;;;Faible (<6)
Sex, Lies, and Videotape ;tt0098724;1989;100;7,2;37785;Steven Soderbergh;Peter Gallagher;Laura San Giacomo;Steven Brill;USA;English;R;Drama;;;1200000,0;24741700,0;2000;1980;23541700,0;1961,8;Bon (7-8)
Saw ;tt0387564;2004;103;7,7;299127;James Wan;Michael Emerson;Monica Potter;Shawnee Smith;USA;English;R;Horror;Mystery;Thriller;1200000,0;55153403,0;0;2000;53953403,0;4496,1;Bon (7-8)
Super Troopers ;tt0247745;2001;100;7,1;76151;Jay Chandrasekhar;Geoffrey Arend;Daniel von Bargen;Jay Chandrasekhar;USA;English;R;Comedy;Crime;Mystery;1200000,0;18488314,0;0;2000;17288314,0;1440,7;Bon (7-8)
The Algerian ;tt1681370;2014;99;7,6;101;Giovanni Zelko;Zuhair Haddad;Harry Lennix;Ben Youcef;USA;English;;Action;Romance;Thriller;1300000,0;;221;2010;;;Bon (7-8)
The Amazing Catfish ;tt2414046;2013;89;7,0;1229;Claudia Sainte-Luce;Ximena Ayala;Vera Wilson;José Manuel Orozco Angulo;Mexico;Spanish;;Comedy;Drama;;1300000,0;11278,0;407;2010;-1288722,0;-99,1;Bon (7-8)
Monsoon Wedding ;tt0265343;2001;114;7,4;19397;Mira Nair;Naseeruddin Shah;Randeep Hooda;Lillete Dubey;India;Hindi;R;Comedy;Drama;Romance;7000000,0;13876974,0;0;2000;6876974,0;98,2;Bon (7-8)
You Can Count on Me ;tt0203230;2000;111;7,7;22145;Kenneth Lonergan;Matthew Broderick;Rory Culkin;Gaby Hoffmann;USA;English;R;Drama;;;1200000,0;9180275,0;756;2000;7980275,0;665,0;Bon (7-8)
The Trouble with Harry ;tt0048750;1955;99;7,2;24891;Alfred Hitchcock;Jerry Mathers;John Forsythe;Royal Dano;USA;English;Approved;Comedy;Mystery;Romance;1200000,0;;0;1950;;;Bon (7-8)
But I'm a Cheerleader ;tt0179116;1999;85;6,6;19986;Jamie Babbit;Natasha Lyonne;Clea DuVall;Eddie Cibrian;USA;English;R;Comedy;Drama;;1200000,0;2199853,0;0;1990;999853,0;83,3;Moyen (6-7)
Home Run ;tt2051894;2013;113;6,0;2417;David Boyd;Vivica A. Fox;Drew Waters;Scott Elrod;USA;English;PG-13;Drama;Sport;;1200000,0;2859955,0;0;2010;1659955,0;138,3;Moyen (6-7)
Reservoir Dogs ;tt0105236;1992;99;8,4;664719;Quentin Tarantino;Quentin Tarantino;Steve Buscemi;Chris Penn;USA;English;R;Crime;Drama;Thriller;1200000,0;2812029,0;19000;1990;1612029,0;134,3;Excellent (8+)
The Blue Bird ;tt0032264;1940;83;6,5;1047;Walter Lang;Spring Byington;Nigel Bruce;Gale Sondergaard;USA;English;Approved;Drama;Family;Fantasy;;;548;1940;;;Moyen (6-7)
The Good, the Bad and the Ugly ;tt0060196;1966;142;8,9;503509;Sergio Leone;Clint Eastwood;Luigi Pistilli;Enzo Petito;Italy;Italian;Approved;Western;;;1200000,0;6100000,0;20000;1960;4900000,0;408,3;Excellent (8+)
The Second Mother ;tt3742378;2015;112;7,9;7025;Anna Muylaert;Alex Huszar;Regina Casé;Luis Miranda;Brazil;Portuguese;R;Comedy;Drama;;4000000,0;375723,0;0;2010;-3624277,0;-90,6;Bon (7-8)
Blue Like Jazz ;tt1758575;2012;108;6,0;2582;Steve Taylor;Jason Marsden;Marshall Allman;Eric Lange;USA;English;PG-13;Comedy;Drama;;1200000,0;594904,0;0;2010;-605096,0;-50,4;Moyen (6-7)
Down and Out with the Dolls ;tt0283323;2001;88;6,1;91;Kurt Voss;Lemmy;Coyote Shivers;Zoë Poledouris;USA;English;R;Comedy;Music;;1200000,0;58936,0;27;2000;-1141064,0;-95,1;Moyen (6-7)
Pink Ribbons, Inc. ;tt2035599;2011;97;7,4;591;Léa Pool;;;;Canada;English;Not Rated;Documentary;;;1200000,0;24784,0;5000;2010;-1175216,0;-97,9;Bon (7-8)
Certifiably Jonathan ;tt0976025;2007;85;6,2;132;James David Pasternak;Robin Williams;Sarah Silverman;Jonathan Winters;USA;English;;Comedy;Documentary;;1200000,0;7826,0;87;2000;-1192174,0;-99,3;Moyen (6-7)
Q ;tt1879030;2011;103;5,6;4068;Laurent Bouhnik;Déborah Révy;Johnny Amaro;Yassine Azzouz;France;French;;Drama;;;1500000,0;;754;2010;;;Faible (<6)
The Knife of Don Juan ;tt1349485;2013;110;7,2;27;Tom Sanchez;Nataniel Sánchez;Antonio Arrué;Juan Carlos Montoya;USA;Spanish;;Comedy;Drama;;1200000,0;3830,0;75;2010;-1196170,0;-99,7;Bon (7-8)
Grand Theft Parsons ;tt0338075;2003;88;6,1;2953;David Caffrey;Marley Shelton;Scott Adsit;Jim Cody Williams;USA;English;PG-13;Adventure;Comedy;Drama;;;480;2000;;;Moyen (6-7)
Extreme Movie ;tt0806147;2008;76;3,8;9560;Adam Jay Epstein;Rich Ceraulo;Denise Boutte;Vanessa Lee Chester;USA;English;R;Comedy;;;;;636;2000;;;Faible (<6)
The Charge of the Light Brigade ;tt0027438;1936;100;7,1;3418;Michael Curtiz;Errol Flynn;David Niven;Spring Byington;USA;English;Approved;Action;Adventure;Romance;1200000,0;;204;1930;;;Bon (7-8)
Below Zero ;tt1641388;2011;99;4,5;652;Justin Thomas Ostensen;Michael Berryman;Kristin Booth;Michael Eisner;Canada;English;R;Thriller;;;1200000,0;;161;2010;;;Faible (<6)
Crowsnest ;tt2180333;2012;84;3,8;1321;Brenton Spencer;Christie Burke;Victor Zinck Jr.;Chelsey Reist;Canada;English;R;Action;Horror;Mystery;1200000,0;;238;2010;;;Faible (<6)
Airborne ;tt0106233;1993;91;6,2;5061;Rob Bowman;Alanna Ubach;Jacob Vargas;Brittney Powell;USA;English;PG;Adventure;Comedy;Sport;2600000,0;2850263,0;0;1990;250263,0;9,6;Moyen (6-7)
Cotton Comes to Harlem ;tt0065579;1970;97;6,6;1172;Ossie Davis;Redd Foxx;Cleavon Little;Calvin Lockhart;USA;English;R;Action;Comedy;;1200000,0;;477;1970;;;Moyen (6-7)
The Wicked Within ;tt1943014;2015;84;4,6;742;Jay Alaimo;William McNamara;Sabrina Carmichael;Patrick Muldoon;USA;English;R;Horror;;;1200000,0;;479;2010;;;Faible (<6)
Bleeding Hearts ;tt2622294;2015;100;4,2;71;Dylan Bank;Seregon O'Dassey;Deirdre Lorenz;Dustin Diamond;USA;English;;Horror;;;1200000,0;;242;2010;;;Faible (<6)
Waiting... ;tt0348333;2005;94;6,8;76467;Rob McKittrick;Ryan Reynolds;Dane Cook;Vanessa Lengies;USA;English;R;Comedy;;;3000000,0;16101109,0;0;2000;13101109,0;436,7;Moyen (6-7)
Dead Man's Shoes ;tt0419677;2004;90;7,7;39929;Shane Meadows;Paddy Considine;Gary Stretch;George Newton;UK;English;;Crime;Drama;Thriller;695393,0;6013,0;0;2000;-689380,0;-99,1;Bon (7-8)
From a Whisper to a Scream ;tt0091671;1987;92;5,9;1324;Jeff Burr;Terry Kiser;Clu Gulager;Susan Tyrrell;USA;English;R;Action;Drama;Horror;1100000,0;1400000,0;241;1980;300000,0;27,3;Faible (<6)
Sex with Strangers ;tt0304692;2002;105;4,7;285;Harry Gantz;;;;USA;English;;Documentary;Drama;;;247740,0;51;2000;;;Faible (<6)
Dracula: Pages from a Virgin's Diary ;tt0293113;2002;73;7,0;1555;Guy Maddin;Sarah Murphy-Dyson;CindyMarie Small;Brent Neale;Canada;English;;Comedy;Horror;Musical;1600000,0;39659,0;131;2000;-1560341,0;-97,5;Bon (7-8)
Faith Like Potatoes ;tt0850667;2006;116;6,9;2050;Regardt van den Bergh;Sean Cameron Michael;Frank Rautenbach;Jeanne Neilson;South Africa;Zulu;PG;Drama;;;10000000,0;;0;2000;;;Moyen (6-7)
Beyond the Black Rainbow ;tt1534085;2010;110;6,1;6555;Panos Cosmatos;Chris Gauthier;Marilyn Norry;Eva Bourne;Canada;English;R;Sci-Fi;Thriller;;1100000,0;56129,0;0;2010;-1043871,0;-94,9;Moyen (6-7)
The Raid: Redemption ;tt1899353;2011;102;7,6;148221;Gareth Evans;Iko Uwais;Yayan Ruhian;Donny Alamsyah;Indonesia;Indonesian;R;Action;Crime;Thriller;1100000,0;4105123,0;51000;2010;3005123,0;273,2;Bon (7-8)
The Dead Undead ;tt0923653;2010;89;3,0;737;Matthew R. Anderson;Johnny Pacar;Vernon Wells;Matthew R. Anderson;USA;English;R;Action;Horror;Sci-Fi;1100000,0;;444;2010;;;Faible (<6)
The Vatican Exorcisms ;tt3043194;2013;76;2,6;332;Joe Marino;Piero Maggiò;Anella Vastola;Joe Marino;Italy;English;R;Horror;;;1100000,0;;200;2010;;;Faible (<6)
Casablanca ;tt0034583;1942;82;8,6;387508;Michael Curtiz;Humphrey Bogart;Claude Rains;Conrad Veidt;USA;English;PG;Drama;Romance;War;950000,0;;23000;1940;;;Excellent (8+)
Lake Mungo ;tt0816556;2008;89;6,1;9465;Joel Anderson;Talia Zucker;Rosie Traynor;Martin Sharpe;Australia;English;R;Drama;Horror;Mystery;1400000,0;;0;2000;;;Moyen (6-7)
Rocket Singh: Salesman of the Year ;tt1434447;2009;150;7,5;11010;Shimit Amin;Ranbir Kapoor;Shazahn Padamsee;Gauhar Khan;India;Hindi;;Comedy;Drama;;;;773;2000;;;Bon (7-8)
Silent Running ;tt0067756;1972;89;6,7;20678;Douglas Trumbull;Bruce Dern;Ron Rifkin;Jesse Vint;USA;English;GP;Drama;Sci-Fi;;1000000,0;;0;1970;;;Moyen (6-7)
Rocky ;tt0075148;1976;145;8,1;375240;John G. Avildsen;Sylvester Stallone;Burgess Meredith;Carl Weathers;USA;English;PG;Drama;Sport;;960000,0;117235247,0;0;1970;116275247,0;12112,0;Excellent (8+)
The Sleepwalker ;tt2723576;2014;91;4,9;512;Mona Fastvold;Christopher Abbott;Brady Corbet;Gitte Witt;Norway;English;Not Rated;Drama;;;1100000,0;;234;2010;;;Faible (<6)
Tom Jones ;tt0057590;1963;121;6,8;8508;Tony Richardson;Albert Finney;Susannah York;Hugh Griffith;UK;English;Unrated;Adventure;Comedy;History;1000000,0;;328;1960;;;Moyen (6-7)
Unfriended ;tt3713166;2014;83;5,7;44329;Levan Gabriadze;Shelley Hennig;Renee Olstead;Heather Sossaman;USA;English;R;Horror;Mystery;Thriller;1000000,0;31537320,0;13000;2010;30537320,0;3053,7;Faible (<6)
Taxi Driver ;tt0075314;1976;110;8,3;507063;Martin Scorsese;Robert De Niro;Albert Brooks;Peter Boyle;USA;English;R;Crime;Drama;;1300000,0;;35000;1970;;;Excellent (8+)
The Howling ;tt0082533;1981;91;6,6;22773;Joe Dante;Patrick Macnee;Robert Picardo;Dee Wallace;USA;English;R;Horror;;;1000000,0;17986000,0;0;1980;16986000,0;1698,6;Moyen (6-7)
Dr. No ;tt0055928;1962;110;7,3;116642;Terence Young;Ursula Andress;Jack Lord;Lois Maxwell;UK;English;Approved;Action;Adventure;Thriller;1100000,0;16067035,0;5000;1960;14967035,0;1360,6;Bon (7-8)
Chernobyl Diaries ;tt1991245;2012;86;5,0;52642;Bradley Parker;Jesse McCartney;Ingrid Bolsø Berdal;Jonathan Sadowski;USA;English;R;Horror;Mystery;Sci-Fi;1000000,0;18112929,0;24000;2010;17112929,0;1711,3;Faible (<6)
Hellraiser ;tt0093177;1987;86;7,0;76407;Clive Barker;Andrew Robinson;Ashley Laurence;Clare Higgins;UK;English;R;Fantasy;Horror;;1000000,0;14564027,0;0;1980;13564027,0;1356,4;Bon (7-8)
God's Not Dead 2 ;tt4824308;2016;120;3,4;4501;Harold Cronk;Benjamin A. Onyango;Robin Givens;Maria Canals-Barrera;USA;English;PG;Drama;;;5000000,0;20773070,0;0;2010;15773070,0;315,5;Faible (<6)
Cry_Wolf ;tt0384286;2005;90;5,9;23021;Jeff Wadlow;Julian Morris;Gary Cole;Lindy Booth;USA;English;PG-13;Drama;Horror;Mystery;1000000,0;10042266,0;816;2000;9042266,0;904,2;Faible (<6)
Godzilla 2000 ;tt0188640;1999;99;6,0;5442;Takao Okawara;Hiroshi Abe;Naomi Nishida;Sakae Kimura;Japan;Japanese;PG;Action;Adventure;Drama;1000000000,0;10037390,0;339;1990;-989962610,0;-99,0;Moyen (6-7)
Blue Valentine ;tt1120985;2010;112;7,4;141425;Derek Cianfrance;Ryan Gosling;Mike Vogel;John Doman;USA;English;R;Drama;Romance;;3500000,0;9701559,0;25000;2010;6201559,0;177,2;Bon (7-8)
Transamerica ;tt0407265;2005;103;7,4;36321;Duncan Tucker;Kevin Zegers;Felicity Huffman;Paul Borghese;USA;English;R;Adventure;Comedy;Drama;1000000,0;9013113,0;0;2000;8013113,0;801,3;Bon (7-8)
The Devil Inside ;tt1560985;2012;83;4,2;30570;William Brent Bell;Fernanda Andrade;Claudiu Trandafir;Brian Johnson;USA;English;R;Horror;;;1000000,0;53245055,0;12000;2010;52245055,0;5224,5;Faible (<6)
Beyond the Valley of the Dolls ;tt0065466;1970;109;6,2;7584;Russ Meyer;Charles Napier;Cynthia Myers;Harrison Page;USA;English;X;Comedy;Drama;Music;900000,0;9000000,0;0;1970;8100000,0;900,0;Moyen (6-7)
Love Me Tender ;tt0049452;1956;89;6,2;2636;Robert D. Webb;James Drury;Neville Brand;Debra Paget;USA;English;;Drama;Romance;Western;1000000,0;;365;1950;;;Moyen (6-7)
An Inconvenient Truth ;tt0497116;2006;96;7,5;67654;Davis Guggenheim;Billy West;Al Gore;;USA;English;PG;Documentary;;;;23808111,0;0;2000;;;Bon (7-8)
Sands of Iwo Jima ;tt0041841;1949;109;7,2;7346;Allan Dwan;James Brown;Richard Jaeckel;Forrest Tucker;USA;English;Approved;Action;Drama;Romance;1000000,0;;624;1940;;;Bon (7-8)
Shine a Light ;tt0893382;2008;122;7,2;9638;Martin Scorsese;Mick Jagger;Keith Richards;Albert Maysles;USA;English;PG-13;Biography;Documentary;Music;;5355376,0;0;2000;;;Bon (7-8)
The Green Inferno ;tt2403021;2013;100;5,4;21468;Eli Roth;Daryl Sabara;Richard Burgi;Magda Apanowicz;USA;English;R;Adventure;Horror;;6000000,0;7186670,0;12000;2010;1186670,0;19,8;Faible (<6)
Departure ;tt2248739;2015;109;7,0;162;Andrew Steggall;Juliet Stevenson;Alex Lawther;Niamh Cusack;UK;English;;Drama;Family;Romance;1100000,0;;75;2010;;;Bon (7-8)
The Sessions ;tt1866249;2012;95;7,2;36381;Ben Lewin;W. Earl Brown;Adam Arkin;Rhea Perlman;USA;English;R;Biography;Comedy;Drama;1000000,0;5997134,0;11000;2010;4997134,0;499,7;Bon (7-8)
Food, Inc. ;tt1286537;2008;94;7,9;42389;Robert Kenner;Michael Pollan;Eric Schlosser;Barbara Kowalcyk;USA;English;PG;Documentary;;;;4417124,0;37000;2000;;;Bon (7-8)
October Baby ;tt1720182;2011;107;6,8;6110;Andrew Erwin;Rachel Hendrix;Robert Amaya;Jason Burkey;USA;English;PG-13;Drama;;;;5355847,0;0;2010;;;Moyen (6-7)
Next Stop Wonderland ;tt0119778;1998;104;6,7;4195;Brad Anderson;Philip Seymour Hoffman;Callie Thorne;Holland Taylor;USA;English;R;Comedy;Drama;Romance;1000000,0;3386698,0;392;1990;2386698,0;238,7;Moyen (6-7)
The Skeleton Twins ;tt1571249;2014;93;6,8;31254;Craig Johnson;Ty Burrell;Boyd Holbrook;Kathleen Rose Perkins;USA;English;R;Comedy;Drama;;;5283379,0;0;2010;;;Moyen (6-7)
Martha Marcy May Marlene ;tt1441326;2011;102;6,9;40425;Sean Durkin;Christopher Abbott;Julia Garner;Brady Corbet;USA;English;R;Drama;Mystery;Thriller;;2981638,0;0;2010;;;Moyen (6-7)
Obvious Child ;tt2910274;2014;84;6,8;16594;Gillian Robespierre;Gaby Hoffmann;Jenny Slate;Jake Lacy;USA;English;R;Comedy;Drama;;;3122616,0;0;2010;;;Moyen (6-7)
Frozen River ;tt0978759;2008;97;7,2;21746;Courtney Hunt;Charlie McDermott;Michael O'Keefe;Misty Upham;USA;English;R;Crime;Drama;;1000000,0;2508841,0;0;2000;1508841,0;150,9;Bon (7-8)
20 Feet from Stardom ;tt2396566;2013;91;7,4;9540;Morgan Neville;Sheryl Crow;Lou Adler;Merry Clayton;USA;English;PG-13;Documentary;Music;;1000000,0;4946250,0;14000;2010;3946250,0;394,6;Bon (7-8)
Two Girls and a Guy ;tt0124179;1997;84;5,6;5933;James Toback;Robert Downey Jr.;Natasha Gregson Wagner;Angel David;USA;English;R;Comedy;Drama;;1000000,0;1950218,0;387;1990;950218,0;95,0;Faible (<6)
Walking and Talking ;tt0118113;1996;86;6,8;2629;Nicole Holofcener;Kevin Corrigan;Anne Heche;Vincent Pastore;UK;English;R;Comedy;Drama;Romance;1000000,0;1277257,0;227;1990;277257,0;27,7;Moyen (6-7)
Who Killed the Electric Car? ;tt0489037;2006;92;7,7;11283;Chris Paine;Ed Begley Jr.;Phyllis Diller;Colette Divine;USA;English;PG;Documentary;;;1000000,0;1677838,0;0;2000;677838,0;67,8;Bon (7-8)
The Broken Hearts Club: A Romantic Comedy ;tt0222850;2000;94;7,0;6084;Greg Berlanti;Justin Theroux;Nia Long;Mary McCormack;USA;English;R;Comedy;Drama;Romance;1000000,0;1744858,0;671;2000;744858,0;74,5;Bon (7-8)
Bubba Ho-Tep ;tt0281686;2002;92;7,2;38893;Don Coscarelli;Daniel Roebuck;Ossie Davis;Ella Joyce;USA;English;R;Comedy;Fantasy;Mystery;1000000,0;;0;2000;;;Bon (7-8)
Slam ;tt0139615;1998;100;7,2;1976;Marc Levin;Sonja Sohn;Saul Williams;Bonz Malone;USA;English;R;Drama;;;1000000,0;982214,0;603;1990;-17786,0;-1,8;Bon (7-8)
Brigham City ;tt0268200;2001;119;7,2;983;Richard Dutcher;Wilford Brimley;Frank Gerrish;Rick Macy;USA;English;PG-13;Crime;Drama;Mystery;1000000,0;798341,0;100;2000;-201659,0;-20,2;Bon (7-8)
Fiza ;tt0248012;2000;167;6,2;2715;Khalid Mohamed;Karisma Kapoor;Manoj Bajpayee;Jaya Bhaduri;India;Hindi;;Drama;Romance;;1000000,0;610991,0;92;2000;-389009,0;-38,9;Moyen (6-7)
Orgazmo ;tt0124819;1997;92;6,2;30396;Trey Parker;Trey Parker;Dian Bachar;Matt Stone;USA;English;NC-17;Comedy;Sci-Fi;;1000000,0;582024,0;0;1990;-417976,0;-41,8;Moyen (6-7)
All the Real Girls ;tt0299458;2003;108;6,9;9233;David Gordon Green;Zooey Deschanel;Paul Schneider;Shea Whigham;USA;English;R;Drama;Romance;;2500000,0;548712,0;571;2000;-1951288,0;-78,1;Moyen (6-7)
Dream with the Fishes ;tt0119019;1997;97;7,0;1524;Finn Taylor;David Arquette;Cathy Moriarty;Kathryn Erbe;USA;English;R;Comedy;Drama;;1000000,0;464655,0;166;1990;-535345,0;-53,5;Bon (7-8)
Blue Car ;tt0290145;2002;88;6,7;3142;Karen Moncrieff;Frances Fisher;Agnes Bruckner;A.J. Buckley;USA;English;R;Drama;;;1000000,0;464126,0;115;2000;-535874,0;-53,6;Moyen (6-7)
Luminarias ;tt0160498;2000;100;3,6;505;José Luis Valenzuela;Cheech Marin;Lupe Ontiveros;Robert Beltran;USA;English;R;Comedy;Romance;;1000000,0;428535,0;24;2000;-571465,0;-57,1;Faible (<6)
Palo Alto ;tt2479800;2013;100;6,3;19752;Gia Coppola;James Franco;Nat Wolff;Olivia Crocicchia;USA;English;R;Drama;;;;750100,0;0;2010;;;Moyen (6-7)
Ajami ;tt1077262;2009;124;7,4;4999;Scandar Copti;Shahir Kabaha;Scandar Copti;Ranin Karim;Germany;Arabic;;Crime;Drama;;;621240,0;0;2000;;;Bon (7-8)
Wristcutters: A Love Story ;tt0477139;2006;88;7,4;46076;Goran Dukic;Leslie Bibb;Patrick Fugit;Chase Ellison;USA;English;R;Comedy;Drama;Fantasy;1000000,0;104077,0;11000;2000;-895923,0;-89,6;Bon (7-8)
I Origins ;tt2884206;2014;106;7,3;75633;Mike Cahill;Steven Yeun;Cara Seymour;Venida Evans;USA;English;R;Drama;Romance;Sci-Fi;;334658,0;32000;2010;;;Bon (7-8)
The Battle of Shaker Heights ;tt0357470;2003;79;6,1;3806;Efram Potelle;Shiri Appleby;Elden Henson;Kathleen Quinlan;USA;English;PG-13;Comedy;Drama;Romance;1000000,0;279282,0;150;2000;-720718,0;-72,1;Moyen (6-7)
The Act of Killing ;tt2375605;2012;96;8,2;23836;Joshua Oppenheimer;Anwar Congo;Herman Koto;Syamsul Arifin;UK;Indonesian;Not Rated;Biography;Crime;Documentary;1000000,0;484221,0;20000;2010;-515779,0;-51,6;Excellent (8+)
Taxi to the Dark Side ;tt0854678;2007;53;7,7;10564;Alex Gibney;Alex Gibney;George W. Bush;Greg D'Agostino;USA;English;R;Crime;Documentary;War;1000000,0;274661,0;0;2000;-725339,0;-72,5;Bon (7-8)
Once in a Lifetime: The Extraordinary Story of the New York Cosmos ;tt0489247;2006;97;7,3;1290;Paul Crowder;Pelé;Marv Albert;Ahmet Ertegun;UK;English;PG-13;Documentary;Sport;;1000000,0;144431,0;587;2000;-855569,0;-85,6;Bon (7-8)
Guiana 1838 ;tt0428609;2004;120;7,4;56;Rohit Jagessar;Kumar Gaurav;Rufus Graham;Aasheekaa Bathija;USA;English;Unrated;Drama;;;;227241,0;32;2000;;;Bon (7-8)
Lisa Picard Is Famous ;tt0233699;2000;90;5,7;455;Griffin Dunne;Mira Sorvino;Fisher Stevens;Melissa Gilbert;USA;English;PG-13;Comedy;Drama;;;112521,0;25;2000;;;Faible (<6)
Antarctica: A Year on Ice ;tt2361700;2013;91;7,6;2482;Anthony Powell;Josh Swanson;Tom Hamann;Anthony Powell;New Zealand;English;PG;Adventure;Biography;Documentary;1000000,0;287761,0;0;2010;-712239,0;-71,2;Bon (7-8)
A Lego Brickumentary ;tt3214286;2014;93;6,8;1220;Kief Davidson;G.W. Krauss;Brian Whitaker;Jason Bateman;Denmark;English;G;Documentary;;;1000000,0;100240,0;0;2010;-899760,0;-90,0;Moyen (6-7)
Hardflip ;tt1907639;2012;112;5,6;606;Johnny Remo;Matthew Ziff;Randy Wayne;Raquel Elizabeth Ames;USA;English;PG-13;Action;Drama;;1000000,0;96734,0;706;2010;-903266,0;-90,3;Faible (<6)
Chocolate: Deep Dark Secrets ;tt0454431;2005;160;4,8;1524;Vivek Agnihotri;Emraan Hashmi;Anil Kapoor;Sunil Shetty;India;Hindi;;Thriller;;;1500000,0;49000,0;31;2000;-1451000,0;-96,7;Faible (<6)
The House of the Devil ;tt1172994;2009;95;6,4;30160;Ti West;Lena Dunham;Greta Gerwig;Dee Wallace;USA;English;R;Horror;;;900000,0;100659,0;0;2000;-799341,0;-88,8;Moyen (6-7)
The Perfect Host ;tt1334553;2010;93;6,8;20176;Nick Tomnay;David Hyde Pierce;Clayne Crawford;Nathaniel Parker;USA;English;R;Comedy;Crime;Thriller;500000,0;48430,0;0;2010;-451570,0;-90,3;Moyen (6-7)
Safe Men ;tt0120813;1998;88;6,1;2735;John Hamburg;Harvey Fierstein;Michael Lerner;Josh Pais;USA;English;R;Comedy;Crime;;1000000,0;21210,0;157;1990;-978790,0;-97,9;Moyen (6-7)
Speedway Junky ;tt0155197;1999;105;5,2;1434;Nickolas Perry;Patrick Renna;Patsy Kensit;Adrienne Frantz;USA;English;R;Crime;Drama;Romance;1000000,0;;27;1990;;;Faible (<6)
The Last Big Thing ;tt0161743;1996;98;6,9;334;Dan Zukovic;Yul Vazquez;Louis Mustillo;James Lorinz;USA;English;R;Comedy;Drama;;;22434,0;43;1990;;;Moyen (6-7)
The Specials ;tt0181836;2000;82;6,0;1938;Craig Mazin;Judy Greer;James Gunn;Jamie Kennedy;USA;English;R;Action;Comedy;Fantasy;1000000,0;12996,0;210;2000;-987004,0;-98,7;Moyen (6-7)
16 to Life ;tt1130087;2009;89;6,3;397;Becky Smith;Will Rothhaar;Emily Baldoni;Hallee Hirsh;USA;English;;Comedy;Romance;;1000000,0;;143;2000;;;Moyen (6-7)
Alone with Her ;tt0472259;2006;78;6,1;3228;Eric Nicholas;Jordana Spiro;Ana Claudia Talancón;Jonathon Trent;USA;English;Not Rated;Crime;Drama;Thriller;1000000,0;10018,0;244;2000;-989982,0;-99,0;Moyen (6-7)
Creative Control ;tt3277624;2015;97;5,5;1048;Benjamin Dickinson;Nora Zehetner;Alexia Rasmussen;Meredith Hagner;USA;English;R;Drama;Sci-Fi;;1000000,0;62480,0;793;2010;-937520,0;-93,8;Faible (<6)
Special ;tt0479162;2006;81;6,9;4862;Hal Haberman;Michael Rapaport;Paul Blackthorne;Ian Bohen;USA;English;R;Comedy;Drama;Sci-Fi;1000000,0;6387,0;0;2000;-993613,0;-99,4;Moyen (6-7)
Sparkler ;tt0124137;1997;90;5,6;377;Darren Stein;Frances Bay;Jamie Kennedy;Veronica Cartwright;USA;English;R;Comedy;Drama;;;5494,0;17;1990;;;Faible (<6)
The Helix... Loaded ;tt0401462;2005;97;1,9;534;A. Raven Cruz;Scott Levy;Vanilla Ice;Jennifer Sky;USA;English;R;Action;Adventure;Comedy;1000000,0;;128;2000;;;Faible (<6)
In Her Line of Fire ;tt0487156;2006;88;4,1;783;Brian Trenchard-Smith;David Keith;Mariel Hemingway;Jesse Hutch;Germany;English;R;Action;Drama;;1000000,0;721,0;42;2000;-999279,0;-99,9;Faible (<6)
The Jimmy Show ;tt0271020;2001;96;5,4;480;Frank Whaley;Lynn Cohen;Frank Whaley;Heather Bucha;USA;English;R;Comedy;Drama;;1500000,0;703,0;47;2000;-1499297,0;-100,0;Faible (<6)
Heli ;tt2852376;2013;105;6,8;3499;Amat Escalante;Kenny Johnston;Andrea Vergara;Gabriel Reyes;Mexico;Spanish;Not Rated;Crime;Drama;Romance;1000000,0;;0;2010;;;Moyen (6-7)
Karachi se Lahore ;tt4590482;2015;0;7,0;876;Wajahat Rauf;Rasheed Naz;Ayesha Omar;Javed Sheikh;Pakistan;Urdu;;Comedy;Family;;1000000,0;;259;2010;;;Bon (7-8)
Loving Annabelle ;tt0323120;2006;76;6,7;9190;Katherine Brooks;Ilene Graff;Kevin McCarthy;Laura Breckenridge;USA;English;Not Rated;Drama;Romance;;1000000,0;;501;2000;;;Moyen (6-7)
Hits ;tt3145220;2014;96;5,8;1359;David Cross;Jason Ritter;Matt Walsh;Amy Sedaris;USA;English;;Comedy;Drama;;1000000,0;;903;2010;;;Faible (<6)
Jimmy and Judy ;tt0425151;2006;99;6,2;1420;Randall Rubin;Nicole Randall Johnson;A.J. Buckley;James Eckhouse;USA;English;R;Crime;Drama;Thriller;1000000,0;;138;2000;;;Moyen (6-7)
Frat Party ;tt1414361;2009;90;2,8;1612;Robert Bennett;Randy Wayne;Lauren C. Mayhew;Alicia Ziegler;USA;English;R;Comedy;;;1000000,0;;297;2000;;;Faible (<6)
The Party's Over ;tt0060816;1965;94;7,3;340;Guy Hamilton;Oliver Reed;Eddie Albert;Louise Sorel;UK;English;;Drama;;;;;32;1960;;;Bon (7-8)
Proud ;tt0393616;2004;87;5,8;275;Mary Pat Kelly;Aidan Quinn;Ossie Davis;Janet Hubert;USA;English;PG;Drama;;;1000000,0;;141;2000;;;Faible (<6)
The Poker House ;tt1014806;2008;93;6,5;3943;Lori Petty;Jennifer Lawrence;Chloë Grace Moretz;Bokeem Woodbine;USA;English;R;Drama;;;;;599;2000;;;Moyen (6-7)
Childless ;tt0867270;2008;90;6,1;33;Charlie Levi;Joe Mantegna;Barbara Hershey;Diane Venora;USA;English;R;Drama;;;1000000,0;;3;2000;;;Moyen (6-7)
ZMD: Zombies of Mass Destruction ;tt1134674;2009;89;5,1;3650;Kevin Hamedani;Russell Hodgkinson;Janette Armand;Kevin Hamedani;USA;English;R;Comedy;Horror;Sci-Fi;500000,0;;0;2000;;;Faible (<6)
Snow White: A Deadly Summer ;tt2149137;2012;83;2,2;634;David DeCoteau;Maureen McCormick;Shanley Caswell;Tim Abell;USA;English;PG-13;Horror;;;1000000,0;;150;2010;;;Faible (<6)
Hidden Away ;tt3289362;2014;96;7,2;955;Mikel Rueda;Álex Angulo;Germán Alcarazu;Joseba Ugalde;Spain;Spanish;Unrated;Drama;Romance;;;;68;2010;;;Bon (7-8)
My Last Day Without You ;tt1679248;2011;90;5,7;982;Stefan C. Schaefer;Nicole Beharie;Marlene Forte;Reg E. Cathey;USA;English;;Comedy;Drama;Romance;1000000,0;;370;2010;;;Faible (<6)
Steppin: The Movie ;tt0826751;2009;138;3,4;293;Michael Taliferro;Wesley Jonathan;Sticky Fingaz;Chrystee Pharris;USA;English;PG-13;Comedy;Music;;1000000,0;;41;2000;;;Faible (<6)
Doc Holliday's Revenge ;tt3359872;2014;84;3,8;93;David DeCoteau;William McNamara;Tom Berenger;Randy Jay Burrell;USA;English;PG-13;Western;;;1000000,0;;54;2010;;;Faible (<6)
Black Rock ;tt1930294;2012;83;4,7;6531;Katie Aselton;Katie Aselton;Anslem Richardson;Jay Paulson;USA;English;R;Horror;Thriller;;;;0;2010;;;Faible (<6)
Truth or Die ;tt1838722;2012;96;5,6;6513;Robert Heath;David Oakes;Alexander Vlahos;Jennie Jacques;UK;English;Not Rated;Horror;Mystery;;1000000,0;;968;2010;;;Faible (<6)
The Pet ;tt0825728;2006;94;3,9;425;D. Stevens;Magi Avila;Pierre Dulat;Summer Napoles;USA;English;;Drama;Thriller;;1000000,0;;91;2000;;;Faible (<6)
Bang Bang Baby ;tt2655734;2014;90;5,4;137;Jeffrey St. Jules;Boyd Banks;Chloe Rose;Kristian Bruun;Canada;English;;Drama;Musical;Sci-Fi;1000000,0;;48;2010;;;Faible (<6)
Fear Clinic ;tt2165765;2015;95;5,2;6256;Robert Hall;Angelina Armani;Kevin Gage;Fiona Dourif;USA;English;R;Horror;;;1000000,0;;936;2010;;;Faible (<6)
Zombie Hunter ;tt2446502;2013;93;3,5;2057;K. King;Jason K. Wixom;Shona Kay;Jarrod Phillips;USA;English;Not Rated;Action;Comedy;Horror;1000000,0;;0;2010;;;Faible (<6)
A Fine Step ;tt1604100;2014;111;5,3;207;Jonathan Meyers;Justin Baldoni;Luke Perry;Leonor Varela;USA;;PG;Drama;;;1000000,0;;212;2010;;;Faible (<6)
Charly ;tt0062794;1968;103;7,1;4998;Ralph Nelson;Cliff Robertson;Dick Van Patten;Claire Bloom;USA;English;PG;Drama;Romance;Sci-Fi;;;785;1960;;;Bon (7-8)
Banshee Chapter ;tt2011276;2013;87;5,5;6265;Blair Erickson;Monique Candelaria;Katia Winter;Michael McMillian;Germany;English;R;Horror;Thriller;;950000,0;;2000;2010;;;Faible (<6)
Ask Me Anything ;tt2505294;2014;100;6,0;7870;Allison Burnett;Kimberly Williams-Paisley;Gia Mantegna;Cathryn de Prume;USA;English;Not Rated;Drama;;;950000,0;;884;2010;;;Moyen (6-7)
And Then Came Love ;tt0825346;2007;90;4,8;443;Richard Schenkman;Vanessa Williams;Mike Colter;Eartha Kitt;USA;English;;Comedy;Romance;;989000,0;;42;2000;;;Faible (<6)
Food Chains ;tt2141739;2014;83;7,1;265;Sanjay Rawal;Alma Martinez;Robert Kennedy Jr.;Eve Ensler;USA;English;;Documentary;News;;913000,0;;489;2010;;;Bon (7-8)
On the Waterfront ;tt0047296;1954;108;8,2;100890;Elia Kazan;Marlon Brando;Karl Malden;Rod Steiger;USA;English;Not Rated;Crime;Drama;Romance;910000,0;9600000,0;0;1950;8690000,0;954,9;Excellent (8+)
L!fe Happens ;tt1726589;2011;100;5,7;6025;Kat Coiro;Justin Kirk;Geoff Stults;Kristen Johnston;USA;English;R;Comedy;;;930000,0;20186,0;995;2010;-909814,0;-97,8;Faible (<6)
4 Months, 3 Weeks and 2 Days ;tt1032846;2007;113;7,9;44763;Cristian Mungiu;Anamaria Marinca;Vlad Ivanov;Alexandru Potocean;Romania;Romanian;Not Rated;Drama;;;590000,0;1185783,0;14000;2000;595783,0;101,0;Bon (7-8)
The Horror Network Vol. 1 ;tt3034146;2015;97;7,3;139;Brian Dorton;Javier Botet;Brian Dorton;Jan Cornet;USA;English;;Horror;;;3000000,0;;52;2010;;;Bon (7-8)
Hard Candy ;tt0424136;2005;104;7,1;131969;David Slade;Odessa Rae;G.J. Echternkamp;Patrick Wilson;USA;English;R;Crime;Drama;Thriller;950000,0;1007962,0;12000;2000;57962,0;6,1;Bon (7-8)
The Quiet ;tt0414951;2005;91;6,4;13485;Jamie Babbit;Katy Mixon;David Gallagher;Edie Falco;USA;English;R;Drama;Thriller;;900000,0;381186,0;698;2000;-518814,0;-57,6;Moyen (6-7)
Circumstance ;tt1684628;2011;107;5,9;6277;Maryam Keshavarz;Sarah Kazemy;Reza Sixo Safai;Sina Amedson;France;Persian;R;Drama;;;;439958,0;0;2010;;;Faible (<6)
Fruitvale Station ;tt2334649;2013;85;7,5;53919;Ryan Coogler;Ahna O'Reilly;Melonie Diaz;Ariana Neal;USA;English;R;Biography;Drama;Romance;900000,0;16097842,0;17000;2010;15197842,0;1688,6;Bon (7-8)
The Brass Teapot ;tt1935902;2012;101;6,4;11965;Ramaa Mosley;Jack McBrayer;Michael Angarano;Alia Shawkat;USA;English;R;Comedy;Fantasy;Thriller;900000,0;6643,0;0;2010;-893357,0;-99,3;Moyen (6-7)
Bambi ;tt0034492;1942;70;7,4;94225;James Algar;Sam Edwards;Donnie Dunagan;Ann Gillis;USA;English;Approved;Animation;Drama;Family;;102797150,0;0;1940;;;Bon (7-8)
The Hammer ;tt0814130;2007;88;7,3;5489;Charles Herman-Wurmfeld;John Enos III;Rian Bishop;Adam Carolla;USA;English;R;Comedy;Romance;Sport;850000,0;442638,0;337;2000;-407362,0;-47,9;Bon (7-8)
Latter Days ;tt0345551;2003;107;7,2;14580;C. Jay Cox;Joseph Gordon-Levitt;Rob McElhenney;Jacqueline Bisset;USA;English;R;Comedy;Drama;Romance;850000,0;819939,0;0;2000;-30061,0;-3,5;Bon (7-8)
Elza ;tt1852001;2011;78;6,7;19;Mariette Monpierre;Stana Roumillac;Christophe Cherki;Teddy Doloir;France;French;;Drama;;;900000,0;;24;2010;;;Moyen (6-7)
1982 ;tt2388621;2013;90;7,1;122;Tommy Oliver;Bokeem Woodbine;Ruby Dee;Quinton Aaron;USA;English;R;Drama;;;1000000,0;;181;2010;;;Bon (7-8)
For a Good Time, Call... ;tt1996264;2012;88;6,0;13421;Jamie Travis;James Wolk;Ari Graynor;Nia Vardalos;USA;English;R;Comedy;;;850000,0;1243961,0;0;2010;393961,0;46,3;Moyen (6-7)
Celeste & Jesse Forever ;tt1405365;2012;92;6,7;24391;Lee Toland Krieger;Ari Graynor;Janel Parrish;Rob Huebel;USA;English;R;Comedy;Drama;Romance;;3094687,0;0;2010;;;Moyen (6-7)
Time Changer ;tt0295725;2002;95;5,6;1742;Rich Christiano;Gavin MacLeod;D. David Morin;Hal Linden;USA;English;PG;Drama;Fantasy;Sci-Fi;825000,0;15278,0;409;2000;-809722,0;-98,1;Faible (<6)
London to Brighton ;tt0490166;2006;85;7,0;7308;Paul Andrew Williams;Lorraine Stanley;Johnny Harris;Georgia Groome;UK;English;R;Crime;Drama;Thriller;500000,0;;933;2000;;;Bon (7-8)
American Hero ;tt4733536;2015;86;4,9;2706;Nick Love;Eddie Griffin;Christopher Berry;Michelle Tabora;USA;English;;Action;Comedy;Drama;990000,0;;549;2010;;;Faible (<6)
Windsor Drive ;tt2311428;2015;90;3,2;169;Natalie Bible';Tommy O'Reilly;Samaire Armstrong;Matt Cohen;USA;English;;Mystery;Thriller;;100000,0;;312;2010;;;Faible (<6)
A Separation ;tt1832382;2011;123;8,4;151812;Asghar Farhadi;Shahab Hosseini;Leila Hatami;Peyman Moaadi;Iran;Persian;PG-13;Drama;Mystery;;500000,0;7098492,0;48000;2010;6598492,0;1319,7;Excellent (8+)
Crying with Laughter ;tt1349478;2009;93;6,9;190;Justin Molotnikov;Jo Hartley;Stephen McCole;Joe Cassidy;UK;English;;Thriller;;;;;33;2000;;;Moyen (6-7)
Welcome to the Dollhouse ;tt0114906;1995;88;7,5;26513;Todd Solondz;Heather Matarazzo;Ken Leung;Christina Vidal;USA;English;R;Comedy;Drama;;800000,0;4771000,0;0;1990;3971000,0;496,4;Bon (7-8)
Ruby in Paradise ;tt0108000;1993;114;7,2;2039;Victor Nunez;Allison Dean;Todd Field;Dorothy Lyman;USA;English;R;Drama;Romance;;800000,0;1001437,0;81;1990;201437,0;25,2;Bon (7-8)
Raising Victor Vargas ;tt0316188;2002;88;7,2;4743;Peter Sollett;Victor Rasuk;Melonie Diaz;Judy Marte;France;English;R;Drama;Romance;;800000,0;2073984,0;219;2000;1273984,0;159,2;Bon (7-8)
Pandora's Box ;tt0018737;1929;110;8,0;7431;Georg Wilhelm Pabst;Louise Brooks;Francis Lederer;Fritz Kortner;Germany;German;Not Rated;Crime;Drama;Romance;;9950,0;926;1920;;;Excellent (8+)
Harrison Montgomery ;tt0870118;2008;95;7,4;59;Daniel Davila;Martin Landau;Melora Walters;Diane Baker;USA;English;;Drama;;;850000,0;;18;2000;;;Bon (7-8)
Live-In Maid ;tt0356453;2004;83;7,2;772;Jorge Gaggero;Norma Aleandro;Hilda Bernard;Claudia Lapacó;Argentina;Spanish;Unrated;Drama;;;800000,0;;83;2000;;;Bon (7-8)
Deterrence ;tt0158583;1999;104;6,5;2256;Rod Lurie;Kevin Pollak;Kathryn Morris;Timothy Hutton;France;English;R;Drama;Thriller;;800000,0;144583,0;130;1990;-655417,0;-81,9;Moyen (6-7)
The Mudge Boy ;tt0339419;2003;94;7,2;3480;Michael Burke;Zachary Knighton;Tom Guiry;Ryan Donowho;USA;English;R;Crime;Drama;Romance;800000,0;;396;2000;;;Bon (7-8)
The Young Unknowns ;tt0186719;2000;87;4,2;122;Catherine Jelski;Leslie Bibb;Eion Bailey;Arly Jover;USA;English;R;Drama;;;;58163,0;4;2000;;;Faible (<6)
Not Cool ;tt3569356;2014;93;5,1;4167;Shane Dawson;Shane Dawson;Kurt Angle;Cherami Leigh;USA;English;Not Rated;Comedy;;;600000,0;35688,0;0;2010;-564312,0;-94,1;Faible (<6)
Dead Snow ;tt1278340;2009;91;6,4;54601;Tommy Wirkola;Bjørn Sundquist;Stig Frode Henriksen;Ane Dahl Torp;Norway;Norwegian;Not Rated;Comedy;Horror;;800000,0;41709,0;23000;2000;-758291,0;-94,8;Moyen (6-7)
Saints and Soldiers ;tt0373283;2003;90;6,8;17725;Ryan Little;Corbin Allred;Larry Bagby;Kirby Heyborne;USA;English;PG-13;Action;Adventure;Drama;780000,0;1310270,0;1000;2000;530270,0;68,0;Moyen (6-7)
Vessel ;tt2164708;2012;14;6,2;292;Clark Baker;Taylor Pigeon;Alan Pietruszewski;Whit Spurgeon;USA;English;;Horror;Sci-Fi;Short;;;14;2010;;;Moyen (6-7)
American Graffiti ;tt0069704;1973;112;7,5;63839;George Lucas;Harrison Ford;Ron Howard;Mackenzie Phillips;USA;English;PG;Comedy;Drama;Music;777000,0;115000000,0;0;1970;114223000,0;14700,5;Bon (7-8)
Iraq for Sale: The War Profiteers ;tt0815181;2006;75;7,7;1477;Robert Greenwald;Scott Helvenston;Katy Helvenston-Wettengal;Donna Zovko;USA;English;;Documentary;War;;750000,0;;274;2000;;;Bon (7-8)
Aqua Teen Hunger Force Colon Movie Film for Theaters ;tt0455326;2007;86;6,9;12160;Matt Maiellaro;Tina Fey;Fred Armisen;Chris Kattan;USA;English;R;Action;Adventure;Animation;750000,0;5518918,0;307;2000;4768918,0;635,9;Moyen (6-7)
Safety Not Guaranteed ;tt1862079;2012;86;7,0;101287;Colin Trevorrow;Mary Lynn Rajskub;Mark Duplass;Jeff Garlin;USA;English;R;Comedy;Drama;Romance;750000,0;4007792,0;31000;2010;3257792,0;434,4;Bon (7-8)
Kevin Hart: Laugh at My Pain ;tt1999192;2011;89;7,5;3543;Leslie Small;Isaac C. Singleton Jr.;Larry King;Jeanette Branch;USA;English;R;Comedy;Documentary;;;7705974,0;614;2010;;;Bon (7-8)
Kill List ;tt1788391;2011;95;6,3;25750;Ben Wheatley;MyAnna Buring;Ben Crompton;Neil Maskell;UK;English;Not Rated;Crime;Horror;Thriller;500000,0;26297,0;0;2010;-473703,0;-94,7;Moyen (6-7)
The Innkeepers ;tt1594562;2011;101;5,5;27260;Ti West;Lena Dunham;Jake Ryan;Pat Healy;USA;English;R;Horror;;;750000,0;77501,0;0;2010;-672499,0;-89,7;Faible (<6)
The Conformist ;tt0065571;1970;106;8,1;17813;Bernardo Bertolucci;Jean-Louis Trintignant;Stefania Sandrelli;Dominique Sanda;Italy;Italian;R;Drama;;;750000,0;;0;1970;;;Excellent (8+)
Interview with the Assassin ;tt0308411;2002;88;6,6;1661;Neil Burger;Raymond J. Barry;Christel Khalil;Renee Faia;USA;English;R;Drama;;;750000,0;47329,0;163;2000;-702671,0;-93,7;Moyen (6-7)
Donkey Punch ;tt0988849;2008;99;5,2;9376;Oliver Blackburn;Julian Morris;Nichola Burley;Tom Burke;UK;English;R;Crime;Drama;Horror;900000,0;18378,0;0;2000;-881622,0;-98,0;Faible (<6)
All the Boys Love Mandy Lane ;tt0490076;2006;90;5,6;25951;Jonathan Levine;Luke Grimes;Michael Welch;Whitney Able;USA;English;R;Horror;;;750000,0;;2000;2000;;;Faible (<6)
Bled ;tt0997143;2009;95;3,1;851;Christopher Hutson;Dichen Lachman;Jennifer Lee Wiggins;Michele Morrow;USA;English;R;Horror;;;750000,0;;128;2000;;;Faible (<6)
High Noon ;tt0044706;1952;85;8,1;80193;Fred Zinnemann;Gary Cooper;Lloyd Bridges;Lon Chaney Jr.;USA;English;PG;Thriller;Western;;750000,0;;3000;1950;;;Excellent (8+)
Hoop Dreams ;tt0110057;1994;170;8,3;18980;Steve James;William Gates;Arthur Agee;Isiah Thomas;USA;English;PG-13;Documentary;Drama;Sport;700000,0;7830611,0;0;1990;7130611,0;1018,7;Excellent (8+)
Rize ;tt0436724;2005;86;7,1;2877;David LaChapelle;Kevin Scott Richardson;Christopher Toler;Tommy the Clown;USA;English;PG-13;Documentary;Music;;;3278611,0;903;2000;;;Bon (7-8)
Destiny ;tt2983582;2014;0;8,1;3089;Joseph Kosinski;Peter Dinklage;Lauren Cohan;Erick Avari;USA;English;;Action;Adventure;Fantasy;;;1000;2010;;;Excellent (8+)
L.I.E. ;tt0242587;2001;97;7,2;8509;Michael Cuesta;Adam LeFevre;Bruce Altman;Walter Masterson;USA;English;NC-17;Crime;Drama;;700000,0;1141829,0;420;2000;441829,0;63,1;Bon (7-8)
The Sisterhood of Night ;tt1015471;2014;104;6,3;1354;Caryn Waechter;Laura Fraser;Kara Hayward;Louis Ozawa Changchien;USA;English;PG-13;Drama;Mystery;Thriller;1000000,0;;523;2010;;;Moyen (6-7)
B-Girl ;tt0964179;2009;88;4,0;551;Emily Dell;Aimee Garcia;Wesley Jonathan;Drew Sidora;USA;English;PG-13;Drama;Music;Romance;;;303;2000;;;Faible (<6)
Half Nelson ;tt0468489;2006;106;7,2;70885;Ryan Fleck;Ryan Gosling;Tristan Mack Wilds;Jeff Lima;USA;English;R;Drama;;;700000,0;2694973,0;0;2000;1994973,0;285,0;Bon (7-8)
Naturally Native ;tt0133117;1998;107;6,5;103;Jennifer Wynne Farmer;Irene Bedard;Akima;Max Gail;USA;English;PG-13;Drama;;;700000,0;10508,0;102;1990;-689492,0;-98,5;Moyen (6-7)
Hav Plenty ;tt0126938;1997;84;6,5;819;Christopher Scott Cherot;Hill Harper;Robinne Lee;Chenoa Maxwell;USA;English;R;Comedy;;;650000,0;2301777,0;161;1990;1651777,0;254,1;Moyen (6-7)
Adulterers ;tt4044464;2015;91;4,9;514;H.M. Coakley;Mehcad Brooks;Steffinnie Phrommany;Danielle Savre;USA;English;;Crime;Drama;Thriller;750000,0;;158;2010;;;Faible (<6)
Escape from Tomorrow ;tt2187884;2013;90;5,2;7384;Randy Moore;Trey Loney;Lee Armstrong;Amy Lucas;USA;English;Not Rated;Fantasy;Horror;;;169719,0;0;2010;;;Faible (<6)
Starsuckers ;tt1510934;2009;103;7,4;474;Chris Atkins;Richard Curtis;Harvey Weinstein;Elton John;UK;English;;Documentary;;;400000,0;;203;2000;;;Bon (7-8)
The Hadza: Last of the First ;tt2139721;2014;71;7,4;5;Bill Benenson;Alfre Woodard;Dave Fennoy;Jane Goodall;USA;English;;Documentary;;;650000,0;;5;2010;;;Bon (7-8)
After ;tt1799508;2012;90;5,4;3699;Ryan Smith;Sandra Ellis Lafferty;Madison Lintz;Karolina Wydra;USA;English;PG-13;Fantasy;Horror;Mystery;650000,0;;1000;2010;;;Faible (<6)
Treachery ;tt2380301;2013;67;3,9;344;Travis Romero;Matthew Ziff;Lorraine Ziff;Michael Biehn;USA;English;;Drama;Thriller;;625000,0;;0;2010;;;Faible (<6)
Walter ;tt2016335;2015;94;5,3;1432;Anna Mastro;Leven Rambin;Justin Kirk;Virginia Madsen;USA;English;;Comedy;Drama;;700000,0;;0;2010;;;Faible (<6)
Top Hat ;tt0027125;1935;81;7,8;13269;Mark Sandrich;Ginger Rogers;Edward Everett Horton;Eric Blore;USA;English;Approved;Comedy;Musical;Romance;609000,0;3000000,0;1000;1930;2391000,0;392,6;Bon (7-8)
The Blair Witch Project ;tt0185937;1999;81;6,4;186786;Daniel Myrick;Heather Donahue;Joshua Leonard;Michael C. Williams;USA;English;R;Horror;;;60000,0;140530114,0;0;1990;140470114,0;234116,9;Moyen (6-7)
Woodstock ;tt0066580;1970;215;8,1;12631;Michael Wadleigh;Joe Cocker;Jimi Hendrix;Joan Baez;USA;English;R;Documentary;History;Music;600000,0;13300000,0;0;1970;12700000,0;2116,7;Excellent (8+)
The Kentucky Fried Movie ;tt0076257;1977;83;6,5;13915;John Landis;David Zucker;Barry Dennen;Tara Strohmeier;USA;English;R;Comedy;;;650000,0;;0;1970;;;Moyen (6-7)
Mercy Streets ;tt0243415;2000;106;5,6;448;Jon Gunn;Stacy Keach;David A.R. White;Cynthia Watros;USA;English;PG-13;Action;Crime;Drama;600000,0;171988,0;12;2000;-428012,0;-71,3;Faible (<6)
Arnolds Park ;tt1074931;2007;103;5,6;94;Gene Teigland;Kendyl Joi;Matthew Feeney;Tac Fitzgerald;USA;English;PG-13;Mystery;Thriller;;600000,0;23616,0;11;2000;-576384,0;-96,1;Faible (<6)
Broken Vessels ;tt0149964;1998;90;6,6;531;Scott Ziehl;William Smith;Jason London;Brent David Fraser;USA;English;R;Drama;;;600000,0;13493,0;51;1990;-586507,0;-97,8;Moyen (6-7)
Water & Power ;tt2052015;2013;88;6,3;85;Richard Montoya;Nicholas Gonzalez;Angela Nordeng;Exie Booker;USA;English;Not Rated;Crime;Drama;;;79043,0;358;2010;;;Moyen (6-7)
They Will Have to Kill Us First ;tt4333662;2015;105;7,7;74;Johanna Schwartz;Aliou Touré;Garba Touré;Khaira Arby;UK;French;;Documentary;;;400000,0;;34;2010;;;Bon (7-8)
Crop Circles: Quest for Truth ;tt0331225;2002;115;7,0;204;William Gazecki;Karen Alexander;Colin Andrews;Francine Blake;USA;English;;Documentary;;;750000,0;;32;2000;;;Bon (7-8)
Light from the Darkroom ;tt3130704;2014;90;8,0;6;Lance McDaniel;Russell Wong;Steven Michael Quezada;Lymari Nadal;USA;English;PG-13;Action;Drama;Thriller;600000,0;;9;2010;;;Excellent (8+)
Irreplaceable ;tt5078326;2016;102;7,2;389;Thomas Lilti;François Cluzet;Félix Moati;Marianne Denicourt;France;French;;Comedy;Drama;;;;36;2010;;;Bon (7-8)
The Maid's Room ;tt2263814;2013;98;4,5;719;Michael Walker;Paula Garcés;Annabella Sciorra;John Brodsky;USA;English;;Thriller;;;600000,0;;128;2010;;;Faible (<6)
A Hard Day's Night ;tt0058182;1964;87;7,7;31429;Richard Lester;Paul McCartney;Ringo Starr;George Harrison;UK;English;Approved;Comedy;Musical;;560000,0;515005,0;0;1960;-44995,0;-8,0;Bon (7-8)
The Harvest/La Cosecha ;tt1981703;2011;80;7,2;57;U. Roberto Romano;;;;USA;English;;Documentary;;;560000,0;2245,0;88;2010;-557755,0;-99,6;Bon (7-8)
Love Letters ;tt0085871;1983;88;6,1;487;Amy Holden Jones;Jamie Lee Curtis;Sally Kirkland;Amy Madigan;USA;English;R;Drama;Romance;;550000,0;;7;1980;;;Moyen (6-7)
Julija in alfa Romeo ;tt4374230;2015;83;6,4;86;Blaz Zavrsnik;Dario Nozic Serini;Spela Colja;Andrej Nahtigal;Slovenia;Slovenian;;Comedy;;;500000,0;;18;2010;;;Moyen (6-7)
Fireproof ;tt1129423;2008;122;6,5;17068;Alex Kendrick;Kirk Cameron;Ken Bevel;Erin Bethea;USA;English;PG;Drama;Romance;;500000,0;33451479,0;0;2000;32951479,0;6590,3;Moyen (6-7)
Faith Connections ;tt2768766;2013;115;7,0;113;Pan Nalin;Bhole Baba;Pant Shirt Baba;Shriman Umeshanad Brahmachari;India;Hindi;;Biography;Documentary;Drama;550000,0;;126;2010;;;Bon (7-8)
Benji ;tt0071206;1974;86;6,1;3411;Joe Camp;Frances Bavier;Peter Breck;Edgar Buchanan;USA;English;G;Adventure;Family;Romance;500000,0;39552600,0;816;1970;39052600,0;7810,5;Moyen (6-7)
Open Water ;tt0374102;2003;79;5,7;42256;Chris Kentis;Blanchard Ryan;Saul Stein;Daniel Travis;USA;English;R;Adventure;Biography;Drama;500000,0;30500882,0;0;2000;30000882,0;6000,2;Faible (<6)
High Road ;tt1692084;2011;87;5,4;1305;Matt Walsh;Joe Lo Truglio;Matt Jones;Abby Elliott;USA;English;R;Comedy;;;;;244;2010;;;Faible (<6)
Kingdom of the Spiders ;tt0076271;1977;97;5,9;3274;John 'Bud' Cardos;Woody Strode;Hoke Howell;Tiffany Bolling;USA;English;PG;Horror;Sci-Fi;;500000,0;17000000,0;0;1970;16500000,0;3300,0;Faible (<6)
Mad Hot Ballroom ;tt0438205;2005;105;7,5;3156;Marilyn Agrelo;Heather Berman;Eva Carrozza;Paul Daggett;USA;English;PG;Documentary;Family;Music;;8044906,0;588;2000;;;Bon (7-8)
The Station Agent ;tt0340377;2003;89;7,7;58260;Tom McCarthy;Peter Dinklage;Joe Lo Truglio;Paula Garcés;USA;English;R;Comedy;Drama;;500000,0;5739376,0;0;2000;5239376,0;1047,9;Bon (7-8)
To Save a Life ;tt1270286;2009;120;7,1;4583;Brian Baugh;Randy Wayne;Sean Michael Afable;D. David Morin;USA;English;PG-13;Drama;;;1000000,0;3773863,0;0;2000;2773863,0;277,4;Bon (7-8)
Wordplay ;tt0492506;2006;94;7,4;3394;Patrick Creadon;Ken Burns;Bill Clinton;Bob Dole;USA;English;PG;Documentary;;;;3117666,0;694;2000;;;Bon (7-8)
Beyond the Mat ;tt0218043;1999;108;7,6;6790;Barry W. Blaustein;Terry Funk;Vince McMahon;Mick Foley;USA;English;R;Biography;Documentary;Sport;500000,0;2047570,0;491;1990;1547570,0;309,5;Bon (7-8)
The Singles Ward ;tt0306069;2002;102;6,4;1099;Kurt Hale;Kirby Heyborne;Lincoln Hoppe;Daryn Tufts;USA;English;PG;Comedy;Drama;Romance;500000,0;1250798,0;43;2000;750798,0;150,2;Moyen (6-7)
Osama ;tt0368913;2003;83;7,4;7559;Siddiq Barmak;Marina Golbahari;Zubaida Sahar;Mohamad Haref Harati;Afghanistan;Dari;PG-13;Drama;;;46000,0;1127331,0;0;2000;1081331,0;2350,7;Bon (7-8)
Sholem Aleichem: Laughing in the Darkness ;tt1976608;2011;93;6,8;154;Joseph Dorman;Rachel Dratch;Peter Riegert;Jason Kravits;USA;English;Unrated;Documentary;;;500000,0;906666,0;287;2010;406666,0;81,3;Moyen (6-7)
Groove ;tt0212974;2000;86;6,5;3562;Greg Harrison;Rachel True;Ari Gold;Denny Kirkwood;USA;English;R;Drama;Music;;500000,0;1114943,0;0;2000;614943,0;123,0;Moyen (6-7)
The R.M. ;tt0341540;2003;101;6,0;651;Kurt Hale;Kirby Heyborne;Big Budah;Curt Doussett;USA;English;PG;Comedy;Crime;Family;500000,0;1111615,0;44;2000;611615,0;122,3;Moyen (6-7)
Twin Falls Idaho ;tt0162830;1999;111;7,3;3479;Michael Polish;Sasha Alexander;William Katt;Jon Gries;USA;English;R;Drama;;;500000,0;985341,0;180;1990;485341,0;97,1;Bon (7-8)
Mean Creek ;tt0377091;2004;90;7,3;26407;Jacob Aaron Estes;Rory Culkin;Scott Mechlowicz;Trevor Morgan;USA;English;R;Crime;Drama;;500000,0;603943,0;1000;2000;103943,0;20,8;Bon (7-8)
Hurricane Streets ;tt0119338;1997;86;6,5;1038;Morgan J. Freeman;Edie Falco;Heather Matarazzo;Lynn Cohen;USA;English;R;Crime;Drama;Romance;500000,0;334041,0;51;1990;-165959,0;-33,2;Moyen (6-7)
Never Again ;tt0244094;2001;98;6,0;709;Eric Schaeffer;Peter Dinklage;Bill Duke;Michael McKean;USA;English;R;Comedy;Romance;;500000,0;295468,0;139;2000;-204532,0;-40,9;Moyen (6-7)
Civil Brand ;tt0326806;2002;91;5,3;553;Neema Barnette;Monica Calhoun;LisaRaye McCoy;Clifton Powell;USA;English;R;Crime;Drama;Thriller;500000,0;243347,0;86;2000;-256653,0;-51,3;Faible (<6)
Lonesome Jim ;tt0385056;2005;91;6,6;6884;Steve Buscemi;Kevin Corrigan;Seymour Cassel;Mary Kay Place;USA;English;R;Comedy;Drama;;500000,0;154077,0;238;2000;-345923,0;-69,2;Moyen (6-7)
Drinking Buddies ;tt2265398;2013;90;6,1;45928;Joe Swanberg;Olivia Wilde;Anna Kendrick;Ti West;USA;English;R;Comedy;Drama;Romance;;342936,0;0;2010;;;Moyen (6-7)
Deceptive Practice: The Mysteries and Mentors of Ricky Jay ;tt2654360;2012;88;7,1;774;Molly Bernstein;David Mamet;Ricky Jay;Dick Cavett;USA;English;;Documentary;;;500000,0;151389,0;590;2010;-348611,0;-69,7;Bon (7-8)
Seven Samurai ;tt0047478;1954;202;8,7;229012;Akira Kurosawa;Takashi Shimura;Minoru Chiaki;Kamatari Fujiwara;Japan;Japanese;Unrated;Action;Adventure;Drama;2000000,0;269061,0;11000;1950;-1730939,0;-86,5;Excellent (8+)
The Other Dream Team ;tt1606829;2012;89;8,4;3086;Marius A. Markevicius;Tommy Sheppard;Greg Speirs;Mickey Hart;USA;English;Not Rated;Documentary;Sport;;500000,0;133778,0;0;2010;-366222,0;-73,2;Excellent (8+)
Johnny Suede ;tt0104567;1991;97;5,8;3013;Tom DiCillo;Brad Pitt;Tina Louise;Nick Cave;Switzerland;English;R;Comedy;Music;Romance;500000,0;;344;1990;;;Faible (<6)
Finishing the Game: The Search for a New Bruce Lee ;tt0843850;2007;84;6,2;1656;Justin Lin;Monique Gabriela Curnen;Jake Sandvig;Joe McQueen;USA;English;Not Rated;Comedy;;;500000,0;52850,0;155;2000;-447150,0;-89,4;Moyen (6-7)
Rubber ;tt1612774;2010;82;5,8;26185;Quentin Dupieux;Haley Ramm;Jack Plotnick;Cecelia Antoinette;France;English;R;Comedy;Fantasy;Horror;500000,0;98017,0;46000;2010;-401983,0;-80,4;Faible (<6)
Kiss the Bride ;tt0893346;2007;100;5,7;1358;C. Jay Cox;Tori Spelling;Amber Benson;Garrett M. Brown;USA;English;R;Comedy;Romance;;500000,0;31937,0;60;2000;-468063,0;-93,6;Faible (<6)
The Slaughter Rule ;tt0266971;2002;112;6,1;2004;Alex Smith;Ryan Gosling;Clea DuVall;Eddie Spears;USA;English;R;Drama;Sport;;500000,0;13134,0;183;2000;-486866,0;-97,4;Moyen (6-7)
Monsters ;tt1470827;2010;94;6,4;75669;Gareth Edwards;Scoot McNairy;Whitney Able;Ricky Catter;UK;English;R;Drama;Sci-Fi;Thriller;500000,0;237301,0;19000;2010;-262699,0;-52,5;Moyen (6-7)
The Californians ;tt0377043;2005;87;5,0;299;Jonathan Parker;Keith Carradine;Joanne Whalley;Illeana Douglas;USA;English;PG;Drama;;;;;29;2000;;;Faible (<6)
The Living Wake ;tt0489212;2007;91;6,5;739;Sol Tryon;Jim Gaffigan;Ann Dowd;Matthew Cowles;USA;English;PG-13;Comedy;;;500000,0;12055,0;339;2000;-487945,0;-97,6;Moyen (6-7)
Detention of the Dead ;tt1865346;2012;87;4,6;2038;Alex Craig Mann;Justin Chon;Christa B. Allen;Max Adler;USA;English;Not Rated;Comedy;Horror;;500000,0;1332,0;898;2010;-498668,0;-99,7;Faible (<6)
Crazy Stone ;tt0843270;2006;98;7,7;2097;Hao Ning;Bo Huang;Zheng Xu;Zhonghua Chen;China;Mandarin;;Comedy;Crime;;3000000,0;;23;2000;;;Bon (7-8)
Scott Walker: 30 Century Man ;tt0486541;2006;95;7,3;1006;Stephen Kijak;Brian Eno;Jacques Brel;Damon Albarn;UK;English;;Biography;Documentary;Music;500000,0;;808;2000;;;Bon (7-8)
Everything Put Together ;tt0228277;2000;87;6,6;601;Marc Forster;Radha Mitchell;Alan Ruck;Megan Mullally;USA;English;R;Drama;;;100000,0;;22;2000;;;Moyen (6-7)
Good Kill ;tt3297330;2014;102;6,4;15756;Andrew Niccol;Bruce Greenwood;Zoë Kravitz;Stafford Douglas;USA;English;R;Drama;Thriller;;;316842,0;0;2010;;;Moyen (6-7)
Insomnia Manica ;tt0455556;2005;127;5,8;16;Daston Kalili;Daston Kalili;Rai Alexandra;Chin-Chien Chang;USA;English;;Thriller;;;500000,0;;0;2000;;;Faible (<6)
The Outrageous Sophie Tucker ;tt2825768;2014;96;7,2;38;William Gazecki;Carol Channing;Bruce Vilanch;Tony Bennett;USA;English;;Documentary;;;500000,0;;16;2010;;;Bon (7-8)
Now Is Good ;tt1937264;2012;103;7,2;26863;Ol Parker;Jeremy Irvine;Olivia Williams;Paddy Considine;UK;English;PG-13;Drama;Romance;;;;0;2010;;;Bon (7-8)
Girls Gone Dead ;tt1884318;2012;104;3,5;2012;Michael Hoffman Jr.;Vincent Chimato;John McGlothlin;Al Sapienza;USA;English;R;Comedy;Horror;;500000,0;;0;2010;;;Faible (<6)
America Is Still the Place ;tt3417110;2015;90;7,5;22;Patrick Gilles;Emma Caulfield;Dylan Baker;Mike Colter;USA;English;;History;;;;;337;2010;;;Bon (7-8)
Subconscious ;tt2909932;2015;122;2,2;292;Georgia Hilton;Mike Beckingham;Tim Abell;Tom Stedham;USA;English;R;Action;Mystery;Thriller;;;353;2010;;;Faible (<6)
Enter Nowhere ;tt1631707;2011;90;6,6;5025;Jack Heller;Shaun Sipos;Katherine Waterston;Christopher Denham;USA;English;R;Mystery;Thriller;;500000,0;;701;2010;;;Moyen (6-7)
The King of Najayo ;tt2275671;2012;101;6,9;197;Fernando Baez Mella;Manny Perez;Christian Alvarez;Claudette Lalí;Dominican Republic;Spanish;R;Crime;Drama;;500000,0;;126;2010;;;Moyen (6-7)
Fight to the Finish ;tt3152288;2016;94;4,0;60;Warren Sheppard;Jennifer Hale;Randy Jay Burrell;Vincent De Paul;USA;English;PG-13;Action;Romance;Sport;150000,0;;381;2010;;;Faible (<6)
Alleluia! The Devil's Carnival ;tt3892618;2016;97;7,4;259;Darren Lynn Bousman;Paul Sorvino;Barry Bostwick;Terrance Zdunich;USA;English;;Horror;Musical;;500000,0;;707;2010;;;Bon (7-8)
The Sound and the Shadow ;tt2190180;2014;90;8,3;30;Justin Paul Miller;Mary Kate Wiles;Jennifer Landa;Felix Avitia;USA;English;R;Comedy;Mystery;Thriller;;;70;2010;;;Excellent (8+)
Rodeo Girl ;tt4062896;2016;108;5,7;62;Joel Paul Reisig;Carrie Bradstreet;Joel Paul Reisig;Yassie Hawkes;USA;English;PG;Family;;;500000,0;;0;2010;;;Faible (<6)
Born to Fly: Elizabeth Streb vs. Gravity ;tt2246526;2014;82;6,8;40;Catherine Gund;Elizabeth Streb;Sarah Callan;Laura Flanders;USA;English;;Action;Biography;Documentary;500000,0;21199,0;44;2010;-478801,0;-95,8;Moyen (6-7)
The Little Ponderosa Zoo ;tt3846442;2016;84;5,2;15;Luke Dye;Mike Stanley;Jeff Delaney;Jamison Stalsworth;USA;English;;Family;;;500000,0;;9;2010;;;Faible (<6)
The Toxic Avenger ;tt0090190;1984;91;6,2;19253;Michael Herz;Patrick Kilpatrick;Mark Torgl;Pat Ryan;USA;English;Unrated;Action;Comedy;Horror;475000,0;;0;1980;;;Moyen (6-7)
Straight Out of Brooklyn ;tt0102989;1991;91;5,9;475;Matty Rich;Lawrence Gilliard Jr.;George T. Odom;Matty Rich;USA;English;R;Crime;Drama;;450000,0;2712293,0;123;1990;2262293,0;502,7;Faible (<6)
Bloody Sunday ;tt0280491;2002;107;7,7;19732;Paul Greengrass;James Nesbitt;Nicholas Farrell;Tim Pigott-Smith;UK;English;R;Drama;History;War;2000000,0;768045,0;0;2000;-1231955,0;-61,6;Bon (7-8)
Diamond Ruff ;tt2111292;2015;82;4,3;53;Alec Asten;Luis Sanchez;Dennis L.A. White;Fredro Starr;USA;English;R;Action;;;500000,0;;62;2010;;;Faible (<6)
Conversations with Other Women ;tt0435623;2005;84;7,1;10143;Hans Canosa;Olivia Wilde;Thomas Lennon;Nora Zehetner;UK;English;R;Comedy;Drama;Romance;450000,0;379122,0;0;2000;-70878,0;-15,8;Bon (7-8)
Poultrygeist: Night of the Chicken Dead ;tt0462485;2006;103;6,2;5931;Lloyd Kaufman;John Karyus;Lloyd Kaufman;Kate Graham;USA;English;Unrated;Comedy;Horror;Musical;500000,0;23000,0;0;2000;-477000,0;-95,4;Moyen (6-7)
Mutual Friends ;tt2112209;2013;86;6,8;64;Matthew Watts;Jennifer Lafleur;Cheyenne Jackson;Michael Stahl-David;USA;English;;Comedy;Romance;;450000,0;;31;2010;;;Moyen (6-7)
42nd Street ;tt0024034;1933;89;7,7;7921;Lloyd Bacon;Ginger Rogers;Dick Powell;George Brent;USA;English;Unrated;Comedy;Musical;Romance;439000,0;2300000,0;439;1930;1861000,0;423,9;Bon (7-8)
Rise of the Entrepreneur: The Search for a Better Way ;tt4273494;2014;52;8,2;78;Joe Kenemore;Bob Proctor;Jack Canfield;Eric Worre;USA;English;G;Documentary;;;450000,0;;460;2010;;;Excellent (8+)
Metropolitan ;tt0100142;1990;98;7,5;7143;Whit Stillman;Chris Eigeman;Taylor Nichols;Ellia Thompson;USA;English;PG-13;Comedy;Drama;Romance;225000,0;2938208,0;865;1990;2713208,0;1205,9;Bon (7-8)
As It Is in Heaven ;tt0382330;2004;133;7,6;13543;Kay Pollak;Michael Nyqvist;Frida Hallgren;Nils-Anders Vallgårda;Sweden;Swedish;;Comedy;Drama;Music;25000000,0;9910,0;0;2000;-24990090,0;-100,0;Bon (7-8)
Roadside ;tt1958007;2013;81;4,1;268;Eric England;Jack E. Curenton;Ace Marrero;Alan Pietruszewski;USA;English;;Drama;Horror;Mystery;;;61;2010;;;Faible (<6)
Napoleon Dynamite ;tt0374900;2004;92;6,9;161448;Jared Hess;Jon Heder;Diedrich Bader;Jon Gries;USA;English;PG;Comedy;;;400000,0;44540956,0;0;2000;44140956,0;11035,2;Moyen (6-7)
Blue Ruin ;tt2359024;2013;90;7,1;42678;Jeremy Saulnier;Devin Ratray;Eve Plumb;Amy Hargreaves;USA;English;R;Crime;Drama;Thriller;1066167,0;258113,0;0;2010;-808054,0;-75,8;Bon (7-8)
Paranormal Activity ;tt1179904;2007;84;6,3;184824;Oren Peli;Micah Sloat;Ashley Palmer;Amber Armstrong;USA;English;R;Horror;;;15000,0;107917283,0;12000;2000;107902283,0;719348,6;Moyen (6-7)
Dogtown and Z-Boys ;tt0275309;2001;91;7,7;10366;Stacy Peralta;Tony Alva;Jay Adams;Jeff Ament;USA;English;PG-13;Documentary;Sport;;;1293295,0;0;2000;;;Bon (7-8)
Monty Python and the Holy Grail ;tt0071853;1975;91;8,3;382240;Terry Gilliam;Eric Idle;Michael Palin;Terry Jones;UK;English;PG;Adventure;Comedy;Fantasy;229575,0;1229197,0;14000;1970;999622,0;435,4;Excellent (8+)
Quinceañera ;tt0451176;2006;90;7,1;3675;Richard Glatzer;Emily Rios;Jesse Garcia;Alicia Sixtos;USA;Spanish;R;Drama;;;400000,0;1689999,0;426;2000;1289999,0;322,5;Bon (7-8)
Gory Gory Hallelujah ;tt0396041;2003;96;4,7;179;Sue Corcoran;Tony Doupe;Sue Corcoran;David Frederick White;USA;English;;Comedy;Fantasy;Horror;100000,0;11798,0;39;2000;-88202,0;-88,2;Faible (<6)
Tarnation ;tt0390538;2003;88;7,2;5709;Jonathan Caouette;Greg Ayres;Jonathan Caouette;Renee Leblanc;USA;English;Unrated;Biography;Documentary;;218,0;592014,0;754;2000;591796,0;271466,1;Bon (7-8)
I Want Your Money ;tt1560957;2010;92;5,1;1123;Ray Griggs;Bill Farmer;Chris Cox;Mike Huckabee;USA;English;PG;Documentary;;;400000,0;425899,0;638;2010;25899,0;6,5;Faible (<6)
Love in the Time of Monsters ;tt2403415;2014;97;5,4;143;Matt Jackson;Kane Hodder;Paul Elia;Alex Sanborn;USA;English;;Comedy;Horror;;500000,0;;194;2010;;;Faible (<6)
The Beyond ;tt0082307;1981;82;6,9;14985;Lucio Fulci;Catriona MacColl;David Warbeck;Al Cliver;Italy;Italian;X;Horror;;;400000,0;126387,0;2000;1980;-273613,0;-68,4;Moyen (6-7)
What Happens in Vegas ;tt1033643;2008;101;6,1;140740;Tom Vaughan;Treat Williams;Andrew Daly;Michelle Krusiec;USA;English;PG-13;Comedy;Romance;;35000000,0;80276912,0;0;2000;45276912,0;129,4;Moyen (6-7)
The Dark Hours ;tt0402249;2005;80;6,1;4788;Paul Fox;Dov Tiefenbach;Jeff Seymour;Gordon Currie;Canada;English;R;Horror;Thriller;;500000,0;;166;2000;;;Moyen (6-7)
My Beautiful Laundrette ;tt0091578;1985;97;6,9;10577;Stephen Frears;Saeed Jaffrey;Roshan Seth;Garry Cooper;UK;English;R;Comedy;Drama;Romance;650000,0;;0;1980;;;Moyen (6-7)
Fabled ;tt0299863;2002;84;5,8;191;Ari Kirschenbaum;R. Brandon Johnson;Adam LeFevre;Desmond Askew;USA;English;R;Drama;Horror;Mystery;;25918,0;7;2000;;;Faible (<6)
Show Me ;tt0414510;2004;97;6,0;369;Cassandra Nicolaou;Katharine Isabelle;Michelle Nolden;Gabriel Hogan;Canada;French;R;Drama;Thriller;;900000,0;;12;2000;;;Moyen (6-7)
Cries & Whispers ;tt0069467;1972;91;8,2;19964;Ingmar Bergman;Liv Ullmann;Ingrid Thulin;Erland Josephson;Sweden;Swedish;R;Drama;;;400000,0;;0;1970;;;Excellent (8+)
Intolerance: Love's Struggle Throughout the Ages ;tt0006864;1916;123;8,0;10718;D.W. Griffith;Lillian Gish;Mae Marsh;Walter Long;USA;;Not Rated;Drama;History;War;385907,0;;691;1910;;;Excellent (8+)
Trekkies ;tt0120370;1997;86;7,0;4407;Roger Nygard;Walter Koenig;DeForest Kelley;James Doohan;USA;English;PG;Documentary;;;375000,0;617172,0;672;1990;242172,0;64,6;Bon (7-8)
The Broadway Melody ;tt0019729;1929;100;6,3;4546;Harry Beaumont;Anita Page;Bessie Love;Charles King;USA;English;Passed;Musical;Romance;;379000,0;2808000,0;167;1920;2429000,0;640,9;Moyen (6-7)
The Evil Dead ;tt0083907;1981;96;7,6;141219;Sam Raimi;Ted Raimi;Betsy Baker;Ellen Sandweiss;USA;English;NC-17;Fantasy;Horror;;375000,0;;12000;1980;;;Bon (7-8)
Maniac ;tt2103217;2012;89;6,1;27297;Franck Khalfoun;America Olivo;Nora Arnezeder;Liane Balaban;France;English;Not Rated;Horror;Thriller;;6000000,0;12843,0;0;2010;-5987157,0;-99,8;Moyen (6-7)
Censored Voices ;tt3457376;2015;84;7,2;186;Mor Loushy;Amos Oz;;;Israel;Hebrew;;Documentary;History;;450000,0;34151,0;111;2010;-415849,0;-92,4;Bon (7-8)
Murderball ;tt0436613;2005;88;7,8;9037;Henry Alex Rubin;Mark Zupan;Joe Bishop;Andy Cohn;USA;English;R;Documentary;Sport;;1750211,0;1523883,0;0;2000;-226328,0;-12,9;Bon (7-8)
American Ninja 2: The Confrontation ;tt0092548;1987;90;4,7;6046;Sam Firstenberg;Michael Dudikoff;Steve James;Larry Poindexter;USA;English;R;Action;Drama;;350000,0;4000000,0;583;1980;3650000,0;1042,9;Faible (<6)
51 Birch Street ;tt0468442;2005;90;7,5;695;Doug Block;Carol Block;Ellen Block;Mike Block;Germany;English;Unrated;Documentary;;;;84689,0;70;2000;;;Bon (7-8)
Rotor DR1 ;tt4162992;2015;98;3,4;209;Chad Kapper;Tom E. Nicholson;Natalie Welch;Christian Kapper;USA;English;;Family;Sci-Fi;;350000,0;;240;2010;;;Faible (<6)
12 Angry Men ;tt0050083;1957;96;8,9;447785;Sidney Lumet;Jack Warden;Lee J. Cobb;John Fiedler;USA;English;Not Rated;Crime;Drama;;350000,0;;40000;1950;;;Excellent (8+)
My Dog Tulip ;tt0843358;2009;83;6,9;1272;Paul Fierlinger;Isabella Rossellini;Peter Gerety;Lynn Redgrave;USA;English;;Animation;Drama;;;246574,0;675;2000;;;Moyen (6-7)
It Happened One Night ;tt0025316;1934;65;8,2;64888;Frank Capra;Claudette Colbert;Alan Hale;Walter Connolly;USA;English;Unrated;Comedy;Romance;;325000,0;;0;1930;;;Excellent (8+)
Dogtooth ;tt1379182;2009;94;7,3;44864;Yorgos Lanthimos;Angeliki Papoulia;Mary Tsoni;Sissy Petropoulou;Greece;Greek;Unrated;Drama;Thriller;;;110197,0;13000;2000;;;Bon (7-8)
Tupac: Resurrection ;tt0343121;2003;112;8,0;7687;Lauren Lazin;James Cagney;Gary Coleman;Todd Bridges;USA;English;R;Biography;Documentary;Music;;7707563,0;0;2000;;;Excellent (8+)
Tumbleweeds ;tt0161023;1999;102;6,7;2932;Gavin O'Connor;Kimberly J. Brown;Janet McTeer;Lois Smith;USA;English;PG-13;Comedy;Drama;;312000,0;1281176,0;121;1990;969176,0;310,6;Moyen (6-7)
The Prophecy ;tt0114194;1995;98;6,6;24438;Gregory Widen;Viggo Mortensen;Adam Goldberg;Virginia Madsen;USA;English;R;Action;Fantasy;Horror;8000000,0;16115878,0;0;1990;8115878,0;101,4;Moyen (6-7)
When the Cat's Away ;tt0115856;1996;91;6,9;2843;Cédric Klapisch;Simon Abkarian;Zinedine Soualem;Jane Bradbury;France;French;R;Comedy;Romance;;300000,0;1652472,0;166;1990;1352472,0;450,8;Moyen (6-7)
Pieces of April ;tt0311648;2003;80;7,1;18035;Peter Hedges;Oliver Platt;Adrian Martinez;Derek Luke;USA;English;PG-13;Comedy;Drama;;300000,0;2360184,0;0;2000;2060184,0;686,7;Bon (7-8)
The Big Swap ;tt0118717;1998;114;5,6;270;Niall Johnson;Kevin Howarth;Mark Caven;Thierry Harcourt;UK;English;;Drama;;;;;29;1990;;;Faible (<6)
Old Joy ;tt0468526;2006;76;6,7;4423;Kelly Reichardt;Daniel London;Lucy;Will Oldham;USA;English;Unrated;Drama;;;300000,0;255352,0;594;2000;-44648,0;-14,9;Moyen (6-7)
Wendy and Lucy ;tt1152850;2008;80;7,1;12241;Kelly Reichardt;John Robinson;Lucy;Will Oldham;USA;English;R;Drama;;;200000,0;856942,0;0;2000;656942,0;328,5;Bon (7-8)
3 Backyards ;tt1314190;2010;88;5,2;554;Eric Mendelsohn;Embeth Davidtz;Edie Falco;Kathryn Erbe;USA;English;R;Drama;;;300000,0;;92;2010;;;Faible (<6)
Pierrot le Fou ;tt0059592;1965;110;7,7;19386;Jean-Luc Godard;Jean-Paul Belmondo;Anna Karina;Graziella Galvani;France;French;Not Rated;Crime;Drama;Romance;300000,0;;2000;1960;;;Bon (7-8)
Sisters in Law ;tt0474361;2005;104;7,5;291;Florence Ayisi;Vera Ngassa;Beatrice Ntuba;;Cameroon;English;Not Rated;Documentary;;;;32631,0;50;2000;;;Bon (7-8)
Ayurveda: Art of Being ;tt0221809;2001;102;7,6;341;Pan Nalin;;;;India;English;;Documentary;;;300000,0;16892,0;379;2000;-283108,0;-94,4;Bon (7-8)
Nothing But a Man ;tt0058414;1964;95;8,1;891;Michael Roemer;Yaphet Kotto;Gloria Foster;Ivan Dixon;USA;English;Not Rated;Drama;Romance;;160000,0;12438,0;363;1960;-147562,0;-92,2;Excellent (8+)
First Love, Last Rites ;tt0128214;1997;94;5,5;294;Jesse Peretz;Robert John Burke;Eli Marienthal;Natasha Gregson Wagner;USA;English;R;Drama;Romance;;300000,0;40542,0;26;1990;-259458,0;-86,5;Faible (<6)
Fighting Tommy Riley ;tt0366444;2004;109;6,6;720;Eddie O'Flaherty;Don Wallace;Eddie Jones;Christina Chambers;USA;English;R;Drama;Sport;;200000,0;5199,0;30;2000;-194801,0;-97,4;Moyen (6-7)
Royal Kill ;tt0421237;2009;90;3,2;476;Babar Ahmed;Lalaine;Alexander Wraith;Darren Kendrick;USA;English;PG-13;Action;Thriller;;350000,0;;53;2000;;;Faible (<6)
The Looking Glass ;tt2912776;2015;110;6,6;82;John D. Hancock;Trish Basinger;Elizabeth Stenholt;Mary Norwood;USA;English;;Drama;Music;;;1711,0;175;2010;;;Moyen (6-7)
Death Race 2000 ;tt0072856;1975;80;6,2;19875;Paul Bartel;Sylvester Stallone;David Carradine;Martin Kove;USA;English;R;Action;Comedy;Sci-Fi;300000,0;;0;1970;;;Moyen (6-7)
Locker 13 ;tt1241226;2014;95;4,8;241;Bruce Dellis;Tatyana Ali;Ricky Schroder;Jon Polito;USA;English;R;Thriller;;;300000,0;2468,0;261;2010;-297532,0;-99,2;Faible (<6)
Midnight Cabaret ;tt0100146;1990;94;4,5;47;Pece Dingo;Michael Des Barres;Wilhelm von Homburg;Thom Mathews;USA;English;R;Horror;;;;;4;1990;;;Faible (<6)
Anderson's Cross ;tt0393049;2010;98;7,2;95;Jerome Elston Scott;Taran Killam;Joanna Cassidy;Ryan Carnes;USA;English;R;Comedy;Drama;Romance;300000,0;;7;2010;;;Bon (7-8)
Bizarre ;tt3904272;2015;98;4,3;569;Étienne Faure;Rumi Missabu;Pierre Prieur;Raquel Nave;France;English;Unrated;Drama;Musical;Romance;500000,0;;114;2010;;;Faible (<6)
Graduation Day ;tt0082467;1981;96;4,5;1905;Herb Freed;Linnea Quigley;Carmen Argenziano;Vanna White;USA;English;R;Horror;Mystery;;250000,0;;249;1980;;;Faible (<6)
Some Guy Who Kills People ;tt1568341;2011;97;6,4;4550;Jack Perez;Kevin Corrigan;Barry Bostwick;Ahmed Best;USA;English;R;Comedy;Crime;Drama;300000,0;;0;2010;;;Moyen (6-7)
Compliance ;tt1971352;2012;90;6,4;24668;Craig Zobel;Dreama Walker;Matt Servitto;James McCaffrey;USA;English;R;Biography;Crime;Drama;270000,0;318622,0;0;2010;48622,0;18,0;Moyen (6-7)
Chasing Amy ;tt0118842;1997;113;7,3;114070;Kevin Smith;Matt Damon;Ethan Suplee;Joey Lauren Adams;USA;English;R;Comedy;Drama;Romance;250000,0;12006514,0;0;1990;11756514,0;4702,6;Bon (7-8)
Lovely & Amazing ;tt0258273;2001;91;6,9;6041;Nicole Holofcener;Aunjanue Ellis;Brenda Blethyn;Raven Goodwin;USA;English;R;Comedy;Drama;Romance;250000,0;4186931,0;169;2000;3936931,0;1574,8;Moyen (6-7)
Death Calls ;tt1328873;2010;90;4,3;30;Ken Del Conte;Hector Echavarria;Robert Miano;Ron Roggé;USA;English;R;Action;Adventure;Mystery;290000,0;;16;2010;;;Faible (<6)
Better Luck Tomorrow ;tt0280477;2002;98;7,2;8000;Justin Lin;Parry Shen;Jason Tobin;Collin Kahey;USA;English;R;Crime;Drama;Romance;250000,0;3799339,0;661;2000;3549339,0;1419,7;Bon (7-8)
The Incredibly True Adventure of Two Girls in Love ;tt0113416;1995;94;6,5;3513;Maria Maggenti;Nicole Ari Parker;Laurel Holloman;Stephanie Berry;USA;English;R;Comedy;Drama;Romance;250000,0;1977544,0;423;1990;1727544,0;691,0;Moyen (6-7)
Chuck & Buck ;tt0200530;2000;96;6,6;4662;Miguel Arteta;Lupe Ontiveros;Mike White;Chris Weitz;USA;English;R;Comedy;Drama;;250000,0;1050600,0;170;2000;800600,0;320,2;Moyen (6-7)
American Desi ;tt0203289;2001;100;6,7;1489;Piyush Dinker Pandya;Purva Bedi;Rizwan Manji;Anil Kumar;USA;English;Unrated;Comedy;Drama;Romance;250000,0;902835,0;133;2000;652835,0;261,1;Moyen (6-7)
Amidst the Devil's Wings ;tt3976258;2014;90;4,3;28;Daniel Columbie;Keri Maletto;Nicholas Simmons;Barbie Castro;USA;English;;Action;Crime;Drama;300000,0;;17;2010;;;Faible (<6)
Cube ;tt0123755;1997;90;7,3;160511;Vincenzo Natali;David Hewlett;Julian Richings;Nicole de Boer;Canada;English;R;Mystery;Sci-Fi;Thriller;365000,0;489220,0;11000;1990;124220,0;34,0;Bon (7-8)
Love and Other Catastrophes ;tt0116931;1996;76;6,4;1727;Emma-Kate Croghan;Radha Mitchell;Frances O'Connor;Matt Day;Australia;English;R;Comedy;Romance;;250000,0;212285,0;46;1990;-37715,0;-15,1;Moyen (6-7)
I Married a Strange Person! ;tt0119346;1997;75;7,0;1428;Bill Plympton;Charis Michelsen;Bill Martone;Richard Spore;USA;English;R;Animation;Comedy;Drama;250000,0;203134,0;178;1990;-46866,0;-18,7;Bon (7-8)
November ;tt0368089;2004;78;5,5;2787;Greg Harrison;Amir Talai;Anne Archer;Nora Dunn;USA;English;R;Drama;Mystery;Thriller;150000,0;191309,0;98;2000;41309,0;27,5;Faible (<6)
Like Crazy ;tt1758692;2011;90;6,7;46813;Drake Doremus;Jennifer Lawrence;Charlie Bewley;Finola Hughes;USA;English;PG-13;Drama;Romance;;250000,0;3388210,0;12000;2010;3138210,0;1255,3;Moyen (6-7)
Teeth and Blood ;tt1991199;2015;96;4,3;24;Al Franklin;Marshal Hilton;Steffinnie Phrommany;Clint Jung;USA;English;;Horror;;;300000,0;;85;2010;;;Faible (<6)
Sugar Town ;tt0173390;1999;92;6,1;708;Allison Anders;Ally Sheedy;Rosanna Arquette;John Doe;UK;English;R;Comedy;Music;;250000,0;177840,0;93;1990;-72160,0;-28,9;Moyen (6-7)
The Motel ;tt0436607;2005;75;6,8;1227;Michael Kang;Samantha Futerman;Clint Jordan;Jackie Nova;USA;Cantonese;;Comedy;Drama;;;47111,0;62;2000;;;Moyen (6-7)
The Canyons ;tt2292959;2013;99;3,9;8511;Paul Schrader;Nolan Gerard Funk;Gus Van Sant;James Deen;USA;English;R;Drama;Thriller;;250000,0;49494,0;0;2010;-200506,0;-80,2;Faible (<6)
On the Outs ;tt0389235;2004;86;6,9;603;Lori Silverbush;Judy Marte;Flaco Navaja;Dominic Colón;USA;English;R;Drama;;;;;122;2000;;;Moyen (6-7)
Shotgun Stories ;tt0952682;2007;92;7,3;7148;Jeff Nichols;Michael Abbott Jr.;Natalie Canerday;Travis Smith;USA;English;PG-13;Drama;Thriller;;;45661,0;773;2000;;;Bon (7-8)
Exam ;tt1258197;2009;101;6,9;70076;Stuart Hazeldine;Colin Salmon;Luke Mably;Pollyanna McIntosh;UK;English;Not Rated;Mystery;Thriller;;;;14000;2000;;;Moyen (6-7)
The Sticky Fingers of Time ;tt0127302;1997;81;6,3;336;Hilary Brougher;James Urbaniak;Samantha Buck;Terumi Matthews;USA;English;;Sci-Fi;;;250000,0;18195,0;67;1990;-231805,0;-92,7;Moyen (6-7)
Sunday School Musical ;tt1270792;2008;93;2,5;602;Rachel Goldenberg;Dustin Fitzsimons;Mark Hengst;Debra Lynn Hull;USA;English;G;Drama;Musical;;;;777;2000;;;Faible (<6)
Rust ;tt1360826;2010;95;5,7;300;Corbin Bernsen;Corbin Bernsen;Lorne Cardinal;Kirsten Collins;Canada;English;PG;Drama;;;250000,0;;141;2010;;;Faible (<6)
Ink ;tt1071804;2009;107;7,0;18486;Jamin Winans;Eme Ikwuakor;Marty Lindsey;Jessica Duffy;USA;English;;Action;Drama;Fantasy;;;11000;2000;;;Bon (7-8)
The Christmas Bunny ;tt1640714;2010;98;6,2;450;Tom Seidman;Florence Henderson;Derek Brandon;Charles Irving Beale;USA;English;PG;Drama;Family;;250000,0;;0;2010;;;Moyen (6-7)
Jesus People ;tt1003002;2007;35;6,9;31;Jason Naumann;Victoria Jackson;Kate Flannery;Tim Bagley;USA;English;;Comedy;Short;;;;0;2000;;;Moyen (6-7)
Butterfly ;tt0082122;1982;108;4,5;870;Matt Cimber;Stacy Keach;June Lockhart;Stuart Whitman;USA;English;R;Crime;Drama;;;;76;1980;;;Faible (<6)
UnDivided ;tt3564748;2013;66;7,8;6;Sam Martin;Sam Adams;Steve Duin;Jeff Jacob;USA;English;PG;Documentary;;;250000,0;;53;2010;;;Bon (7-8)
The Frozen ;tt2363439;2012;95;4,4;1488;Andrew Hyatt;Noah Segan;Brit Morgan;Sedona James;USA;English;PG-13;Horror;Thriller;;250000,0;;519;2010;;;Faible (<6)
Horse Camp ;tt3421204;2014;108;6,6;25;Joel Paul Reisig;Joshua Ray Bell;Dana Blackstone;Annelyse Ahmad;USA;English;PG;Family;;;250000,0;;71;2010;;;Moyen (6-7)
Give Me Shelter ;tt2559658;2014;90;8,0;37;Kristin Rizzo;Esai Morales;Robert Davi;Elaine Hendrix;USA;English;;Documentary;;;250000,0;;199;2010;;;Excellent (8+)
The Big Parade ;tt0015624;1925;151;8,3;4849;King Vidor;John Gilbert;Renée Adorée;Claire Adams;USA;;Not Rated;Drama;Romance;War;245000,0;;226;1920;;;Excellent (8+)
Little Big Top ;tt0469690;2006;83;6,5;110;Ward Roberts;Sid Haig;Jacob Zachar;Travis Betz;USA;English;;Comedy;;;240000,0;;72;2000;;;Moyen (6-7)
Along the Roadside ;tt2290113;2013;108;7,1;330;Zoran Lisinac;Matthew Emerick;Brock Baker;Sheldon Bailey;USA;English;;Comedy;Music;Romance;250000,0;;231;2010;;;Bon (7-8)
Bronson ;tt1172570;2008;92;7,1;84817;Nicolas Winding Refn;Tom Hardy;James Lance;Matt King;UK;English;R;Action;Biography;Crime;;104792,0;22000;2000;;;Bon (7-8)
Western Religion ;tt3210710;2015;105;4,0;146;James O'Brien;Mark Fantasia;Vivian Lamolli;Greg Jackson;USA;English;;Adventure;Drama;Fantasy;250000,0;;244;2010;;;Faible (<6)
Burn ;tt1781784;2012;86;7,5;575;Tom Putnam;Brendan Doogie Milewski;Donald Austin;Craig Dougherty;USA;English;Not Rated;Documentary;;;225000,0;111300,0;801;2010;-113700,0;-50,5;Bon (7-8)
Urbania ;tt0182508;2000;106;7,0;2742;Jon Shear;Dan Futterman;Josh Hamilton;Matt Keeslar;USA;English;R;Drama;;;225000,0;1027119,0;72;2000;802119,0;356,5;Bon (7-8)
The Stewardesses ;tt0168192;1969;93;4,0;161;Al Silliman Jr.;Christina Hart;Nancy Ison;William Condos;USA;English;X;Comedy;Drama;;100000,0;;17;1960;;;Faible (<6)
The Beast from 20,000 Fathoms ;tt0045546;1953;80;6,7;4812;Eugène Lourié;Kenneth Tobey;Cecil Kellaway;Ross Elliott;USA;English;Approved;Adventure;Horror;Sci-Fi;210000,0;5000000,0;465;1950;4790000,0;2281,0;Moyen (6-7)
Mad Max ;tt0079501;1979;93;7,0;152232;George Miller;Hugh Keays-Byrne;Steve Bisley;Joanne Samuel;Australia;English;R;Action;Adventure;Sci-Fi;200000,0;;10000;1970;;;Bon (7-8)
Swingers ;tt0117802;1996;96;7,4;63951;Doug Liman;Jon Favreau;Alex Désert;Blake Lindsley;USA;English;R;Comedy;Drama;;200000,0;4505922,0;0;1990;4305922,0;2153,0;Bon (7-8)
A Fistful of Dollars ;tt0058461;1964;99;8,0;147566;Sergio Leone;Clint Eastwood;Gian Maria Volontè;Aldo Sambrell;Italy;Italian;R;Action;Drama;Western;200000,0;3500000,0;0;1960;3300000,0;1650,0;Excellent (8+)
She Done Him Wrong ;tt0024548;1933;66;6,5;4152;Lowell Sherman;Mae West;Gilbert Roland;Louise Beavers;USA;English;Approved;Comedy;Drama;History;200000,0;;328;1930;;;Moyen (6-7)
Short Cut to Nirvana: Kumbh Mela ;tt0420723;2004;85;7,2;131;Maurizio Benazzo;The Dalai Lama;Jasper Johal;Swami Krishnanad;USA;English;Unrated;Documentary;;;200000,0;381225,0;30;2000;181225,0;90,6;Bon (7-8)
The Grace Card ;tt1544600;2010;101;6,4;2099;David G. Evans;Michael Joiner;Chris Thomas;Michael Higgenbottom;USA;English;PG-13;Drama;;;200000,0;2428241,0;0;2010;2228241,0;1114,1;Moyen (6-7)
Middle of Nowhere ;tt1211890;2012;97;6,5;1034;Ava DuVernay;Omari Hardwick;David Oyelowo;Lorraine Toussaint;USA;English;R;Drama;;;200000,0;78030,0;569;2010;-121970,0;-61,0;Moyen (6-7)
3 ;tt1517177;2010;119;6,8;4212;Tom Tykwer;Devid Striesow;Sebastian Schipper;Sophie Rois;Germany;German;Unrated;Comedy;Drama;Romance;;59774,0;2000;2010;;;Moyen (6-7)
The Business of Fancydancing ;tt0303313;2002;103;6,9;460;Sherman Alexie;William Joseph Elk III;Leo Rossi;Cynthia Geary;USA;English;;Drama;Music;;200000,0;174682,0;96;2000;-25318,0;-12,7;Moyen (6-7)
Call + Response ;tt1301130;2008;86;7,5;48;Justin Dillon;Matisyahu;Natasha Bedingfield;Madeleine Albright;USA;English;PG-13;Documentary;History;Music;200000,0;215185,0;26;2000;15185,0;7,6;Bon (7-8)
Malevolence ;tt0388230;2003;90;5,1;2413;Stevan Mena;R. Brandon Johnson;Stevan Mena;Richard Glover;USA;English;R;Crime;Horror;Mystery;200000,0;;198;2000;;;Faible (<6)
Shooting the Warwicks ;tt2690560;2015;95;6,2;81;Adam Rifkin;Marri Savinar;Adam Rifkin;Bethany Blakey;USA;English;;Comedy;Drama;;250000,0;;47;2010;;;Moyen (6-7)
Super Hybrid ;tt1152827;2010;94;3,9;1328;Eric Valette;Melanie Papalia;Ryan Kennedy;John Reardon;USA;English;PG-13;Horror;Sci-Fi;Thriller;13000000,0;;0;2010;;;Faible (<6)
Baghead ;tt0923600;2008;84;6,0;3507;Jay Duplass;Greta Gerwig;Jennifer Lafleur;Elise Muller;USA;English;R;Comedy;Drama;Horror;;140016,0;443;2000;;;Moyen (6-7)
Solitude ;tt3565836;2014;89;6,8;78;Livingston Oden;Susan Chambers;Victoria Lachelle;Ali Daniels;USA;English;;Comedy;Horror;Mystery;;;267;2010;;;Moyen (6-7)
The Case of the Grinning Cat ;tt0437123;2004;59;7,4;352;Chris Marker;Marina Vlady;Bertrand Cantat;Léon Schwartzenberg;France;French;;Documentary;;;150000,0;;44;2000;;;Bon (7-8)
Ordet ;tt0048452;1955;126;8,1;9903;Carl Theodor Dreyer;Hanne Aagesen;Sylvia Eckhausen;Ejner Federspiel;Denmark;Danish;Not Rated;Drama;Fantasy;;;;863;1950;;;Excellent (8+)
Good Dick ;tt0944101;2008;86;6,5;6689;Marianna Palka;Bryce Dallas Howard;Martin Starr;Jason Ritter;USA;English;R;Comedy;Drama;Romance;;15542,0;0;2000;;;Moyen (6-7)
The Man from Earth ;tt0756683;2007;87;8,0;129799;Richard Schenkman;William Katt;John Billingsley;David Lee Smith;USA;English;Not Rated;Drama;Romance;Sci-Fi;200000,0;;46000;2000;;;Excellent (8+)
The Trials of Darryl Hunt ;tt0446055;2006;106;7,7;771;Ricki Stern;Darryl Hunt;Evelyn Jefferson;John Reeves;USA;English;PG-13;Crime;Documentary;;200000,0;1111,0;246;2000;-198889,0;-99,4;Bon (7-8)
An American Girl Holiday ;tt0412366;2004;86;7,2;1338;Nadia Tass;Mia Farrow;Jordan Bridges;Bruce Gooch;USA;English;;Drama;Family;;200000,0;;90;2000;;;Bon (7-8)
Yesterday Was a Lie ;tt0448182;2008;89;5,4;374;James Kerwin;John Newton;Chase Masterson;H.M. Wynant;USA;English;PG;Drama;Music;Mystery;2500000,0;;83;2000;;;Faible (<6)
Theresa Is a Mother ;tt1989646;2012;105;6,7;37;C. Fraser Press;Elaine Bromka;Robert Turano;Matthew Gumley;USA;English;;Comedy;Drama;Music;200000,0;;38;2010;;;Moyen (6-7)
H. ;tt3666210;2014;93;6,3;191;Rania Attieh;Paul Hickert;Robin Bartlett;Rebecca Dayan;USA;English;;Drama;Sci-Fi;Thriller;;;142;2010;;;Moyen (6-7)
Archaeology of a Woman ;tt1702455;2012;94;8,1;15;Sharon Greytak;Sally Kirkland;Alex Emanuel;Elaine Bromka;USA;English;;Drama;;;200000,0;;66;2010;;;Excellent (8+)
Children of Heaven ;tt0118849;1997;89;8,5;27882;Majid Majidi;Bahare Seddiqi;Amir Farrokh Hashemian;Mohammad Amir Naji;Iran;Persian;PG;Drama;Family;;180000,0;925402,0;0;1990;745402,0;414,1;Excellent (8+)
Weekend ;tt1714210;2011;97;7,7;19846;Andrew Haigh;Tom Cullen;Chris New;Vauxhall Jermaine;UK;English;Not Rated;Drama;Romance;;120000,0;469947,0;0;2010;349947,0;291,6;Bon (7-8)
She's Gotta Have It ;tt0091939;1986;88;6,5;4769;Spike Lee;S. Epatha Merkerson;Joie Lee;Tracy Camilla Johns;USA;English;R;Comedy;Romance;;175000,0;7137502,0;406;1980;6962502,0;3978,6;Moyen (6-7)
Butterfly Girl ;tt2421956;2014;78;8,7;27;Cary Bell;Abigail Evans;Stacie Evans;Emily Gorell;USA;English;;Documentary;;;180000,0;;88;2010;;;Excellent (8+)
The World Is Mine ;tt4707756;2015;104;6,5;354;Nicolae Constantin Tanase;Iulia Ciochina;Ana Maria Guran;Ana Vatamanu;Romania;Romanian;;Drama;;;168000,0;;34;2010;;;Moyen (6-7)
Another Earth ;tt1549572;2011;92;7,0;71387;Mike Cahill;Robin Lord Taylor;William Mapother;Flint Beverage;USA;English;PG-13;Drama;Romance;Sci-Fi;100000,0;1316074,0;21000;2010;1216074,0;1216,1;Bon (7-8)
Sweet Sweetback's Baadasssss Song ;tt0067810;1971;97;5,5;3340;Melvin Van Peebles;John Amos;Mario Van Peebles;Melvin Van Peebles;USA;English;R;Crime;Drama;Thriller;500000,0;15180000,0;566;1970;14680000,0;2936,0;Faible (<6)
Perfect Cowboy ;tt3581098;2014;109;7,0;8;Ken Roht;Charla Cochran;Joe Lev;Sienna Beckman;USA;English;;Drama;;;200000,0;;65;2010;;;Bon (7-8)
Tadpole ;tt0271219;2000;78;6,3;5178;Gary Winick;Bebe Neuwirth;Aaron Stanford;Ron Rifkin;USA;English;PG-13;Comedy;Drama;Romance;150000,0;2882062,0;132;2000;2732062,0;1821,4;Moyen (6-7)
Once ;tt0907657;2007;85;7,9;90827;John Carney;Glen Hansard;Markéta Irglová;Darren Healy;Ireland;English;R;Drama;Music;Romance;180000,0;9437933,0;26000;2000;9257933,0;5143,3;Bon (7-8)
The Woman Chaser ;tt0217894;1999;88;7,3;524;Robinson Devor;Marilyn Rising;Eugene Roche;Max Kerstein;USA;English;;Comedy;;;1200000,0;110720,0;73;1990;-1089280,0;-90,8;Bon (7-8)
The Horse Boy ;tt1333668;2009;93;7,4;586;Michel Orion Scott;Temple Grandin;Rowan Isaacson;Simon Baron-Cohen;USA;English;Unrated;Documentary;;;160000,0;155984,0;0;2000;-4016,0;-2,5;Bon (7-8)
When the Lights Went Out ;tt1743993;2012;86;5,4;3813;Pat Holden;Alan Brent;Martin Compston;Kate Ashfield;UK;English;;Horror;;;;;0;2010;;;Faible (<6)
Heroes of Dirt ;tt1934172;2015;98;7,1;53;Eric Bugbee;Joel Moody;Bill Allen;Lia Tucker;USA;English;PG-13;Action;Drama;Sport;;;197;2010;;;Bon (7-8)
A Charlie Brown Christmas ;tt0059026;1965;25;8,4;21826;Bill Melendez;Peter Robbins;Bill Melendez;Christopher Shea;USA;English;TV-G;Animation;Comedy;Family;150000,0;;0;1960;;;Excellent (8+)
Antarctic Edge: 70° South ;tt2780714;2015;72;7,0;123;Dena Seidel;Naderev Sano;Hugh Ducklow;Mike Brett;USA;English;;Adventure;Documentary;;150000,0;4914,0;215;2010;-145086,0;-96,7;Bon (7-8)
Aroused ;tt2403815;2013;66;5,3;502;Deborah Anderson;Lisa Ann;Jesse Jane;Kayden Kross;USA;English;;Documentary;;;150000,0;;207;2010;;;Faible (<6)
Top Spin ;tt4219836;2014;80;7,1;260;Sara Newens;Ariel Hsing;Xinhua Jiang;Michael Landers;USA;English;;Documentary;;;150000,0;5858,0;116;2010;-144142,0;-96,1;Bon (7-8)
Roger & Me ;tt0098213;1989;91;7,5;22800;Michael Moore;Michael Moore;Pat Boone;Bob Eubanks;USA;English;R;Documentary;;;160000,0;6706368,0;667;1980;6546368,0;4091,5;Bon (7-8)
An American in Hollywood ;tt2125430;2014;89;7,2;100;Sai Varadan;J.D. Williams;Hassan Johnson;Samantha Esteban;USA;English;R;Drama;;;125000,0;;72;2010;;;Bon (7-8)
Sound of My Voice ;tt1748207;2011;85;6,7;15775;Zal Batmanglij;Christopher Denham;James Urbaniak;Constance Wu;USA;English;R;Drama;Mystery;Sci-Fi;;405614,0;0;2010;;;Moyen (6-7)
The Brain That Sings ;tt2638024;2013;62;8,2;18;Amal Al-Agroobi;;;;United Arab Emirates;Arabic;;Documentary;Family;;125000,0;;54;2010;;;Excellent (8+)
The Blood of My Brother ;tt0488873;2005;90;6,6;102;Andrew Berends;;;;USA;English;;Documentary;War;;120000,0;;14;2000;;;Moyen (6-7)
Your Sister's Sister ;tt1742336;2011;90;6,7;21618;Lynn Shelton;Mark Duplass;Mike Birbiglia;Mel Eslyn;USA;English;R;Comedy;Drama;;125000,0;1573712,0;3000;2010;1448712,0;1159,0;Moyen (6-7)
Romantic Schemer ;tt4607906;2015;0;5,1;172;Valentine;Diane Sorrentino;Valentine;;USA;English;PG-13;Romance;;;125000,0;;0;2010;;;Faible (<6)
A Dog's Breakfast ;tt0796314;2007;88;7,0;3262;David Hewlett;Christopher Judge;David Hewlett;Paul McGillion;Canada;English;;Comedy;;;120000,0;;377;2000;;;Bon (7-8)
Une Femme Mariée ;tt0058701;1964;94;7,4;1962;Jean-Luc Godard;Philippe Leroy;Macha Méril;Rita Maiden;France;French;;Drama;;;120000,0;;187;1960;;;Bon (7-8)
The Birth of a Nation ;tt4196450;2016;120;5,4;1197;Nate Parker;Jason Stuart;Nate Parker;Aunjanue Ellis;USA;English;R;Biography;Drama;;10000000,0;;0;2010;;;Faible (<6)
The Work and the Story ;tt0339921;2003;77;5,7;98;Nathan Smith Jones;Richard Moll;Frank Gerrish;Christopher Robin Miller;USA;English;;Comedy;;;103000,0;;0;2000;;;Faible (<6)
Facing the Giants ;tt0805526;2006;111;6,7;12399;Alex Kendrick;Alex Kendrick;Erin Bethea;Shannen Fields;USA;English;PG;Drama;Sport;;100000,0;10174663,0;0;2000;10074663,0;10074,7;Moyen (6-7)
The Gallows ;tt2309260;2015;81;4,2;13521;Travis Cluff;Pfeifer Brown;Cassidy Gifford;Reese Mishler;USA;English;R;Horror;Thriller;;100000,0;22757819,0;0;2010;22657819,0;22657,8;Faible (<6)
Eraserhead ;tt0074486;1977;89;7,4;69831;David Lynch;Hal Landon Jr.;Jack Nance;Charlotte Stewart;USA;English;Unrated;Fantasy;Horror;Sci-Fi;20000,0;;0;1970;;;Bon (7-8)
Over the Hill to the Poorhouse ;tt0011549;1920;110;4,8;5;Harry F. Millarde;Stephen Carr;Johnnie Walker;Mary Carr;USA;;;Crime;Drama;;100000,0;3000000,0;0;1920;2900000,0;2900,0;Faible (<6)
Hollywood Shuffle ;tt0093200;1987;81;7,0;2770;Robert Townsend;Robert Townsend;Keenen Ivory Wayans;Helen Martin;USA;English;R;Comedy;;;100000,0;5228617,0;471;1980;5128617,0;5128,6;Bon (7-8)
The Mighty ;tt0119670;1998;100;7,3;10499;Peter Chelsom;Kieran Culkin;Elden Henson;Gena Rowlands;USA;English;PG-13;Comedy;Drama;;;2643689,0;0;1990;;;Bon (7-8)
Penitentiary ;tt0079709;1979;99;5,8;509;Jamaa Fanaka;Leon Isaac Kennedy;Chuck Mitchell;Wilbur 'Hi-Fi' White;USA;English;R;Crime;Drama;Sport;100000,0;;157;1970;;;Faible (<6)
The Lost Skeleton of Cadavra ;tt0307109;2001;90;7,0;4117;Larry Blamire;Fay Masterson;Brian Howe;Larry Blamire;USA;English;PG;Comedy;Horror;Sci-Fi;40000,0;110536,0;0;2000;70536,0;176,3;Bon (7-8)
Dude, Where's My Dog?! ;tt3109200;2014;82;3,2;73;Stephen Langford;Kevin P. Farley;Gabriela Castillo;Brandon Middleton;USA;English;PG;Family;;;20000,0;;178;2010;;;Faible (<6)
Cheap Thrills ;tt2389182;2013;88;6,8;12796;E.L. Katz;Brighton Sharbino;Ethan Embry;Elissa Dowling;USA;English;Not Rated;Comedy;Crime;Drama;200000,0;59379,0;0;2010;-140621,0;-70,3;Moyen (6-7)
Indie Game: The Movie ;tt1942884;2012;103;7,7;16701;Lisanne Pajot;Jonathan Blow;Edmund McMillen;Phil Fish;Canada;English;Not Rated;Documentary;;;100000,0;;0;2010;;;Bon (7-8)
Closure ;tt0480011;2007;80;5,6;5747;Dan Reed;Danny Dyer;Adam Rayner;Ralph Brown;UK;English;R;Thriller;;;1800000,0;;246;2000;;;Faible (<6)
Open Secret ;tt0040671;1948;68;7,1;67;John Reinhardt;Sheldon Leonard;John Ireland;Arthur O'Connell;USA;English;Approved;Crime;Drama;;;;10;1940;;;Bon (7-8)
Echo Dr. ;tt2343473;2013;81;3,6;101;Patrick Ryan Sims;Claire Gordon-Harper;Hugh Mun;Johnathan Hurley;USA;English;;Action;Drama;Sci-Fi;100000,0;;17;2010;;;Faible (<6)
The Night Visitor ;tt0066141;1971;106;6,8;544;Laslo Benedek;Liv Ullmann;Trevor Howard;Andrew Keir;USA;English;GP;Crime;Horror;Thriller;;;65;1970;;;Moyen (6-7)
The Past is a Grotesque Animal ;tt3072636;2014;77;7,6;80;Jason Miller;Jon Brion;Dottie Alexander;David Barnes;USA;English;Unrated;Biography;Documentary;Music;100000,0;;82;2010;;;Bon (7-8)
Peace, Propaganda & the Promised Land ;tt0428959;2004;80;8,3;496;Sut Jhally;Noam Chomsky;Seth Ackerman;Arik Ascherman;USA;English;;Documentary;;;70000,0;;110;2000;;;Excellent (8+)
Pi ;tt0138704;1998;84;7,5;142619;Darren Aronofsky;Mark Margolis;Clint Mansell;Stanley B. Herman;USA;English;R;Drama;Mystery;Thriller;60000,0;3216970,0;24000;1990;3156970,0;5261,6;Bon (7-8)
I Love You, Don't Touch Me! ;tt0130019;1997;86;5,4;405;Julie Davis;Jack McGee;Meredith Scott Lynn;Tim DeZarn;USA;English;R;Comedy;Romance;;;33598,0;97;1990;;;Faible (<6)
20 Dates ;tt0138987;1998;87;5,3;1622;Myles Berkowitz;Tia Carrere;Tom Ardavany;Robert McKee;USA;English;R;Biography;Comedy;Romance;60000,0;536767,0;30;1990;476767,0;794,6;Faible (<6)
Queen Crab ;tt2319456;2015;80;4,5;48;Brett Piper;Michelle Simone Miller;Steve Diasparra;A.J. DeLucia;USA;English;;Action;Sci-Fi;Thriller;75000,0;;34;2010;;;Faible (<6)
Super Size Me ;tt0390521;2004;100;7,3;85028;Morgan Spurlock;Chemeeka Walker;Amanda Kearsan;Amelia Giancarlo;USA;English;PG;Comedy;Documentary;Drama;65000,0;11529368,0;0;2000;11464368,0;17637,5;Bon (7-8)
The FP ;tt1296373;2011;82;5,6;1389;Brandon Trost;Clifton Collins Jr.;Sean Whalen;James DeBello;USA;English;R;Comedy;;;60000,0;40557,0;0;2010;-19443,0;-32,4;Faible (<6)
Happy Christmas ;tt2955096;2014;82;5,6;5507;Joe Swanberg;Anna Kendrick;Lena Dunham;Mark Webber;USA;English;R;Comedy;Drama;;70000,0;30084,0;812;2010;-39916,0;-57,0;Faible (<6)
The Brain That Wouldn't Die ;tt0052646;1962;70;4,1;4752;Joseph Green;Virginia Leith;Jason Evers;Bruce Kerr;USA;English;Approved;Horror;Sci-Fi;;62000,0;;1000;1960;;;Faible (<6)
Tiger Orange ;tt2866824;2014;75;6,8;683;Wade Gasque;Ty Parker;Vincent Duvall;Loanne Bishop;USA;English;Unrated;Drama;;;100000,0;;182;2010;;;Moyen (6-7)
Supporting Characters ;tt1874789;2012;87;6,3;760;Daniel Schechter;Lena Dunham;Kevin Corrigan;Alex Karpovsky;USA;English;Not Rated;Comedy;;;;;209;2010;;;Moyen (6-7)
Absentia ;tt1610996;2011;87;5,8;13065;Mike Flanagan;Justin Gordon;Courtney Bell;Erin Cipolletti;USA;English;R;Drama;Horror;Mystery;70000,0;;3000;2010;;;Faible (<6)
The Brothers McMullen ;tt0112585;1995;98;6,6;6375;Edward Burns;Shari Albert;Michael McGlone;Maxine Bahns;USA;English;R;Comedy;Drama;Romance;25000,0;10246600,0;265;1990;10221600,0;40886,4;Moyen (6-7)
The Dirties ;tt2334896;2013;83;6,7;3885;Matt Johnson;Paul Daniel Ayotte;Shailene Garnett;Matt Johnson;Canada;English;Not Rated;Crime;Drama;Thriller;;;1000;2010;;;Moyen (6-7)
Gabriela ;tt0085575;1983;99;6,4;712;Bruno Barreto;Marcello Mastroianni;Sonia Braga;Joffre Soares;Brazil;Portuguese;R;Comedy;Drama;Romance;;;114;1980;;;Moyen (6-7)
Tiny Furniture ;tt1570989;2010;98;6,3;11816;Lena Dunham;Lena Dunham;Merritt Wever;Jemima Kirke;USA;English;Not Rated;Comedy;Drama;Romance;65000,0;389804,0;0;2010;324804,0;499,7;Moyen (6-7)
Hayride ;tt1861343;2012;93;3,4;485;Terron R. Parsons;Richard Tyson;Jeremy Sande;Corlandos Scott;USA;English;Not Rated;Crime;Drama;Horror;60000,0;;284;2010;;;Faible (<6)
The Naked Ape ;tt0381053;2006;0;4,7;128;Daniel Mellitz;Corbin Bernsen;Chelse Swain;Amanda MacDonald;USA;English;;Comedy;Drama;;;;2;2000;;;Faible (<6)
Counting ;tt4462082;2015;111;6,0;61;Jem Cohen;;;;USA;English;;Documentary;;;50000,0;;5;2010;;;Moyen (6-7)
The Call of Cthulhu ;tt0478988;2005;47;7,3;6261;Andrew Leman;Dan Novy;David Mersault;Barry Lynch;USA;English;;Fantasy;Horror;Mystery;50000,0;;0;2000;;;Bon (7-8)
Bending Steel ;tt2181837;2013;92;7,9;53;Dave Carroll;Chris 'Wonder' Schoeck;;;USA;English;;Documentary;;;50000,0;;33;2010;;;Bon (7-8)
The Signal ;tt2910814;2014;97;6,1;48236;William Eubank;Lin Shaye;Olivia Cooke;Beau Knapp;USA;English;PG-13;Sci-Fi;Thriller;;4000000,0;;10000;2010;;;Moyen (6-7)
The Image Revolution ;tt2294916;2014;81;7,4;66;Patrick Meaney;Taliesin Jaffe;Greg Aronowitz;Jeff Dowd;USA;English;;Biography;Documentary;;50000,0;;83;2010;;;Bon (7-8)
This Is Martin Bonner ;tt1798291;2013;83;6,6;733;Chad Hartigan;Jan Haley;Paul Eenhoorn;Demetrius Grosse;USA;English;R;Drama;;;42000,0;;234;2010;;;Moyen (6-7)
A True Story ;tt1524083;2013;96;5,5;181;Malcolm Goodwin;Katrina Bowden;Jon Gries;Kelen Coleman;USA;English;;Comedy;;;45000,0;;72;2010;;;Faible (<6)
George Washington ;tt0262432;2000;90;7,5;6246;David Gordon Green;Paul Schneider;Eddie Rouse;Damian Jewan Lee;USA;English;Unrated;Drama;;;42000,0;241816,0;451;2000;199816,0;475,8;Bon (7-8)
Smiling Fish & Goat on Fire ;tt0162348;1999;90;7,6;2631;Kevin Jordan;Derick Martini;Christa Miller;Ion Overman;USA;English;R;Comedy;Romance;;40000,0;277233,0;0;1990;237233,0;593,1;Bon (7-8)
Dawn of the Crescent Moon ;tt3157318;2014;95;5,0;34;Kirk Loudon;Barry Corbin;Johnny Walter;Shiree Nelson;USA;English;;Drama;Sci-Fi;Thriller;75000,0;;87;2010;;;Faible (<6)
Raymond Did It ;tt1716760;2011;83;3,2;192;Travis Legge;Elissa Dowling;Patricia Raven;Lindsay Felton;USA;English;Unrated;Horror;;;40000,0;;239;2010;;;Faible (<6)
The Last Waltz ;tt0077838;1978;117;8,2;12611;Martin Scorsese;Ringo Starr;Levon Helm;Bob Dylan;USA;English;PG;Documentary;Music;;;321952,0;0;1970;;;Excellent (8+)
Run, Hide, Die ;tt2442662;2012;75;3,7;106;Collin Joseph Neal;Julianne Gabert;Thomas Brophy;Ronee Collins;USA;English;;Horror;Thriller;;50000,0;;225;2010;;;Faible (<6)
The Exploding Girl ;tt1294161;2009;79;6,3;1516;Bradley Rust Gray;Zoe Kazan;Mark Rendall;Jordan Scovel;USA;English;Unrated;Drama;;;;24705,0;377;2000;;;Moyen (6-7)
The Legend of God's Gun ;tt1073221;2007;78;4,1;143;Mike Bruce;Joseph Campanella;Kirpatrick Thomas;Christian Anderson;USA;English;R;Western;;;30000,0;243768,0;13;2000;213768,0;712,6;Faible (<6)
Mutual Appreciation ;tt0446747;2005;109;6,9;1578;Andrew Bujalski;Andrew Bujalski;Kate Dollenmayer;Justin Rice;USA;English;R;Comedy;;;;;91;2000;;;Moyen (6-7)
Her Cry: La Llorona Investigation ;tt2469216;2013;89;5,4;23;Damir Catic;Nichole Ceballos;Ron Gelner;Parker Riggs;USA;English;Not Rated;Horror;;;60000,0;;48;2010;;;Faible (<6)
Down Terrace ;tt1489167;2009;93;6,5;2646;Ben Wheatley;Michael Smiley;Tony Way;David Schaal;UK;English;R;Comedy;Crime;Drama;;9609,0;535;2000;;;Moyen (6-7)
Clerks ;tt0109445;1994;102;7,8;181749;Kevin Smith;Jason Mewes;Brian O'Halloran;Jeff Anderson;USA;English;R;Comedy;;;230000,0;3151130,0;0;1990;2921130,0;1270,1;Bon (7-8)
Pink Narcissus ;tt0067580;1971;65;6,7;803;James Bidgood;Don Brooks;Bobby Kendall;;USA;English;Not Rated;Drama;Fantasy;;27000,0;8231,0;85;1970;-18769,0;-69,5;Moyen (6-7)
Funny Ha Ha ;tt0327753;2002;85;6,4;1894;Andrew Bujalski;Andrew Bujalski;Kate Dollenmayer;Justin Rice;USA;English;;Comedy;Drama;;;;108;2000;;;Moyen (6-7)
In the Company of Men ;tt0119361;1997;97;7,3;11550;Neil LaBute;Stacy Edwards;Matt Malloy;Jason Dixie;Canada;English;R;Comedy;Drama;;25000,0;2856622,0;489;1990;2831622,0;11326,5;Bon (7-8)
Manito ;tt0298050;2002;79;7,0;493;Eric Eason;Franky G;Panchito Gómez;Casper Martinez;USA;English;;Drama;Family;;24000,0;;61;2000;;;Bon (7-8)
Rampage ;tt1337057;2009;80;6,3;15091;Uwe Boll;Matt Frewer;Katharine Isabelle;Michael Paré;Canada;English;R;Action;Crime;Thriller;;;0;2000;;;Moyen (6-7)
Slacker ;tt0102943;1991;100;7,1;15103;Richard Linklater;Tommy Pallotta;Richard Linklater;Jean Caffeine;USA;English;R;Comedy;Drama;;23000,0;1227508,0;2000;1990;1204508,0;5237,0;Bon (7-8)
Dutch Kills ;tt2759066;2015;90;4,8;57;Joseph Mazzella;Tjasa Ferme;Mikaal Bates;Damon Owlia;USA;English;;Crime;Drama;Thriller;25000,0;;33;2010;;;Faible (<6)
Dry Spell ;tt2375036;2013;90;3,3;114;Travis Legge;Kristen Seavey;Suzi Lorraine;Travis Legge;USA;English;;Comedy;Romance;;22000,0;;200;2010;;;Faible (<6)
Flywheel ;tt0425027;2003;120;6,9;2986;Alex Kendrick;Shannen Fields;Lisa Arnold;Janet Lee Dapper;USA;English;;Drama;;;20000,0;;725;2000;;;Moyen (6-7)
Exeter ;tt1945044;2015;91;4,6;3836;Marcus Nispel;Ashley Tramonte;Brittany Curran;Lindsay MacDonald;USA;English;R;Horror;Mystery;Thriller;;;0;2010;;;Faible (<6)
The Ridges ;tt1781935;2011;143;3,0;125;Brandon Landers;Robbie Barnes;Alana Kaniewski;Brandon Landers;USA;English;;Drama;Horror;Thriller;17350,0;;33;2010;;;Faible (<6)
The Puffy Chair ;tt0436689;2005;85;6,6;4067;Jay Duplass;Mark Duplass;Katie Aselton;Bari Hyman;USA;English;R;Comedy;Drama;Romance;15000,0;192467,0;297;2000;177467,0;1183,1;Moyen (6-7)
Stories of Our Lives ;tt3973612;2014;60;7,4;70;Jim Chuchu;Paul Ogola;Olwenya Maina;Mugambi Nthiga;Kenya;Swahili;;Drama;;;15000,0;;45;2010;;;Bon (7-8)
Breaking Upwards ;tt1247644;2009;88;6,2;1194;Daryl Wein;Zoe Lister-Jones;Heather Burns;Ebon Moss-Bachrach;USA;English;;Romance;;;15000,0;76382,0;324;2000;61382,0;409,2;Moyen (6-7)
All Superheroes Must Die ;tt1836212;2011;78;4,0;1771;Jason Trost;Sean Whalen;Jason Trost;Nick Principe;USA;English;Unrated;Sci-Fi;Thriller;;20000,0;;835;2010;;;Faible (<6)
Pink Flamingos ;tt0069089;1972;108;6,1;16792;John Waters;Divine;Mink Stole;Edith Massey;USA;English;NC-17;Comedy;Crime;Horror;10000,0;180483,0;0;1970;170483,0;1704,8;Moyen (6-7)
Clean ;tt0388838;2004;110;6,9;3924;Olivier Assayas;Maggie Cheung;Béatrice Dalle;Don McKellar;France;French;R;Drama;Music;Romance;4500,0;136007,0;171;2000;131507,0;2922,4;Moyen (6-7)
The Circle ;tt0255094;2000;90;7,5;4555;Jafar Panahi;Fereshteh Sadre Orafaiy;Nargess Mamizadeh;Mojgan Faramarzi;Iran;Persian;Not Rated;Drama;;;10000,0;673780,0;697;2000;663780,0;6637,8;Bon (7-8)
Tin Can Man ;tt1235811;2007;83;6,7;57;Ivan Kavanagh;Patrick O'Donnell;Michael Parle;Emma Eliza Regan;Ireland;English;;Horror;;;10000,0;;105;2000;;;Moyen (6-7)
The Cure ;tt0123948;1997;111;7,4;6318;Kiyoshi Kurosawa;Kôji Yakusho;Anna Nakagawa;Denden;Japan;Japanese;;Crime;Horror;Mystery;1000000,0;94596,0;817;1990;-905404,0;-90,5;Bon (7-8)
On the Downlow ;tt0390323;2004;84;6,1;156;Tadeo Garcia;Tatiana Suarez-Pico;Michael Cortez;Eric Ambriz;USA;English;;Drama;;;;;22;2000;;;Moyen (6-7)
"Sanctuary; Quite a Conundrum ";tt2049518;2012;82;5,4;133;Thomas L. Phillips;Julianna Pitt;Joe Coffey;John Lucas;USA;English;;Comedy;Horror;Thriller;200000,0;;424;2010;;;Faible (<6)
Bang ;tt0109266;1995;98;6,4;438;Ash Baron-Cohen;Peter Greene;Stanley B. Herman;James Noble;USA;English;;Crime;Drama;;;;20;1990;;;Moyen (6-7)
Primer ;tt0390384;2004;77;7,0;72639;Shane Carruth;Shane Carruth;David Sullivan;Casey Gooden;USA;English;PG-13;Drama;Sci-Fi;Thriller;7000,0;424760,0;19000;2000;417760,0;5968,0;Bon (7-8)
Cavite ;tt0428303;2005;80;6,3;589;Neill Dela Llana;Ian Gamazon;Edgar Tancangco;Quynn Ton;Philippines;English;Not Rated;Thriller;;;7000,0;70071,0;74;2000;63071,0;901,0;Moyen (6-7)
El Mariachi ;tt0104815;1992;81;6,9;52055;Robert Rodriguez;Carlos Gallardo;Peter Marquardt;Consuelo Gómez;USA;Spanish;R;Action;Crime;Drama;7000,0;2040920,0;0;1990;2033920,0;29056,0;Moyen (6-7)
The Mongol King ;tt0430371;2005;84;7,8;36;Anthony Vallone;Richard Jewell;John Considine;Sara Stepnicka;USA;English;PG-13;Crime;Drama;;3250,0;;4;2000;;;Bon (7-8)
Newlyweds ;tt1880418;2011;95;6,4;1338;Edward Burns;Kerry Bishé;Caitlin FitzGerald;Daniella Pineda;USA;English;Not Rated;Comedy;Drama;;9000,0;4584,0;413;2010;-4416,0;-49,1;Moyen (6-7)
Signed Sealed Delivered ;tt3000844;2013;87;7,7;629;Scott Smith;Eric Mabius;Daphne Zuniga;Crystal Lowe;Canada;English;;Comedy;Drama;;;;84;2010;;;Bon (7-8)
A Plague So Pleasant ;tt2107644;2013;76;6,3;38;Benjamin Roberds;Eva Boehnke;Maxwell Moody;David Chandler;USA;English;;Drama;Horror;Thriller;1400,0;;16;2010;;;Moyen (6-7)
Shanghai Calling ;tt2070597;2012;100;6,3;1255;Daniel Hsia;Alan Ruck;Daniel Henney;Eliza Coupe;USA;English;PG-13;Comedy;Drama;Romance;;10443,0;660;2010;;;Moyen (6-7)
My Date with Drew ;tt0378407;2004;90;6,6;4285;Jon Gunn;John August;Brian Herzlinger;Jon Gunn;USA;English;PG;Documentary;;;1100,0;85222,0;456;2000;84122,0;7647,5;Moyen (6-7)
