color,director_name,num_critic_for_reviews,duration,director_facebook_likes,actor_3_facebook_likes,actor_2_name,actor_1_facebook_likes,gross,genres,actor_1_name,movie_title,num_voted_users,cast_total_facebook_likes,actor_3_name,facenumber_in_poster,plot_keywords,movie_imdb_link,num_user_for_reviews,language_x,country_x,content_rating,budget,title_year,actor_2_facebook_likes,imdb_score,aspect_ratio,movie_facebook_likes,nb_genres,genre_1,genre_2,genre_3,imdb_id,omdb_title,omdb_year,rated,released,runtime,omdb_genre,director,writer,actors,plot,language_y,country_y,awards,poster,metascore,omdb_imdb_rating,omdb_imdb_votes,box_office
Color,Frank Darabont,199.0,142,0.0,461.0,Jeffrey DeMunn,11000.0,28341469.0,Crime|Drama,Morgan Freeman,The Shawshank Redemption ,1689764,13495,Bob Gunton,0.0,escape from prison|first person narration|prison|prison cell search|wrongful imprisonment,http://www.imdb.com/title/tt0111161/?ref_=fn_tt_tt_1,4144.0,English,USA,R,25000000.0,1994,745.0,9.3,1.85,108000,2,Crime,Drama,,tt0111161,The Shawshank Redemption,1994,R,14 Oct 1994,142 min,Drama,Frank Darabont,"Stephen King, Frank Darabont","Tim Robbins, Morgan Freeman, Bob Gunton",A wrongfully convicted banker forms a close friendship with a hardened convict over a quarter century while retaining his humanity through simple acts of compassion.,English,United States,Nominated for 7 Oscars. 21 wins & 42 nominations total,"https://m.media-amazon.com/images/M/MV5BMDAyY2FhYjctNDc5OS00MDNlLThiMGUtY2UxYWVkNGY2ZjljXkEyXkFqcGc@._V1_QL75_UX380_CR0,4,380,562_.jpg",82,9.3,"3,182,645","$28,767,189"
Color,Christopher Nolan,645.0,152,22000.0,11000.0,Heath Ledger,23000.0,533316061.0,Action|Crime|Drama|Thriller,Christian Bale,The Dark Knight ,1676169,57802,Morgan Freeman,0.0,based on comic book|dc comics|psychopath|star died before release|urban setting,http://www.imdb.com/title/tt0468569/?ref_=fn_tt_tt_1,4667.0,English,USA,PG-13,185000000.0,2008,13000.0,9.0,2.35,37000,4,Action,Crime,Drama,tt0468569,The Dark Knight,2008,PG-13,18 Jul 2008,152 min,"Action, Crime, Drama",Christopher Nolan,"Jonathan Nolan, Christopher Nolan, David S. Goyer","Christian Bale, Heath Ledger, Aaron Eckhart","When a menace known as the Joker wreaks havoc and chaos on the people of Gotham, Batman, James Gordon and Harvey Dent must work together to put an end to the madness.","English, Mandarin","United States, United Kingdom",Won 2 Oscars. 163 wins & 165 nominations total,"https://m.media-amazon.com/images/M/MV5BMTMxNTMwODM0NF5BMl5BanBnXkFtZTcwODAyMTk2Mw@@._V1_QL75_UX380_CR0,0,380,562_.jpg",85,9.1,"3,161,907","$534,987,076"
Color,Christopher Nolan,642.0,148,22000.0,23000.0,Tom Hardy,29000.0,292568851.0,Action|Adventure|Sci-Fi|Thriller,Leonardo DiCaprio,Inception ,1468200,81115,Joseph Gordon-Levitt,0.0,ambiguous ending|corporate espionage|dream|subconscious|thief,http://www.imdb.com/title/tt1375666/?ref_=fn_tt_tt_1,2803.0,English,USA,PG-13,160000000.0,2010,27000.0,8.8,2.35,175000,4,Action,Adventure,Sci-Fi,tt1375666,Inception,2010,PG-13,16 Jul 2010,148 min,"Action, Adventure, Sci-Fi",Christopher Nolan,Christopher Nolan,"Leonardo DiCaprio, Joseph Gordon-Levitt, Elliot Page","A thief who steals corporate secrets through the use of dream-sharing technology is given the inverse task of planting an idea into the mind of a CEO, but his tragic past may doom the project and his team to disaster.","English, Japanese, French","United Kingdom, United States",Won 4 Oscars. 160 wins & 220 nominations total,"https://m.media-amazon.com/images/M/MV5BMjAxMzY3NjcxNF5BMl5BanBnXkFtZTcwNTI5OTM0Mw@@._V1_QL75_UX380_CR0,0,380,562_.jpg",74,8.8,"2,811,614","$292,587,330"
Color,David Fincher,315.0,151,21000.0,637.0,Meat Loaf,11000.0,37023395.0,Drama,Brad Pitt,Fight Club ,1347461,13209,Eugenie Bondurant,2.0,anti establishment|dark humor|fighting|multiple personality disorder|surprise ending,http://www.imdb.com/title/tt0137523/?ref_=fn_tt_tt_1,2968.0,English,USA,R,63000000.0,1999,783.0,8.8,2.35,48000,1,Drama,,,tt0137523,Fight Club,1999,R,15 Oct 1999,139 min,"Crime, Drama, Thriller",David Fincher,"Chuck Palahniuk, Jim Uhls","Brad Pitt, Edward Norton, Meat Loaf",An insomniac office worker and a devil-may-care soap maker form an underground fight club that evolves into much more.,English,"United States, Germany",Nominated for 1 Oscar. 12 wins & 38 nominations total,"https://m.media-amazon.com/images/M/MV5BOTgyOGQ1NDItNGU3Ny00MjU3LTg2YWEtNmEyYjBiMjI1Y2M5XkEyXkFqcGc@._V1_QL75_UX380_CR0,4,380,562_.jpg",67,8.8,"2,601,857","$37,834,891"
Color,Quentin Tarantino,215.0,178,16000.0,857.0,Eric Stoltz,13000.0,107930000.0,Crime|Drama,Bruce Willis,Pulp Fiction ,1324680,16557,Phil LaMarr,1.0,black comedy|cunnilingus|neo noir|nonlinear timeline|postmodern,http://www.imdb.com/title/tt0110912/?ref_=fn_tt_tt_1,2195.0,English,USA,R,8000000.0,1994,902.0,8.9,2.35,45000,2,Crime,Drama,,tt0110912,Pulp Fiction,1994,R,14 Oct 1994,154 min,"Crime, Drama",Quentin Tarantino,"Quentin Tarantino, Roger Avary","John Travolta, Uma Thurman, Samuel L. Jackson","The lives of two mob hitmen, a boxer, a gangster and his wife, and a pair of diner bandits intertwine in four tales of violence and redemption.","English, Spanish, French",United States,Won 1 Oscar. 69 wins & 72 nominations total,"https://m.media-amazon.com/images/M/MV5BYTViYTE3ZGQtNDBlMC00ZTAyLTkyODMtZGRiZDg0MjA2YThkXkEyXkFqcGc@._V1_QL75_UY562_CR3,0,380,562_.jpg",95,8.8,"2,431,656","$107,928,762"
 Black and White,Robert Zemeckis,149.0,142,0.0,194.0,Siobhan Fallon Hogan,15000.0,329691196.0,Comedy|Drama,Tom Hanks,Forrest Gump ,1251222,15700,Sam Anderson,0.0,amputee|love|vietnam|vietnam war|war hero,http://www.imdb.com/title/tt0109830/?ref_=fn_tt_tt_1,1398.0,English,USA,PG-13,55000000.0,1994,294.0,8.8,2.35,59000,2,Comedy,Drama,,tt0109830,Forrest Gump,1994,PG-13,06 Jul 1994,142 min,"Drama, Romance",Robert Zemeckis,"Winston Groom, Eric Roth","Tom Hanks, Robin Wright, Gary Sinise","The history of the United States from the 1950s to the '70s unfolds from the perspective of an Alabama man with an IQ of 75, who yearns to be reunited with his childhood sweetheart.",English,United States,Won 6 Oscars. 51 wins & 74 nominations total,"https://m.media-amazon.com/images/M/MV5BNDYwNzVjMTItZmU5YS00YjQ5LTljYjgtMjY2NDVmYWMyNWFmXkEyXkFqcGc@._V1_QL75_UY562_CR4,0,380,562_.jpg",82,8.8,"2,489,915","$330,455,270"
Color,Peter Jackson,297.0,171,0.0,857.0,Orlando Bloom,16000.0,313837577.0,Action|Adventure|Drama|Fantasy,Christopher Lee,The Lord of the Rings: The Fellowship of the Ring ,1238746,22342,Billy Boyd,2.0,elf|hobbit|middle earth|quest|ring,http://www.imdb.com/title/tt0120737/?ref_=fn_tt_tt_1,5060.0,English,New Zealand,PG-13,93000000.0,2001,5000.0,8.8,2.35,21000,4,Action,Adventure,Drama,tt0120737,The Lord of the Rings: The Fellowship of the Ring,2001,PG-13,19 Dec 2001,178 min,"Adventure, Drama, Fantasy",Peter Jackson,"J.R.R. Tolkien, Fran Walsh, Philippa Boyens","Elijah Wood, Ian McKellen, Orlando Bloom",A meek Hobbit from the Shire and eight companions set out on a journey to destroy the powerful One Ring and save Middle-earth from the Dark Lord Sauron.,"English, Sindarin","New Zealand, United States, United Kingdom",Won 4 Oscars. 126 wins & 127 nominations total,https://m.media-amazon.com/images/M/MV5BNzIxMDQ2YTctNDY4MC00ZTRhLTk4ODQtMTVlOWY4NTdiYmMwXkEyXkFqcGc@._V1_SX300.jpg,92,8.9,"2,190,837","$325,873,309"
Color,Lana Wachowski,313.0,136,0.0,99.0,Marcus Chong,18000.0,171383253.0,Action|Sci-Fi,Keanu Reeves,The Matrix ,1217752,18563,Gloria Foster,3.0,artificial reality|computer|matrix|questioning reality|simulated reality,http://www.imdb.com/title/tt0133093/?ref_=fn_tt_tt_1,3646.0,English,USA,R,63000000.0,1999,145.0,8.7,2.35,25000,2,Action,Sci-Fi,,tt0133093,The Matrix,1999,R,31 Mar 1999,136 min,"Action, Sci-Fi","Lana Wachowski, Lilly Wachowski","Lilly Wachowski, Lana Wachowski","Keanu Reeves, Laurence Fishburne, Carrie-Anne Moss","When a beautiful stranger leads computer hacker Neo to a forbidding underworld, he discovers the shocking truth--the life he knows is the elaborate deception of an evil cyber-intelligence.",English,"United States, Australia",Won 4 Oscars. 42 wins & 52 nominations total,"https://m.media-amazon.com/images/M/MV5BN2NmN2VhMTQtMDNiOS00NDlhLTliMjgtODE2ZTY0ODQyNDRhXkEyXkFqcGc@._V1_QL75_UX380_CR0,4,380,562_.jpg",73,8.7,"2,243,093","$177,559,005"
Color,Peter Jackson,328.0,192,0.0,416.0,Billy Boyd,5000.0,377019252.0,Action|Adventure|Drama|Fantasy,Orlando Bloom,The Lord of the Rings: The Return of the King ,1215718,6434,Bernard Hill,2.0,battle|epic|king|orc|ring,http://www.imdb.com/title/tt0167260/?ref_=fn_tt_tt_1,3189.0,English,USA,PG-13,94000000.0,2003,857.0,8.9,2.35,16000,4,Action,Adventure,Drama,tt0167260,The Lord of the Rings: The Return of the King,2003,PG-13,17 Dec 2003,201 min,"Adventure, Drama, Fantasy",Peter Jackson,"J.R.R. Tolkien, Fran Walsh, Philippa Boyens","Elijah Wood, Viggo Mortensen, Ian McKellen",Gandalf and Aragorn lead the World of Men against Sauron's army to draw his gaze from Frodo and Sam as they approach Mount Doom with the One Ring.,"English, Quenya, Old English, Sindarin","New Zealand, United States",Won 11 Oscars. 215 wins & 124 nominations total,https://m.media-amazon.com/images/M/MV5BMTZkMjBjNWMtZGI5OC00MGU0LTk4ZTItODg2NWM3NTVmNWQ4XkEyXkFqcGc@._V1_SX300.jpg,94,9.0,"2,142,025","$386,975,644"
Color,Francis Ford Coppola,208.0,175,0.0,3000.0,Marlon Brando,14000.0,134821952.0,Crime|Drama,Al Pacino,The Godfather ,1155770,28122,Robert Duvall,1.0,crime family|mafia|organized crime|patriarch|rise to power,http://www.imdb.com/title/tt0068646/?ref_=fn_tt_tt_1,2238.0,English,USA,R,6000000.0,1972,10000.0,9.2,1.85,43000,2,Crime,Drama,,tt0068646,The Godfather,1972,R,24 Mar 1972,175 min,"Crime, Drama",Francis Ford Coppola,"Mario Puzo, Francis Ford Coppola","Marlon Brando, Al Pacino, James Caan",The aging patriarch of an organized crime dynasty transfers control of his clandestine empire to his reluctant son.,"English, Italian, Latin",United States,Won 3 Oscars. 31 wins & 31 nominations total,"https://m.media-amazon.com/images/M/MV5BNGEwYjgwOGQtYjg5ZS00Njc1LTk2ZGEtM2QwZWQ2NjdhZTE5XkEyXkFqcGc@._V1_QL75_UY562_CR8,0,380,562_.jpg",100,9.2,"2,222,804","$136,381,073"
Color,Christopher Nolan,813.0,164,22000.0,23000.0,Christian Bale,27000.0,448130642.0,Action|Thriller,Tom Hardy,The Dark Knight Rises ,1144337,106759,Joseph Gordon-Levitt,0.0,deception|imprisonment|lawlessness|police officer|terrorist plot,http://www.imdb.com/title/tt1345836/?ref_=fn_tt_tt_1,2701.0,English,USA,PG-13,250000000.0,2012,23000.0,8.5,2.35,164000,2,Action,Thriller,,tt1345836,The Dark Knight Rises,2012,PG-13,20 Jul 2012,164 min,"Action, Crime, Drama",Christopher Nolan,"Jonathan Nolan, Christopher Nolan, David S. Goyer","Christian Bale, Tom Hardy, Anne Hathaway","Bane, an imposing terrorist, attacks Gotham City and disrupts its eight-year-long period of peace. This forces Bruce Wayne to come out of hiding and don the cape and cowl of Batman again.","English, Arabic","United Kingdom, United States",Nominated for 1 BAFTA Award. 45 wins & 103 nominations total,"https://m.media-amazon.com/images/M/MV5BMTk4ODQzNDY3Ml5BMl5BanBnXkFtZTcwODA0NTM4Nw@@._V1_QL75_UX380_CR0,0,380,562_.jpg",78,8.4,"1,990,749","$448,149,584"
Color,Peter Jackson,294.0,172,0.0,857.0,Orlando Bloom,16000.0,340478898.0,Action|Adventure|Drama|Fantasy,Christopher Lee,The Lord of the Rings: The Two Towers ,1100446,23052,Billy Boyd,1.0,epic|evil wizard|middle earth|ring|wizard,http://www.imdb.com/title/tt0167261/?ref_=fn_tt_tt_1,2417.0,English,USA,PG-13,94000000.0,2002,5000.0,8.7,2.35,10000,4,Action,Adventure,Drama,tt0167261,The Lord of the Rings: The Two Towers,2002,PG-13,18 Dec 2002,179 min,"Adventure, Drama, Fantasy",Peter Jackson,"J.R.R. Tolkien, Fran Walsh, Philippa Boyens","Elijah Wood, Ian McKellen, Viggo Mortensen","While Frodo and Sam edge closer to Mordor with the help of the shifty Gollum, the divided fellowship makes a stand against Sauron's new ally, Saruman, and his hordes of Isengard.","English, Sindarin, Old English","New Zealand, United States",Won 2 Oscars. 132 wins & 139 nominations total,https://m.media-amazon.com/images/M/MV5BMGQxMDdiOWUtYjc1Ni00YzM1LWE2NjMtZTg3Y2JkMjEzMTJjXkEyXkFqcGc@._V1_SX300.jpg,87,8.8,"1,939,468","$350,104,956"
Color,David Fincher,216.0,127,21000.0,360.0,Brad Pitt,11000.0,100125340.0,Crime|Drama|Mystery|Thriller,Morgan Freeman,Se7en ,1023511,22678,Reg E. Cathey,0.0,detective|police partner|serial killer|serial murder|seven deadly sins,http://www.imdb.com/title/tt0114369/?ref_=fn_tt_tt_1,1080.0,English,USA,R,33000000.0,1995,11000.0,8.6,2.35,39000,4,Crime,Drama,Mystery,tt0114369,Seven,1995,R,22 Sep 1995,127 min,"Crime, Drama, Mystery",David Fincher,Andrew Kevin Walker,"Morgan Freeman, Brad Pitt, Kevin Spacey",Two detectives try to track down a serial killer who chooses his victims based on the Seven Deadly Sins.,English,United States,Nominated for 1 Oscar. 29 wins & 44 nominations total,"https://m.media-amazon.com/images/M/MV5BY2IzNzMxZjctZjUxZi00YzAxLTk3ZjMtODFjODdhMDU5NDM1XkEyXkFqcGc@._V1_QL75_UX380_CR0,16,380,562_.jpg",65,8.6,"2,017,106","$101,871,174"
Color,Joss Whedon,703.0,173,0.0,19000.0,Robert Downey Jr.,26000.0,623279547.0,Action|Adventure|Sci-Fi,Chris Hemsworth,The Avengers ,995415,87697,Scarlett Johansson,3.0,alien invasion|assassin|battle|iron man|soldier,http://www.imdb.com/title/tt0848228/?ref_=fn_tt_tt_1,1722.0,English,USA,PG-13,220000000.0,2012,21000.0,8.1,1.85,123000,3,Action,Adventure,Sci-Fi,tt0848228,The Avengers,2012,PG-13,04 May 2012,143 min,"Action, Sci-Fi",Joss Whedon,"Joss Whedon, Zak Penn","Robert Downey Jr., Chris Evans, Scarlett Johansson",Earth's mightiest heroes must come together and learn to fight as a team if they are going to stop the mischievous Loki and his alien army from enslaving humanity.,"English, Russian",United States,Nominated for 1 Oscar. 40 wins & 81 nominations total,"https://m.media-amazon.com/images/M/MV5BNGE0YTVjNzUtNzJjOS00NGNlLTgxMzctZTY4YTE1Y2Y1ZTU4XkEyXkFqcGc@._V1_QL75_UX380_CR0,0,380,562_.jpg",69,8.0,"1,555,308","$623,357,910"
Color,Ridley Scott,265.0,171,0.0,695.0,Connie Nielsen,3000.0,187670866.0,Action|Drama|Romance,Djimon Hounsou,Gladiator ,982637,6521,Oliver Reed,0.0,battlefield|blood|combat|gladiator|roman empire,http://www.imdb.com/title/tt0172495/?ref_=fn_tt_tt_1,2368.0,English,USA,R,103000000.0,2000,933.0,8.5,2.35,21000,3,Action,Drama,Romance,tt0172495,Gladiator,2000,R,05 May 2000,155 min,"Action, Adventure, Drama",Ridley Scott,"David Franzoni, John Logan, William Nicholson","Russell Crowe, Joaquin Phoenix, Connie Nielsen",A former Roman General sets out to exact vengeance against the corrupt emperor who murdered his family and sent him into slavery.,English,"United States, United Kingdom, Malta, Morocco",Won 5 Oscars. 61 wins & 105 nominations total,"https://m.media-amazon.com/images/M/MV5BYWQ4YmNjYjEtOWE1Zi00Y2U4LWI4NTAtMTU0MjkxNWQ1ZmJiXkEyXkFqcGc@._V1_QL75_UX380_CR0,0,380,562_.jpg",67,8.5,"1,844,518","$187,705,427"
Color,Christopher Nolan,478.0,128,22000.0,11000.0,Liam Neeson,23000.0,205343774.0,Action|Adventure,Christian Bale,Batman Begins ,980946,59558,Morgan Freeman,0.0,armored car|gangster|gotham|mixed martial arts|social decay,http://www.imdb.com/title/tt0372784/?ref_=fn_tt_tt_1,2685.0,English,USA,PG-13,150000000.0,2005,14000.0,8.3,2.35,15000,2,Action,Adventure,,tt0372784,Batman Begins,2005,PG-13,15 Jun 2005,140 min,"Action, Crime, Drama",Christopher Nolan,"Bob Kane, David S. Goyer, Christopher Nolan","Christian Bale, Michael Caine, Ken Watanabe","After witnessing his parents' death, billionaire Bruce Wayne learns the art of fighting to confront injustice. When he returns to Gotham as Batman, he must stop a secret society that intends to destroy the city.","English, Mandarin","United States, United Kingdom",Nominated for 1 Oscar. 15 wins & 79 nominations total,"https://m.media-amazon.com/images/M/MV5BMzA2NDQzZDEtNDU5Ni00YTlkLTg2OWEtYmQwM2Y1YTBjMjFjXkEyXkFqcGc@._V1_QL75_UX380_CR0,0,380,562_.jpg",70,8.2,"1,709,629","$206,863,479"
Color,Quentin Tarantino,765.0,165,16000.0,265.0,Christoph Waltz,29000.0,162804648.0,Drama|Western,Leonardo DiCaprio,Django Unchained ,955174,40978,Ato Essandoh,1.0,dynamite|historically inaccurate|ku klux klan|n word|slavery,http://www.imdb.com/title/tt1853728/?ref_=fn_tt_tt_1,1193.0,English,USA,R,100000000.0,2012,11000.0,8.5,2.35,199000,2,Drama,Western,,tt1853728,Django Unchained,2012,R,25 Dec 2012,165 min,"Drama, Western",Quentin Tarantino,Quentin Tarantino,"Jamie Foxx, Christoph Waltz, Leonardo DiCaprio","With the help of a German bounty-hunter, a freed slave sets out to rescue his wife from a brutal plantation owner in Mississippi.","English, German, French, Italian",United States,Won 2 Oscars. 58 wins & 158 nominations total,"https://m.media-amazon.com/images/M/MV5BMjIyNTQ5NjQ1OV5BMl5BanBnXkFtZTcwODg1MDU4OA@@._V1_QL75_UX380_CR0,0,380,562_.jpg",81,8.5,"1,878,015","$162,805,434"
Color,Christopher Nolan,712.0,169,22000.0,6000.0,Anne Hathaway,11000.0,187991439.0,Adventure|Drama|Sci-Fi,Matthew McConaughey,Interstellar ,928227,31488,Mackenzie Foy,1.0,black hole|father daughter relationship|saving the world|space travel|wormhole,http://www.imdb.com/title/tt0816692/?ref_=fn_tt_tt_1,2725.0,English,USA,PG-13,165000000.0,2014,11000.0,8.6,2.35,349000,3,Adventure,Drama,Sci-Fi,tt0816692,Interstellar,2014,PG-13,07 Nov 2014,169 min,"Adventure, Drama, Sci-Fi",Christopher Nolan,"Jonathan Nolan, Christopher Nolan","Matthew McConaughey, Anne Hathaway, Jessica Chastain","When Earth becomes uninhabitable in the future, a farmer and ex-NASA pilot, Joseph Cooper, is tasked to pilot a spacecraft, along with a team of researchers, to find a new planet for humans.",English,"United States, United Kingdom, Canada",Won 1 Oscar. 45 wins & 148 nominations total,"https://m.media-amazon.com/images/M/MV5BYzdjMDAxZGItMjI2My00ODA1LTlkNzItOWFjMDU5ZDJlYWY3XkEyXkFqcGc@._V1_QL75_UX380_CR0,0,380,562_.jpg",74,8.7,"2,516,752","$203,227,580"
Color,George Lucas,282.0,125,0.0,504.0,Peter Cushing,11000.0,460935665.0,Action|Adventure|Fantasy|Sci-Fi,Harrison Ford,Star Wars: Episode IV - A New Hope ,911097,13485,Kenny Baker,1.0,death star|empire|galactic war|princess|rebellion,http://www.imdb.com/title/tt0076759/?ref_=fn_tt_tt_1,1470.0,English,USA,PG,11000000.0,1977,1000.0,8.7,2.35,33000,4,Action,Adventure,Fantasy,tt0076759,Star Wars: Episode IV - A New Hope,1977,PG,25 May 1977,121 min,"Action, Adventure, Fantasy",George Lucas,George Lucas,"Mark Hamill, Harrison Ford, Carrie Fisher","Luke Skywalker joins forces with a Jedi Knight, a cocky pilot, a Wookiee and two droids to save the galaxy from the Empire's world-destroying battle station, while also attempting to rescue Princess Leia from the mysterious Darth ...",English,United States,Won 6 Oscars. 70 wins & 31 nominations total,https://m.media-amazon.com/images/M/MV5BOGUwMDk0Y2MtNjBlNi00NmRiLTk2MWYtMGMyMDlhYmI4ZDBjXkEyXkFqcGc@._V1_SX300.jpg,90,8.6,"1,555,851","$460,998,507"
Color,Jonathan Demme,185.0,138,438.0,173.0,Scott Glenn,12000.0,130727000.0,Crime|Drama|Horror|Thriller,Anthony Hopkins,The Silence of the Lambs ,887467,13184,Anthony Heald,0.0,case file|fbi agent|psycho thriller|psychopath|serial killer,http://www.imdb.com/title/tt0102926/?ref_=fn_tt_tt_1,916.0,English,USA,R,19000000.0,1991,826.0,8.6,1.85,40000,4,Crime,Drama,Horror,tt0102926,The Silence of the Lambs,1991,R,14 Feb 1991,118 min,"Crime, Drama, Horror",Jonathan Demme,"Thomas Harris, Ted Tally","Jodie Foster, Anthony Hopkins, Scott Glenn","A young F.B.I. cadet must receive the help of an incarcerated and manipulative cannibal killer to help catch another serial killer, a madman who skins his victims.","English, Latin",United States,Won 5 Oscars. 71 wins & 50 nominations total,"https://m.media-amazon.com/images/M/MV5BNDdhOGJhYzctYzYwZC00YmI2LWI0MjctYjg4ODdlMDExYjBlXkEyXkFqcGc@._V1_QL75_UY562_CR1,0,380,562_.jpg",86,8.6,"1,718,588","$130,742,922"
Color,James Cameron,723.0,178,0.0,855.0,Joel David Moore,1000.0,760505847.0,Action|Adventure|Fantasy|Sci-Fi,CCH Pounder,Avatar ,886204,4834,Wes Studi,0.0,avatar|future|marine|native|paraplegic,http://www.imdb.com/title/tt0499549/?ref_=fn_tt_tt_1,3054.0,English,USA,PG-13,237000000.0,2009,936.0,7.9,1.78,33000,4,Action,Adventure,Fantasy,tt0499549,Avatar,2009,PG-13,18 Dec 2009,162 min,"Action, Adventure, Fantasy",James Cameron,James Cameron,"Sam Worthington, Zoe Saldaña, Sigourney Weaver",A paraplegic Marine dispatched to the moon Pandora on a unique mission becomes torn between following his orders and protecting the world he feels is his home.,"English, Spanish","United States, United Kingdom",Won 3 Oscars. 91 wins & 131 nominations total,https://m.media-amazon.com/images/M/MV5BMDEzMmQwZjctZWU2My00MWNlLWE0NjItMDJlYTRlNGJiZjcyXkEyXkFqcGc@._V1_SX300.jpg,83,7.9,"1,486,308","$785,221,649"
Color,Quentin Tarantino,486.0,153,16000.0,11000.0,Brad Pitt,13000.0,120523073.0,Adventure|Drama|War,Michael Fassbender,Inglourious Basterds ,885175,36741,Christoph Waltz,1.0,france|german|nazis|revenge|scalping,http://www.imdb.com/title/tt0361748/?ref_=fn_tt_tt_1,1527.0,English,USA,R,75000000.0,2009,11000.0,8.3,2.35,42000,3,Adventure,Drama,War,tt0361748,Inglourious Basterds,2009,R,21 Aug 2009,153 min,"Adventure, Drama, War",Quentin Tarantino,Quentin Tarantino,"Brad Pitt, Diane Kruger, Eli Roth","In Nazi-occupied France during World War II, a plan to assassinate Nazi leaders by a group of Jewish U.S. soldiers coincides with a theatre owner's vengeful plans for the same.","English, German, French, Italian","United States, Germany",Won 1 Oscar. 134 wins & 173 nominations total,"https://m.media-amazon.com/images/M/MV5BODZhMWJlNjYtNDExNC00MTIzLTllM2ItOGQ2NGVjNDQ3MzkzXkEyXkFqcGc@._V1_QL75_UX380_CR0,0,380,562_.jpg",69,8.4,"1,778,290","$120,540,719"
Color,Steven Spielberg,219.0,169,14000.0,13000.0,Vin Diesel,15000.0,216119491.0,Action|Drama|War,Tom Hanks,Saving Private Ryan ,881236,44998,Matt Damon,2.0,army|invasion|killed in action|normandy|soldier,http://www.imdb.com/title/tt0120815/?ref_=fn_tt_tt_1,2277.0,English,USA,R,70000000.0,1998,14000.0,8.6,1.85,22000,3,Action,Drama,War,tt0120815,Saving Private Ryan,1998,R,24 Jul 1998,169 min,"Drama, War",Steven Spielberg,Robert Rodat,"Tom Hanks, Matt Damon, Tom Sizemore","Following the Normandy Landings, a group of U.S. soldiers go behind enemy lines to retrieve a paratrooper whose comrades have been killed in action.","English, French, German, Czech",United States,Won 5 Oscars. 79 wins & 75 nominations total,"https://m.media-amazon.com/images/M/MV5BZGZhZGQ1ZWUtZTZjYS00MDJhLWFkYjctN2ZlYjE5NWYwZDM2XkEyXkFqcGc@._V1_QL75_UY562_CR1,0,380,562_.jpg",91,8.6,"1,635,552","$217,049,603"
Color,Martin Scorsese,352.0,151,17000.0,1000.0,Matt Damon,29000.0,132373442.0,Crime|Drama|Thriller,Leonardo DiCaprio,The Departed ,873649,45648,Ray Winstone,0.0,boston|mole|police|undercover|undercover cop,http://www.imdb.com/title/tt0407887/?ref_=fn_tt_tt_1,2054.0,English,USA,R,90000000.0,2006,13000.0,8.5,2.35,29000,3,Crime,Drama,Thriller,tt0407887,The Departed,2006,R,06 Oct 2006,151 min,"Crime, Drama, Thriller",Martin Scorsese,"William Monahan, Alan Mak, Felix Chong","Leonardo DiCaprio, Matt Damon, Jack Nicholson",An undercover cop and a mole in the police attempt to identify each other while infiltrating an Irish gang in South Boston.,"English, Cantonese","United States, Hong Kong",Won 4 Oscars. 100 wins & 141 nominations total,"https://m.media-amazon.com/images/M/MV5BMTI1MTY2OTIxNV5BMl5BanBnXkFtZTYwNjQ4NjY3._V1_QL75_UY562_CR0,0,380,562_.jpg",85,8.5,"1,551,506","$132,399,394"
 Black and White,Steven Spielberg,174.0,185,14000.0,212.0,Embeth Davidtz,14000.0,96067179.0,Biography|Drama|History,Liam Neeson,Schindler's List ,865020,15233,Caroline Goodall,0.0,german|german soldier|jew|jewish|nazi,http://www.imdb.com/title/tt0108052/?ref_=fn_tt_tt_1,1273.0,English,USA,R,22000000.0,1993,795.0,8.9,1.85,41000,3,Biography,Drama,History,tt0108052,Schindler's List,1994,R,04 Feb 1994,195 min,"Biography, Drama, History",Steven Spielberg,"Thomas Keneally, Steven Zaillian","Liam Neeson, Ralph Fiennes, Ben Kingsley","In German-occupied Poland during World War II, industrialist Oskar Schindler gradually becomes concerned for his Jewish workforce after witnessing their persecution by the Nazis.","English, Hebrew, German, Polish, Latin",United States,Won 7 Oscars. 91 wins & 49 nominations total,"https://m.media-amazon.com/images/M/MV5BNjM1ZDQxYWUtMzQyZS00MTE1LWJmZGYtNGUyNTdlYjM3ZmVmXkEyXkFqcGc@._V1_QL75_UX380_CR0,4,380,562_.jpg",95,9.0,"1,582,378","$96,898,818"
 Black and White,Christopher Nolan,274.0,113,22000.0,379.0,Thomas Lennon,716.0,25530884.0,Mystery|Thriller,Callum Rennie,Memento ,845580,1997,Jorja Fox,0.0,flashback|memory|murder|short term memory|telephone,http://www.imdb.com/title/tt0209144/?ref_=fn_tt_tt_1,2067.0,English,USA,R,9000000.0,2000,651.0,8.5,2.35,40000,2,Mystery,Thriller,,tt0209144,Memento,2001,R,25 May 2001,113 min,"Drama, Mystery, Thriller",Christopher Nolan,"Christopher Nolan, Jonathan Nolan","Guy Pearce, Carrie-Anne Moss, Joe Pantoliano",A former insurance investigator who now suffers from anterograde amnesia uses notes and tattoos to hunt down his wife's murderer.,English,United States,Nominated for 2 Oscars. 57 wins & 59 nominations total,"https://m.media-amazon.com/images/M/MV5BMGQ3Y2Q4NjktN2E4Ny00Y2Q2LTliZDUtZTNiNjRhY2I0NGIyXkEyXkFqcGc@._V1_QL75_UX380_CR0,4,380,562_.jpg",83,8.4,"1,432,382","$25,544,867"
Color,Christopher Nolan,341.0,130,22000.0,19000.0,Hugh Jackman,23000.0,53082743.0,Drama|Mystery|Sci-Fi|Thriller,Christian Bale,The Prestige ,844052,63986,Scarlett Johansson,1.0,illusion|magician|obsession|rivalry|secret,http://www.imdb.com/title/tt0482571/?ref_=fn_tt_tt_1,1100.0,English,USA,PG-13,40000000.0,2006,20000.0,8.5,2.35,49000,4,Drama,Mystery,Sci-Fi,tt0482571,The Prestige,2006,PG-13,20 Oct 2006,130 min,"Drama, Mystery, Sci-Fi",Christopher Nolan,"Jonathan Nolan, Christopher Nolan, Christopher Priest","Christian Bale, Hugh Jackman, Scarlett Johansson","Two friends and fellow magicians become bitter enemies after a sudden tragedy. As they devote themselves to this rivalry, they make sacrifices that bring them fame but, with terrible consequences.",English,"United Kingdom, United States",Nominated for 2 Oscars. 6 wins & 44 nominations total,"https://m.media-amazon.com/images/M/MV5BMTM3MzQ5MjQ5OF5BMl5BanBnXkFtZTcwMTQ3NzMzMw@@._V1_QL75_UY562_CR0,0,380,562_.jpg",66,8.5,"1,583,310","$53,089,891"
Color,Irvin Kershner,223.0,127,883.0,441.0,Kenny Baker,11000.0,290158751.0,Action|Adventure|Fantasy|Sci-Fi,Harrison Ford,Star Wars: Episode V - The Empire Strikes Back ,837759,12643,Anthony Daniels,0.0,duel|famous twist|rebel|rescue|snowy landscape,http://www.imdb.com/title/tt0080684/?ref_=fn_tt_tt_1,900.0,English,USA,PG,18000000.0,1980,504.0,8.8,2.35,17000,4,Action,Adventure,Fantasy,tt0080684,Star Wars: Episode V - The Empire Strikes Back,1980,PG,18 Jun 1980,124 min,"Action, Adventure, Fantasy",Irvin Kershner,"Leigh Brackett, Lawrence Kasdan, George Lucas","Mark Hamill, Harrison Ford, Carrie Fisher","After the Empire overpowers the Rebel Alliance, Luke Skywalker begins training with Jedi Master Yoda, while Darth Vader and bounty hunter Boba Fett pursue his friends across the galaxy.",English,United States,Won 1 Oscar. 27 wins & 21 nominations total,https://m.media-amazon.com/images/M/MV5BMTkxNGFlNDktZmJkNC00MDdhLTg0MTEtZjZiYWI3MGE5NWIwXkEyXkFqcGc@._V1_SX300.jpg,82,8.7,"1,495,152","$292,753,960"
Color,Sam Mendes,176.0,122,0.0,158.0,Peter Gallagher,18000.0,130058047.0,Drama,Kevin Spacey,American Beauty ,822500,19078,Ara Celi,0.0,domestic violence|drug dealer|homosexuality|midlife crisis|unfaithfulness,http://www.imdb.com/title/tt0169547/?ref_=fn_tt_tt_1,2715.0,English,USA,R,15000000.0,1999,828.0,8.4,2.35,22000,1,Drama,,,tt0169547,American Beauty,1999,R,01 Oct 1999,122 min,Drama,Sam Mendes,Alan Ball,"Kevin Spacey, Annette Bening, Thora Birch",A sexually frustrated suburban father has a mid-life crisis after becoming infatuated with his daughter's best friend.,English,United States,Won 5 Oscars. 112 wins & 102 nominations total,https://m.media-amazon.com/images/M/MV5BMDI1MDE0OTMtMmI2MS00Yjc2LTg2MTItMWExYTg5NzA1OGUzXkEyXkFqcGc@._V1_SX300.jpg,84,8.3,"1,272,515","$130,096,601"
Color,Gore Verbinski,271.0,143,563.0,1000.0,Orlando Bloom,40000.0,305388685.0,Action|Adventure|Fantasy,Johnny Depp,Pirates of the Caribbean: The Curse of the Black Pearl ,809474,48184,Jack Davenport,3.0,caribbean|curse|governor|pirate|undead,http://www.imdb.com/title/tt0325980/?ref_=fn_tt_tt_1,2113.0,English,USA,PG-13,140000000.0,2003,5000.0,8.1,2.35,10000,3,Action,Adventure,Fantasy,tt0325980,Pirates of the Caribbean: The Curse of the Black Pearl,2003,PG-13,09 Jul 2003,143 min,"Action, Adventure, Fantasy",Gore Verbinski,"Ted Elliott, Terry Rossio, Stuart Beattie","Johnny Depp, Geoffrey Rush, Orlando Bloom","Blacksmith Will Turner teams up with eccentric pirate ""Captain"" Jack Sparrow to save Elizabeth Swann, the governor's daughter and his love, from Jack's former pirate allies, who are now undead.",English,United States,Nominated for 5 Oscars. 38 wins & 104 nominations total,https://m.media-amazon.com/images/M/MV5BNDhlMzEyNzItMTA5Mi00YWRhLThlNTktYTQyMTA0MDIyNDEyXkEyXkFqcGc@._V1_SX300.jpg,63,8.1,"1,312,218","$305,413,918"
Color,James Cameron,315.0,194,0.0,794.0,Kate Winslet,29000.0,658672302.0,Drama|Romance,Leonardo DiCaprio,Titanic ,793059,45223,Gloria Stuart,0.0,artist|love|ship|titanic|wet,http://www.imdb.com/title/tt0120338/?ref_=fn_tt_tt_1,2528.0,English,USA,PG-13,200000000.0,1997,14000.0,7.7,2.35,26000,2,Drama,Romance,,tt0120338,Titanic,1997,PG-13,19 Dec 1997,194 min,"Drama, Romance",James Cameron,James Cameron,"Leonardo DiCaprio, Kate Winslet, Billy Zane","A seventeen-year-old aristocrat falls in love with a kind but poor artist aboard the luxurious, ill-fated R.M.S. Titanic.","English, Swedish, Italian, French","United States, Mexico",Won 11 Oscars. 126 wins & 84 nominations total,"https://m.media-amazon.com/images/M/MV5BYzYyN2FiZmUtYWYzMy00MzViLWJkZTMtOGY1ZjgzNWMwN2YxXkEyXkFqcGc@._V1_QL75_UX380_CR0,2,380,562_.jpg",75,8.0,"1,389,357","$674,354,882"
Color,James McTeigue,525.0,132,160.0,443.0,Eddie Marsan,20000.0,70496802.0,Action|Drama|Thriller,Natalie Portman,V for Vendetta ,791783,22417,Rupert Graves,1.0,dystopia|freedom|government|revolution|terrorist,http://www.imdb.com/title/tt0434409/?ref_=fn_tt_tt_1,2042.0,English,USA,R,54000000.0,2005,979.0,8.2,2.35,48000,3,Action,Drama,Thriller,tt0434409,V for Vendetta,2006,R,17 Mar 2006,132 min,"Action, Drama, Sci-Fi",James McTeigue,"Lilly Wachowski, Lana Wachowski, David Lloyd","Hugo Weaving, Natalie Portman, Rupert Graves",A young woman living in a dystopian society meets a shadowy freedom fighter who is plotting to overthrow their tyrannical government.,"English, French, Latin, Spanish",United States,7 wins & 29 nominations total,"https://m.media-amazon.com/images/M/MV5BOTI5ODc3NzExNV5BMl5BanBnXkFtZTcwNzYxNzQzMw@@._V1_QL75_UX380_CR0,0,380,562_.jpg",62,8.1,"1,245,161","$70,511,035"
Color,Francis Ford Coppola,149.0,220,0.0,3000.0,Al Pacino,22000.0,57300000.0,Crime|Drama,Robert De Niro,The Godfather: Part II ,790926,39960,Robert Duvall,1.0,1950s|corrupt politician|lake tahoe nevada|melancholy|revenge,http://www.imdb.com/title/tt0071562/?ref_=fn_tt_tt_1,650.0,English,USA,R,13000000.0,1974,14000.0,9.0,1.85,14000,2,Crime,Drama,,tt0071562,The Godfather Part II,1974,R,18 Dec 1974,202 min,"Crime, Drama",Francis Ford Coppola,"Francis Ford Coppola, Mario Puzo","Al Pacino, Robert De Niro, Robert Duvall","The early life and career of Vito Corleone in 1920s New York City is portrayed, while his son, Michael, expands and tightens his grip on the family crime syndicate.","English, Italian, Spanish, Latin, Sicilian",United States,Won 6 Oscars. 17 wins & 21 nominations total,"https://m.media-amazon.com/images/M/MV5BMDIxMzBlZDktZjMxNy00ZGI4LTgxNDEtYWRlNzRjMjJmOGQ1XkEyXkFqcGc@._V1_QL75_UX380_CR0,4,380,562_.jpg",90,9.0,"1,492,120","$47,834,595"
Color,Martin Scorsese,490.0,138,17000.0,163.0,Joseph Sikora,29000.0,127968405.0,Mystery|Thriller,Leonardo DiCaprio,Shutter Island ,786092,29585,Nellie Sciutto,0.0,female prisoner|plot twist|self delusion|surprise ending|year 1954,http://www.imdb.com/title/tt1130884/?ref_=fn_tt_tt_1,964.0,English,USA,R,80000000.0,2010,223.0,8.1,2.35,53000,2,Mystery,Thriller,,tt1130884,Shutter Island,2010,R,19 Feb 2010,138 min,"Drama, Mystery, Thriller",Martin Scorsese,"Laeta Kalogridis, Dennis Lehane","Leonardo DiCaprio, Emily Mortimer, Mark Ruffalo",Two US marshals are sent to a mental institution on an inhospitable island in order to investigate the disappearance of a patient.,"English, German","Canada, United States",11 wins & 66 nominations total,"https://m.media-amazon.com/images/M/MV5BN2FjNWExYzEtY2YzOC00YjNlLTllMTQtNmIwM2Q1YzBhOWM1XkEyXkFqcGc@._V1_QL75_UX380_CR0,0,380,562_.jpg",63,8.2,"1,641,055","$128,012,934"
Color,Frank Darabont,186.0,189,0.0,693.0,Jeffrey DeMunn,15000.0,136801374.0,Crime|Drama|Fantasy|Mystery,Tom Hanks,The Green Mile ,782610,17716,Michael Jeter,0.0,1930s|death row inmate|healing|prison guard|southern u.s.,http://www.imdb.com/title/tt0120689/?ref_=fn_tt_tt_1,1377.0,English,USA,R,60000000.0,1999,745.0,8.5,1.85,30000,4,Crime,Drama,Fantasy,tt0120689,The Green Mile,1999,R,10 Dec 1999,189 min,"Crime, Drama, Fantasy",Frank Darabont,"Stephen King, Frank Darabont","Tom Hanks, Michael Clarke Duncan, David Morse",A death row guard learns that a gentle giant in his charge possesses a mysterious gift.,"English, French",United States,Nominated for 4 Oscars. 15 wins & 37 nominations total,"https://m.media-amazon.com/images/M/MV5BMTUxMzQyNjA5MF5BMl5BanBnXkFtZTYwOTU2NTY3._V1_QL75_UX380_CR0,0,380,562_.jpg",61,8.6,"1,557,536","$136,801,374"
 Black and White,Tony Kaye,162.0,101,194.0,602.0,Beverly D'Angelo,1000.0,6712241.0,Crime|Drama,Ethan Suplee,American History X ,782437,3858,Stacy Keach,2.0,curb stomping|neo nazi|prison|son dislikes mother's boyfriend|white supremacist,http://www.imdb.com/title/tt0120586/?ref_=fn_tt_tt_1,1420.0,English,USA,R,7500000.0,1998,816.0,8.6,1.85,35000,2,Crime,Drama,,tt0120586,American History X,1998,R,20 Nov 1998,119 min,"Crime, Drama",Tony Kaye,David McKenna,"Edward Norton, Edward Furlong, Beverly D'Angelo",A European-American man is released from prison and now a changed man and hopes to prevent his younger brother from following in his footsteps.,English,United States,Nominated for 1 Oscar. 4 wins & 15 nominations total,"https://m.media-amazon.com/images/M/MV5BMzhiOTQ0NDItOTg0Zi00OGVmLWE0OGEtMTI4NDM0NWMxZWU4XkEyXkFqcGc@._V1_QL75_UX380_CR0,1,380,562_.jpg",62,8.5,"1,271,167","$6,719,864"
Color,Martin Scorsese,606.0,240,17000.0,4000.0,Matthew McConaughey,29000.0,116866727.0,Biography|Comedy|Crime|Drama,Leonardo DiCaprio,The Wolf of Wall Street ,780588,46057,Jon Favreau,3.0,based on true story|fellatio|female rear nudity|sex in an airplane|stockbroker,http://www.imdb.com/title/tt0993846/?ref_=fn_tt_tt_1,1138.0,English,USA,R,100000000.0,2013,11000.0,8.2,2.35,138000,4,Biography,Comedy,Crime,tt0993846,The Wolf of Wall Street,2013,R,25 Dec 2013,180 min,"Biography, Comedy, Crime",Martin Scorsese,"Terence Winter, Jordan Belfort","Leonardo DiCaprio, Jonah Hill, Margot Robbie","Based on the true story of Jordan Belfort, from his rise to a wealthy stock-broker living the high life to his fall involving crime, corruption and the federal government.","English, French",United States,Nominated for 5 Oscars. 38 wins & 180 nominations total,"https://m.media-amazon.com/images/M/MV5BMjIxMjgxNTk0MF5BMl5BanBnXkFtZTgwNjIyOTg2MDE@._V1_QL75_UX380_CR0,0,380,562_.jpg",75,8.2,"1,781,432","$116,900,694"
Color,James Cameron,210.0,153,0.0,539.0,Jenette Goldstein,780.0,204843350.0,Action|Sci-Fi,Joe Morton,Terminator 2: Judgment Day ,744891,2829,S. Epatha Merkerson,0.0,future|liquid metal|multiple cameos|sexy woman|time travel,http://www.imdb.com/title/tt0103064/?ref_=fn_tt_tt_1,983.0,English,USA,R,102000000.0,1991,604.0,8.5,2.35,13000,2,Action,Sci-Fi,,tt0103064,Terminator 2: Judgment Day,1991,R,03 Jul 1991,137 min,"Action, Adventure, Sci-Fi",James Cameron,"James Cameron, William Wisher","Arnold Schwarzenegger, Linda Hamilton, Edward Furlong","A cyborg from the future, identical to the one who failed to kill Sarah Connor, must now protect her ten-year-old son John from an even more advanced and powerful cyborg.","English, Spanish","United States, France",Won 4 Oscars. 39 wins & 33 nominations total,"https://m.media-amazon.com/images/M/MV5BNGMyMGNkMDUtMjc2Ni00NWFlLTgyODEtZTY2MzBiZTg0OWZiXkEyXkFqcGc@._V1_QL75_UX380_CR0,1,380,562_.jpg",75,8.6,"1,282,391","$205,881,154"
Color,Bryan Singer,162.0,106,0.0,574.0,Chazz Palminteri,18000.0,23272306.0,Crime|Drama|Mystery|Thriller,Kevin Spacey,The Usual Suspects ,740918,20821,Kevin Pollak,4.0,criminal|dirty cop|flashback|limping|suspect,http://www.imdb.com/title/tt0114814/?ref_=fn_tt_tt_1,1182.0,English,USA,R,6000000.0,1995,979.0,8.6,2.35,28000,4,Crime,Drama,Mystery,tt0114814,The Usual Suspects,1995,R,16 Aug 1995,106 min,"Crime, Drama, Mystery",Bryan Singer,Christopher McQuarrie,"Kevin Spacey, Gabriel Byrne, Chazz Palminteri",The sole survivor of a pier shoot-out tells the story of how a notorious criminal influenced the events that began with five criminals meeting in a seemingly random police lineup.,"English, Hungarian, Spanish, French","United States, Germany",Won 2 Oscars. 37 wins & 17 nominations total,"https://m.media-amazon.com/images/M/MV5BOTE5MDUxZDUtZWZmZC00NDVmLWFhOGQtNWI2YTc4NzY3MGQ0XkEyXkFqcGc@._V1_QL75_UX380_CR0,2,380,562_.jpg",76,8.5,"1,236,455","$23,341,568"
Color,Mel Gibson,132.0,178,0.0,403.0,Patrick McGoohan,906.0,75600000.0,Biography|Drama|History|War,Mhairi Calvey,Braveheart ,736638,1976,James Robinson,1.0,14th century|legend|revolt|scotland|tyranny,http://www.imdb.com/title/tt0112573/?ref_=fn_tt_tt_1,1065.0,English,USA,R,72000000.0,1995,466.0,8.4,2.35,17000,4,Biography,Drama,History,tt0112573,Braveheart,1995,R,24 May 1995,178 min,"Biography, Drama, War",Mel Gibson,Randall Wallace,"Mel Gibson, Sophie Marceau, Patrick McGoohan",Scottish warrior William Wallace leads his countrymen in a rebellion to free his homeland from the tyranny of King Edward I of England.,"English, French, Latin, Gaelic, Italian",United States,Won 5 Oscars. 34 wins & 34 nominations total,https://m.media-amazon.com/images/M/MV5BNGMxZDBhNGQtYTZlNi00N2UzLWI4NDEtNmUzNWM2NTdmZDA0XkEyXkFqcGc@._V1_SX300.jpg,68,8.3,"1,155,463","$75,609,945"
 Black and White,Quentin Tarantino,354.0,111,16000.0,640.0,Vivica A. Fox,926.0,70098138.0,Action,David Carradine,Kill Bill: Vol. 1 ,735784,3983,Chiaki Kuriyama,0.0,bride|coma|japan|revenge|sword,http://www.imdb.com/title/tt0266697/?ref_=fn_tt_tt_1,2105.0,English,USA,R,30000000.0,2003,890.0,8.1,2.35,13000,1,Action,,,tt0266697,Kill Bill: Vol. 1,2003,R,10 Oct 2003,111 min,"Action, Crime, Thriller",Quentin Tarantino,"Quentin Tarantino, Uma Thurman","Uma Thurman, David Carradine, Daryl Hannah","After waking from a four-year coma, a former assassin wreaks vengeance on the team of assassins who betrayed her.","English, Japanese, French",United States,Nominated for 5 BAFTA Awards. 30 wins & 103 nominations total,"https://m.media-amazon.com/images/M/MV5BZmMyYzJlZmYtY2I3NC00NjAyLTkyZWItZjdjZDI1YTYyYTEwXkEyXkFqcGc@._V1_QL75_UX380_CR0,4,380,562_.jpg",69,8.2,"1,305,508","$70,099,045"
Color,Robert Zemeckis,198.0,116,0.0,459.0,Thomas F. Wilson,1000.0,210609762.0,Adventure|Comedy|Sci-Fi,Lea Thompson,Back to the Future ,732212,3230,J.J. Cohen,0.0,clock tower|delorean|future|time travel|time travel comedy,http://www.imdb.com/title/tt0088763/?ref_=fn_tt_tt_1,809.0,English,USA,PG,19000000.0,1985,690.0,8.5,1.18,39000,3,Adventure,Comedy,Sci-Fi,tt0088763,Back to the Future,1985,PG,03 Jul 1985,116 min,"Adventure, Comedy, Sci-Fi",Robert Zemeckis,"Robert Zemeckis, Bob Gale","Michael J. Fox, Christopher Lloyd, Lea Thompson","Marty McFly, a 17-year-old high school student, is accidentally sent 30 years into the past in a time-traveling DeLorean invented by his close friend, the maverick scientist Doc Brown.",English,United States,Won 1 Oscar. 27 wins & 25 nominations total,"https://m.media-amazon.com/images/M/MV5BZmM3ZjE0NzctNjBiOC00MDZmLTgzMTUtNGVlOWFlOTNiZDJiXkEyXkFqcGc@._V1_QL75_UX380_CR0,14,380,562_.jpg",88,8.5,"1,450,794","$222,476,852"
Color,Martin Scorsese,192.0,146,17000.0,635.0,Mike Starr,22000.0,46836394.0,Biography|Crime|Drama,Robert De Niro,Goodfellas ,728685,24783,Paul Sorvino,3.0,betrayal|gangster|mafia|organized crime|robbery,http://www.imdb.com/title/tt0099685/?ref_=fn_tt_tt_1,989.0,English,USA,R,25000000.0,1990,854.0,8.7,1.85,25000,3,Biography,Crime,Drama,tt0099685,GoodFellas,1990,R,21 Sep 1990,145 min,"Biography, Crime, Drama",Martin Scorsese,"Nicholas Pileggi, Martin Scorsese","Robert De Niro, Ray Liotta, Joe Pesci","The story of Henry Hill and his life in the mafia, covering his relationship with his wife Karen and his mob partners Jimmy Conway and Tommy DeVito.","English, Italian, Hebrew, Yiddish",United States,Won 1 Oscar. 44 wins & 38 nominations total,"https://m.media-amazon.com/images/M/MV5BN2E5NzI2ZGMtY2VjNi00YTRjLWI1MDUtZGY5OWU1MWJjZjRjXkEyXkFqcGc@._V1_QL75_UX380_CR0,3,380,562_.jpg",92,8.7,"1,388,009","$46,909,721"
Color,Andrew Stanton,421.0,98,475.0,522.0,Fred Willard,1000.0,223806889.0,Adventure|Animation|Family|Sci-Fi,John Ratzenberger,WALL·E ,718837,2975,Jeff Garlin,0.0,earth|obesity|plant|robot|soil,http://www.imdb.com/title/tt0910970/?ref_=fn_tt_tt_1,1043.0,English,USA,G,180000000.0,2008,729.0,8.4,2.35,16000,4,Adventure,Animation,Family,tt0910970,WALL·E,2008,G,27 Jun 2008,98 min,"Animation, Adventure, Family",Andrew Stanton,"Andrew Stanton, Jim Reardon, Pete Docter","Ben Burtt, Elissa Knight, Jeff Garlin","A robot who is responsible for cleaning a waste-covered Earth meets another robot and falls in love with her. Together, they set out on a journey that will alter the fate of mankind.",English,"United States, Japan",Won 1 Oscar. 96 wins & 95 nominations total,https://m.media-amazon.com/images/M/MV5BMjExMTg5OTU0NF5BMl5BanBnXkFtZTcwMjMxMzMzMw@@._V1_SX300.jpg,95,8.4,"1,306,354","$223,808,164"
Color,M. Night Shyamalan,234.0,107,0.0,766.0,Haley Joel Osment,13000.0,293501675.0,Drama|Mystery|Thriller,Bruce Willis,The Sixth Sense ,704766,17540,Olivia Williams,0.0,able to see the dead|ghost|plot twist|psychic|surprise ending,http://www.imdb.com/title/tt0167404/?ref_=fn_tt_tt_1,2073.0,English,USA,PG-13,40000000.0,1999,3000.0,8.1,1.85,14000,3,Drama,Mystery,Thriller,tt0167404,The Sixth Sense,1999,PG-13,06 Aug 1999,107 min,"Drama, Mystery, Thriller",M. Night Shyamalan,M. Night Shyamalan,"Bruce Willis, Haley Joel Osment, Toni Collette","After being shot by a resentful former patient whom he failed to help, a Philadelphia child psychologist seeks redemption by treating a young boy with a disturbing secret.","English, Latin, Spanish",United States,Nominated for 6 Oscars. 37 wins & 56 nominations total,https://m.media-amazon.com/images/M/MV5BZWQ2OTY0M2UtMTQxNC00MmIzLTllNDQtNDQ0MTQyYzI2M2ZiXkEyXkFqcGc@._V1_SX300.jpg,64,8.2,"1,136,530","$293,506,292"
Color,Gary Ross,673.0,142,378.0,575.0,Josh Hutcherson,34000.0,407999255.0,Adventure|Drama|Sci-Fi|Thriller,Jennifer Lawrence,The Hunger Games ,701607,49942,Anthony Reynolds,0.0,fight to the death|game|massacre|self survival|suicide attempt,http://www.imdb.com/title/tt1392170/?ref_=fn_tt_tt_1,1959.0,English,USA,PG-13,78000000.0,2012,14000.0,7.3,2.35,140000,4,Adventure,Drama,Sci-Fi,tt1392170,The Hunger Games,2012,PG-13,23 Mar 2012,142 min,"Action, Adventure, Sci-Fi",Gary Ross,"Gary Ross, Suzanne Collins, Billy Ray","Jennifer Lawrence, Josh Hutcherson, Liam Hemsworth",Katniss Everdeen voluntarily takes her younger sister's place in the Hunger Games: a televised competition in which two teenagers from each of the twelve Districts of Panem are chosen at random to fight to the death.,English,United States,Won 1 BAFTA Award34 wins & 49 nominations total,https://m.media-amazon.com/images/M/MV5BMWI1OGM4YjQtNmIxNi00YmE2LWJkNTAtY2Q0YjU4NTI5NWQyXkEyXkFqcGc@._V1_SX300.jpg,68,7.2,"1,074,757","$408,010,692"
Color,Jon Favreau,486.0,126,4000.0,4000.0,Jeff Bridges,21000.0,318298180.0,Action|Adventure|Sci-Fi,Robert Downey Jr.,Iron Man ,696338,39252,Jon Favreau,3.0,afghanistan|billionaire|inventor|playboy|u.s. air force,http://www.imdb.com/title/tt0371746/?ref_=fn_tt_tt_1,1055.0,English,USA,PG-13,140000000.0,2008,12000.0,7.9,2.35,10000,3,Action,Adventure,Sci-Fi,tt0371746,Iron Man,2008,PG-13,02 May 2008,126 min,"Action, Adventure, Sci-Fi",Jon Favreau,"Mark Fergus, Hawk Ostby, Art Marcum","Robert Downey Jr., Gwyneth Paltrow, Terrence Howard","After being held captive in an Afghan cave, billionaire engineer Tony Stark creates a unique weaponized suit of armor to fight evil.","English, Persian, Urdu, Arabic, Kurdish, Hindi, Hungarian","United States, Canada",Nominated for 2 Oscars. 24 wins & 73 nominations total,https://m.media-amazon.com/images/M/MV5BMTczNTI2ODUwOF5BMl5BanBnXkFtZTcwMTU0NTIzMw@@._V1_SX300.jpg,79,7.9,"1,213,667","$319,034,126"
Color,Andrew Stanton,301.0,100,475.0,799.0,Stephen Root,1000.0,380838870.0,Adventure|Animation|Comedy|Family,Alexander Gould,Finding Nemo ,692482,5641,Brad Garrett,0.0,great barrier reef|protective father|separation from family|shark|short term memory loss,http://www.imdb.com/title/tt0266543/?ref_=fn_tt_tt_1,866.0,English,USA,G,94000000.0,2003,939.0,8.2,1.85,11000,4,Adventure,Animation,Comedy,tt0266543,Finding Nemo,2003,G,30 May 2003,100 min,"Animation, Adventure, Comedy","Andrew Stanton, Lee Unkrich","Andrew Stanton, Bob Peterson, David Reynolds","Albert Brooks, Ellen DeGeneres, Alexander Gould","After his son is captured in the Great Barrier Reef and taken to Sydney, a timid clownfish sets out on a journey to bring him home.","English, Japanese, Russian","United States, Japan, Australia, Kazakhstan, Armenia",Won 1 Oscar. 49 wins & 63 nominations total,https://m.media-amazon.com/images/M/MV5BMTc5NjExNTA5OV5BMl5BanBnXkFtZTYwMTQ0ODY2._V1_SX300.jpg,90,8.2,"1,196,544","$380,843,261"
Color,James Gunn,653.0,121,571.0,3000.0,Vin Diesel,14000.0,333130696.0,Action|Adventure|Sci-Fi,Bradley Cooper,Guardians of the Galaxy ,682155,32438,Djimon Hounsou,3.0,bounty hunter|outer space|raccoon|talking animal|tree,http://www.imdb.com/title/tt2015381/?ref_=fn_tt_tt_1,1097.0,English,USA,PG-13,170000000.0,2014,14000.0,8.1,2.35,96000,3,Action,Adventure,Sci-Fi,tt2015381,Guardians of the Galaxy,2014,PG-13,01 Aug 2014,121 min,"Action, Adventure, Comedy",James Gunn,"James Gunn, Nicole Perlman, Dan Abnett","Chris Pratt, Vin Diesel, Bradley Cooper",A group of intergalactic criminals must pull together to stop a fanatical warrior with plans to purge the universe.,English,"United States, United Kingdom",Nominated for 2 Oscars. 52 wins & 103 nominations total,https://m.media-amazon.com/images/M/MV5BM2ZmNjQ2MzAtNDlhNi00MmQyLWJhZDMtNmJiMjFlOWY4MzcxXkEyXkFqcGc@._V1_SX300.jpg,76,8.0,"1,352,030","$333,718,600"
Color,Richard Marquand,197.0,134,37.0,504.0,Ian McDiarmid,11000.0,309125409.0,Action|Adventure|Fantasy|Sci-Fi,Harrison Ford,Star Wars: Episode VI - Return of the Jedi ,681857,13649,Kenny Baker,0.0,death star|emperor|empire|princess|rebel,http://www.imdb.com/title/tt0086190/?ref_=fn_tt_tt_1,647.0,English,USA,PG,32500000.0,1983,1000.0,8.4,2.35,14000,4,Action,Adventure,Fantasy,tt0086190,Star Wars: Episode VI - Return of the Jedi,1983,PG,25 May 1983,131 min,"Action, Adventure, Fantasy",Richard Marquand,"Lawrence Kasdan, George Lucas","Mark Hamill, Harrison Ford, Carrie Fisher","After rescuing Han Solo from Jabba the Hutt, the Rebel Alliance attempts to destroy the second Death Star while Luke struggles to help Darth Vader back from the dark side.","English, Kikuyu, Tagalog, Kalmyk-Oirat, Quechua, Polish",United States,Nominated for 4 Oscars. 25 wins & 23 nominations total,https://m.media-amazon.com/images/M/MV5BNWEwOTI0MmUtMGNmNy00ODViLTlkZDQtZTg1YmQ3MDgyNTUzXkEyXkFqcGc@._V1_SX300.jpg,58,8.3,"1,200,333","$316,566,101"
Color,Milos Forman,149.0,133,869.0,425.0,Michael Berryman,888.0,112000000.0,Drama,Scatman Crothers,One Flew Over the Cuckoo's Nest ,680041,2176,Louise Fletcher,0.0,1960s|escape|mental institution|nurse|sexuality,http://www.imdb.com/title/tt0073486/?ref_=fn_tt_tt_1,760.0,English,USA,R,4400000.0,1975,721.0,8.7,1.85,32000,1,Drama,,,tt0073486,One Flew Over the Cuckoo's Nest,1975,R,21 Nov 1975,133 min,Drama,Miloš Forman,"Lawrence Hauben, Bo Goldman, Ken Kesey","Jack Nicholson, Louise Fletcher, Michael Berryman","A rebellious convict is sent to a psychiatric hospital for evaluation in 1963 Oregon, and encourages his docile companions to take more control of their lives and defy the tyrannical head nurse.",English,United States,Won 5 Oscars. 38 wins & 15 nominations total,"https://m.media-amazon.com/images/M/MV5BYjBkMjgzMzYtNzRiMS00NDc3LWE4YTUtZjYxYjZhNjNhYzhhXkEyXkFqcGc@._V1_QL75_UX380_CR0,1,380,562_.jpg",84,8.6,"1,155,304","$108,981,275"
Color,Peter Weir,213.0,103,608.0,576.0,Noah Emmerich,2000.0,125603360.0,Comedy|Drama|Sci-Fi,Natascha McElhone,The Truman Show ,667983,3698,Peter Krause,1.0,controlled environment|fictional reality show|hidden camera|innocence lost|simulated reality,http://www.imdb.com/title/tt0120382/?ref_=fn_tt_tt_1,877.0,English,USA,PG,60000000.0,1998,617.0,8.1,1.85,18000,3,Comedy,Drama,Sci-Fi,tt0120382,The Truman Show,1998,PG,05 Jun 1998,103 min,"Comedy, Drama",Peter Weir,Andrew Niccol,"Jim Carrey, Ed Harris, Laura Linney",An insurance salesman begins to suspect that his whole life is actually some sort of reality TV show.,English,United States,Nominated for 3 Oscars. 42 wins & 69 nominations total,https://m.media-amazon.com/images/M/MV5BNzA3ZjZlNzYtMTdjMy00NjMzLTk5ZGYtMTkyYzNiOGM1YmM3XkEyXkFqcGc@._V1_SX300.jpg,90,8.2,"1,356,843","$125,618,201"
Color,Michel Gondry,273.0,108,1000.0,1000.0,Kirsten Dunst,14000.0,34126138.0,Drama|Fantasy|Romance|Sci-Fi,Kate Winslet,Eternal Sunshine of the Spotless Mind ,666937,19364,Tom Wilkinson,1.0,borderline personality disorder|loneliness|memory|playing against type|retrograde narrative,http://www.imdb.com/title/tt0338013/?ref_=fn_tt_tt_1,1514.0,English,USA,R,20000000.0,2004,4000.0,8.3,1.85,52000,4,Drama,Fantasy,Romance,tt0338013,Eternal Sunshine of the Spotless Mind,2004,R,19 Mar 2004,108 min,"Drama, Romance, Sci-Fi",Michel Gondry,"Charlie Kaufman, Michel Gondry, Pierre Bismuth","Jim Carrey, Kate Winslet, Tom Wilkinson","When their relationship turns sour, a couple undergoes a medical procedure to have each other erased from their memories forever.",English,United States,Won 1 Oscar. 73 wins & 111 nominations total,https://m.media-amazon.com/images/M/MV5BMTY4NzcwODg3Nl5BMl5BanBnXkFtZTcwNTEwOTMyMw@@._V1_SX300.jpg,89,8.3,"1,166,070","$34,400,301"
Color,Pete Docter,408.0,96,0.0,262.0,Delroy Lindo,1000.0,292979556.0,Adventure|Animation|Comedy|Family,John Ratzenberger,Up ,665575,2635,Jess Harnell,1.0,balloon|house|promise|retirement|skeleton,http://www.imdb.com/title/tt1049413/?ref_=fn_tt_tt_1,704.0,English,USA,PG,175000000.0,2009,848.0,8.3,1.85,27000,4,Adventure,Animation,Comedy,tt1049413,Up,2009,PG,29 May 2009,96 min,"Animation, Adventure, Comedy","Pete Docter, Bob Peterson","Bob Peterson, Pete Docter, Tom McCarthy","Edward Asner, Jordan Nagai, John Ratzenberger","78-year-old Carl Fredricksen travels to South America in his house equipped with balloons, inadvertently taking a young stowaway.",English,United States,Won 2 Oscars. 81 wins & 88 nominations total,https://m.media-amazon.com/images/M/MV5BNmI1ZTc5MWMtMDYyOS00ZDc2LTkzOTAtNjQ4NWIxNjYyNDgzXkEyXkFqcGc@._V1_SX300.jpg,88,8.3,"1,225,827","$293,004,164"
Color,Quentin Tarantino,173.0,99,16000.0,455.0,Steve Buscemi,16000.0,2812029.0,Crime|Drama|Thriller,Quentin Tarantino,Reservoir Dogs ,664719,28994,Chris Penn,0.0,gang|heist|heist gone wrong|nonlinear timeline|robbery,http://www.imdb.com/title/tt0105236/?ref_=fn_tt_tt_1,931.0,English,USA,R,1200000.0,1992,12000.0,8.4,2.35,19000,3,Crime,Drama,Thriller,tt0105236,Reservoir Dogs,1992,R,02 Sep 1992,99 min,"Crime, Thriller",Quentin Tarantino,"Quentin Tarantino, Roger Avary","Harvey Keitel, Tim Roth, Michael Madsen","When a simple jewelry heist goes horribly wrong, the surviving criminals begin to suspect that one of them is a police informant.",English,United States,13 wins & 23 nominations total,https://m.media-amazon.com/images/M/MV5BMmMzYjg4NDctYWY0Mi00OGViLWIzMTMtYWNlZGY5ZDJmYjk3XkEyXkFqcGc@._V1_SX300.jpg,81,8.3,"1,164,336","$2,832,029"
Color,Steven Spielberg,234.0,115,14000.0,488.0,Karen Allen,11000.0,242374454.0,Action|Adventure,Harrison Ford,Raiders of the Lost Ark ,661017,12906,William Hootkins,1.0,archeological dig|archeologist|ark of the covenant|egypt|nazi,http://www.imdb.com/title/tt0082971/?ref_=fn_tt_tt_1,771.0,English,USA,PG,18000000.0,1981,783.0,8.5,2.35,16000,2,Action,Adventure,,tt0082971,Raiders of the Lost Ark,1981,PG,12 Jun 1981,115 min,"Action, Adventure",Steven Spielberg,"Lawrence Kasdan, George Lucas, Philip Kaufman","Harrison Ford, Karen Allen, Paul Freeman","In 1936, archaeologist Indiana Jones is tasked by Army Intelligence to help locate a legendary ancient power, the Ark of Covenant, before the Nazis get it first.","English, German, Spanish, Nepali, Hebrew, Arabic",United States,Won 4 Oscars. 41 wins & 24 nominations total,https://m.media-amazon.com/images/M/MV5BOGNhMjg2ZjgtYzk4Ni00MTViLTg1MmUtYzM2MDZiYjZlMmU3XkEyXkFqcGc@._V1_SX300.jpg,86,8.4,"1,102,713","$248,159,971"
 Black and White,Frank Miller,374.0,147,436.0,175.0,Powers Boothe,3000.0,74098862.0,Crime|Thriller,Rosario Dawson,Sin City ,656640,3924,Jason Douglas,1.0,anthology|corruption|hearing characters thoughts|neo noir|night,http://www.imdb.com/title/tt0401792/?ref_=fn_tt_tt_1,1732.0,English,USA,R,40000000.0,2005,472.0,8.1,1.85,13000,2,Crime,Thriller,,tt0401792,Sin City,2005,R,01 Apr 2005,124 min,"Crime, Thriller","Frank Miller, Quentin Tarantino, Robert Rodriguez","Frank Miller, Robert Rodriguez","Mickey Rourke, Clive Owen, Bruce Willis","An exploration of the dark and miserable Basin City and three of its residents, all of whom are caught up in violent corruption.",English,United States,38 wins & 54 nominations total,https://m.media-amazon.com/images/M/MV5BNWE2YmYyYzQtNGMwMi00Yzk0LTk3ZTYtYTcxNmFjMDE1MGExXkEyXkFqcGc@._V1_SX300.jpg,74,8.0,"816,686","$74,103,820"
Color,Roger Allers,186.0,73,28.0,847.0,Nathan Lane,2000.0,422783777.0,Adventure|Animation|Drama|Family|Musical,Matthew Broderick,The Lion King ,644348,6458,Niketa Calame,0.0,king|prince|scar|uncle|unnecessary guilt,http://www.imdb.com/title/tt0110357/?ref_=fn_tt_tt_1,656.0,English,USA,G,45000000.0,1994,886.0,8.5,1.66,17000,5,Adventure,Animation,Drama,tt0110357,The Lion King,1994,G,24 Jun 1994,88 min,"Animation, Adventure, Drama","Roger Allers, Rob Minkoff","Irene Mecchi, Jonathan Roberts, Linda Woolverton","Matthew Broderick, Jeremy Irons, James Earl Jones","Lion prince Simba and his father are targeted by his bitter uncle, who wants to ascend the throne himself.","English, Swahili, Xhosa, Zulu",United States,Won 2 Oscars. 43 wins & 35 nominations total,https://m.media-amazon.com/images/M/MV5BZGRiZDZhZjItM2M3ZC00Y2IyLTk3Y2MtMWY5YjliNDFkZTJlXkEyXkFqcGc@._V1_SX300.jpg,88,8.5,"1,248,136","$424,979,720"
Color,Danny Boyle,418.0,120,0.0,40.0,Saurabh Shukla,668.0,141319195.0,Drama|Romance,Anil Kapoor,Slumdog Millionaire ,641997,820,Ayush Mahesh Khedekar,0.0,cheating|falling from height|murder|non professional cast|slum,http://www.imdb.com/title/tt1010048/?ref_=fn_tt_tt_1,1017.0,English,UK,R,15000000.0,2008,56.0,8.0,2.35,13000,2,Drama,Romance,,tt1010048,Slumdog Millionaire,2008,R,25 Dec 2008,120 min,"Crime, Drama, Romance","Danny Boyle, Loveleen Tandan","Simon Beaufoy, Vikas Swarup","Dev Patel, Freida Pinto, Saurabh Shukla","When a teenager from the slums of Mumbai is interrogated about his suspicious performance on a quiz show, he revisits various events from his past to explain how he knew all the answers.","English, Hindi","United Kingdom, France, United States, India",Won 8 Oscars. 154 wins & 133 nominations total,https://m.media-amazon.com/images/M/MV5BMTE5ZTRkYWEtZmU5MC00NDJjLTk3NmUtZGJlYTM2MmQ3NTJkXkEyXkFqcGc@._V1_SX300.jpg,84,8.0,"907,124","$141,319,928"
Color,Peter Jackson,645.0,182,0.0,773.0,Adam Brown,5000.0,303001229.0,Adventure|Fantasy,Aidan Turner,The Hobbit: An Unexpected Journey ,637246,9152,James Nesbitt,,dragon|dwarf|hobbit|orc|wizard,http://www.imdb.com/title/tt0903624/?ref_=fn_tt_tt_1,1367.0,English,USA,PG-13,180000000.0,2012,972.0,7.9,2.35,166000,2,Adventure,Fantasy,,tt0903624,The Hobbit: An Unexpected Journey,2012,PG-13,14 Dec 2012,169 min,"Adventure, Fantasy",Peter Jackson,"Fran Walsh, Philippa Boyens, Peter Jackson","Martin Freeman, Ian McKellen, Richard Armitage","A reluctant Hobbit, Bilbo Baggins, sets out to the Lonely Mountain with a spirited group of dwarves to reclaim their mountain home and the gold within it from the dragon Smaug.",English,"New Zealand, United States",Nominated for 3 Oscars. 11 wins & 76 nominations total,https://m.media-amazon.com/images/M/MV5BMTcwNTE4MTUxMl5BMl5BanBnXkFtZTcwMDIyODM4OA@@._V1_SX300.jpg,58,7.8,"923,382","$303,030,651"
Color,John Lasseter,166.0,74,487.0,802.0,John Ratzenberger,15000.0,191796233.0,Adventure|Animation|Comedy|Family|Fantasy,Tom Hanks,Toy Story ,623757,19046,Jim Varney,1.0,claw crane|cowboy|jealousy|rivalry|toy,http://www.imdb.com/title/tt0114709/?ref_=fn_tt_tt_1,391.0,English,USA,G,30000000.0,1995,1000.0,8.3,1.85,0,5,Adventure,Animation,Comedy,tt0114709,Toy Story,1995,G,22 Nov 1995,81 min,"Animation, Adventure, Comedy",John Lasseter,"Joss Whedon, Andrew Stanton, Joel Cohen","Tom Hanks, Tim Allen, Don Rickles","A cowboy doll is profoundly jealous when a new spaceman action figure supplants him as the top toy in a boy's bedroom. When circumstances separate them from their owner, the duo have to put aside their differences to return to him.",English,United States,Nominated for 3 Oscars. 29 wins & 24 nominations total,https://m.media-amazon.com/images/M/MV5BZTA3OWVjOWItNjE1NS00NzZiLWE1MjgtZDZhMWI1ZTlkNzYwXkEyXkFqcGc@._V1_SX300.jpg,96,8.3,"1,163,069","$229,947,062"
Color,Steven Spielberg,308.0,127,14000.0,191.0,Ariana Richards,967.0,356784000.0,Adventure|Sci-Fi|Thriller,Wayne Knight,Jurassic Park ,613473,2129,Bob Peck,0.0,dinosaur|jurassic park|survival|theme park|tyrannosaurus rex,http://www.imdb.com/title/tt0107290/?ref_=fn_tt_tt_1,895.0,English,USA,PG-13,63000000.0,1993,610.0,8.1,1.85,19000,3,Adventure,Sci-Fi,Thriller,tt0107290,Jurassic Park,1993,PG-13,11 Jun 1993,127 min,"Action, Adventure, Sci-Fi",Steven Spielberg,"Michael Crichton, David Koepp","Sam Neill, Laura Dern, Jeff Goldblum","An industrialist invites some experts to visit his theme park of cloned dinosaurs. After a power failure, the creatures run loose, putting everyone's lives, including his grandchildren's, in danger.","English, Spanish",United States,Won 3 Oscars. 44 wins & 27 nominations total,https://m.media-amazon.com/images/M/MV5BMjM2MDgxMDg0Nl5BMl5BanBnXkFtZTgwNTM2OTM5NDE@._V1_SX300.jpg,68,8.2,"1,167,043","$407,185,075"
Color,Ethan Coen,488.0,122,1000.0,883.0,Stephen Root,2000.0,74273505.0,Crime|Drama|Thriller,Kelly Macdonald,No Country for Old Men ,612060,4738,Barry Corbin,0.0,coin toss|desert|sheriff|texas|tracking device,http://www.imdb.com/title/tt0477348/?ref_=fn_tt_tt_1,1518.0,English,USA,R,25000000.0,2007,939.0,8.1,2.35,21000,3,Crime,Drama,Thriller,tt0477348,No Country for Old Men,2007,R,21 Nov 2007,122 min,"Crime, Drama, Thriller","Ethan Coen, Joel Coen","Joel Coen, Ethan Coen, Cormac McCarthy","Tommy Lee Jones, Javier Bardem, Josh Brolin",Violence and mayhem ensue after a hunter stumbles upon the aftermath of a drug deal gone wrong and over two million dollars in cash near the Rio Grande.,"English, Spanish",United States,Won 4 Oscars. 165 wins & 139 nominations total,https://m.media-amazon.com/images/M/MV5BMjA5Njk3MjM4OV5BMl5BanBnXkFtZTcwMTc5MTE1MQ@@._V1_SX300.jpg,92,8.2,"1,177,271","$74,283,625"
Color,Ron Howard,205.0,135,2000.0,535.0,Austin Pendleton,1000.0,170708996.0,Biography|Drama,Adam Goldberg,A Beautiful Mind ,610568,2827,Judd Hirsch,0.0,conspiracy|cryptography|mathematician|mental illness|nobel prize,http://www.imdb.com/title/tt0268978/?ref_=fn_tt_tt_1,1171.0,English,USA,PG-13,58000000.0,2001,592.0,8.2,1.85,29000,2,Biography,Drama,,tt0268978,A Beautiful Mind,2002,PG-13,04 Jan 2002,135 min,"Biography, Drama, Mystery",Ron Howard,"Akiva Goldsman, Sylvia Nasar","Russell Crowe, Ed Harris, Jennifer Connelly","A mathematical genius, John Nash made an astonishing discovery early in his career and stood on the brink of international acclaim. But Nash soon found himself on a harrowing journey of self-discovery.",English,United States,Won 4 Oscars. 37 wins & 69 nominations total,"https://m.media-amazon.com/images/M/MV5BYjgzNjFkMmItOGJhNi00NWM3LWJlYTUtNDExMGQ3ZTI3NjJkXkEyXkFqcGc@._V1_QL75_UX380_CR0,1,380,562_.jpg",72,8.2,"1,052,138","$170,742,341"
Color,Stanley Kubrick,253.0,146,0.0,413.0,Shelley Duvall,888.0,,Drama|Horror,Scatman Crothers,The Shining ,610333,2560,Joe Turkel,0.0,breaking down a door|haunted hotel|identical twins|labyrinth|twin sisters,http://www.imdb.com/title/tt0081505/?ref_=fn_tt_tt_1,1320.0,English,USA,R,19000000.0,1980,629.0,8.4,1.37,37000,2,Drama,Horror,,tt0081505,The Shining,1980,R,13 Jun 1980,146 min,"Drama, Horror",Stanley Kubrick,"Stephen King, Stanley Kubrick, Diane Johnson","Jack Nicholson, Shelley Duvall, Danny Lloyd","A family heads to an isolated hotel for the winter, where a sinister presence influences the father into violence. At the same time, his psychic son sees horrifying forebodings from both the past and the future.",English,"United Kingdom, United States",6 wins & 9 nominations total,https://m.media-amazon.com/images/M/MV5BNmM5ZThhY2ItOGRjOS00NzZiLWEwYTItNDgyMjFkOTgxMmRiXkEyXkFqcGc@._V1_SX300.jpg,68,8.4,"1,216,349","$47,194,352"
Color,Zack Snyder,460.0,117,0.0,447.0,Michael Fassbender,18000.0,210592590.0,Action|Drama|Fantasy|War,Gerard Butler,300 ,607235,32360,Vincent Regan,0.0,battle|epic|greece|spartan|warrior,http://www.imdb.com/title/tt0416449/?ref_=fn_tt_tt_1,2073.0,English,USA,R,65000000.0,2006,13000.0,7.7,2.35,13000,4,Action,Drama,Fantasy,tt0416449,300,2006,R,09 Mar 2007,117 min,"Action, Drama",Zack Snyder,"Zack Snyder, Kurt Johnstad, Michael B. Gordon","Gerard Butler, Lena Headey, David Wenham","In the ancient battle of Thermopylae, King Leonidas and 300 Spartans fight against Xerxes and his massive Persian army.",English,"United States, Canada, Bulgaria",19 wins & 57 nominations total,https://m.media-amazon.com/images/M/MV5BMjc4OTc0ODgwNV5BMl5BanBnXkFtZTcwNjM1ODE0MQ@@._V1_SX300.jpg,52,7.6,"904,962","$210,629,101"
Color,Gus Van Sant,161.0,126,835.0,893.0,Matt Damon,49000.0,138339411.0,Drama,Robin Williams,Good Will Hunting ,604904,63710,Minnie Driver,2.0,friend|genius|janitor|loss of wife|professor,http://www.imdb.com/title/tt0119217/?ref_=fn_tt_tt_1,682.0,English,USA,R,10000000.0,1997,13000.0,8.3,1.85,31000,1,Drama,,,tt0119217,Good Will Hunting,1998,R,09 Jan 1998,126 min,"Drama, Romance",Gus Van Sant,"Matt Damon, Ben Affleck","Robin Williams, Matt Damon, Ben Affleck","A therapist counsels Will Hunting, a janitor with a genius IQ.",English,United States,Won 2 Oscars. 25 wins & 61 nominations total,"https://m.media-amazon.com/images/M/MV5BNDdjZGQ5YzEtNTc2My00Mjc0LWFlMTctYzkwMzZlNzdiZWYzXkEyXkFqcGc@._V1_QL75_UX380_CR0,9,380,562_.jpg",71,8.4,"1,213,877","$138,433,435"
Color,Guy Ritchie,151.0,104,0.0,1000.0,Brad Pitt,26000.0,30093107.0,Comedy|Crime,Jason Statham,Snatch ,600996,39175,Jason Flemyng,6.0,boxer|boxing|diamond|fight|gypsy,http://www.imdb.com/title/tt0208092/?ref_=fn_tt_tt_1,726.0,English,UK,R,6000000.0,2000,11000.0,8.3,1.85,27000,2,Comedy,Crime,,tt0208092,Snatch,2001,R,19 Jan 2001,102 min,"Comedy, Crime",Guy Ritchie,Guy Ritchie,"Jason Statham, Brad Pitt, Stephen Graham","Unscrupulous boxing promoters, violent bookmakers, a Russian gangster, incompetent amateur robbers and supposedly Jewish jewelers fight to track down a priceless stolen diamond.","English, Russian","United Kingdom, United States",4 wins & 7 nominations total,"https://m.media-amazon.com/images/M/MV5BYzk5NjJkMTQtN2IyNC00YWM5LTlhZmMtNGI3MWNhMTU1YTc4XkEyXkFqcGc@._V1_QL75_UY562_CR2,0,380,562_.jpg",55,8.2,"976,126","$30,328,156"
Color,James Cameron,204.0,107,0.0,255.0,Brian Thompson,2000.0,38400000.0,Action|Sci-Fi,Michael Biehn,The Terminator ,600266,3582,Paul Winfield,1.0,cyborg|future war|robot|shootout in a police station|urban setting,http://www.imdb.com/title/tt0088247/?ref_=fn_tt_tt_1,692.0,English,UK,R,6500000.0,1984,663.0,8.1,1.85,13000,2,Action,Sci-Fi,,tt0088247,The Terminator,1984,R,26 Oct 1984,107 min,"Action, Adventure, Sci-Fi",James Cameron,"James Cameron, Gale Anne Hurd, William Wisher","Arnold Schwarzenegger, Linda Hamilton, Michael Biehn",A cyborg assassin from the future attempts to find and kill a young woman who is destined to give birth to a warrior that will lead a resistance to save humankind from extinction.,"English, Spanish","United Kingdom, United States",9 wins & 8 nominations total,https://m.media-amazon.com/images/M/MV5BZmE0YzIxM2QtMGNlMi00MjRmLWE3MWMtOWQzMGVjMmU0YTFmXkEyXkFqcGc@._V1_SX300.jpg,84,8.1,"996,325","$38,371,200"
Color,John McTiernan,233.0,131,323.0,541.0,Bruce Willis,25000.0,81350242.0,Action|Thriller,Alan Rickman,Die Hard ,592582,40585,Reginald VelJohnson,0.0,christmas|christmas eve|christmas party|held at gunpoint|hostage,http://www.imdb.com/title/tt0095016/?ref_=fn_tt_tt_1,722.0,English,USA,R,28000000.0,1988,13000.0,8.2,2.35,25000,2,Action,Thriller,,tt0095016,Die Hard,1988,R,20 Jul 1988,132 min,"Action, Thriller",John McTiernan,"Roderick Thorp, Jeb Stuart, Steven E. de Souza","Bruce Willis, Alan Rickman, Bonnie Bedelia","A New York City cop, John McClane, tries to save his estranged wife and several others taken hostage by terrorists during a Christmas Eve party at the Nakatomi Plaza Skyscraper in Los Angeles, California.","English, German, Italian, Japanese",United States,Nominated for 4 Oscars. 8 wins & 8 nominations total,https://m.media-amazon.com/images/M/MV5BMGNlYmM1NmQtYWExMS00NmRjLTg5ZmEtMmYyYzJkMzljYWMxXkEyXkFqcGc@._V1_SX300.jpg,72,8.2,"1,021,784","$85,892,546"
Color,Pete Docter,250.0,92,0.0,773.0,John Ratzenberger,12000.0,289907418.0,Adventure|Animation|Comedy|Family|Fantasy,Steve Buscemi,"Monsters, Inc. ",585659,15013,James Coburn,0.0,friend|little girl|monster|rival|scream,http://www.imdb.com/title/tt0198781/?ref_=fn_tt_tt_1,593.0,English,USA,G,115000000.0,2001,1000.0,8.1,1.85,0,5,Adventure,Animation,Comedy,tt0198781,"Monsters, Inc.",2001,G,02 Nov 2001,92 min,"Animation, Adventure, Comedy","Pete Docter, David Silverman, Lee Unkrich","Andrew Stanton, Daniel Gerson, Pete Docter","Billy Crystal, John Goodman, Mary Gibbs","In order to power the city, monsters have to scare children so that they scream. However, the children are toxic to the monsters, and after a child gets through, two monsters realize things may not be what they think.",English,United States,Won 1 Oscar. 15 wins & 38 nominations total,"https://m.media-amazon.com/images/M/MV5BMTY1NTI0ODUyOF5BMl5BanBnXkFtZTgwNTEyNjQ0MDE@._V1_QL75_UX380_CR0,0,380,562_.jpg",79,8.1,"1,072,549","$290,642,256"
Color,Todd Phillips,334.0,108,480.0,706.0,Rob Riggle,14000.0,277313371.0,Comedy,Bradley Cooper,The Hangover ,583341,17623,Mike Epps,3.0,drunkenness|female nudity|hangover|hedonism|morning after,http://www.imdb.com/title/tt1119646/?ref_=fn_tt_tt_1,626.0,English,USA,R,35000000.0,2009,839.0,7.8,2.35,24000,1,Comedy,,,tt1119646,The Hangover,2009,R,05 Jun 2009,100 min,Comedy,Todd Phillips,"Jon Lucas, Scott Moore","Zach Galifianakis, Bradley Cooper, Justin Bartha",Three buddies wake up from a bachelor party in Las Vegas with no memory of the previous night and the bachelor missing. They must make their way around the city in order to find their friend in time for his wedding.,English,"Germany, United States",Nominated for 1 BAFTA Award13 wins & 25 nominations total,https://m.media-amazon.com/images/M/MV5BNDI2MzBhNzgtOWYyOS00NDM2LWE0OGYtOGQ0M2FjMTI2NTllXkEyXkFqcGc@._V1_SX300.jpg,73,7.7,"922,266","$277,339,746"
Color,Alfonso Cuarón,738.0,91,0.0,13.0,Basher Savage,39.0,274084951.0,Adventure|Drama|Sci-Fi|Thriller,Phaldut Sharma,Gravity ,582917,87,Amy Warren,0.0,box office hit|long take|sole survivor|space|space station,http://www.imdb.com/title/tt1454468/?ref_=fn_tt_tt_1,1885.0,English,UK,PG-13,100000000.0,2013,23.0,7.8,2.35,147000,4,Adventure,Drama,Sci-Fi,tt1454468,Gravity,2013,PG-13,04 Oct 2013,91 min,"Drama, Sci-Fi, Thriller",Alfonso Cuarón,"Alfonso Cuarón, Jonás Cuarón","Sandra Bullock, George Clooney, Ed Harris","Dr Ryan Stone, an engineer on her first space mission, and Matt Kowalski, an astronaut on his final expedition, have to survive in space after they are hit by debris while spacewalking.","English, Greenlandic","United Kingdom, United States",Won 7 Oscars. 240 wins & 188 nominations total,https://m.media-amazon.com/images/M/MV5BNjE5MzYwMzYxMF5BMl5BanBnXkFtZTcwOTk4MTk0OQ@@._V1_SX300.jpg,96,7.7,"895,643","$274,092,705"
Color,Richard Kelly,283.0,133,219.0,701.0,Mary McDonnell,15000.0,727883.0,Drama|Sci-Fi|Thriller,Jake Gyllenhaal,Donnie Darko ,580999,17040,James Duval,1.0,1980s|death|insanity|parallel universe|time travel,http://www.imdb.com/title/tt0246578/?ref_=fn_tt_tt_1,2110.0,English,USA,R,4500000.0,2001,933.0,8.1,2.35,33000,3,Drama,Sci-Fi,Thriller,tt0246578,Donnie Darko,2001,R,19 Jan 2001,113 min,"Drama, Mystery, Sci-Fi",Richard Kelly,Richard Kelly,"Jake Gyllenhaal, Jena Malone, Mary McDonnell","After narrowly escaping a bizarre accident, a troubled teenager is plagued by visions of a man in a large rabbit suit who manipulates him to commit a series of crimes.",English,United States,12 wins & 17 nominations total,https://m.media-amazon.com/images/M/MV5BMWE3NTYzZmEtM2U5MS00MDZhLTk2ZTQtZTgzNjg0ZGQ5ZjM0XkEyXkFqcGc@._V1_SX300.jpg,88,8.0,"906,192","$1,478,493"
Color,Darren Aronofsky,234.0,102,0.0,167.0,Mark Margolis,1000.0,3609278.0,Drama,Ellen Burstyn,Requiem for a Dream ,573541,2235,Louise Lasser,0.0,addiction|diet pill|drug addiction|fast motion scene|heroin,http://www.imdb.com/title/tt0180093/?ref_=fn_tt_tt_1,1916.0,English,USA,R,4500000.0,2000,1000.0,8.4,1.37,38000,1,Drama,,,tt0180093,Requiem for a Dream,2000,NC-17,15 Dec 2000,102 min,Drama,Darren Aronofsky,"Hubert Selby Jr., Darren Aronofsky","Ellen Burstyn, Jared Leto, Jennifer Connelly",The drug-induced utopias of four Coney Island people are shattered when their addictions run deep.,English,United States,Nominated for 1 Oscar. 37 wins & 69 nominations total,https://m.media-amazon.com/images/M/MV5BN2ZlMjIzZjctYzA2My00ZWYyLWI4ZjctMGI2NWYyNzFiZjAwXkEyXkFqcGc@._V1_SX300.jpg,71,8.3,"966,708","$3,635,482"
Color,David Fincher,568.0,149,21000.0,625.0,Sela Ward,835.0,167735396.0,Crime|Drama|Mystery|Thriller,Patrick Fugit,Gone Girl ,569841,4348,Emily Ratajkowski,0.0,based on novel|disappearance|missing person|missing wife|murder suspect,http://www.imdb.com/title/tt2267998/?ref_=fn_tt_tt_1,1127.0,English,USA,R,61000000.0,2014,812.0,8.1,2.35,146000,4,Crime,Drama,Mystery,tt2267998,Gone Girl,2014,R,03 Oct 2014,149 min,"Drama, Mystery, Thriller",David Fincher,Gillian Flynn,"Ben Affleck, Rosamund Pike, Neil Patrick Harris",The husband of a missing woman becomes the main suspect in her disappearance.,English,United States,Nominated for 1 Oscar. 64 wins & 189 nominations total,"https://m.media-amazon.com/images/M/MV5BMTk0MDQ3MzAzOV5BMl5BanBnXkFtZTgwNzU1NzE3MjE@._V1_QL75_UY562_CR1,0,380,562_.jpg",79,8.1,"1,166,585","$167,767,189"
Color,Ridley Scott,392.0,116,0.0,513.0,Yaphet Kotto,1000.0,78900000.0,Horror|Sci-Fi,Tom Skerritt,Alien ,563827,2524,Bolaji Badejo,0.0,alien|creature|future|outer space|spaceship,http://www.imdb.com/title/tt0078748/?ref_=fn_tt_tt_1,1110.0,English,UK,R,11000000.0,1979,581.0,8.5,2.35,23000,2,Horror,Sci-Fi,,tt0078748,Alien,1979,R,22 Jun 1979,117 min,"Horror, Sci-Fi",Ridley Scott,"Dan O'Bannon, Ronald Shusett","Sigourney Weaver, Tom Skerritt, John Hurt","After investigating a mysterious transmission of unknown origin, the crew of a commercial spacecraft encounters a deadly lifeform.",English,"United Kingdom, United States",Won 1 Oscar. 19 wins & 22 nominations total,"https://m.media-amazon.com/images/M/MV5BN2NhMDk2MmEtZDQzOC00MmY5LThhYzAtMDdjZGFjOGZjMjdjXkEyXkFqcGc@._V1_QL75_UX380_CR0,6,380,562_.jpg",89,8.5,"1,061,640","$84,206,106"
Color,Clint Eastwood,366.0,116,16000.0,198.0,Dreama Walker,16000.0,148085755.0,Drama,Clint Eastwood,Gran Torino ,561773,17347,Ahney Her,0.0,gang|gang rape|hmong|teenager|widower,http://www.imdb.com/title/tt1205489/?ref_=fn_tt_tt_1,871.0,English,USA,R,33000000.0,2008,601.0,8.2,2.35,28000,1,Drama,,,tt1205489,Gran Torino,2008,R,09 Jan 2009,116 min,Drama,Clint Eastwood,"Nick Schenk, Dave Johannson","Clint Eastwood, Bee Vang, Christopher Carley","After a Hmong teenager tries to steal his prized 1972 Gran Torino, a disgruntled, prejudiced Korean War veteran seeks to redeem both the boy and himself.","English, Hmong","Germany, United States",21 wins & 23 nominations total,https://m.media-amazon.com/images/M/MV5BMTc5NTk2OTU1Nl5BMl5BanBnXkFtZTcwMDc3NjAwMg@@._V1_SX300.jpg,73,8.1,"854,482","$148,095,302"
Color,Shane Black,608.0,195,1000.0,3000.0,Jon Favreau,21000.0,408992272.0,Action|Adventure|Sci-Fi,Robert Downey Jr.,Iron Man 3 ,557489,30426,Don Cheadle,3.0,armor|explosion|human bomb|missile attack|terrorist,http://www.imdb.com/title/tt1300854/?ref_=fn_tt_tt_1,1187.0,English,USA,PG-13,200000000.0,2013,4000.0,7.2,2.35,95000,3,Action,Adventure,Sci-Fi,tt1300854,Iron Man 3,2013,PG-13,03 May 2013,130 min,"Action, Adventure, Sci-Fi",Shane Black,"Drew Pearce, Shane Black, Stan Lee","Robert Downey Jr., Guy Pearce, Gwyneth Paltrow","When Tony Stark's world is torn apart by a formidable terrorist called the Mandarin, he starts an odyssey of rebuilding and retribution.",English,United States,Nominated for 1 Oscar. 20 wins & 63 nominations total,https://m.media-amazon.com/images/M/MV5BMjIzMzAzMjQyM15BMl5BanBnXkFtZTcwNzM2NjcyOQ@@._V1_SX300.jpg,62,7.1,"957,295","$409,013,994"
Color,George Miller,739.0,120,750.0,943.0,Charlize Theron,27000.0,153629485.0,Action|Adventure|Sci-Fi|Thriller,Tom Hardy,Mad Max: Fury Road ,552503,40025,Zoë Kravitz,0.0,australia|desert|escape|on the run|post apocalypse,http://www.imdb.com/title/tt1392190/?ref_=fn_tt_tt_1,1588.0,English,Australia,R,150000000.0,2015,9000.0,8.1,2.35,191000,4,Action,Adventure,Sci-Fi,tt1392190,Mad Max: Fury Road,2015,R,15 May 2015,120 min,"Action, Adventure, Sci-Fi",George Miller,"George Miller, Brendan McCarthy, Nick Lathouris","Tom Hardy, Charlize Theron, Nicholas Hoult","In a post-apocalyptic wasteland, a woman rebels against a tyrannical ruler in search for her homeland with the aid of a group of female prisoners, a psychotic worshipper and a drifter named Max.","English, Russian","Australia, United States",Won 6 Oscars. 245 wins & 234 nominations total,https://m.media-amazon.com/images/M/MV5BZDRkODJhOTgtOTc1OC00NTgzLTk4NjItNDgxZDY4YjlmNDY2XkEyXkFqcGc@._V1_SX300.jpg,90,8.1,"1,198,396","$154,280,290"
Color,Darren Aronofsky,669.0,108,0.0,1000.0,Mila Kunis,20000.0,106952327.0,Drama|Thriller,Natalie Portman,Black Swan ,551363,38072,Mark Margolis,1.0,ballerina|ballet|fear|female protagonist|madness,http://www.imdb.com/title/tt0947798/?ref_=fn_tt_tt_1,1140.0,English,USA,R,13000000.0,2010,15000.0,8.0,2.35,106000,2,Drama,Thriller,,tt0947798,Black Swan,2010,R,17 Dec 2010,108 min,"Drama, Thriller",Darren Aronofsky,"Mark Heyman, Andres Heinz, John J. McLaughlin","Natalie Portman, Mila Kunis, Vincent Cassel","Nina is a talented but unstable ballerina on the verge of stardom. Pushed to the breaking point by her artistic director and a seductive rival, Nina's grip on reality slips, plunging her into a waking nightmare.","English, French, Italian",United States,Won 1 Oscar. 98 wins & 279 nominations total,https://m.media-amazon.com/images/M/MV5BNzY2NzI4OTE5MF5BMl5BanBnXkFtZTcwMjMyNDY4Mw@@._V1_SX300.jpg,79,8.0,"882,921","$107,770,258"
Color,Zack Snyder,733.0,143,0.0,748.0,Christopher Meloni,15000.0,291021565.0,Action|Adventure|Fantasy|Sci-Fi,Henry Cavill,Man of Steel ,548573,20495,Harry Lennix,0.0,based on comic book|british actor playing american character|final battle|origin of hero|reboot,http://www.imdb.com/title/tt0770828/?ref_=fn_tt_tt_1,2536.0,English,USA,PG-13,225000000.0,2013,3000.0,7.2,2.35,118000,4,Action,Adventure,Fantasy,tt0770828,Man of Steel,2013,PG-13,14 Jun 2013,143 min,"Action, Adventure, Sci-Fi",Zack Snyder,"David S. Goyer, Christopher Nolan, Jerry Siegel","Henry Cavill, Amy Adams, Michael Shannon",An alien child is evacuated from his dying world and sent to Earth to live among humans. His peace is threatened when other survivors of his home planet invade Earth.,English,"United Kingdom, United States",Nominated for 1 BAFTA Award. 7 wins & 46 nominations total,"https://m.media-amazon.com/images/M/MV5BMTk5ODk1NDkxMF5BMl5BanBnXkFtZTcwNTA5OTY0OQ@@._V1_QL75_UY562_CR0,0,380,562_.jpg",55,7.1,"865,769","$291,045,518"
Color,Lee Unkrich,453.0,103,125.0,721.0,John Ratzenberger,15000.0,414984497.0,Adventure|Animation|Comedy|Family|Fantasy,Tom Hanks,Toy Story 3 ,544884,19085,Don Rickles,3.0,college|day care|escape|teddy bear|toy,http://www.imdb.com/title/tt0435761/?ref_=fn_tt_tt_1,733.0,English,USA,G,200000000.0,2010,1000.0,8.3,1.85,30000,5,Adventure,Animation,Comedy,tt0435761,Toy Story 3,2010,G,18 Jun 2010,103 min,"Animation, Adventure, Comedy",Lee Unkrich,"Michael Arndt, John Lasseter, Andrew Stanton","Tom Hanks, Tim Allen, Joan Cusack","The toys are mistakenly delivered to a day-care center instead of the attic right before Andy leaves for college, and it's up to Woody to convince the other toys that they weren't abandoned and to return home.","English, Spanish",United States,Won 2 Oscars. 63 wins & 96 nominations total,https://m.media-amazon.com/images/M/MV5BMTgxOTY4Mjc0MF5BMl5BanBnXkFtZTcwNTA4MDQyMw@@._V1_SX300.jpg,92,8.3,"961,588","$415,004,880"
Color,Sam Raimi,291.0,121,0.0,4000.0,James Franco,24000.0,403706375.0,Action|Adventure|Fantasy|Romance,J.K. Simmons,Spider-Man ,544665,40484,Kirsten Dunst,0.0,evil|goblin|spider|spider man|superhero,http://www.imdb.com/title/tt0145487/?ref_=fn_tt_tt_1,2012.0,English,USA,PG-13,139000000.0,2002,11000.0,7.3,1.85,5000,4,Action,Adventure,Fantasy,tt0145487,Spider-Man,2002,PG-13,03 May 2002,121 min,"Action, Adventure, Sci-Fi",Sam Raimi,"Stan Lee, Steve Ditko, David Koepp","Tobey Maguire, Kirsten Dunst, Willem Dafoe","After being bitten by a genetically-modified spider, a shy teenager gains spider-like abilities that he uses to fight injustice as a masked superhero and face a vengeful enemy.",English,United States,Nominated for 2 Oscars. 17 wins & 65 nominations total,https://m.media-amazon.com/images/M/MV5BZWM0OWVmNTEtNWVkOS00MzgyLTkyMzgtMmE2ZTZiNjY4MmFiXkEyXkFqcGc@._V1_SX300.jpg,73,7.4,"958,249","$408,524,875"
Color,Brian De Palma,147.0,142,0.0,638.0,F. Murray Abraham,14000.0,44700000.0,Crime|Drama,Al Pacino,Scarface ,537442,16464,Mary Elizabeth Mastrantonio,0.0,assassination attempt|capitalism|cocaine|cuban american|cuban refugee,http://www.imdb.com/title/tt0086250/?ref_=fn_tt_tt_1,851.0,English,USA,R,25000000.0,1983,670.0,8.3,2.35,19000,2,Crime,Drama,,tt0086250,Scarface,1983,R,09 Dec 1983,170 min,"Crime, Drama",Brian De Palma,"Oliver Stone, Howard Hawks, Ben Hecht","Al Pacino, Michelle Pfeiffer, Steven Bauer","In the 1980s, a determined criminal-minded Cuban immigrant becomes the biggest drug smuggler in Miami, and is eventually undone by his own drug addiction.","English, Spanish",United States,8 nominations total,"https://m.media-amazon.com/images/M/MV5BNDUzYjY0NmUtMDM4OS00Y2Q5LWJiODYtNTk0ZTk0YjZhMTg1XkEyXkFqcGc@._V1_QL75_UX380_CR0,4,380,562_.jpg",65,8.3,"1,012,928","$45,967,303"
Color,Joel Coen,249.0,117,0.0,12000.0,Jeff Bridges,22000.0,17439163.0,Comedy|Crime,Philip Seymour Hoffman,The Big Lebowski ,537419,47728,Steve Buscemi,1.0,death|drug|nihilism|rug|white russian,http://www.imdb.com/title/tt0118715/?ref_=fn_tt_tt_1,1028.0,English,USA,R,15000000.0,1998,12000.0,8.2,1.85,35000,2,Comedy,Crime,,tt0118715,The Big Lebowski,1998,R,06 Mar 1998,117 min,"Comedy, Crime","Joel Coen, Ethan Coen","Ethan Coen, Joel Coen","Jeff Bridges, John Goodman, Julianne Moore","Jeff ""The Dude"" Lebowski, mistaken for a millionaire of the same name, seeks restitution for his ruined rug and enlists his bowling buddies to help get it.","English, German, Hebrew, Spanish","United Kingdom, United States",7 wins & 18 nominations total,https://m.media-amazon.com/images/M/MV5BY2E3OWQ5OWYtYTRkMC00NjVjLWIzZDQtNmRmM2ZiYTIyYmYxXkEyXkFqcGc@._V1_SX300.jpg,71,8.1,"911,908","$19,488,923"
Color,Kenneth Branagh,516.0,115,0.0,12000.0,Natalie Portman,26000.0,181015141.0,Action|Adventure|Fantasy,Chris Hemsworth,Thor ,536314,60059,Anthony Hopkins,1.0,battle|marvel cinematic universe|scientist|thor|throne,http://www.imdb.com/title/tt0800369/?ref_=fn_tt_tt_1,738.0,English,USA,PG-13,150000000.0,2011,20000.0,7.0,2.35,63000,3,Action,Adventure,Fantasy,tt0800369,Thor,2011,PG-13,06 May 2011,115 min,"Action, Fantasy",Kenneth Branagh,"Ashley E. Miller, Zack Stentz, Don Payne","Chris Hemsworth, Anthony Hopkins, Natalie Portman","The powerful but arrogant god Thor is cast out of Asgard to live amongst humans in Midgard (Earth), where he soon becomes one of their finest defenders.",English,"United States, France",5 wins & 30 nominations total,"https://m.media-amazon.com/images/M/MV5BNjRhNGZjZjEtYTQzYS00OWUxLThjNGEtMTIwMTE2ZDFlZTZkXkEyXkFqcGc@._V1_QL75_UX380_CR0,0,380,562_.jpg",57,7.0,"963,947","$181,030,624"
Color,George Lucas,320.0,136,0.0,1000.0,Liam Neeson,20000.0,474544677.0,Action|Adventure|Fantasy|Sci-Fi,Natalie Portman,Star Wars: Episode I - The Phantom Menace ,534658,37723,Ian McDiarmid,1.0,alien|character says i have a bad feeling about this|hand to hand combat|seven word title|wilhelm scream,http://www.imdb.com/title/tt0120915/?ref_=fn_tt_tt_1,3597.0,English,USA,PG,115000000.0,1999,14000.0,6.5,2.35,13000,4,Action,Adventure,Fantasy,tt0120915,Star Wars: Episode I - The Phantom Menace,1999,PG,19 May 1999,136 min,"Action, Adventure, Fantasy",George Lucas,George Lucas,"Ewan McGregor, Liam Neeson, Natalie Portman","Two Jedi escape a hostile blockade to find allies and come across a young boy who may bring balance to the Force, but the long-dormant Sith resurface to claim their former glory.","English, Sanskrit","United States, United Kingdom",Nominated for 3 Oscars. 28 wins & 71 nominations total,https://m.media-amazon.com/images/M/MV5BODVhNGIxOGItYWNlMi00YTA0LWI3NTctZmQxZGUwZDEyZWI4XkEyXkFqcGc@._V1_SX300.jpg,51,6.5,"917,424","$487,576,624"
 Black and White,Jean-Pierre Jeunet,242.0,122,0.0,54.0,Jamel Debbouze,326.0,33201661.0,Comedy|Romance,Mathieu Kassovitz,Amélie ,534262,809,Isabelle Nanty,0.0,cheerfulness|female protagonist|garden gnome|magical realism|waitress,http://www.imdb.com/title/tt0211915/?ref_=fn_tt_tt_1,1314.0,French,France,R,77000000.0,2001,326.0,8.4,2.35,39000,2,Comedy,Romance,,tt0211915,Amélie,2002,R,08 Feb 2002,122 min,"Comedy, Romance",Jean-Pierre Jeunet,"Guillaume Laurant, Jean-Pierre Jeunet","Audrey Tautou, Mathieu Kassovitz, Rufus","Despite being caught in her imaginative world, young waitress Amelie decides to help people find happiness. Her quest to spread joy leads her on a journey during which she finds true love.","French, Russian, English","France, Germany",Nominated for 5 Oscars. 60 wins & 74 nominations total,"https://m.media-amazon.com/images/M/MV5BOTNmYzY0MWQtZGZmNy00Y2Y4LWFmMDQtMTZjYTdiYzEwZGQ2XkEyXkFqcGc@._V1_QL75_UX380_CR0,4,380,562_.jpg",70,8.3,"839,094","$33,712,444"
Color,David O. Russell,539.0,122,737.0,14000.0,Robert De Niro,34000.0,132088910.0,Comedy|Drama|Romance,Jennifer Lawrence,Silver Linings Playbook ,533607,72115,Bradley Cooper,0.0,adulterous wife|bipolar disorder|obsessive compulsive personality disorder|unhappy marriage|widow,http://www.imdb.com/title/tt1045658/?ref_=fn_tt_tt_1,692.0,English,USA,R,21000000.0,2012,22000.0,7.8,2.35,117000,3,Comedy,Drama,Romance,tt1045658,Silver Linings Playbook,2012,R,25 Dec 2012,122 min,"Comedy, Drama, Romance",David O. Russell,"David O. Russell, Matthew Quick","Bradley Cooper, Jennifer Lawrence, Robert De Niro","After a stint in a mental institution, former teacher Pat Solitano moves back in with his parents and tries to reconcile with his ex-wife. Things get more challenging when Pat meets Tiffany, a mysterious girl with problems of her ...","English, Hindi",United States,Won 1 Oscar. 90 wins & 148 nominations total,https://m.media-amazon.com/images/M/MV5BMTM2MTI5NzA3MF5BMl5BanBnXkFtZTcwODExNTc0OA@@._V1_SX300.jpg,81,7.7,"770,744","$132,092,958"
Color,Fernando Meirelles,214.0,135,353.0,40.0,Seu Jorge,1000.0,7563397.0,Crime|Drama,Alice Braga,City of God ,533200,1211,Alexandre Rodrigues,0.0,coming of age|male frontal nudity|male nudity|photographer|slum,http://www.imdb.com/title/tt0317248/?ref_=fn_tt_tt_1,749.0,Portuguese,Brazil,R,3300000.0,2002,69.0,8.7,1.85,28000,2,Crime,Drama,,tt0317248,City of God,2004,R,13 Feb 2004,130 min,"Crime, Drama","Kátia Lund, Fernando Meirelles","Bráulio Mantovani, Paulo Lins","Alexandre Rodrigues, Leandro Firmino, Matheus Nachtergaele","In the slums of Rio, two kids' paths diverge as one struggles to become a photographer and the other a kingpin.",Portuguese,Brazil,Nominated for 4 Oscars. 76 wins & 50 nominations total,"https://m.media-amazon.com/images/M/MV5BYjY4NGI5OTUtY2ZlZS00Zjk4LTk5N2MtN2JmYWVjNGNmMGRlXkEyXkFqcGc@._V1_QL75_UY562_CR1,0,380,562_.jpg",79,8.6,"869,206","$7,564,459"
Color,Neill Blomkamp,472.0,112,662.0,107.0,Jed Brophy,2000.0,115646235.0,Action|Sci-Fi|Thriller,Sharlto Copley,District 9 ,531737,2639,Jason Cope,0.0,alien|ghetto|prawn|refugee|refugee camp,http://www.imdb.com/title/tt1136608/?ref_=fn_tt_tt_1,1262.0,English,South Africa,R,30000000.0,2009,433.0,8.0,1.85,22000,3,Action,Sci-Fi,Thriller,tt1136608,District 9,2009,R,14 Aug 2009,112 min,"Action, Sci-Fi, Thriller",Neill Blomkamp,"Neill Blomkamp, Terri Tatchell","Sharlto Copley, David James, Jason Cope","In a future Earth in which aliens are isolated in a remote ghetto, a government agent finds himself banished there.","English, Nyanja, Afrikaans, Zulu, Xhosa, Sotho","South Africa, United States, New Zealand, Canada",Nominated for 4 Oscars. 32 wins & 117 nominations total,https://m.media-amazon.com/images/M/MV5BMTM4OTI1OTM5NF5BMl5BanBnXkFtZTcwMzk5MTU1Mg@@._V1_SX300.jpg,81,7.9,"748,028","$115,646,235"
Color,Francis Lawrence,323.0,104,508.0,558.0,Alice Braga,10000.0,256386216.0,Drama|Horror|Sci-Fi,Will Smith,I Am Legend ,530870,13076,Willow Smith,0.0,new york city|pandemic|post apocalypse|survivalist|virus,http://www.imdb.com/title/tt0480249/?ref_=fn_tt_tt_1,1413.0,English,USA,PG-13,150000000.0,2007,1000.0,7.2,2.35,11000,3,Drama,Horror,Sci-Fi,tt0480249,I Am Legend,2007,PG-13,14 Dec 2007,101 min,"Drama, Horror, Sci-Fi",Francis Lawrence,"Mark Protosevich, Akiva Goldsman, Richard Matheson","Will Smith, Alice Braga, Charlie Tahan","Years after a plague kills most of humanity and transforms the rest into monsters, the sole survivor in New York City struggles valiantly to find a cure.",English,"United States, United Kingdom",9 wins & 23 nominations total,https://m.media-amazon.com/images/M/MV5BMGE1OWZkZmItNmVhMC00YzAxLTgxOTctNjg3NWExM2RmOWJkXkEyXkFqcGc@._V1_SX300.jpg,65,7.2,"870,487","$256,393,010"
Color,Steven Spielberg,194.0,141,14000.0,3000.0,Tom Hanks,29000.0,164435221.0,Biography|Crime|Drama,Leonardo DiCaprio,Catch Me If You Can ,525801,48153,Jennifer Garner,0.0,attorney|cat and mouse|fbi|pan am|pilot,http://www.imdb.com/title/tt0264464/?ref_=fn_tt_tt_1,667.0,English,USA,PG-13,52000000.0,2002,15000.0,8.0,1.85,15000,3,Biography,Crime,Drama,tt0264464,Catch Me If You Can,2002,PG-13,25 Dec 2002,141 min,"Biography, Crime, Drama",Steven Spielberg,"Frank Abagnale Jr., Stan Redding, Jeff Nathanson","Leonardo DiCaprio, Tom Hanks, Christopher Walken","Barely 17 yet, Frank is a skilled forger who has passed as a doctor, lawyer and pilot. FBI agent Carl becomes obsessed with tracking down the con man, who only revels in the pursuit.","English, French","United States, Canada",Nominated for 2 Oscars. 16 wins & 46 nominations total,"https://m.media-amazon.com/images/M/MV5BMTY5MzYzNjc5NV5BMl5BanBnXkFtZTYwNTUyNTc2._V1_QL75_UX380_CR0,0,380,562_.jpg",75,8.1,"1,233,450","$164,615,351"
Color,Jon Favreau,453.0,124,4000.0,4000.0,Scarlett Johansson,21000.0,312057433.0,Action|Adventure|Sci-Fi,Robert Downey Jr.,Iron Man 2 ,522371,48638,Jon Favreau,4.0,hammer|military|monaco|revenge|tony stark,http://www.imdb.com/title/tt1228705/?ref_=fn_tt_tt_1,723.0,English,USA,PG-13,200000000.0,2010,19000.0,7.0,2.35,18000,3,Action,Adventure,Sci-Fi,tt1228705,Iron Man 2,2010,PG-13,07 May 2010,124 min,"Action, Sci-Fi",Jon Favreau,"Justin Theroux, Stan Lee, Don Heck","Robert Downey Jr., Mickey Rourke, Gwyneth Paltrow","With the world now aware of his identity as Iron Man, Tony Stark must contend with both his declining health and a vengeful mad man with ties to his father's legacy.","English, French, Russian",United States,Nominated for 1 Oscar. 7 wins & 45 nominations total,https://m.media-amazon.com/images/M/MV5BYWYyOGQzOGYtMGQ1My00ZWYxLTgzZjktZWYzN2IwYjkxYzM0XkEyXkFqcGc@._V1_SX300.jpg,57,6.9,"930,932","$312,433,331"
Color,Gore Verbinski,313.0,151,563.0,1000.0,Orlando Bloom,40000.0,423032628.0,Action|Adventure|Fantasy,Johnny Depp,Pirates of the Caribbean: Dead Man's Chest ,522040,48486,Jack Davenport,2.0,box office hit|giant squid|heart|liar's dice|monster,http://www.imdb.com/title/tt0383574/?ref_=fn_tt_tt_1,1832.0,English,USA,PG-13,225000000.0,2006,5000.0,7.3,2.35,5000,3,Action,Adventure,Fantasy,tt0383574,Pirates of the Caribbean: Dead Man's Chest,2006,PG-13,07 Jul 2006,151 min,"Action, Adventure, Fantasy",Gore Verbinski,"Ted Elliott, Terry Rossio, Stuart Beattie","Johnny Depp, Orlando Bloom, Keira Knightley","Jack Sparrow races to recover the heart of Davy Jones to avoid enslaving his soul to Jones' service, as other friends and foes seek the heart for their own agenda as well.","English, Turkish, Greek, Mandarin, French",United States,Won 1 Oscar. 45 wins & 54 nominations total,https://m.media-amazon.com/images/M/MV5BMTcwODc1MTMxM15BMl5BanBnXkFtZTYwMDg1NzY3._V1_SX300.jpg,53,7.4,"819,899","$423,315,812"
Color,Sam Mendes,750.0,143,0.0,393.0,Helen McCrory,883.0,304360277.0,Action|Adventure|Thriller,Albert Finney,Skyfall ,522030,2039,Rory Kinnear,0.0,brawl|childhood home|computer cracker|intelligence agency|terrorist cell,http://www.imdb.com/title/tt1074638/?ref_=fn_tt_tt_1,1498.0,English,UK,PG-13,200000000.0,2012,563.0,7.8,2.35,80000,3,Action,Adventure,Thriller,tt1074638,Skyfall,2012,PG-13,09 Nov 2012,143 min,"Action, Adventure, Thriller",Sam Mendes,"Neal Purvis, Robert Wade, John Logan","Daniel Craig, Javier Bardem, Naomie Harris","James Bond's loyalty to M is tested when her past comes back to haunt her. When MI6 comes under attack, 007 must track down and destroy the threat, no matter how personal the cost.","English, Turkish, Shanghainese, Portuguese, Japanese","United Kingdom, United States, Turkey, China",Won 2 Oscars. 69 wins & 125 nominations total,https://m.media-amazon.com/images/M/MV5BNjAzMWNkODUtM2FlMi00NzgyLWJhMGUtMWEyNDYyZGFiN2RlXkEyXkFqcGc@._V1_SX300.jpg,81,7.8,"768,360","$304,360,277"
Color,George Lucas,359.0,140,0.0,4000.0,Christopher Lee,20000.0,380262555.0,Action|Adventure|Fantasy|Sci-Fi,Natalie Portman,Star Wars: Episode III - Revenge of the Sith ,520104,44042,Hayden Christensen,4.0,elongated cry of no|friends become enemies|kicked in the butt|robotic midwife|vision,http://www.imdb.com/title/tt0121766/?ref_=fn_tt_tt_1,3286.0,English,USA,PG-13,113000000.0,2005,16000.0,7.6,2.35,10000,4,Action,Adventure,Fantasy,tt0121766,Star Wars: Episode III - Revenge of the Sith,2005,PG-13,19 May 2005,140 min,"Action, Adventure, Fantasy",George Lucas,George Lucas,"Hayden Christensen, Natalie Portman, Ewan McGregor","As the Clone Wars nears its end, Obi-Wan Kenobi pursues a new threat, while Anakin Skywalker is lured by Chancellor Palpatine into a sinister plot for galactic domination.",English,"United States, Italy, Switzerland, Thailand, United Kingdom",Nominated for 1 Oscar. 29 wins & 64 nominations total,https://m.media-amazon.com/images/M/MV5BNTc4MTc3NTQ5OF5BMl5BanBnXkFtZTcwOTg0NjI4NA@@._V1_SX300.jpg,68,7.7,"912,634","$414,378,291"
Color,Matthew Vaughn,500.0,132,905.0,1000.0,Michael Fassbender,34000.0,146405371.0,Action|Adventure|Sci-Fi,Jennifer Lawrence,X-Men: First Class ,518537,50983,Oliver Platt,3.0,cia|cia agent|mutant|nuclear war|professor,http://www.imdb.com/title/tt1270798/?ref_=fn_tt_tt_1,698.0,English,USA,PG-13,160000000.0,2011,13000.0,7.8,2.35,54000,3,Action,Adventure,Sci-Fi,tt1270798,X-Men: First Class,2011,PG-13,03 Jun 2011,131 min,"Action, Sci-Fi",Matthew Vaughn,"Ashley E. Miller, Zack Stentz, Jane Goldman","James McAvoy, Michael Fassbender, Jennifer Lawrence","In the 1960s, superpowered humans Charles Xavier and Erik Lensherr work together to find others like them, but Erik's vengeful pursuit of an ambitious mutant who ruined his life causes a schism to divide them.","English, German, French, Spanish, Russian","United States, United Kingdom",22 wins & 40 nominations total,"https://m.media-amazon.com/images/M/MV5BMTg5OTMxNzk4Nl5BMl5BanBnXkFtZTcwOTk1MjAwNQ@@._V1_QL75_UX380_CR0,0,380,562_.jpg",65,7.7,"763,121","$146,408,305"
Color,Steven Spielberg,149.0,127,14000.0,440.0,Julian Glover,11000.0,197171806.0,Action|Adventure|Fantasy,Harrison Ford,Indiana Jones and the Last Crusade ,515306,12884,Alison Doody,5.0,castle|diary|holy grail|map|nazi,http://www.imdb.com/title/tt0097576/?ref_=fn_tt_tt_1,477.0,English,USA,PG-13,48000000.0,1989,844.0,8.3,2.35,0,3,Action,Adventure,Fantasy,tt0097576,Indiana Jones and the Last Crusade,1989,PG-13,24 May 1989,127 min,"Action, Adventure",Steven Spielberg,"Jeffrey Boam, George Lucas, Menno Meyjes","Harrison Ford, Sean Connery, Alison Doody","In 1938, after his father goes missing while pursuing the Holy Grail, Indiana Jones finds himself up against the Nazis again to stop them from obtaining its powers.","English, German, Greek, Latin, Italian","United States, United Kingdom, Spain, Italy, Jordan",Won 1 Oscar. 9 wins & 24 nominations total,https://m.media-amazon.com/images/M/MV5BNGIxNzQ0YzYtMjNmYi00YjBlLWFjNzEtNGE3ZGFmYTczM2MwXkEyXkFqcGc@._V1_SX300.jpg,65,8.2,"858,909","$197,171,806"
Color,Bryan Singer,539.0,149,0.0,20000.0,Peter Dinklage,34000.0,233914986.0,Action|Adventure|Fantasy|Sci-Fi|Thriller,Jennifer Lawrence,X-Men: Days of Future Past ,514125,91434,Hugh Jackman,7.0,dystopia|super strength|supernatural power|time paradox|time travel,http://www.imdb.com/title/tt1877832/?ref_=fn_tt_tt_1,752.0,English,USA,PG-13,200000000.0,2014,22000.0,8.0,2.35,82000,5,Action,Adventure,Fantasy,tt1877832,X-Men: Days of Future Past,2014,PG-13,23 May 2014,132 min,"Action, Adventure, Sci-Fi",Bryan Singer,"Simon Kinberg, Jane Goldman, Matthew Vaughn","Patrick Stewart, Ian McKellen, Hugh Jackman",The X-Men send Wolverine to the past in a desperate effort to change history and prevent an event that results in doom for both humans and mutants.,"English, Vietnamese, French, Russian","United Kingdom, United States, Canada",Nominated for 1 Oscar. 16 wins & 48 nominations total,"https://m.media-amazon.com/images/M/MV5BNzNiYWE4NjMtMTU4OS00NmM4LWE4ZjAtYmE5OTA5NjkzODExXkEyXkFqcGc@._V1_QL75_UX380_CR0,0,380,562_.jpg",75,7.9,"786,991","$233,921,534"
Color,Michael Bay,396.0,144,0.0,581.0,Michael O'Neill,662.0,318759914.0,Action|Adventure|Sci-Fi,Zack Ward,Transformers ,513158,2333,Kevin Dunn,0.0,alien contact|autobot|decepticon|robot vs. robot|teenage hero,http://www.imdb.com/title/tt0418279/?ref_=fn_tt_tt_1,1782.0,English,USA,PG-13,150000000.0,2007,599.0,7.1,2.35,8000,3,Action,Adventure,Sci-Fi,tt0418279,Transformers,2007,PG-13,03 Jul 2007,144 min,"Action, Adventure, Sci-Fi",Michael Bay,"Roberto Orci, Alex Kurtzman, John Rogers","Shia LaBeouf, Megan Fox, Josh Duhamel","An ancient struggle between two Cybertronian races, the heroic Autobots and the evil Decepticons, comes to Earth, with a clue to the ultimate power held by a teenager.","English, Spanish",United States,Nominated for 3 Oscars. 25 wins & 50 nominations total,https://m.media-amazon.com/images/M/MV5BZjM3ZDA2YmItMzhiMi00ZGI3LTg3ZGQtOTk3Nzk0MDY0ZDZhXkEyXkFqcGc@._V1_SX300.jpg,61,7.1,"714,583","$319,246,193"
 Black and White,Quentin Tarantino,304.0,137,16000.0,348.0,Michael Parks,890.0,66207920.0,Action|Crime|Drama|Thriller,Vivica A. Fox,Kill Bill: Vol. 2 ,512749,1959,Michael Bowen,0.0,assassin|assassination|bride|death|vengeance,http://www.imdb.com/title/tt0378194/?ref_=fn_tt_tt_1,935.0,English,USA,R,30000000.0,2004,387.0,8.0,2.35,0,4,Action,Crime,Drama,tt0378194,Kill Bill: Vol. 2,2004,R,16 Apr 2004,137 min,"Action, Crime, Thriller",Quentin Tarantino,"Quentin Tarantino, Uma Thurman","Uma Thurman, David Carradine, Michael Madsen","The Bride continues her quest of vengeance against her former boss and lover Bill, the reclusive bouncer Budd, and the treacherous, one-eyed Elle.","English, Cantonese, Mandarin, Spanish",United States,23 wins & 84 nominations total,"https://m.media-amazon.com/images/M/MV5BY2FiNzhiZTctNzU1Mi00NDkwLWExNDMtZTg0MjYyNzhkNWNkXkEyXkFqcGc@._V1_QL75_UX380_CR0,0,380,562_.jpg",83,8.0,"869,309","$66,208,183"
Color,Joe Johnston,510.0,124,394.0,2000.0,Dominic Cooper,11000.0,176636816.0,Action|Adventure|Sci-Fi,Chris Evans,Captain America: The First Avenger ,508818,19761,Hayley Atwell,0.0,arctic|captain america|scientist|tesseract|war bond,http://www.imdb.com/title/tt0458339/?ref_=fn_tt_tt_1,679.0,English,USA,PG-13,140000000.0,2011,3000.0,6.9,2.35,46000,3,Action,Adventure,Sci-Fi,tt0458339,Captain America: The First Avenger,2011,PG-13,22 Jul 2011,124 min,"Action, Adventure, Sci-Fi",Joe Johnston,"Christopher Markus, Stephen McFeely, Joe Simon","Chris Evans, Hugo Weaving, Samuel L. Jackson","Steve Rogers, a rejected military soldier, transforms into Captain America after taking a dose of a ""Super-Soldier serum"". But being Captain America comes at a price as he attempts to take down a warmonger and a terrorist organiza...","English, Norwegian, French",United States,4 wins & 50 nominations total,"https://m.media-amazon.com/images/M/MV5BNzUyM2YyY2MtNzNlMS00MWU5LTgxNjAtNzZlNmI2NjU2NDZlXkEyXkFqcGc@._V1_QL75_UY562_CR8,0,380,562_.jpg",66,6.9,"965,237","$176,654,505"
Color,Martin Scorsese,211.0,110,17000.0,595.0,Albert Brooks,22000.0,,Crime|Drama,Robert De Niro,Taxi Driver ,507063,23525,Peter Boyle,1.0,loner|neo noir|night shift|taxi driver|vigilante,http://www.imdb.com/title/tt0075314/?ref_=fn_tt_tt_1,881.0,English,USA,R,1300000.0,1976,745.0,8.3,1.85,35000,2,Crime,Drama,,tt0075314,Taxi Driver,1976,R,09 Feb 1976,114 min,"Crime, Drama",Martin Scorsese,Paul Schrader,"Robert De Niro, Jodie Foster, Cybill Shepherd","A mentally unstable veteran works as a nighttime taxi driver in New York City, where the perceived decadence and sleaze fuels his urge for violent action.","English, Spanish",United States,Nominated for 4 Oscars. 22 wins & 21 nominations total,"https://m.media-amazon.com/images/M/MV5BZDNhMGYwM2UtMTdlZS00MGQ1LWI2YzAtODY5YWI1MjYyNzRmXkEyXkFqcGc@._V1_QL75_UX380_CR0,7,380,562_.jpg",94,8.2,"1,023,905","$28,262,574"
Color,J.J. Abrams,518.0,127,14000.0,981.0,Leonard Nimoy,26000.0,257704099.0,Action|Adventure|Sci-Fi,Chris Hemsworth,Star Trek ,504419,39284,Bruce Greenwood,0.0,box office hit|future|lifted by the throat|star trek|vulcan,http://www.imdb.com/title/tt0796366/?ref_=fn_tt_tt_1,1559.0,English,USA,PG-13,150000000.0,2009,12000.0,8.0,2.35,19000,3,Action,Adventure,Sci-Fi,tt0796366,Star Trek,2009,PG-13,08 May 2009,127 min,"Action, Adventure, Sci-Fi",J.J. Abrams,"Roberto Orci, Alex Kurtzman, Gene Roddenberry","Chris Pine, Zachary Quinto, Simon Pegg",The brash James T. Kirk tries to live up to his father's legacy with Mr. Spock keeping him in check as a vengeful Romulan from the future creates black holes to destroy the Federation one planet at a time.,English,"Germany, United States",Won 1 Oscar. 27 wins & 95 nominations total,https://m.media-amazon.com/images/M/MV5BMjE5NDQ5OTE4Ml5BMl5BanBnXkFtZTcwOTE3NDIzMw@@._V1_SX300.jpg,82,7.9,"636,122","$257,730,019"
Color,Tom Hooper,479.0,118,0.0,520.0,Jennifer Ehle,14000.0,138795342.0,Biography|Drama|History|Romance,Colin Firth,The King's Speech ,503631,15732,Derek Jacobi,0.0,king|king george vi|speech|speech therapist|throne,http://www.imdb.com/title/tt1504320/?ref_=fn_tt_tt_1,636.0,English,UK,R,15000000.0,2010,1000.0,8.0,1.85,64000,4,Biography,Drama,History,tt1504320,The King's Speech,2010,R,25 Dec 2010,118 min,"Biography, Drama, History",Tom Hooper,David Seidler,"Colin Firth, Geoffrey Rush, Helena Bonham Carter","The story of King George VI, his unexpected ascension to the throne of the British Empire in 1936, and the speech therapist who helped the unsure monarch overcome his stammer.",English,"United States, United Kingdom",Won 4 Oscars. 109 wins & 206 nominations total,"https://m.media-amazon.com/images/M/MV5BMzU5MjEwMTg2Nl5BMl5BanBnXkFtZTcwNzM3MTYxNA@@._V1_QL75_UY562_CR2,0,380,562_.jpg",88,8.0,"732,524","$138,797,449"
Color,Sergio Leone,181.0,142,0.0,24.0,Luigi Pistilli,16000.0,6100000.0,Western,Clint Eastwood,"The Good, the Bad and the Ugly ",503509,16089,Enzo Petito,3.0,civil war|hitman|outlaw|shootout|spaghetti western,http://www.imdb.com/title/tt0060196/?ref_=fn_tt_tt_1,780.0,Italian,Italy,Approved,1200000.0,1966,34.0,8.9,2.35,20000,1,Western,,,tt0060196,"The Good, the Bad and the Ugly",1967,R,29 Dec 1967,178 min,"Adventure, Drama, Western",Sergio Leone,"Luciano Vincenzoni, Sergio Leone, Agenore Incrocci","Clint Eastwood, Eli Wallach, Lee Van Cleef",A bounty-hunting scam joins two men in an uneasy alliance against a third in a race to find a fortune in gold buried in a remote cemetery.,"English, Italian","Italy, Spain, West Germany, United States",2 wins & 5 nominations total,"https://m.media-amazon.com/images/M/MV5BMWM5ZjQxM2YtNDlmYi00ZDNhLWI4MWUtN2VkYjBlMTY1ZTkwXkEyXkFqcGc@._V1_QL75_UX380_CR0,4,380,562_.jpg",90,8.8,"889,734","$25,100,000"
Color,Francis Lawrence,502.0,146,508.0,523.0,Josh Hutcherson,34000.0,424645577.0,Adventure|Sci-Fi|Thriller,Jennifer Lawrence,The Hunger Games: Catching Fire ,498397,49355,Sandra Ellis Lafferty,1.0,president|snow|television|tour|uprising,http://www.imdb.com/title/tt1951264/?ref_=fn_tt_tt_1,706.0,English,USA,PG-13,130000000.0,2013,14000.0,7.6,2.35,82000,3,Adventure,Sci-Fi,Thriller,tt1951264,The Hunger Games: Catching Fire,2013,PG-13,22 Nov 2013,146 min,"Action, Adventure, Sci-Fi",Francis Lawrence,"Simon Beaufoy, Michael Arndt, Suzanne Collins","Jennifer Lawrence, Josh Hutcherson, Liam Hemsworth",Katniss Everdeen and Peeta Mellark become targets of the Capitol after their victory in the 74th Hunger Games sparks a rebellion in the Districts of Panem.,English,United States,22 wins & 68 nominations total,https://m.media-amazon.com/images/M/MV5BMTAyMjQ3OTAxMzNeQTJeQWpwZ15BbWU4MDU0NzA1MzAx._V1_SX300.jpg,76,7.5,"768,630","$424,668,047"
 Black and White,Roman Polanski,193.0,150,2000.0,95.0,Frank Finlay,396.0,32519322.0,Biography|Drama|War,Emilia Fox,The Pianist ,497946,1075,Ed Stoppard,0.0,ghetto|holocaust|jewish|piano|warsaw ghetto,http://www.imdb.com/title/tt0253474/?ref_=fn_tt_tt_1,761.0,English,France,R,35000000.0,2002,338.0,8.5,1.85,21000,3,Biography,Drama,War,tt0253474,The Pianist,2003,R,28 Mar 2003,150 min,"Biography, Drama, Music",Roman Polanski,"Ronald Harwood, Wladyslaw Szpilman","Adrien Brody, Thomas Kretschmann, Frank Finlay","During WWII, acclaimed Polish musician Wladyslaw faces various struggles as he loses contact with his family. As the situation worsens, he hides in the ruins of Warsaw in order to survive.","English, German, Russian","France, Poland, Germany, United Kingdom, United States",Won 3 Oscars. 57 wins & 74 nominations total,"https://m.media-amazon.com/images/M/MV5BMjEwNmEwYjgtNTk3ZC00NjljLTg5ZDctZTY3ZGQwZjRkZmQxXkEyXkFqcGc@._V1_QL75_UY562_CR14,0,380,562_.jpg",85,8.5,"1,010,154","$32,590,750"
Color,Anthony Russo,576.0,136,94.0,2000.0,Chris Evans,19000.0,259746958.0,Action|Adventure|Sci-Fi,Scarlett Johansson,Captain America: The Winter Soldier ,496749,36188,Hayley Atwell,1.0,conspiracy|heroism|megalomaniac|super soldier|world domination,http://www.imdb.com/title/tt1843866/?ref_=fn_tt_tt_1,742.0,English,USA,PG-13,170000000.0,2014,11000.0,7.8,2.35,55000,3,Action,Adventure,Sci-Fi,tt1843866,Captain America: The Winter Soldier,2014,PG-13,04 Apr 2014,136 min,"Action, Adventure, Sci-Fi","Anthony Russo, Joe Russo","Christopher Markus, Stephen McFeely, Joe Simon","Chris Evans, Samuel L. Jackson, Scarlett Johansson","As Steve Rogers struggles to embrace his role in the modern world, he teams up with a fellow Avenger and S.H.I.E.L.D agent, Black Widow, to battle a new threat from history: an assassin known as the Winter Soldier.","English, French",United States,Nominated for 1 Oscar. 5 wins & 52 nominations total,"https://m.media-amazon.com/images/M/MV5BNWY1NjFmNDItZDhmOC00NjI1LWE0ZDItMTM0MjBjZThiOTQ2XkEyXkFqcGc@._V1_QL75_UX380_CR0,0,380,562_.jpg",70,7.7,"969,635","$259,766,572"
Color,Paul Greengrass,329.0,115,521.0,883.0,Edgar Ramírez,13000.0,227137090.0,Action|Mystery|Thriller,Matt Damon,The Bourne Ultimatum ,491077,17369,Albert Finney,0.0,action hero|cia|dark past|flashback|memory,http://www.imdb.com/title/tt0440963/?ref_=fn_tt_tt_1,820.0,English,USA,PG-13,110000000.0,2007,897.0,8.1,2.35,0,3,Action,Mystery,Thriller,tt0440963,The Bourne Ultimatum,2007,PG-13,03 Aug 2007,115 min,"Action, Mystery, Thriller",Paul Greengrass,"Tony Gilroy, Scott Z. Burns, George Nolfi","Matt Damon, Edgar Ramírez, Joan Allen",Jason Bourne dodges a ruthless C.I.A. official and his Agents from a new assassination program while searching for the origins of his life as a trained killer.,"English, Russian, French, Spanish, Arabic, Italian","United States, Germany, France, Spain",Won 3 Oscars. 29 wins & 42 nominations total,https://m.media-amazon.com/images/M/MV5BYzE3ZGM4MzctZjU5MC00NWE2LTg5ZjYtMDFiM2ZlMWQ1MjkwXkEyXkFqcGc@._V1_SX300.jpg,85,8.0,"681,537","$227,471,070"
Color,James Cameron,250.0,154,0.0,604.0,Carrie Henn,2000.0,85200000.0,Action|Adventure|Sci-Fi,Michael Biehn,Aliens ,488537,4228,Jenette Goldstein,1.0,alien|human versus alien|monster|rescue mission|space marine,http://www.imdb.com/title/tt0090605/?ref_=fn_tt_tt_1,1076.0,English,USA,R,18500000.0,1986,626.0,8.4,1.85,18000,3,Action,Adventure,Sci-Fi,tt0090605,Aliens,1986,R,18 Jul 1986,137 min,"Action, Adventure, Horror",James Cameron,"James Cameron, David Giler, Walter Hill","Sigourney Weaver, Michael Biehn, Carrie Henn","Decades after surviving the Nostromo incident, Ellen Ripley is sent out to re-establish contact with a terraforming colony but finds herself battling the Alien Queen and her offspring.","English, Spanish","United Kingdom, United States",Won 2 Oscars. 20 wins & 25 nominations total,"https://m.media-amazon.com/images/M/MV5BZjIyNGJhYzYtN2I1My00OTVhLWEyMzItZTVjNDMzOTVkYWViXkEyXkFqcGc@._V1_QL75_UX380_CR0,6,380,562_.jpg",84,8.4,"839,261","$85,160,248"
Color,Dean DeBlois,288.0,98,255.0,759.0,America Ferrera,18000.0,217387997.0,Adventure|Animation|Family|Fantasy,Gerard Butler,How to Train Your Dragon ,485430,20453,Craig Ferguson,0.0,dragon|island|training|viking|village,http://www.imdb.com/title/tt0892769/?ref_=fn_tt_tt_1,492.0,English,USA,PG,165000000.0,2010,953.0,8.2,2.35,33000,4,Adventure,Animation,Family,tt0892769,How to Train Your Dragon,2010,PG,26 Mar 2010,98 min,"Animation, Action, Adventure","Dean DeBlois, Chris Sanders","William Davies, Dean DeBlois, Chris Sanders","Jay Baruchel, Gerard Butler, Christopher Mintz-Plasse","A hapless young Viking who aspires to hunt dragons becomes the unlikely friend of a young dragon himself, and learns there may be more to the creatures than he assumed.",English,"United Kingdom, France, United States",Nominated for 2 Oscars. 25 wins & 63 nominations total,https://m.media-amazon.com/images/M/MV5BMjA5NDQyMjc2NF5BMl5BanBnXkFtZTcwMjg5ODcyMw@@._V1_SX300.jpg,75,8.1,"882,954","$217,581,231"
Color,Pierre Morel,309.0,93,180.0,485.0,Holly Valance,14000.0,145000989.0,Action|Thriller,Liam Neeson,Taken ,483756,16461,Xander Berkeley,0.0,agent|cia|france|rescue|teenage abduction,http://www.imdb.com/title/tt0936501/?ref_=fn_tt_tt_1,974.0,English,France,PG-13,25000000.0,2008,816.0,7.9,2.35,29000,2,Action,Thriller,,tt0936501,Taken,2008,PG-13,30 Jan 2009,90 min,"Action, Crime, Thriller",Pierre Morel,"Luc Besson, Robert Mark Kamen","Liam Neeson, Maggie Grace, Famke Janssen","A retired CIA agent travels across Europe and relies on his old skills to save his estranged daughter, who has been kidnapped while on a trip to Paris.","English, French, Albanian, Arabic, Serbian","France, United Kingdom, United States",2 wins & 2 nominations total,https://m.media-amazon.com/images/M/MV5BYTAxNTY2NjMtYjk5Yy00Nzg4LTkyMmItYmMzMDM2OWQ1ZGQ3XkEyXkFqcGc@._V1_SX300.jpg,51,7.7,"668,854","$145,000,989"
Color,Peter Jackson,509.0,186,0.0,773.0,Adam Brown,5000.0,258355354.0,Adventure|Fantasy,Aidan Turner,The Hobbit: The Desolation of Smaug ,483540,9152,James Nesbitt,6.0,dwarf|elf|lake town|mountain|sword and sorcery,http://www.imdb.com/title/tt1170358/?ref_=fn_tt_tt_1,951.0,English,USA,PG-13,225000000.0,2013,972.0,7.9,2.35,83000,2,Adventure,Fantasy,,tt1170358,The Hobbit: The Desolation of Smaug,2013,PG-13,13 Dec 2013,161 min,"Adventure, Fantasy",Peter Jackson,"Fran Walsh, Philippa Boyens, Peter Jackson","Ian McKellen, Martin Freeman, Richard Armitage","The dwarves, along with Bilbo Baggins and Gandalf the Grey, continue their quest to reclaim the Lonely Mountain, their homeland, from the dragon Smaug.",English,"New Zealand, United States",Nominated for 3 Oscars. 19 wins & 90 nominations total,https://m.media-amazon.com/images/M/MV5BMzU0NDY0NDEzNV5BMl5BanBnXkFtZTgwOTIxNDU1MDE@._V1_SX300.jpg,66,7.8,"749,778","$258,387,334"
Color,Clint Eastwood,268.0,132,16000.0,567.0,Morgan Freeman,16000.0,100422786.0,Drama|Sport,Clint Eastwood,Million Dollar Baby ,482064,28830,Mike Colter,1.0,boxing|boxing trainer|death|suicide attempt|women boxing,http://www.imdb.com/title/tt0405159/?ref_=fn_tt_tt_1,1106.0,English,USA,PG-13,30000000.0,2004,11000.0,8.1,2.35,14000,2,Drama,Sport,,tt0405159,Million Dollar Baby,2005,PG-13,28 Jan 2005,132 min,"Drama, Sport",Clint Eastwood,"Paul Haggis, F.X. Toole","Hilary Swank, Clint Eastwood, Morgan Freeman","Frankie, an ill-tempered old coach, reluctantly agrees to train aspiring boxer Maggie. Impressed with her determination and talent, he helps her become the best and the two soon form a close bond.","English, Irish Gaelic, German",United States,Won 4 Oscars. 68 wins & 86 nominations total,"https://m.media-amazon.com/images/M/MV5BMTkxNzA1NDQxOV5BMl5BanBnXkFtZTcwNTkyMTIzMw@@._V1_QL75_UY562_CR1,0,380,562_.jpg",86,8.1,"765,230","$100,492,203"
Color,David Fincher,556.0,120,21000.0,81.0,Dustin Fitzsimons,10000.0,96917897.0,Biography|Drama,Andrew Garfield,The Social Network ,479453,10555,Marcella Lentz-Pope,0.0,competitiveness|creator|entrepreneur|facebook|intellectual property,http://www.imdb.com/title/tt1285016/?ref_=fn_tt_tt_1,696.0,English,USA,PG-13,40000000.0,2010,349.0,7.7,2.35,74000,2,Biography,Drama,,tt1285016,The Social Network,2010,PG-13,01 Oct 2010,120 min,"Biography, Drama",David Fincher,"Aaron Sorkin, Ben Mezrich","Jesse Eisenberg, Andrew Garfield, Justin Timberlake","As Harvard student Mark Zuckerberg creates the social networking site that would become known as Facebook, he is sued by the twins who claimed he stole their idea and by the co-founder who was later squeezed out of the business.","English, French",United States,Won 3 Oscars. 174 wins & 188 nominations total,https://m.media-amazon.com/images/M/MV5BMjlkNTE5ZTUtNGEwNy00MGVhLThmZjMtZjU1NDE5Zjk1NDZkXkEyXkFqcGc@._V1_SX300.jpg,95,7.8,"812,001","$96,962,694"
Color,Brad Bird,283.0,115,663.0,55.0,Craig T. Nelson,1000.0,261437578.0,Action|Adventure|Animation|Family,Holly Hunter,The Incredibles ,479166,1901,Lou Romano,0.0,hero|island|lawsuit|secret|superhero,http://www.imdb.com/title/tt0317705/?ref_=fn_tt_tt_1,815.0,English,USA,PG,92000000.0,2004,723.0,8.0,2.35,0,4,Action,Adventure,Animation,tt0317705,The Incredibles,2004,PG,05 Nov 2004,115 min,"Animation, Action, Adventure",Brad Bird,Brad Bird,"Craig T. Nelson, Samuel L. Jackson, Holly Hunter","While trying to lead a quiet suburban life, a family of undercover superheroes are forced into action to save the world.","English, French, German, Italian, Portuguese, Russian",United States,Won 2 Oscars. 70 wins & 56 nominations total,https://m.media-amazon.com/images/M/MV5BMTY5OTU0OTc2NV5BMl5BanBnXkFtZTcwMzU4MDcyMQ@@._V1_SX300.jpg,90,8.0,"891,503","$261,441,092"
Color,Tim Miller,579.0,108,84.0,361.0,Ed Skrein,16000.0,363024263.0,Action|Adventure|Comedy|Romance|Sci-Fi,Ryan Reynolds,Deadpool ,479047,18239,Stefan Kapicic,0.0,based on comic book|breaking the fourth wall|mercenary|mutant|self healing,http://www.imdb.com/title/tt1431045/?ref_=fn_tt_tt_1,1058.0,English,USA,R,58000000.0,2016,805.0,8.1,2.35,117000,5,Action,Adventure,Comedy,tt1431045,Deadpool,2016,R,12 Feb 2016,108 min,"Action, Comedy, Sci-Fi",Tim Miller,"Rhett Reese, Paul Wernick","Ryan Reynolds, Morena Baccarin, T.J. Miller","A wisecracking mercenary gets experimented on and becomes immortal yet hideously scarred, and sets out to track down the man who ruined his looks.",English,United States,29 wins & 78 nominations total,"https://m.media-amazon.com/images/M/MV5BNzY3ZWU5NGQtOTViNC00ZWVmLTliNjAtNzViNzlkZWQ4YzQ4XkEyXkFqcGc@._V1_QL75_UX380_CR0,4,380,562_.jpg",65,8.0,"1,250,978","$363,070,709"
Color,Guy Ritchie,415.0,128,0.0,727.0,Eddie Marsan,21000.0,209019489.0,Action|Adventure|Crime|Mystery|Thriller,Robert Downey Jr.,Sherlock Holmes ,477300,23996,Robert Maillet,3.0,black magic|bridge construction|professor moriarty|scotland yard inspector|sherlock holmes,http://www.imdb.com/title/tt0988045/?ref_=fn_tt_tt_1,621.0,English,USA,PG-13,90000000.0,2009,979.0,7.6,1.85,20000,5,Action,Adventure,Crime,tt0988045,Sherlock Holmes,2009,PG-13,25 Dec 2009,128 min,"Action, Adventure, Mystery",Guy Ritchie,"Michael Robert Johnson, Anthony Peckham, Simon Kinberg","Robert Downey Jr., Jude Law, Rachel McAdams",Detective Sherlock Holmes and his stalwart partner Watson engage in a battle of wits and brawn with a nemesis whose plot is a threat to all of England.,"English, French","United States, Germany",Nominated for 2 Oscars. 10 wins & 31 nominations total,https://m.media-amazon.com/images/M/MV5BMTg0NjEwNjUxM15BMl5BanBnXkFtZTcwMzk0MjQ5Mg@@._V1_SX300.jpg,57,7.5,"702,387","$209,028,679"
Color,Wes Anderson,536.0,99,0.0,670.0,Tom Wilkinson,13000.0,59073773.0,Adventure|Comedy|Crime|Drama,Bill Murray,The Grand Budapest Hotel ,475518,15082,F. Murray Abraham,0.0,first person narration|hotel|lobby boy|mentor protege relationship|painting,http://www.imdb.com/title/tt2278388/?ref_=fn_tt_tt_1,644.0,English,USA,R,25000000.0,2014,1000.0,8.1,1.37,149000,4,Adventure,Comedy,Crime,tt2278388,The Grand Budapest Hotel,2014,R,28 Mar 2014,99 min,"Comedy, Drama",Wes Anderson,"Stefan Zweig, Wes Anderson, Hugo Guinness","Ralph Fiennes, F. Murray Abraham, Mathieu Amalric","A writer encounters the owner of an aging high-class hotel, who tells him of his early years serving as a lobby boy in the hotel's glorious years under an exceptional concierge.","English, French, German","United States, Germany",Won 4 Oscars. 137 wins & 227 nominations total,"https://m.media-amazon.com/images/M/MV5BMzM5NjUxOTEyMl5BMl5BanBnXkFtZTgwNjEyMDM0MDE@._V1_QL75_UX380_CR0,0,380,562_.jpg",88,8.1,"968,286","$59,301,324"
Color,Brad Bird,318.0,111,663.0,954.0,John Ratzenberger,1000.0,206435493.0,Animation|Comedy|Family|Fantasy,Janeane Garofalo,Ratatouille ,473887,4764,Brian Dennehy,0.0,chef|food|french|rat|restaurant,http://www.imdb.com/title/tt0382932/?ref_=fn_tt_tt_1,626.0,English,USA,G,150000000.0,2007,1000.0,8.0,2.35,10000,4,Animation,Comedy,Family,tt0382932,Ratatouille,2007,G,29 Jun 2007,111 min,"Animation, Adventure, Comedy","Brad Bird, Jan Pinkava","Brad Bird, Jan Pinkava, Jim Capobianco","Brad Garrett, Lou Romano, Patton Oswalt",A rat who can cook makes an unusual alliance with a young kitchen worker at a famous Paris restaurant.,"English, French","United States, France",Won 1 Oscar. 69 wins & 42 nominations total,"https://m.media-amazon.com/images/M/MV5BMTMzODU0NTkxMF5BMl5BanBnXkFtZTcwMjQ4MzMzMw@@._V1_QL75_UX380_CR0,0,380,562_.jpg",96,8.1,"940,588","$206,445,654"
Color,Ridley Scott,568.0,151,0.0,372.0,Donald Glover,13000.0,228430993.0,Adventure|Drama|Sci-Fi,Matt Damon,The Martian ,472488,14831,Benedict Wong,1.0,astronaut|international cooperation|left for dead|nasa|space habitat,http://www.imdb.com/title/tt3659388/?ref_=fn_tt_tt_1,1023.0,English,USA,PG-13,108000000.0,2015,801.0,8.1,2.35,153000,3,Adventure,Drama,Sci-Fi,tt3659388,The Martian,2015,PG-13,02 Oct 2015,144 min,"Adventure, Drama, Sci-Fi",Ridley Scott,"Drew Goddard, Andy Weir","Matt Damon, Jessica Chastain, Kristen Wiig","An astronaut becomes stranded on Mars after his team assumes him dead, and must rely on his ingenuity to find a way to signal to Earth that he is alive and can survive until a potential rescue.","English, Mandarin","United States, United Kingdom, Hungary, Jordan",Nominated for 7 Oscars. 40 wins & 199 nominations total,https://m.media-amazon.com/images/M/MV5BMTc2MTQ3MDA1Nl5BMl5BanBnXkFtZTgwODA3OTI4NjE@._V1_SX300.jpg,80,8.0,"999,128","$228,433,663"
Color,Seth MacFarlane,457.0,112,3000.0,1000.0,Seth MacFarlane,15000.0,218628680.0,Comedy|Fantasy,Mila Kunis,Ted ,471644,21773,Tom Skerritt,1.0,2010s|car accident|sex scene|teddy bear|testicle,http://www.imdb.com/title/tt1637725/?ref_=fn_tt_tt_1,623.0,English,USA,R,50000000.0,2012,3000.0,7.0,1.85,74000,2,Comedy,Fantasy,,tt1637725,Ted,2012,R,29 Jun 2012,106 min,Comedy,Seth MacFarlane,"Seth MacFarlane, Alec Sulkin, Wellesley Wild","Mark Wahlberg, Mila Kunis, Seth MacFarlane","John Bennett, a man whose childhood wish of bringing his teddy bear to life came true, now must decide between keeping the relationship with the bear, Ted or his girlfriend, Lori.","English, Japanese, Ukrainian",United States,Nominated for 1 Oscar. 13 wins & 28 nominations total,https://m.media-amazon.com/images/M/MV5BMTQ1OTU0ODcxMV5BMl5BanBnXkFtZTcwOTMxNTUwOA@@._V1_SX300.jpg,62,6.9,"704,925","$218,815,487"
Color,Gore Verbinski,302.0,169,563.0,1000.0,Orlando Bloom,40000.0,309404152.0,Action|Adventure|Fantasy,Johnny Depp,Pirates of the Caribbean: At World's End ,471220,48350,Jack Davenport,0.0,goddess|marriage ceremony|marriage proposal|pirate|singapore,http://www.imdb.com/title/tt0449088/?ref_=fn_tt_tt_1,1238.0,English,USA,PG-13,300000000.0,2007,5000.0,7.1,2.35,0,3,Action,Adventure,Fantasy,tt0449088,Pirates of the Caribbean: At World's End,2007,PG-13,25 May 2007,169 min,"Action, Adventure, Fantasy",Gore Verbinski,"Ted Elliott, Terry Rossio, Stuart Beattie","Johnny Depp, Orlando Bloom, Keira Knightley","Will Turner, Elizabeth Swann, Hector Barbossa, and the crew of the Black Pearl try and rescue Jack from davy jones locker and prepare to fight Lord Cutler Beckett, who controls Davy Jones and the Flying Dutchman.",English,United States,Nominated for 2 Oscars. 23 wins & 51 nominations total,https://m.media-amazon.com/images/M/MV5BMjIyNjkxNzEyMl5BMl5BanBnXkFtZTYwMjc3MDE3._V1_SX300.jpg,50,7.1,"739,059","$309,420,425"
 Black and White,Martin Campbell,400.0,144,258.0,834.0,Tobias Menzies,6000.0,167007184.0,Action|Adventure|Thriller,Eva Green,Casino Royale ,470483,9125,Ivana Milicevic,1.0,casino|espionage|free running|james bond|terrorist,http://www.imdb.com/title/tt0381061/?ref_=fn_tt_tt_1,2301.0,English,UK,PG-13,150000000.0,2006,1000.0,8.0,2.35,0,3,Action,Adventure,Thriller,tt0381061,Casino Royale,2006,PG-13,17 Nov 2006,144 min,"Action, Adventure, Thriller",Martin Campbell,"Neal Purvis, Robert Wade, Paul Haggis","Daniel Craig, Eva Green, Judi Dench","After earning a licence to kill, secret agent James Bond sets out on his first mission as 007. Bond must defeat a private banker funding terrorists in a high-stakes game of poker at Casino Royale, in Montenegro.","English, Serbian, German, Italian, French","United States, United Kingdom, Czech Republic, Germany, Bahamas, Italy",Won 1 BAFTA Award28 wins & 44 nominations total,https://m.media-amazon.com/images/M/MV5BMWQ1ZDM4NDktMWY0NC00MjcxLWJlMDMtNmE2MGVhYzRjMWQ0XkEyXkFqcGc@._V1_SX300.jpg,80,8.0,"739,664","$167,445,960"
Color,Danny Boyle,134.0,94,0.0,557.0,Shirley Henderson,2000.0,16501785.0,Drama,Kelly Macdonald,Trainspotting ,469561,3559,Ewen Bremner,4.0,drug culture|drugs|filthy toilet|heroin addict|heroin withdrawal,http://www.imdb.com/title/tt0117951/?ref_=fn_tt_tt_1,514.0,English,UK,R,3500000.0,1996,887.0,8.2,1.85,21000,1,Drama,,,tt0117951,Trainspotting,1996,R,09 Aug 1996,93 min,"Crime, Drama",Danny Boyle,"Irvine Welsh, John Hodge","Ewan McGregor, Ewen Bremner, Jonny Lee Miller","Renton, deeply immersed in the Edinburgh drug scene, tries to clean up and get out despite the allure of drugs and the influence of friends.",English,United Kingdom,Nominated for 1 Oscar. 23 wins & 35 nominations total,https://m.media-amazon.com/images/M/MV5BYmVkNGJkMzQtYWQwOS00OTZmLThjODQtZjNjNzllYzRiNTE0XkEyXkFqcGc@._V1_SX300.jpg,83,8.1,"765,284","$16,491,080"
Color,Morten Tyldum,454.0,114,77.0,305.0,Rory Kinnear,19000.0,91121452.0,Biography|Drama|Thriller|War,Benedict Cumberbatch,The Imitation Game ,467613,20295,Allen Leech,1.0,crossword puzzle|cryptography|enigma code|gay lead character|world war two,http://www.imdb.com/title/tt2084970/?ref_=fn_tt_tt_1,608.0,English,UK,PG-13,14000000.0,2014,393.0,8.1,2.35,165000,4,Biography,Drama,Thriller,tt2084970,The Imitation Game,2014,PG-13,25 Dec 2014,114 min,"Biography, Drama, Thriller",Morten Tyldum,"Graham Moore, Andrew Hodges","Benedict Cumberbatch, Keira Knightley, Matthew Goode","During World War II, the English mathematical genius Alan Turing tries to crack the German Enigma code with help from fellow mathematicians while attempting to come to terms with his troubled private life.","English, German",United States,Won 1 Oscar. 49 wins & 167 nominations total,https://m.media-amazon.com/images/M/MV5BNjI3NjY1Mjg3MV5BMl5BanBnXkFtZTgwMzk5MDQ3MjE@._V1_SX300.jpg,71,8.0,"872,710","$91,125,683"
Color,Guillermo del Toro,406.0,112,0.0,250.0,Maribel Verdú,634.0,37623143.0,Drama|Fantasy|War,Ivana Baquero,Pan's Labyrinth ,467234,1322,Sergi López,0.0,fairy|fairy tale|faun|princess|spain,http://www.imdb.com/title/tt0457430/?ref_=fn_tt_tt_1,1083.0,Spanish,Spain,R,13500000.0,2006,269.0,8.2,1.85,27000,3,Drama,Fantasy,War,tt0457430,Pan's Labyrinth,2007,R,19 Jan 2007,118 min,"Drama, Fantasy, War",Guillermo del Toro,Guillermo del Toro,"Ivana Baquero, Ariadna Gil, Sergi López","In 1944 Francoist Spain, an imaginative young girl meets a faun who tells her she's a princess and that she must prove her worthiness by completing three dangerous tasks.",Spanish,"Mexico, Spain",Won 3 Oscars. 109 wins & 115 nominations total,"https://m.media-amazon.com/images/M/MV5BOTc1NTAxMWItMWFlNy00MmU2LTkwMTMtNzMwOTg5OTQ5YTFiXkEyXkFqcGc@._V1_QL75_UX380_CR0,2,380,562_.jpg",98,8.2,"745,954","$37,646,380"
Color,Andrew Adamson,212.0,90,80.0,21.0,Chris Miller,145.0,267652016.0,Adventure|Animation|Comedy|Family|Fantasy,Kathleen Freeman,Shrek ,467113,275,Bobby Block,1.0,donkey|fairy tale|ogre|princess|swamp,http://www.imdb.com/title/tt0126029/?ref_=fn_tt_tt_1,945.0,English,USA,PG,60000000.0,2001,50.0,7.9,1.85,0,5,Adventure,Animation,Comedy,tt0126029,Shrek,2001,PG,18 May 2001,90 min,"Animation, Adventure, Comedy","Andrew Adamson, Vicky Jenson","William Steig, Ted Elliott, Terry Rossio","Mike Myers, Eddie Murphy, Cameron Diaz","A mean lord exiles fairytale creatures to the swamp of a grumpy ogre, who must go on a quest and rescue a princess for the lord in order to get his land back.",English,United States,Won 1 Oscar. 40 wins & 60 nominations total,https://m.media-amazon.com/images/M/MV5BN2FkMTRkNTUtYTI0NC00ZjI4LWI5MzUtMDFmOGY0NmU2OGY1XkEyXkFqcGc@._V1_SX300.jpg,84,7.9,"803,764","$268,698,241"
Color,Marc Forster,654.0,123,395.0,1000.0,Brad Pitt,17000.0,202351611.0,Action|Adventure|Horror|Sci-Fi|Thriller,Peter Capaldi,World War Z ,465019,32392,Mireille Enos,0.0,chaos|disease|infection|pandemic|zombie,http://www.imdb.com/title/tt0816711/?ref_=fn_tt_tt_1,995.0,English,USA,PG-13,190000000.0,2013,11000.0,7.0,2.35,129000,5,Action,Adventure,Horror,tt0816711,World War Z,2013,PG-13,21 Jun 2013,116 min,"Action, Adventure, Horror",Marc Forster,"Matthew Michael Carnahan, Drew Goddard, Damon Lindelof","Brad Pitt, Mireille Enos, Daniella Kertesz",Former United Nations employee Gerry Lane traverses the world in a race against time to stop a zombie pandemic that is toppling armies and governments and threatens to destroy humanity itself.,"English, Spanish, Hebrew, Arabic","United States, United Kingdom",3 wins & 25 nominations total,https://m.media-amazon.com/images/M/MV5BODg3ZTM2YWQtZDE5Ny00NGNiLTkzYjgtYWVlYjNkOTg5NDI1XkEyXkFqcGc@._V1_SX300.jpg,63,7.0,"778,104","$202,807,711"
Color,George Lucas,284.0,142,0.0,4000.0,Christopher Lee,20000.0,310675583.0,Action|Adventure|Fantasy|Sci-Fi,Natalie Portman,Star Wars: Episode II - Attack of the Clones ,464310,42990,Hayden Christensen,3.0,martial arts|murdered before giving protagonist information|part computer animation|prequel|prequel to cult film,http://www.imdb.com/title/tt0121765/?ref_=fn_tt_tt_1,3516.0,English,USA,PG,115000000.0,2002,16000.0,6.7,1.78,0,4,Action,Adventure,Fantasy,tt0121765,Star Wars: Episode II - Attack of the Clones,2002,PG,16 May 2002,142 min,"Action, Adventure, Fantasy",George Lucas,"George Lucas, Jonathan Hales","Hayden Christensen, Natalie Portman, Ewan McGregor","Ten years after initially meeting, Anakin Skywalker shares a forbidden romance with Padmé Amidala, while Obi-Wan Kenobi discovers a secret clone army crafted for the Jedi.",English,"United States, United Kingdom",Nominated for 1 Oscar. 21 wins & 71 nominations total,https://m.media-amazon.com/images/M/MV5BNTgxMjY2YzUtZmVmNC00YjAwLWJlODMtNDBhNzllNzIzMjgxXkEyXkFqcGc@._V1_SX300.jpg,54,6.6,"815,170","$310,676,740"
Color,Joss Whedon,635.0,141,0.0,19000.0,Robert Downey Jr.,26000.0,458991599.0,Action|Adventure|Sci-Fi,Chris Hemsworth,Avengers: Age of Ultron ,462669,92000,Scarlett Johansson,4.0,artificial intelligence|based on comic book|captain america|marvel cinematic universe|superhero,http://www.imdb.com/title/tt2395427/?ref_=fn_tt_tt_1,1117.0,English,USA,PG-13,250000000.0,2015,21000.0,7.5,2.35,118000,3,Action,Adventure,Sci-Fi,tt2395427,Avengers: Age of Ultron,2015,PG-13,01 May 2015,141 min,"Action, Adventure, Sci-Fi",Joss Whedon,"Joss Whedon, Stan Lee, Jack Kirby","Robert Downey Jr., Chris Evans, Mark Ruffalo","When Tony Stark and Bruce Banner try to jump-start a dormant peacekeeping program called Ultron, things go horribly wrong and it's up to Earth's mightiest heroes to stop the villainous Ultron from enacting his terrible plan.","English, Korean","United States, South Korea, Cambodia",8 wins & 52 nominations total,"https://m.media-amazon.com/images/M/MV5BODBhYTg1NGQtNGVmNS00ZTdiLThjYTYtZDFkNzRiNTZmNDZjXkEyXkFqcGc@._V1_QL75_UX380_CR0,0,380,562_.jpg",66,7.3,"998,463","$459,005,868"
Color,Ridley Scott,302.0,117,0.0,521.0,Sean Young,11000.0,27000000.0,Sci-Fi|Thriller,Harrison Ford,Blade Runner ,461609,13877,M. Emmet Walsh,2.0,artificial intelligence|human android relationship|megacorporation|police detective|tech noir,http://www.imdb.com/title/tt0083658/?ref_=fn_tt_tt_1,1168.0,English,USA,R,28000000.0,1982,759.0,8.2,2.35,34000,2,Sci-Fi,Thriller,,tt0083658,Blade Runner,1982,R,25 Jun 1982,117 min,"Action, Drama, Sci-Fi",Ridley Scott,"Hampton Fancher, David Webb Peoples, Philip K. Dick","Harrison Ford, Rutger Hauer, Sean Young",A blade runner must pursue and terminate four replicants who stole a ship in space and have returned to Earth to find their creator.,"English, German, Cantonese, Japanese, Hungarian, Arabic, Korean","United States, United Kingdom, Hong Kong",Nominated for 2 Oscars. 13 wins & 22 nominations total,https://m.media-amazon.com/images/M/MV5BOWQ4YTBmNTQtMDYxMC00NGFjLTkwOGQtNzdhNmY1Nzc1MzUxXkEyXkFqcGc@._V1_SX300.jpg,84,8.1,"876,371","$32,914,489"
Color,David Fincher,362.0,166,21000.0,919.0,Jason Flemyng,11000.0,127490802.0,Drama|Fantasy|Romance,Brad Pitt,The Curious Case of Benjamin Button ,459346,13333,Julia Ormond,2.0,deformed baby|diary|lingerie slip|older man younger woman relationship|premature aging,http://www.imdb.com/title/tt0421715/?ref_=fn_tt_tt_1,822.0,English,USA,PG-13,150000000.0,2008,1000.0,7.8,2.35,23000,3,Drama,Fantasy,Romance,tt0421715,The Curious Case of Benjamin Button,2008,PG-13,25 Dec 2008,166 min,"Drama, Fantasy, Romance",David Fincher,"Eric Roth, Robin Swicord, F. Scott Fitzgerald","Brad Pitt, Cate Blanchett, Tilda Swinton","Benjamin Button, born in 1918 with the physical state of an elderly man, ages in reverse. He experiences love and break-ups, ecstasy and sorrow, and timelessness by the time he dies in 2003 as a baby.","English, Russian, French",United States,Won 3 Oscars. 85 wins & 160 nominations total,https://m.media-amazon.com/images/M/MV5BYjIyNDExOWItM2Y4ZC00NmY3LWFlN2ItYTJlZDQ1NTJlZTUwXkEyXkFqcGc@._V1_SX300.jpg,70,7.8,"740,633","$127,509,326"
Color,Ridley Scott,775.0,124,0.0,641.0,Charlize Theron,13000.0,126464904.0,Adventure|Mystery|Sci-Fi,Michael Fassbender,Prometheus ,456260,24098,Sean Harris,0.0,cave painting|medical scanner|planet|pregnant with an alien fetus|suspended animation,http://www.imdb.com/title/tt1446714/?ref_=fn_tt_tt_1,2326.0,English,USA,R,130000000.0,2012,9000.0,7.0,2.35,97000,3,Adventure,Mystery,Sci-Fi,tt1446714,Prometheus,2012,R,08 Jun 2012,124 min,"Adventure, Sci-Fi",Ridley Scott,"Jon Spaihts, Damon Lindelof, Dan O'Bannon","Noomi Rapace, Logan Marshall-Green, Michael Fassbender","Following clues to the origin of mankind, a team finds a structure on a distant moon, but they soon realize they are not alone.","English, Gaelic","United Kingdom, United States",Nominated for 1 Oscar. 6 wins & 47 nominations total,https://m.media-amazon.com/images/M/MV5BMTY3NzIyNTA2NV5BMl5BanBnXkFtZTcwNzE2NjI4Nw@@._V1_SX300.jpg,64,7.0,"691,831","$126,477,084"
Color,Bryan Singer,290.0,104,0.0,505.0,Tyler Mane,20000.0,157299717.0,Action|Adventure|Sci-Fi,Hugh Jackman,X-Men ,452928,21397,Bruce Davison,0.0,first part|mutant|professor|superhero|superhero team,http://www.imdb.com/title/tt0120903/?ref_=fn_tt_tt_1,1401.0,English,USA,PG-13,75000000.0,2000,764.0,7.4,2.35,0,3,Action,Adventure,Sci-Fi,tt0120903,X-Men,2000,PG-13,14 Jul 2000,104 min,"Action, Adventure, Sci-Fi",Bryan Singer,"Tom DeSanto, Bryan Singer, David Hayter","Patrick Stewart, Hugh Jackman, Ian McKellen","In a world where mutants (evolved super-powered humans) exist and are discriminated against, two groups form for an inevitable clash: the supremacist Brotherhood, and the pacifist X-Men.",English,"United States, Canada",14 wins & 26 nominations total,"https://m.media-amazon.com/images/M/MV5BNzNjZjQwOTAtNWQ3NC00MmJlLThlZDEtZmUyMWQ3NmE4Y2Y5XkEyXkFqcGc@._V1_QL75_UX380_CR0,0,380,562_.jpg",64,7.3,"690,803","$157,299,718"
Color,Ben Affleck,656.0,130,0.0,650.0,Scoot McNairy,1000.0,136019448.0,Biography|Drama|History|Thriller,Clea DuVall,Argo ,452465,3133,Tate Donovan,1.0,1970s|cia|f word|u.s. embassy|year 1979,http://www.imdb.com/title/tt1024648/?ref_=fn_tt_tt_1,695.0,English,USA,R,44500000.0,2012,660.0,7.7,2.35,89000,4,Biography,Drama,History,tt1024648,Argo,2012,R,12 Oct 2012,120 min,"Biography, Drama, History",Ben Affleck,"Chris Terrio, Tony Mendez, Joshuah Bearman","Ben Affleck, Bryan Cranston, John Goodman","Acting under the cover of a Hollywood producer scouting a location for a science fiction film, a CIA agent launches a dangerous operation to rescue six Americans in Tehran during the U.S. hostage crisis in Iran in 1979.","English, Persian, German, Arabic","United Kingdom, United States",Won 3 Oscars. 96 wins & 156 nominations total,"https://m.media-amazon.com/images/M/MV5BM2QyMGUyZTEtMjE4Yi00M2RiLTgwN2QtZDMxZDNiMTFkMTFjXkEyXkFqcGc@._V1_QL75_UX380_CR0,0,380,562_.jpg",86,7.7,"665,933","$136,025,503"
Color,Marc Webb,599.0,153,464.0,963.0,Andrew Garfield,15000.0,262030663.0,Action|Adventure|Fantasy,Emma Stone,The Amazing Spider-Man ,451803,28489,Chris Zylka,0.0,lizard|outcast|spider|spider man|teenager,http://www.imdb.com/title/tt0948470/?ref_=fn_tt_tt_1,1225.0,English,USA,PG-13,230000000.0,2012,10000.0,7.0,2.35,56000,3,Action,Adventure,Fantasy,tt0948470,The Amazing Spider-Man,2012,PG-13,03 Jul 2012,136 min,"Action, Sci-Fi",Marc Webb,"James Vanderbilt, Alvin Sargent, Steve Kloves","Andrew Garfield, Emma Stone, Rhys Ifans","After Peter Parker is bitten by a genetically altered spider, he gains newfound, spider-like powers and ventures out to save the city from the machinations of a mysterious reptilian foe.",English,United States,2 wins & 33 nominations total,"https://m.media-amazon.com/images/M/MV5BMjMyOTM4MDMxNV5BMl5BanBnXkFtZTcwNjIyNzExOA@@._V1_QL75_UX380_CR0,1,380,562_.jpg",66,6.9,"763,493","$262,782,352"
Color,Francis Ford Coppola,261.0,289,0.0,3000.0,Marlon Brando,11000.0,78800000.0,Drama|War,Harrison Ford,Apocalypse Now ,450676,25313,Robert Duvall,1.0,army|green beret|insanity|jungle|vietnam,http://www.imdb.com/title/tt0078788/?ref_=fn_tt_tt_1,983.0,English,USA,R,31500000.0,1979,10000.0,8.5,2.35,19000,2,Drama,War,,tt0078788,Apocalypse Now,1979,R,15 Aug 1979,147 min,"Drama, Mystery, War",Francis Ford Coppola,"John Milius, Francis Ford Coppola, Michael Herr","Martin Sheen, Marlon Brando, Robert Duvall",A U.S. Army officer serving in Vietnam is tasked with assassinating a renegade Special Forces Colonel who sees himself as a god.,"English, French, Vietnamese",United States,Won 2 Oscars. 21 wins & 33 nominations total,"https://m.media-amazon.com/images/M/MV5BZDhiMTljYjYtODc1Yy00MmEwLTg2OTYtYmE1YTRmNDE4MmEwXkEyXkFqcGc@._V1_QL75_UX380_CR0,11,380,562_.jpg",94,8.4,"769,246","$96,074,376"
Color,Louis Leterrier,384.0,125,255.0,963.0,Common,11000.0,117698894.0,Crime|Mystery|Thriller,Morgan Freeman,Now You See Me ,447979,13312,Michael Kelly,6.0,bank|fbi|heist|interpol|magician,http://www.imdb.com/title/tt1670345/?ref_=fn_tt_tt_1,629.0,English,USA,PG-13,75000000.0,2013,988.0,7.3,2.35,105000,3,Crime,Mystery,Thriller,tt1670345,Now You See Me,2013,PG-13,31 May 2013,115 min,"Crime, Mystery, Thriller",Louis Leterrier,"Ed Solomon, Boaz Yakin, Edward Ricourt","Jesse Eisenberg, Common, Mark Ruffalo","An FBI agent and an Interpol detective track a team of illusionists who pull off bank heists during their performances, and reward their audiences with the money.","English, French","United States, France",1 win & 3 nominations total,https://m.media-amazon.com/images/M/MV5BMTY0NDY3MDMxN15BMl5BanBnXkFtZTcwOTM5NzMzOQ@@._V1_SX300.jpg,50,7.2,"765,172","$117,723,989"
 Black and White,Sidney Lumet,177.0,96,0.0,253.0,Lee J. Cobb,359.0,,Crime|Drama,Jack Warden,12 Angry Men ,447785,1433,John Fiedler,1.0,courtroom|dialogue driven|dialogue driven storyline|jury|murder,http://www.imdb.com/title/tt0050083/?ref_=fn_tt_tt_1,888.0,English,USA,Not Rated,350000.0,1957,259.0,8.9,1.66,40000,2,Crime,Drama,,tt0050083,12 Angry Men,1957,Approved,10 Apr 1957,96 min,"Crime, Drama",Sidney Lumet,Reginald Rose,"Henry Fonda, Lee J. Cobb, Martin Balsam",The jury in a New York City murder trial is frustrated by a single member whose skeptical caution forces them to more carefully consider the evidence before jumping to a hasty verdict.,English,United States,Nominated for 3 Oscars. 16 wins & 12 nominations total,"https://m.media-amazon.com/images/M/MV5BYjE4NzdmOTYtYjc5Yi00YzBiLWEzNDEtNTgxZGQ2MWVkN2NiXkEyXkFqcGc@._V1_QL75_UX380_CR0,11,380,562_.jpg",97,9.0,"981,488",N/A
Color,Chris Columbus,258.0,159,0.0,645.0,Fiona Shaw,11000.0,317557891.0,Adventure|Family|Fantasy,Daniel Radcliffe,Harry Potter and the Sorcerer's Stone ,444683,13191,Verne Troyer,4.0,based on novel|birthday|evil wizard|quidditch|wizard,http://www.imdb.com/title/tt0241527/?ref_=fn_tt_tt_1,1571.0,English,UK,PG,125000000.0,2001,687.0,7.5,2.35,16000,3,Adventure,Family,Fantasy,tt0241527,Harry Potter and the Sorcerer's Stone,2001,PG,16 Nov 2001,152 min,"Adventure, Family, Fantasy",Chris Columbus,"J.K. Rowling, Steve Kloves","Daniel Radcliffe, Rupert Grint, Emma Watson","An orphaned boy enrolls in a school of wizardry, where he learns the truth about himself, his family and the terrible evil that haunts the magical world.","English, Latin","United Kingdom, United States",Nominated for 3 Oscars. 20 wins & 75 nominations total,https://m.media-amazon.com/images/M/MV5BNTU1MzgyMDMtMzBlZS00YzczLThmYWEtMjU3YmFlOWEyMjE1XkEyXkFqcGc@._V1_SX300.jpg,65,7.7,"944,457","$319,765,078"
Color,Ang Lee,552.0,127,0.0,341.0,Rafe Spall,774.0,124976634.0,Adventure|Drama|Fantasy,Suraj Sharma,Life of Pi ,440084,2121,Tabu,0.0,animal|faith|india|journey|tiger,http://www.imdb.com/title/tt0454876/?ref_=fn_tt_tt_1,755.0,English,USA,PG,120000000.0,2012,358.0,8.0,1.85,122000,3,Adventure,Drama,Fantasy,tt0454876,Life of Pi,2012,PG,21 Nov 2012,127 min,"Adventure, Drama, Fantasy",Ang Lee,"Yann Martel, David Magee","Suraj Sharma, Irrfan Khan, Ayush Tandon","A young man who survives a disaster at sea is hurtled into an epic journey of adventure and discovery. While cast away, he forms an unexpected connection with another survivor: a fearsome Bengal tiger.","English, Hindi, Japanese, French","United States, Taiwan, United Kingdom, Canada, India, France",Won 4 Oscars. 81 wins & 134 nominations total,https://m.media-amazon.com/images/M/MV5BNTg2OTY2ODg5OF5BMl5BanBnXkFtZTcwODM5MTYxOA@@._V1_SX300.jpg,79,7.9,"697,056","$124,987,023"
Color,Steve McQueen,597.0,134,0.0,500.0,Scoot McNairy,2000.0,56667870.0,Biography|Drama|History,Quvenzhané Wallis,12 Years a Slave ,439176,4251,Taran Killam,0.0,racism|separation from family|social injustice|torture|whipping,http://www.imdb.com/title/tt2024544/?ref_=fn_tt_tt_1,695.0,English,USA,R,20000000.0,2013,660.0,8.1,2.35,83000,3,Biography,Drama,History,tt2024544,12 Years a Slave,2013,R,08 Nov 2013,134 min,"Biography, Drama, History",Steve McQueen,"John Ridley, Solomon Northup","Chiwetel Ejiofor, Michael Kenneth Williams, Michael Fassbender","In the antebellum United States, Solomon Northup, a free black man from upstate New York, is abducted and sold into slavery.",English,"United Kingdom, United States",Won 3 Oscars. 244 wins & 338 nominations total,"https://m.media-amazon.com/images/M/MV5BMjExMTEzODkyN15BMl5BanBnXkFtZTcwNTU4NTc4OQ@@._V1_QL75_UX380_CR0,1,380,562_.jpg",96,8.1,"785,552","$56,671,993"
Color,Harold Ramis,147.0,101,11000.0,512.0,Chris Elliott,13000.0,70906973.0,Comedy|Fantasy|Romance,Bill Murray,Groundhog Day ,437418,15500,Willie Garson,1.0,cult film|existentialism|groundhog day|time loop|trapped in a time loop,http://www.imdb.com/title/tt0107048/?ref_=fn_tt_tt_1,609.0,English,USA,PG,14600000.0,1993,571.0,8.1,1.85,38000,3,Comedy,Fantasy,Romance,tt0107048,Groundhog Day,1993,PG,12 Feb 1993,101 min,"Comedy, Drama, Fantasy",Harold Ramis,"Danny Rubin, Harold Ramis","Bill Murray, Andie MacDowell, Chris Elliott","A narcissistic, self-centered weatherman finds himself in a time loop on Groundhog Day.","English, French, Italian",United States,Won 1 BAFTA Award7 wins & 17 nominations total,https://m.media-amazon.com/images/M/MV5BOWE3MjQ3ZDAtNDQ2MC00YjBjLTk0ZWYtNjQ0YzQ4YWE3YTEyXkEyXkFqcGc@._V1_SX300.jpg,72,8.0,"733,269","$71,107,962"
Color,Matthew Vaughn,447.0,117,905.0,385.0,Deborah Twiss,553.0,48043505.0,Action|Comedy,Elizabeth McGovern,Kick-Ass ,435864,2357,Michael Rispoli,1.0,comic book|female killer|hit in the crotch|narrated by character|reference to batman,http://www.imdb.com/title/tt1250777/?ref_=fn_tt_tt_1,801.0,English,UK,R,30000000.0,2010,488.0,7.7,2.35,36000,2,Action,Comedy,,tt1250777,Kick-Ass,2010,R,16 Apr 2010,117 min,"Action, Comedy, Crime",Matthew Vaughn,"Jane Goldman, Matthew Vaughn, Mark Millar","Aaron Taylor-Johnson, Nicolas Cage, Chloë Grace Moretz","Dave Lizewski is an unnoticed high school student and comic book fan who one day decides to become a superhero, even though he has no powers, training or meaningful reason to do so.",English,"United Kingdom, United States",19 wins & 63 nominations total,"https://m.media-amazon.com/images/M/MV5BMTMzNzEzMDYxM15BMl5BanBnXkFtZTcwMTc0NTMxMw@@._V1_QL75_UX380_CR0,0,380,562_.jpg",66,7.6,"620,211","$48,071,303"
Color,Doug Liman,585.0,113,218.0,509.0,Lara Pulver,10000.0,100189501.0,Action|Adventure|Sci-Fi,Tom Cruise,Edge of Tomorrow ,431620,12652,Noah Taylor,1.0,alien|combat|dying repeatedly|end of the world|time loop,http://www.imdb.com/title/tt1631867/?ref_=fn_tt_tt_1,741.0,English,USA,PG-13,178000000.0,2014,854.0,7.9,2.35,77000,3,Action,Adventure,Sci-Fi,tt1631867,Edge of Tomorrow,2014,PG-13,06 Jun 2014,113 min,"Action, Adventure, Sci-Fi",Doug Liman,"Christopher McQuarrie, Jez Butterworth, John-Henry Butterworth","Tom Cruise, Emily Blunt, Bill Paxton",A man fighting in a war against aliens must relive the same day every time he dies until he can find a way to stop their power source with the help of an elite soldier.,English,"United States, Canada, India, Australia",11 wins & 38 nominations total,"https://m.media-amazon.com/images/M/MV5BMTc5OTk4MTM3M15BMl5BanBnXkFtZTgwODcxNjg3MDE@._V1_QL75_UX380_CR0,0,380,562_.jpg",71,7.9,"802,767","$100,206,256"
Color,Nicolas Winding Refn,676.0,100,0.0,228.0,Albert Brooks,33000.0,35054909.0,Crime|Drama,Ryan Gosling,Drive ,431578,34337,Russ Tamblyn,0.0,kissing in an elevator|mythical hero|neo noir|protective male|silent protagonist,http://www.imdb.com/title/tt0780504/?ref_=fn_tt_tt_1,1264.0,English,USA,R,15000000.0,2011,745.0,7.8,2.35,81000,2,Crime,Drama,,tt0780504,Drive,2011,R,16 Sep 2011,100 min,"Action, Drama",Nicolas Winding Refn,"Hossein Amini, James Sallis","Ryan Gosling, Carey Mulligan, Bryan Cranston",A mysterious Hollywood action film stuntman gets in trouble with gangsters when he tries to help his neighbor's husband rob a pawn shop while serving as his getaway driver.,"English, Spanish",United States,Nominated for 1 Oscar. 79 wins & 180 nominations total,"https://m.media-amazon.com/images/M/MV5BYTFmNTFlOTAtNzEyNi00MWU2LTg3MGEtYjA2NWY3MDliNjlkXkEyXkFqcGc@._V1_QL75_UX380_CR0,0,380,562_.jpg",79,7.8,"761,197","$35,061,555"
Color,Roland Emmerich,185.0,154,776.0,933.0,Adam Baldwin,10000.0,306124059.0,Action|Adventure|Sci-Fi,Will Smith,Independence Day ,430055,16785,Mary McDonnell,0.0,alien|area 51|military|spacecraft|spaceship,http://www.imdb.com/title/tt0116629/?ref_=fn_tt_tt_1,856.0,English,USA,PG-13,75000000.0,1996,2000.0,6.9,2.35,16000,3,Action,Adventure,Sci-Fi,tt0116629,Independence Day,1996,PG-13,03 Jul 1996,145 min,"Action, Adventure, Sci-Fi",Roland Emmerich,"Dean Devlin, Roland Emmerich","Will Smith, Bill Pullman, Jeff Goldblum","The aliens are coming and their goal is to invade and destroy Earth. Fighting superior technology, mankind's best weapon is the will to survive.",English,United States,Won 1 Oscar. 35 wins & 35 nominations total,https://m.media-amazon.com/images/M/MV5BOGMwN2UwZjEtYjFjMi00ZDA1LWJlYTQtMjA1MTYxMzIyNTdiXkEyXkFqcGc@._V1_SX300.jpg,59,7.0,"642,170","$306,169,268"
Color,Rian Johnson,589.0,119,0.0,502.0,Bruce Willis,23000.0,66468315.0,Action|Crime|Drama|Sci-Fi|Thriller,Joseph Gordon-Levitt,Looper ,428916,37387,Tracie Thoms,0.0,chase|future|surprise ending|time loop|time travel,http://www.imdb.com/title/tt1276104/?ref_=fn_tt_tt_1,667.0,English,USA,R,30000000.0,2012,13000.0,7.4,2.35,75000,5,Action,Crime,Drama,tt1276104,Looper,2012,R,28 Sep 2012,119 min,"Action, Drama, Sci-Fi",Rian Johnson,Rian Johnson,"Joseph Gordon-Levitt, Bruce Willis, Emily Blunt","In 2074, when the mob wants to get rid of someone, the target is sent into the past, where a hired gun awaits - someone like Joe - who one day learns the mob wants to 'close the loop' by sending back Joe's future self for assassin...","English, French","United States, China",18 wins & 47 nominations total,https://m.media-amazon.com/images/M/MV5BMTg5NTA3NTg4NF5BMl5BanBnXkFtZTcwNTA0NDYzOA@@._V1_SX300.jpg,84,7.4,"624,435","$66,486,205"
Color,Stanley Kubrick,285.0,161,0.0,73.0,Gary Lockwood,273.0,56715371.0,Adventure|Mystery|Sci-Fi,Keir Dullea,2001: A Space Odyssey ,427357,727,Glenn Beck,0.0,ancient astronaut|famous line|message from outer space|monolith|star child,http://www.imdb.com/title/tt0062622/?ref_=fn_tt_tt_1,1736.0,English,UK,G,12000000.0,1968,117.0,8.3,2.2,24000,3,Adventure,Mystery,Sci-Fi,tt0062622,2001: A Space Odyssey,1968,G,12 May 1968,149 min,"Adventure, Sci-Fi",Stanley Kubrick,"Stanley Kubrick, Arthur C. Clarke","Keir Dullea, Gary Lockwood, William Sylvester","When a mysterious artifact is uncovered on the Moon, a spacecraft manned by two humans and one supercomputer is sent to Jupiter to find its origins.","English, Russian, French","United Kingdom, United States",Won 1 Oscar. 18 wins & 14 nominations total,https://m.media-amazon.com/images/M/MV5BNjU0NDFkMTQtZWY5OS00MmZhLTg3Y2QtZmJhMzMzMWYyYjc2XkEyXkFqcGc@._V1_SX300.jpg,84,8.3,"772,787","$60,481,243"
Color,Sean Penn,274.0,148,0.0,826.0,William Hurt,17000.0,18352454.0,Adventure|Biography|Drama,Kristen Stewart,Into the Wild ,426359,18752,Hal Holbrook,0.0,alaska|based on true story|male nudity|self discovery|wilderness,http://www.imdb.com/title/tt0758758/?ref_=fn_tt_tt_1,760.0,English,USA,R,15000000.0,2007,882.0,8.2,2.35,76000,3,Adventure,Biography,Drama,tt0758758,Into the Wild,2007,R,19 Oct 2007,148 min,"Adventure, Biography, Drama",Sean Penn,"Sean Penn, Jon Krakauer","Emile Hirsch, Vince Vaughn, Catherine Keener","After graduating from Emory University, top student and athlete Christopher McCandless abandons his possessions, gives his entire $24,000 savings account to charity and hitchhikes to Alaska to live in the wilderness.","English, Danish",United States,Nominated for 2 Oscars. 23 wins & 106 nominations total,https://m.media-amazon.com/images/M/MV5BNTgwZTJhNWMtNzVjMy00YzQzLWI4MTAtYmJhOGQ5ZmQ3MDM0XkEyXkFqcGc@._V1_SX300.jpg,73,8.0,"692,790","$18,354,356"
Color,Greg Mottola,256.0,119,99.0,778.0,Joe Lo Truglio,15000.0,121463226.0,Comedy,Emma Stone,Superbad ,422606,17584,Kevin Corrigan,2.0,black comedy|bromance|party|school|teen comedy,http://www.imdb.com/title/tt0829482/?ref_=fn_tt_tt_1,555.0,English,USA,R,20000000.0,2007,833.0,7.6,1.85,0,1,Comedy,,,tt0829482,Superbad,2007,R,17 Aug 2007,113 min,Comedy,Greg Mottola,"Seth Rogen, Evan Goldberg","Michael Cera, Jonah Hill, Christopher Mintz-Plasse",Two co-dependent high school seniors are forced to deal with separation anxiety after their plan to stage a booze-soaked party goes awry.,English,United States,11 wins & 24 nominations total,https://m.media-amazon.com/images/M/MV5BNjk0MzdlZGEtNTRkOC00ZDRiLWJkYjAtMzUzYTRiNzk1YTViXkEyXkFqcGc@._V1_SX300.jpg,76,7.6,"687,483","$121,463,226"
 Black and White,Alfred Hitchcock,290.0,108,13000.0,285.0,Vera Miles,606.0,32000000.0,Horror|Mystery|Thriller,Janet Leigh,Psycho ,422432,1885,John Gavin,2.0,money|motel|rain|shower|theft,http://www.imdb.com/title/tt0054215/?ref_=fn_tt_tt_1,1040.0,English,USA,R,806947.0,1960,332.0,8.5,1.85,18000,3,Horror,Mystery,Thriller,tt0054215,Psycho,1960,R,08 Sep 1960,109 min,"Drama, Horror, Mystery",Alfred Hitchcock,"Joseph Stefano, Robert Bloch","Anthony Perkins, Janet Leigh, Vera Miles",A secretary on the run for embezzlement takes refuge at a secluded California motel owned by a repressed man and his overbearing mother.,English,United States,Nominated for 4 Oscars. 8 wins & 14 nominations total,"https://m.media-amazon.com/images/M/MV5BYjZhMzFiZjItODA3ZC00MmRhLWIzMGYtMmVjOWUwYTA3MTRjXkEyXkFqcGc@._V1_QL75_UX380_CR0,1,380,562_.jpg",97,8.5,"783,952","$32,181,230"
Color,Lana Wachowski,275.0,138,0.0,30.0,Daniel Bernhardt,234.0,281492479.0,Action|Sci-Fi,Steve Bastoni,The Matrix Reloaded ,421818,534,Helmut Bakaitis,0.0,car motorcycle chase|one against many|oracle|prophecy|stylized violence,http://www.imdb.com/title/tt0234215/?ref_=fn_tt_tt_1,2789.0,English,USA,R,150000000.0,2003,198.0,7.2,2.35,0,2,Action,Sci-Fi,,tt0234215,The Matrix Reloaded,2003,R,15 May 2003,138 min,"Action, Sci-Fi","Lana Wachowski, Lilly Wachowski","Lilly Wachowski, Lana Wachowski","Keanu Reeves, Laurence Fishburne, Carrie-Anne Moss","Freedom fighters Neo, Trinity and Morpheus continue to lead the revolt against the Machine Army, unleashing their arsenal of extraordinary skills and weaponry against the systematic forces of repression and exploitation.","English, French, Italian",United States,8 wins & 34 nominations total,https://m.media-amazon.com/images/M/MV5BNjAxYjkxNjktYTU0YS00NjFhLWIyMDEtMzEzMTJjMzRkMzQ1XkEyXkFqcGc@._V1_SX300.jpg,62,7.2,"666,077","$281,576,461"
Color,Chris Buck,406.0,102,69.0,490.0,Maurice LaMarche,1000.0,400736600.0,Adventure|Animation|Comedy|Family|Fantasy|Musical,Josh Gad,Frozen ,421658,2582,Livvy Stubenrauch,0.0,magic|sister love|sister sister relationship|snow|snowman,http://www.imdb.com/title/tt2294629/?ref_=fn_tt_tt_1,904.0,English,USA,PG,150000000.0,2013,523.0,7.6,2.24,58000,6,Adventure,Animation,Comedy,tt2294629,Frozen,2013,PG,27 Nov 2013,102 min,"Animation, Adventure, Comedy","Chris Buck, Jennifer Lee","Jennifer Lee, Hans Christian Andersen, Chris Buck","Kristen Bell, Idina Menzel, Jonathan Groff","Fearless optimist Anna teams up with rugged mountain man Kristoff and his loyal reindeer Sven in an epic journey to find Anna's sister Elsa, whose icy powers have trapped the kingdom of Arendelle in eternal winter.",English,United States,Won 2 Oscars. 83 wins & 60 nominations total,https://m.media-amazon.com/images/M/MV5BMTQ1MjQwMTE5OF5BMl5BanBnXkFtZTgwNjk3MTcyMDE@._V1_SX300.jpg,75,7.4,"708,011","$400,953,009"
Color,Colin Trevorrow,644.0,124,365.0,1000.0,Judy Greer,3000.0,652177271.0,Action|Adventure|Sci-Fi|Thriller,Bryce Dallas Howard,Jurassic World ,418214,8458,Omar Sy,0.0,dinosaur|disaster film|experiment gone wrong|jurassic park|velociraptor,http://www.imdb.com/title/tt0369610/?ref_=fn_tt_tt_1,1290.0,English,USA,PG-13,150000000.0,2015,2000.0,7.0,2.0,150000,4,Action,Adventure,Sci-Fi,tt0369610,Jurassic World,2015,PG-13,12 Jun 2015,124 min,"Action, Adventure, Sci-Fi",Colin Trevorrow,"Rick Jaffa, Amanda Silver, Colin Trevorrow","Chris Pratt, Bryce Dallas Howard, Ty Simpkins","A new theme park, built on the original site of Jurassic Park, creates a genetically modified hybrid dinosaur, the Indominus Rex, which escapes containment and goes on a killing spree.",English,"United States, Japan",15 wins & 58 nominations total,https://m.media-amazon.com/images/M/MV5BNzBhNzlkM2UtZTQyOC00NjUyLTkzMmMtNDQ1YTM5N2NmMGE5XkEyXkFqcGc@._V1_SX300.jpg,59,6.9,"723,175","$653,406,625"
Color,Hayao Miyazaki,246.0,125,6000.0,7.0,Ryûnosuke Kamiki,17.0,10049886.0,Adventure|Animation|Family|Fantasy,Bunta Sugawara,Spirited Away ,417971,44,Miyu Irino,0.0,anime|bathhouse|pig|spirit|work,http://www.imdb.com/title/tt0245429/?ref_=fn_tt_tt_1,902.0,Japanese,Japan,PG,19000000.0,2001,10.0,8.6,1.85,28000,4,Adventure,Animation,Family,tt0245429,Spirited Away,2003,PG,28 Mar 2003,124 min,"Animation, Adventure, Family",Hayao Miyazaki,Hayao Miyazaki,"Miyu Irino, Rumi Hiiragi, Mari Natsuki","During her family's move to the suburbs, a sullen 10-year-old girl wanders into a world ruled by gods, witches and spirits, and where humans are changed into beasts.","Japanese, English","Japan, United States",Won 1 Oscar. 58 wins & 31 nominations total,"https://m.media-amazon.com/images/M/MV5BNTEyNmEwOWUtYzkyOC00ZTQ4LTllZmUtMjk0Y2YwOGUzYjRiXkEyXkFqcGc@._V1_QL75_UX380_CR0,0,380,562_.jpg",96,8.6,"964,088","$14,821,254"
Color,Guy Ritchie,116.0,120,0.0,452.0,Jason Flemyng,26000.0,3650677.0,Comedy|Crime,Jason Statham,"Lock, Stock and Two Smoking Barrels ",414976,28294,Dexter Fletcher,1.0,antique|cockney accent|hatchet|money|shotgun,http://www.imdb.com/title/tt0120735/?ref_=fn_tt_tt_1,523.0,English,UK,R,960000.0,1998,1000.0,8.2,1.85,21000,2,Comedy,Crime,,tt0120735,"Lock, Stock and Two Smoking Barrels",1998,R,28 Aug 1998,107 min,"Comedy, Crime",Guy Ritchie,Guy Ritchie,"Jason Flemyng, Dexter Fletcher, Nick Moran","When four small-time criminals lose a rigged poker game against a London kingpin, he gives them one week to settle their enormous debt.",English,"United Kingdom, United States",Won 1 BAFTA Award. 13 wins & 9 nominations total,"https://m.media-amazon.com/images/M/MV5BMmY1M2M5ZmMtYzllZC00YzAxLTk4MjktZDJkNjA1MTUwMGQ4XkEyXkFqcGc@._V1_QL75_UX380_CR0,4,380,562_.jpg",67,8.1,"649,801","$3,753,929"
Color,Jason Reitman,387.0,96,655.0,973.0,Jennifer Garner,24000.0,143492840.0,Comedy|Drama|Romance,J.K. Simmons,Juno ,414335,28817,Rainn Wilson,0.0,adoption|baby|friend|pregnancy|school,http://www.imdb.com/title/tt0467406/?ref_=fn_tt_tt_1,881.0,English,USA,PG-13,7500000.0,2007,3000.0,7.5,1.85,10000,3,Comedy,Drama,Romance,tt0467406,Juno,2007,PG-13,25 Dec 2007,96 min,"Comedy, Drama",Jason Reitman,Diablo Cody,"Elliot Page, Michael Cera, Jennifer Garner","Faced with an unplanned pregnancy, an offbeat young woman makes a selfless decision regarding the unborn child.","English, Spanish","United States, Canada",Won 1 Oscar. 90 wins & 101 nominations total,https://m.media-amazon.com/images/M/MV5BMTIwMDgwODc5Nl5BMl5BanBnXkFtZTYwMjQzMDM4._V1_SX300.jpg,81,7.4,"566,848","$143,495,265"
Color,Curtis Hanson,177.0,138,161.0,210.0,Matt McCoy,18000.0,64604977.0,Crime|Drama|Mystery|Thriller,Kevin Spacey,L.A. Confidential ,414219,19129,Paul Guilfoyle,2.0,1950s|call girl|corruption|murder|police detective,http://www.imdb.com/title/tt0119488/?ref_=fn_tt_tt_1,625.0,English,USA,R,35000000.0,1997,398.0,8.3,2.35,11000,4,Crime,Drama,Mystery,tt0119488,L.A. Confidential,1997,R,19 Sep 1997,138 min,"Crime, Drama, Mystery",Curtis Hanson,"James Ellroy, Brian Helgeland, Curtis Hanson","Kevin Spacey, Russell Crowe, Guy Pearce","As corruption grows in 1950s Los Angeles, three policemen - one strait-laced, one brutal, and one sleazy - investigate a series of murders with their own brand of justice.",English,United States,Won 2 Oscars. 91 wins & 86 nominations total,https://m.media-amazon.com/images/M/MV5BODdiMjY1OGYtNDk0NC00NGQ1LWI4MDItOTJhMTM0YjE1YTAzXkEyXkFqcGc@._V1_SX300.jpg,91,8.2,"655,630","$64,616,940"
Color,Alan Taylor,486.0,112,230.0,12000.0,Natalie Portman,26000.0,206360018.0,Action|Adventure|Fantasy,Chris Hemsworth,Thor: The Dark World ,414070,59803,Anthony Hopkins,3.0,arrest|portal|thor|warrior|weapon,http://www.imdb.com/title/tt1981115/?ref_=fn_tt_tt_1,532.0,English,USA,PG-13,170000000.0,2013,20000.0,7.1,2.35,63000,3,Action,Adventure,Fantasy,tt1981115,Thor: The Dark World,2013,PG-13,08 Nov 2013,112 min,"Action, Adventure, Fantasy",Alan Taylor,"Christopher Yost, Christopher Markus, Stephen McFeely","Chris Hemsworth, Natalie Portman, Tom Hiddleston","When the Dark Elves attempt to plunge the universe into darkness, Thor must embark on a perilous and personal journey that will reunite him with doctor Jane Foster.",English,"United States, Iceland",4 wins & 21 nominations total,"https://m.media-amazon.com/images/M/MV5BMTQyNzAwOTUxOF5BMl5BanBnXkFtZTcwMTE0OTc5OQ@@._V1_QL75_UY562_CR7,0,380,562_.jpg",54,6.7,"776,160","$206,362,140"
Color,Steven Spielberg,385.0,130,14000.0,366.0,Robert Shaw,813.0,260000000.0,Adventure|Drama|Thriller,Roy Scheider,Jaws ,412454,2047,Murray Hamilton,0.0,beach|blockbuster|fishing|great white shark|shark,http://www.imdb.com/title/tt0073195/?ref_=fn_tt_tt_1,962.0,English,USA,PG,8000000.0,1975,559.0,8.0,2.35,21000,3,Adventure,Drama,Thriller,tt0073195,Jaws,1975,PG,20 Jun 1975,124 min,"Adventure, Horror, Thriller",Steven Spielberg,"Peter Benchley, Carl Gottlieb","Roy Scheider, Robert Shaw, Richard Dreyfuss","When a massive killer shark unleashes chaos on a beach community off Long Island, it's up to the local police chief, a marine biologist, and an old seafarer to hunt the beast down.",English,United States,Won 3 Oscars. 16 wins & 21 nominations total,https://m.media-amazon.com/images/M/MV5BYjViNDQzNmUtYzkxZi00NTk5LTljMmItYjJlZmZkODIxNjU1XkEyXkFqcGc@._V1_SX300.jpg,87,8.1,"731,140","$280,083,300"
Color,Sam Raimi,300.0,135,0.0,4000.0,James Franco,24000.0,373377893.0,Action|Adventure|Fantasy|Romance,J.K. Simmons,Spider-Man 2 ,411164,43388,Kirsten Dunst,1.0,death|doctor|scientist|super villain|tentacle,http://www.imdb.com/title/tt0316654/?ref_=fn_tt_tt_1,1303.0,English,USA,PG-13,200000000.0,2004,11000.0,7.3,2.35,0,4,Action,Adventure,Fantasy,tt0316654,Spider-Man 2,2004,PG-13,30 Jun 2004,127 min,"Action, Adventure, Sci-Fi",Sam Raimi,"Stan Lee, Steve Ditko, Alfred Gough","Tobey Maguire, Kirsten Dunst, Alfred Molina",Peter Parker is beset with troubles in his failing personal life as he battles a former brilliant scientist named Otto Octavius.,"English, Russian, Chinese",United States,Won 1 Oscar. 25 wins & 60 nominations total,https://m.media-amazon.com/images/M/MV5BNGQ0YTQyYTgtNWI2YS00NTE2LWJmNDItNTFlMTUwNmFlZTM0XkEyXkFqcGc@._V1_SX300.jpg,83,7.5,"777,496","$375,087,840"
Color,Phil Lord,375.0,109,97.0,839.0,Dax Flame,17000.0,138447667.0,Action|Comedy|Crime,Channing Tatum,21 Jump Street ,408302,19968,Rob Riggle,2.0,narcotics|parody|police|remake|undercover cop,http://www.imdb.com/title/tt1232829/?ref_=fn_tt_tt_1,345.0,English,USA,R,42000000.0,2012,971.0,7.2,2.35,39000,3,Action,Comedy,Crime,tt1232829,21 Jump Street,2012,R,16 Mar 2012,109 min,"Action, Comedy, Crime","Phil Lord, Christopher Miller","Michael Bacall, Jonah Hill, Patrick Hasburgh","Jonah Hill, Channing Tatum, Ice Cube",A pair of underachieving cops are sent back to a local high school to blend in and bring down a synthetic drug ring.,English,United States,11 wins & 21 nominations total,https://m.media-amazon.com/images/M/MV5BMTg2NjJiODctM2IyMS00MmQ5LWI1YmQtNTBjMTI4M2U2YzA5XkEyXkFqcGc@._V1_SX300.jpg,69,7.2,"641,161","$138,447,667"
Color,Doug Liman,249.0,119,218.0,73.0,Josh Hamilton,13000.0,121468960.0,Action|Mystery|Thriller,Matt Damon,The Bourne Identity ,407601,13249,Nicky Naudé,1.0,amnesia|assassin|money|political thriller|three word title,http://www.imdb.com/title/tt0258463/?ref_=fn_tt_tt_1,849.0,English,USA,PG-13,60000000.0,2002,147.0,7.9,2.35,0,3,Action,Mystery,Thriller,tt0258463,The Bourne Identity,2002,PG-13,14 Jun 2002,119 min,"Action, Mystery, Thriller",Doug Liman,"Tony Gilroy, William Blake Herron, Robert Ludlum","Franka Potente, Matt Damon, Chris Cooper","A man is picked up by a fishing boat, bullet-riddled and suffering from amnesia, before racing to elude assassins and attempting to regain his memory.","English, French, German, Dutch, Italian, Yoruba","United States, Germany, Czech Republic, Greece",3 wins & 6 nominations total,https://m.media-amazon.com/images/M/MV5BYTk1ZTcyMWMtMWUxYS00MmEzLTlmODYtOTk1MGRjOTg1ZjlmXkEyXkFqcGc@._V1_SX300.jpg,68,7.8,"609,951","$121,661,683"
Color,Alejandro G. Iñárritu,556.0,156,0.0,733.0,Tom Hardy,29000.0,183635922.0,Adventure|Drama|Thriller|Western,Leonardo DiCaprio,The Revenant ,406020,57108,Lukas Haas,0.0,bear attack|cauterizing a wound|native american|revenge|survival,http://www.imdb.com/title/tt1663202/?ref_=fn_tt_tt_1,1188.0,English,USA,R,135000000.0,2015,27000.0,8.1,2.35,190000,4,Adventure,Drama,Thriller,tt1663202,The Revenant,2016,R,08 Jan 2016,156 min,"Action, Drama, Western",Alejandro G. Iñárritu,"Mark L. Smith, Alejandro G. Iñárritu, Michael Punke","Leonardo DiCaprio, Tom Hardy, Will Poulter",A frontiersman on a fur trading expedition in the 1820s fights for survival after being mauled by a bear and left for dead by members of his own hunting team.,"English, Pawnee, French","United States, Hong Kong, Taiwan, Argentina",Won 3 Oscars. 94 wins & 193 nominations total,"https://m.media-amazon.com/images/M/MV5BYTgwNmQzZDctMjNmOS00OTExLTkwM2UtNzJmOTJhODFjOTdlXkEyXkFqcGc@._V1_QL75_UX380_CR0,1,380,562_.jpg",76,8.0,"947,792","$184,247,394"
Color,Bryan Singer,289.0,134,0.0,346.0,Bruce Davison,20000.0,214948780.0,Action|Adventure|Fantasy|Sci-Fi|Thriller,Hugh Jackman,X-Men 2 ,405973,20952,Aaron Stanford,4.0,mutant|prison|professor|school|x men,http://www.imdb.com/title/tt0290334/?ref_=fn_tt_tt_1,1055.0,English,Canada,PG-13,110000000.0,2003,505.0,7.5,2.35,0,5,Action,Adventure,Fantasy,tt0290334,X2: X-Men United,2003,PG-13,02 May 2003,134 min,"Action, Sci-Fi, Thriller",Bryan Singer,"Zak Penn, David Hayter, Bryan Singer","Patrick Stewart, Hugh Jackman, Halle Berry","When anti-mutant Colonel William Stryker kidnaps Professor X and attacks his school, the X-Men must ally with their archenemy Magneto to stop him.","English, German, Italian, Spanish","Canada, United States",6 wins & 41 nominations total,"https://m.media-amazon.com/images/M/MV5BNDk0NjYxMzIzOF5BMl5BanBnXkFtZTYwMTc1MjU3._V1_QL75_UY562_CR1,0,380,562_.jpg",68,7.4,"611,038","$214,949,694"
Color,Rupert Wyatt,529.0,105,81.0,779.0,David Oyelowo,11000.0,176740650.0,Action|Drama|Sci-Fi|Thriller,James Franco,Rise of the Planet of the Apes ,403836,13118,Tyler Labine,0.0,alzheimer's disease|ape|chimpanzee|fire|when animals attack,http://www.imdb.com/title/tt1318514/?ref_=fn_tt_tt_1,646.0,English,USA,PG-13,93000000.0,2011,1000.0,7.6,2.35,47000,4,Action,Drama,Sci-Fi,tt1318514,Rise of the Planet of the Apes,2011,PG-13,05 Aug 2011,105 min,"Action, Drama, Sci-Fi",Rupert Wyatt,"Rick Jaffa, Amanda Silver, Pierre Boulle","James Franco, Andy Serkis, Freida Pinto",A substance designed to help the brain repair itself gives advanced intelligence to a chimpanzee who leads an ape uprising.,"English, Sign ","United States, United Kingdom, Canada",Nominated for 1 Oscar. 21 wins & 45 nominations total,https://m.media-amazon.com/images/M/MV5BMjllODU1NDItODU1Ni00N2Y2LTg4Y2ItOTJjMTczZDliN2FhXkEyXkFqcGc@._V1_SX300.jpg,68,7.6,"600,908","$176,760,185"
Color,Barry Sonnenfeld,175.0,98,188.0,602.0,Rip Torn,10000.0,250147615.0,Adventure|Comedy|Family|Mystery|Sci-Fi,Will Smith,Men in Black ,403014,12998,Linda Fiorentino,0.0,alien|box office hit|flying saucer|laser gun|wisecrack humor,http://www.imdb.com/title/tt0119654/?ref_=fn_tt_tt_1,289.0,English,USA,PG-13,90000000.0,1997,826.0,7.3,1.85,0,5,Adventure,Comedy,Family,tt0119654,Men in Black,1997,PG-13,02 Jul 1997,98 min,"Action, Adventure, Comedy",Barry Sonnenfeld,"Lowell Cunningham, Ed Solomon","Tommy Lee Jones, Will Smith, Linda Fiorentino","James, an NYC cop, is hired by Agent K of a secret government agency that monitors extraterrestrial life on Earth. Together, they must recover an item that has been stolen by an intergalactic villain.","English, Spanish",United States,Won 1 Oscar. 23 wins & 39 nominations total,https://m.media-amazon.com/images/M/MV5BZmQ0YTdhYzEtMjIxZC00MGFiLTlmNjktZmFlOWE2M2QxOTRhXkEyXkFqcGc@._V1_SX300.jpg,72,7.3,"658,335","$250,690,539"
Color,Steven Soderbergh,186.0,116,0.0,471.0,Bernie Mac,11000.0,183405771.0,Crime|Thriller,Brad Pitt,Ocean's Eleven ,402645,13028,Elliott Gould,4.0,card dealer|casino|criminal mastermind|recruiting|ulcer,http://www.imdb.com/title/tt0240772/?ref_=fn_tt_tt_1,845.0,English,USA,PG-13,85000000.0,2001,1000.0,7.8,2.35,0,2,Crime,Thriller,,tt0240772,Ocean's Eleven,2001,PG-13,07 Dec 2001,116 min,"Crime, Thriller",Steven Soderbergh,"George Clayton Johnson, Jack Golden Russell, Harry Brown","George Clooney, Brad Pitt, Julia Roberts","Danny Ocean, a gangster, rounds up a gang of associates to stage a sophisticated and elaborate casino heist which involves robbing three Las Vegas casinos simultaneously during a popular boxing event.","English, Italian, Mandarin",United States,4 wins & 20 nominations total,https://m.media-amazon.com/images/M/MV5BMmNhZDkxYTgtMDM3ZC00NTQ3LWFjZTUtNzc1Y2QyNWZjNDRmXkEyXkFqcGc@._V1_SX300.jpg,74,7.7,"668,514","$183,417,150"
Color,Edward Zwick,166.0,143,380.0,452.0,Djimon Hounsou,29000.0,57366262.0,Adventure|Drama|Thriller,Leonardo DiCaprio,Blood Diamond ,400292,33160,Stephen Collins,0.0,diamond|elephant|fisherman|rebel|sierra leone,http://www.imdb.com/title/tt0450259/?ref_=fn_tt_tt_1,657.0,English,Germany,R,100000000.0,2006,3000.0,8.0,2.35,14000,3,Adventure,Drama,Thriller,tt0450259,Blood Diamond,2006,R,08 Dec 2006,143 min,"Adventure, Drama, Thriller",Edward Zwick,"Charles Leavitt, C. Gaby Mitchell","Leonardo DiCaprio, Djimon Hounsou, Jennifer Connelly","A fisherman, a smuggler, and a syndicate of businessmen match wits over the possession of a priceless diamond.","English, Mende, Afrikaans","United States, Germany, United Kingdom, South Africa, India",Nominated for 5 Oscars. 8 wins & 32 nominations total,"https://m.media-amazon.com/images/M/MV5BOGYzOGI0YTUtNTAwYy00M2JhLTgyODEtMjlhZTk1Yzc5ZTBhXkEyXkFqcGc@._V1_QL75_UX380_CR0,0,380,562_.jpg",64,8.0,"624,901","$57,377,916"
Color,Steven Spielberg,252.0,145,14000.0,533.0,Frank Grillo,10000.0,132014112.0,Action|Mystery|Sci-Fi|Thriller,Tom Cruise,Minority Report ,399651,12546,Jessica Capshaw,0.0,future|murder|neo noir|washington d.c.|year 2054,http://www.imdb.com/title/tt0181689/?ref_=fn_tt_tt_1,1331.0,English,USA,PG-13,102000000.0,2002,798.0,7.7,2.35,0,4,Action,Mystery,Sci-Fi,tt0181689,Minority Report,2002,PG-13,21 Jun 2002,145 min,"Action, Crime, Mystery",Steven Spielberg,"Scott Frank, Jon Cohen, Philip K. Dick","Tom Cruise, Colin Farrell, Samantha Morton","John works with the PreCrime police which stop crimes before they take place, with the help of three 'PreCogs' who can foresee crimes. Events ensue when John finds himself framed for a future murder.","English, Swedish",United States,Nominated for 1 Oscar. 20 wins & 91 nominations total,https://m.media-amazon.com/images/M/MV5BYTdmNzM3YzItZTRkYS00MTY5LTg4ZmItNjFmNTk2N2Q2NmNlXkEyXkFqcGc@._V1_SX300.jpg,80,7.6,"617,708","$132,072,926"
Color,Damien Chazelle,535.0,107,141.0,535.0,Melissa Benoist,24000.0,13092000.0,Drama|Music,J.K. Simmons,Whiplash ,399138,26495,Chris Mulkey,0.0,conservatory|drummer|emotional abuse|music school|obsession,http://www.imdb.com/title/tt2582802/?ref_=fn_tt_tt_1,731.0,English,USA,R,3300000.0,2014,970.0,8.5,2.4,129000,2,Drama,Music,,tt2582802,Whiplash,2014,R,15 Oct 2014,106 min,"Drama, Music",Damien Chazelle,Damien Chazelle,"Miles Teller, J.K. Simmons, Melissa Benoist",A promising young drummer enrolls at a cut-throat music conservatory where his dreams of greatness are mentored by an instructor who will stop at nothing to realize a student's potential.,English,United States,Won 3 Oscars. 100 wins & 144 nominations total,https://m.media-amazon.com/images/M/MV5BMDFjOWFkYzktYzhhMC00NmYyLTkwY2EtYjViMDhmNzg0OGFkXkEyXkFqcGc@._V1_SX300.jpg,89,8.5,"1,134,459","$14,003,391"
Color,Nick Cassavetes,177.0,123,415.0,545.0,Kevin Connolly,33000.0,64286.0,Drama|Romance,Ryan Gosling,The Notebook ,396396,34495,Gena Rowlands,0.0,class differences|letter|nursing home|second chance|summer love,http://www.imdb.com/title/tt0332280/?ref_=fn_tt_tt_1,1111.0,English,USA,PG-13,29000000.0,2004,638.0,7.9,2.35,57000,2,Drama,Romance,,tt0332280,The Notebook,2004,PG-13,25 Jun 2004,123 min,"Drama, Romance",Nick Cassavetes,"Jeremy Leven, Jan Sardi, Nicholas Sparks","Gena Rowlands, James Garner, Rachel McAdams",An elderly man reads to a woman with dementia the story of two young lovers whose romance is threatened by the difference in their respective social classes.,English,United States,12 wins & 10 nominations total,"https://m.media-amazon.com/images/M/MV5BZjE0ZjgzMzYtMTAxYi00NGMzLThmZDktNzFlMzA2MWRmYWQ0XkEyXkFqcGc@._V1_QL75_UX380_CR0,4,380,562_.jpg",53,7.8,"686,952","$81,417,274"
Color,Edgar Wright,246.0,99,1000.0,358.0,Dylan Moran,605.0,13464388.0,Comedy|Horror,Peter Serafinowicz,Shaun of the Dead ,395921,1686,Rafe Spall,6.0,british horror|pub|record collection|zombie|zombie apocalypse,http://www.imdb.com/title/tt0365748/?ref_=fn_tt_tt_1,859.0,English,UK,R,4000000.0,2004,427.0,8.0,2.35,19000,2,Comedy,Horror,,tt0365748,Shaun of the Dead,2004,R,24 Sep 2004,99 min,"Comedy, Horror",Edgar Wright,"Simon Pegg, Edgar Wright","Simon Pegg, Kate Ashfield, Nick Frost","The uneventful, aimless lives of a London electronics salesman and his layabout roommate are disrupted by the zombie apocalypse.",English,"United Kingdom, France, United States",Nominated for 3 BAFTA 14 wins & 20 nominations total,https://m.media-amazon.com/images/M/MV5BNzNjZGE4YTUtOWU3OC00Mzg2LThjNWItMzUwYzEwMDgxYmVjXkEyXkFqcGc@._V1_SX300.jpg,76,7.8,"630,456","$14,461,359"
Color,J.J. Abrams,590.0,132,14000.0,928.0,Bruce Greenwood,19000.0,228756232.0,Action|Adventure|Sci-Fi,Benedict Cumberbatch,Star Trek Into Darkness ,395573,21411,Noel Clarke,0.0,admiral|captain|manhunt|mission|space,http://www.imdb.com/title/tt1408101/?ref_=fn_tt_tt_1,1171.0,English,USA,PG-13,190000000.0,2013,981.0,7.8,2.35,92000,3,Action,Adventure,Sci-Fi,tt1408101,Star Trek Into Darkness,2013,PG-13,16 May 2013,132 min,"Action, Adventure, Sci-Fi",J.J. Abrams,"Roberto Orci, Alex Kurtzman, Damon Lindelof","Chris Pine, Zachary Quinto, Zoe Saldaña","After the crew of the Enterprise find an unstoppable force of terror from within their own organization, Captain Kirk leads a manhunt to a war-zone world to capture a one-man weapon of mass destruction.","English, Klingon",United States,Nominated for 1 Oscar. 7 wins & 58 nominations total,https://m.media-amazon.com/images/M/MV5BMTk2NzczOTgxNF5BMl5BanBnXkFtZTcwODQ5ODczOQ@@._V1_SX300.jpg,72,7.7,"509,207","$228,778,661"
Color,Alejandro G. Iñárritu,588.0,119,0.0,529.0,Naomi Watts,15000.0,42335698.0,Comedy|Drama|Romance,Emma Stone,Birdman or (The Unexpected Virtue of Ignorance) ,395087,21668,Merritt Wever,8.0,actor|artist|broadway play|replacement|stage,http://www.imdb.com/title/tt2562232/?ref_=fn_tt_tt_1,1101.0,English,USA,R,18000000.0,2014,6000.0,7.8,1.85,114000,3,Comedy,Drama,Romance,tt2562232,Birdman or (The Unexpected Virtue of Ignorance),2014,R,14 Nov 2014,119 min,"Comedy, Drama",Alejandro G. Iñárritu,"Alejandro G. Iñárritu, Nicolás Giacobone, Alexander Dinelaris","Michael Keaton, Zach Galifianakis, Edward Norton","A washed-up superhero actor attempts to revive his fading career by writing, directing, and starring in a Broadway production.",English,United States,Won 4 Oscars. 193 wins & 297 nominations total,"https://m.media-amazon.com/images/M/MV5BODAzNDMxMzAxOV5BMl5BanBnXkFtZTgwMDMxMjA4MjE@._V1_QL75_UX380_CR0,0,380,562_.jpg",87,7.7,"697,630","$42,340,598"
Color,Robert Zemeckis,221.0,143,0.0,272.0,Paul Sanchez,15000.0,233630478.0,Adventure|Drama|Romance,Tom Hanks,Cast Away ,394317,15838,Nick Searcy,1.0,christmas|island|love|survival|talking to inanimate object,http://www.imdb.com/title/tt0162222/?ref_=fn_tt_tt_1,1051.0,English,USA,PG-13,90000000.0,2000,410.0,7.7,1.85,23000,3,Adventure,Drama,Romance,tt0162222,Cast Away,2000,PG-13,22 Dec 2000,143 min,"Adventure, Drama, Romance",Robert Zemeckis,William Broyles Jr.,"Tom Hanks, Helen Hunt, Paul Sanchez",A FedEx executive undergoes a physical and emotional transformation after crash landing on a deserted island.,"English, Russian",United States,Nominated for 2 Oscars. 15 wins & 36 nominations total,https://m.media-amazon.com/images/M/MV5BOGNjNDI5ZGQtZjRjMy00NzQyLWFiYzQtYjcwNjM3ZDYwNThhXkEyXkFqcGc@._V1_SX300.jpg,74,7.8,"676,631","$233,632,142"
Color,Zack Snyder,451.0,215,0.0,413.0,Billy Crudup,986.0,107503316.0,Action|Drama|Mystery|Sci-Fi,Matt Frewer,Watchmen ,392474,2530,Stephen McHattie,1.0,conspiracy|cynicism|false promise of the american dream|male full frontal nudity|male nudity,http://www.imdb.com/title/tt0409459/?ref_=fn_tt_tt_1,1229.0,English,USA,R,130000000.0,2009,745.0,7.7,2.35,18000,4,Action,Drama,Mystery,tt0409459,Watchmen,2009,R,06 Mar 2009,162 min,"Action, Drama, Mystery",Zack Snyder,"Dave Gibbons, David Hayter, Alex Tse","Jackie Earle Haley, Patrick Wilson, Carla Gugino","In a version of 1985 where superheroes exist, the murder of a colleague sends active vigilante Rorschach on the trail of a conspiracy that will change the course of history.",English,United States,12 wins & 24 nominations total,https://m.media-amazon.com/images/M/MV5BYmJiNTUwYWUtZDllNi00ODdjLWFmNTEtOTVlNmYxYTZhNzYzXkEyXkFqcGc@._V1_SX300.jpg,56,7.6,"608,552","$107,509,799"
Color,Alex Proyas,225.0,115,295.0,466.0,Bruce Greenwood,10000.0,144795350.0,Action|Mystery|Sci-Fi|Thriller,Will Smith,"I, Robot ",387632,12068,Chi McBride,1.0,humanoid robot|man versus machine|prosthetic limb|robot as pathos|robot vs. robot,http://www.imdb.com/title/tt0343818/?ref_=fn_tt_tt_1,789.0,English,USA,PG-13,120000000.0,2004,981.0,7.1,2.35,0,4,Action,Mystery,Sci-Fi,tt0343818,"I, Robot",2004,PG-13,16 Jul 2004,115 min,"Action, Mystery, Sci-Fi",Alex Proyas,"Jeff Vintar, Akiva Goldsman, Isaac Asimov","Will Smith, Bridget Moynahan, Bruce Greenwood","In 2035, a technophobic cop investigates a crime that may have been perpetrated by a robot, which leads to a larger threat to humanity.",English,"United States, Germany",Nominated for 1 Oscar. 1 win & 15 nominations total,https://m.media-amazon.com/images/M/MV5BZDdhNTY3YTgtYmQwMC00MjM1LTgzYzMtMGM1N2E0NWM1NDlkXkEyXkFqcGc@._V1_SX300.jpg,59,7.1,"611,841","$144,801,023"
Color,Chris Columbus,232.0,174,0.0,9000.0,Rupert Grint,11000.0,261970615.0,Adventure|Family|Fantasy|Mystery,Daniel Radcliffe,Harry Potter and the Chamber of Secrets ,387616,35672,Emma Watson,1.0,bildungsroman|flying broom|invisibility cloak|monster|wizardry,http://www.imdb.com/title/tt0295297/?ref_=fn_tt_tt_1,858.0,English,UK,PG,100000000.0,2002,10000.0,7.4,2.35,0,4,Adventure,Family,Fantasy,tt0295297,Harry Potter and the Chamber of Secrets,2002,PG,15 Nov 2002,161 min,"Adventure, Family, Fantasy",Chris Columbus,"J.K. Rowling, Steve Kloves","Daniel Radcliffe, Rupert Grint, Emma Watson","Harry Potter lives his second year at Hogwarts with Ron and Hermione when a message on the wall announces that the legendary Chamber of Secrets has been opened. The trio soon realize that, to save the school, it will take a lot of...","English, Latin","United Kingdom, United States",Won 1 BAFTA Award14 wins & 50 nominations total,https://m.media-amazon.com/images/M/MV5BNGJhM2M2MWYtZjIzMC00MDZmLThkY2EtOWViMDhhYjRhMzk4XkEyXkFqcGc@._V1_SX300.jpg,63,7.5,"759,564","$263,094,348"
Color,Michael Curtiz,242.0,82,345.0,269.0,Claude Rains,2000.0,,Drama|Romance|War,Humphrey Bogart,Casablanca ,387508,3442,Conrad Veidt,4.0,american expatriate|casablanca morocco|gestapo|police|visa,http://www.imdb.com/title/tt0034583/?ref_=fn_tt_tt_1,1123.0,English,USA,PG,950000.0,1942,607.0,8.6,1.37,23000,3,Drama,Romance,War,tt0034583,Casablanca,1943,PG,23 Jan 1943,102 min,"Drama, Romance, War",Michael Curtiz,"Philip G. Epstein, Julius J. Epstein, Howard Koch","Humphrey Bogart, Ingrid Bergman, Paul Henreid",A cynical expatriate American cafe owner struggles to decide whether or not to help his former lover and her fugitive husband escape the Nazis in French Morocco.,"English, French, German, Italian, Russian",United States,Won 3 Oscars. 18 wins & 12 nominations total,"https://m.media-amazon.com/images/M/MV5BNWEzN2U1YTYtYTQyMS00NTVkLWE2NGQtZWFlMmM0MDNjMmRiXkEyXkFqcGc@._V1_QL75_UX380_CR0,5,380,562_.jpg",100,8.5,"654,681","$4,219,709"
Color,Joseph Kosinski,539.0,124,364.0,1000.0,Tom Cruise,11000.0,89021735.0,Action|Adventure|Mystery|Sci-Fi,Morgan Freeman,Oblivion ,387436,22004,Zoë Bell,0.0,cabin in the woods|drone|flying through a thunderstorm|post apocalypse|sex in a pool,http://www.imdb.com/title/tt1483013/?ref_=fn_tt_tt_1,892.0,English,USA,PG-13,120000000.0,2013,10000.0,7.0,2.35,71000,4,Action,Adventure,Mystery,tt1483013,Oblivion,2013,PG-13,19 Apr 2013,124 min,"Action, Adventure, Sci-Fi",Joseph Kosinski,"Karl Gajdusek, Michael Arndt, Joseph Kosinski","Tom Cruise, Morgan Freeman, Andrea Riseborough",A stranger's arrival triggers one man's battle to save mankind.,English,"United States, United Kingdom, Japan, Iceland",1 win & 17 nominations total,https://m.media-amazon.com/images/M/MV5BMTQwMDY0MTA4MF5BMl5BanBnXkFtZTcwNzI3MDgxOQ@@._V1_SX300.jpg,54,7.0,"583,313","$89,107,235"
Color,Ruben Fleischer,445.0,88,181.0,11.0,Bill Murray,15000.0,75590286.0,Adventure|Comedy|Horror|Sci-Fi,Emma Stone,Zombieland ,386217,28011,Derek Graf,4.0,amusement park|on the road|zombie|zombie apocalypse|zombie spoof,http://www.imdb.com/title/tt1156398/?ref_=fn_tt_tt_1,553.0,English,USA,R,23600000.0,2009,13000.0,7.7,2.35,26000,4,Adventure,Comedy,Horror,tt1156398,Zombieland,2009,R,02 Oct 2009,88 min,"Action, Comedy, Horror",Ruben Fleischer,"Rhett Reese, Paul Wernick","Jesse Eisenberg, Emma Stone, Woody Harrelson","A shy student trying to reach his family in Ohio, a gun-toting bruiser in search of the last Twinkie and a pair of sisters striving to get to an amusement park join forces in a trek across a zombie-filled America.","English, Spanish, French",United States,10 wins & 29 nominations total,https://m.media-amazon.com/images/M/MV5BMTU5MDg0NTQ1N15BMl5BanBnXkFtZTcwMjA4Mjg3Mg@@._V1_SX300.jpg,73,7.5,"663,399","$75,590,286"
Color,Pierre Coffin,304.0,87,275.0,975.0,Miranda Cosgrove,7000.0,251501645.0,Animation|Comedy|Family,Steve Carell,Despicable Me ,385943,11608,Jack McBrayer,0.0,girl|minion|moon|pyramid|white picket fence,http://www.imdb.com/title/tt1323594/?ref_=fn_tt_tt_1,296.0,English,USA,PG,69000000.0,2010,2000.0,7.7,1.85,31000,3,Animation,Comedy,Family,tt1323594,Despicable Me,2010,PG,09 Jul 2010,95 min,"Animation, Adventure, Comedy","Pierre Coffin, Chris Renaud","Cinco Paul, Ken Daurio, Sergio Pablos","Steve Carell, Jason Segel, Russell Brand","Gru, a criminal mastermind, adopts three orphans as pawns to carry out the biggest heist in history. His life takes an unexpected turn when the little girls see the evildoer as their potential father.",English,"United States, France",Nominated for 1 BAFTA Award3 wins & 41 nominations total,https://m.media-amazon.com/images/M/MV5BMTY3NjY0MTQ0Nl5BMl5BanBnXkFtZTcwMzQ2MTc0Mw@@._V1_SX300.jpg,72,7.6,"628,264","$251,683,815"
Color,John Lasseter,191.0,82,487.0,967.0,John Ratzenberger,15000.0,245823397.0,Adventure|Animation|Comedy|Family|Fantasy,Tom Hanks,Toy Story 2 ,385871,21275,Wayne Knight,2.0,collector|dog|friend|rescue|toy,http://www.imdb.com/title/tt0120363/?ref_=fn_tt_tt_1,515.0,English,USA,G,90000000.0,1999,1000.0,7.9,1.85,0,5,Adventure,Animation,Comedy,tt0120363,Toy Story 2,1999,G,24 Nov 1999,92 min,"Animation, Adventure, Comedy","John Lasseter, Ash Brannon, Lee Unkrich","Andrew Stanton, Rita Hsiao, Doug Chamberlin","Tom Hanks, Tim Allen, Joan Cusack","When Woody is stolen by a toy collector, Buzz and his friends set out on a rescue mission to save Woody before he becomes a museum toy property with his roundup gang Jessie, Prospector, and Bullseye.",English,United States,Nominated for 1 Oscar. 21 wins & 27 nominations total,https://m.media-amazon.com/images/M/MV5BNzVmODlhMDEtY2YxZi00OTVjLTlkNTktN2Q2OTRlM2I4M2FhXkEyXkFqcGc@._V1_SX300.jpg,88,7.9,"663,076","$245,852,179"
Color,Mike Newell,295.0,157,179.0,10000.0,Daniel Radcliffe,21000.0,289994397.0,Adventure|Family|Fantasy|Mystery,Robert Pattinson,Harry Potter and the Goblet of Fire ,385670,53413,Rupert Grint,1.0,fire|goblet|magic|tournament|wizard,http://www.imdb.com/title/tt0330373/?ref_=fn_tt_tt_1,1896.0,English,UK,PG-13,150000000.0,2005,11000.0,7.6,2.35,0,4,Adventure,Family,Fantasy,tt0330373,Harry Potter and the Goblet of Fire,2005,PG-13,18 Nov 2005,157 min,"Adventure, Family, Fantasy",Mike Newell,"Steve Kloves, J.K. Rowling","Daniel Radcliffe, Emma Watson, Rupert Grint","Harry Potter finds himself competing in a hazardous tournament between rival schools of magic, but he is distracted by recurring nightmares.","English, French, Latin","United Kingdom, United States",Nominated for 1 Oscar. 13 wins & 48 nominations total,https://m.media-amazon.com/images/M/MV5BMTIzNzUzOTk2NV5BMl5BanBnXkFtZTYwNTI4MDg2._V1_SX300.jpg,81,7.7,"746,138","$291,239,805"
Color,Barry Levinson,100.0,133,272.0,628.0,Valeria Golino,10000.0,172825435.0,Drama,Tom Cruise,Rain Man ,383784,12285,Beth Grant,3.0,buick|convertible|last will and testament|savant|travel,http://www.imdb.com/title/tt0095953/?ref_=fn_tt_tt_1,331.0,English,USA,R,25000000.0,1988,898.0,8.0,1.85,12000,1,Drama,,,tt0095953,Rain Man,1988,R,16 Dec 1988,133 min,Drama,Barry Levinson,"Barry Morrow, Ron Bass","Dustin Hoffman, Tom Cruise, Valeria Golino","After a selfish L.A. yuppie learns his estranged father left a fortune to an autistic-savant brother in Ohio that he didn't know existed, he absconds with his brother and sets out across the country, hoping to gain a larger inheri...","English, Italian",United States,Won 4 Oscars. 27 wins & 26 nominations total,https://m.media-amazon.com/images/M/MV5BZDUzODNkNGUtNzJjNi00ODFlLTkzMzktMGNkOTIwYWM2YTQzXkEyXkFqcGc@._V1_SX300.jpg,65,8.0,"581,331","$172,825,435"
Color,Denis Villeneuve,454.0,153,777.0,1000.0,Jake Gyllenhaal,20000.0,60962878.0,Crime|Drama|Mystery|Thriller,Hugh Jackman,Prisoners ,383591,37321,Dylan Minnette,2.0,child abduction|detective|investigation|police|sex offender,http://www.imdb.com/title/tt1392214/?ref_=fn_tt_tt_1,620.0,English,USA,R,46000000.0,2013,15000.0,8.1,1.85,86000,4,Crime,Drama,Mystery,tt1392214,Prisoners,2013,R,20 Sep 2013,153 min,"Crime, Drama, Mystery",Denis Villeneuve,Aaron Guzikowski,"Hugh Jackman, Jake Gyllenhaal, Viola Davis",A desperate father takes the law into his own hands after police fail to find two kidnapped girls.,English,United States,Nominated for 1 Oscar. 10 wins & 38 nominations total,https://m.media-amazon.com/images/M/MV5BMTg0NTIzMjQ1NV5BMl5BanBnXkFtZTcwNDc3MzM5OQ@@._V1_SX300.jpg,70,8.2,"922,474","$61,002,302"
Color,Brett Ratner,334.0,104,420.0,560.0,Kelsey Grammer,20000.0,234360014.0,Action|Adventure|Fantasy|Sci-Fi|Thriller,Hugh Jackman,X-Men: The Last Stand ,383427,21714,Daniel Cudmore,0.0,battle|mutant|outrage|walking through a wall|x men,http://www.imdb.com/title/tt0376994/?ref_=fn_tt_tt_1,1912.0,English,Canada,PG-13,210000000.0,2006,808.0,6.8,2.35,0,5,Action,Adventure,Fantasy,tt0376994,X-Men: The Last Stand,2006,PG-13,26 May 2006,104 min,"Action, Adventure, Sci-Fi",Brett Ratner,"Simon Kinberg, Zak Penn","Patrick Stewart, Hugh Jackman, Halle Berry","The human government develops a cure for mutations, and Jean Grey becomes a darker uncontrollable persona called the Phoenix who allies with Magneto, causing escalation into an all-out battle for the X-Men.",English,"United States, United Kingdom, Canada",7 wins & 40 nominations total,"https://m.media-amazon.com/images/M/MV5BMThmOWE3OWEtODJmNC00ZDEzLTk4MWUtNzEzM2RiNmJiZmU3XkEyXkFqcGc@._V1_QL75_UY562_CR4,0,380,562_.jpg",58,6.6,"571,579","$234,362,462"
Color,Sam Raimi,392.0,156,0.0,4000.0,James Franco,24000.0,336530303.0,Action|Adventure|Romance,J.K. Simmons,Spider-Man 3 ,383056,46055,Kirsten Dunst,0.0,sandman|spider man|symbiote|venom|villain,http://www.imdb.com/title/tt0413300/?ref_=fn_tt_tt_1,1902.0,English,USA,PG-13,258000000.0,2007,11000.0,6.2,2.35,0,3,Action,Adventure,Romance,tt0413300,Spider-Man 3,2007,PG-13,04 May 2007,139 min,"Action, Adventure, Sci-Fi",Sam Raimi,"Sam Raimi, Ivan Raimi, Alvin Sargent","Tobey Maguire, Kirsten Dunst, Topher Grace","A strange black entity from another world bonds with Peter Parker and causes inner turmoil as he contends with new villains, temptations, and revenge.","English, French",United States,Nominated for 1 BAFTA Award4 wins & 44 nominations total,https://m.media-amazon.com/images/M/MV5BODE2NzNhMDctYjUzMC00Y2M5LWI2Y2EtODJkZTFjN2Y5ODlmXkEyXkFqcGc@._V1_SX300.jpg,59,6.3,"692,051","$338,032,318"
Color,Alfonso Cuarón,274.0,142,0.0,10000.0,Gary Oldman,11000.0,249358727.0,Adventure|Family|Fantasy|Mystery,Daniel Radcliffe,Harry Potter and the Prisoner of Azkaban ,382255,33284,Rupert Grint,3.0,magic|muggle|serial killer|traitor|wizard,http://www.imdb.com/title/tt0304141/?ref_=fn_tt_tt_1,1504.0,English,UK,PG,130000000.0,2004,10000.0,7.8,2.35,11000,4,Adventure,Family,Fantasy,tt0304141,Harry Potter and the Prisoner of Azkaban,2004,PG,04 Jun 2004,142 min,"Adventure, Family, Fantasy",Alfonso Cuarón,"J.K. Rowling, Steve Kloves","Daniel Radcliffe, Emma Watson, Rupert Grint","Harry Potter, Ron and Hermione return to Hogwarts School of Witchcraft and Wizardry for their third year of study, where they delve into the mystery surrounding an escaped prisoner who poses a dangerous threat to the young wizard.","English, Latin, Old English","United Kingdom, United States",Nominated for 2 Oscars. 17 wins & 56 nominations total,https://m.media-amazon.com/images/M/MV5BMTY4NTIwODg0N15BMl5BanBnXkFtZTcwOTc0MjEzMw@@._V1_SX300.jpg,82,7.9,"761,199","$250,657,586"
Color,Terry Gilliam,131.0,91,0.0,332.0,Michael Palin,795.0,1229197.0,Adventure|Comedy|Fantasy,Eric Idle,Monty Python and the Holy Grail ,382240,2158,Terry Jones,0.0,camelot|holy grail|king arthur|knight|lancelot,http://www.imdb.com/title/tt0071853/?ref_=fn_tt_tt_1,660.0,English,UK,PG,229575.0,1975,561.0,8.3,1.66,14000,3,Adventure,Comedy,Fantasy,tt0071853,Monty Python and the Holy Grail,1975,PG,18 Jul 1975,91 min,"Adventure, Comedy, Fantasy","Terry Gilliam, Terry Jones","Graham Chapman, John Cleese, Eric Idle","Graham Chapman, John Cleese, Eric Idle","King Arthur and his Knights of the Round Table embark on a surreal, low-budget search for the Holy Grail, encountering many, very silly obstacles.","English, French, Latin, Swedish",United Kingdom,2 wins & 2 nominations total,https://m.media-amazon.com/images/M/MV5BYWY4YmUzZmUtMzQ0ZS00N2Y2LWJlODQtN2IwMDc1MWQwMmU3XkEyXkFqcGc@._V1_SX300.jpg,91,8.2,"599,882","$2,562,392"
Color,Wolfgang Petersen,220.0,196,249.0,844.0,Orlando Bloom,11000.0,133228348.0,Adventure,Brad Pitt,Troy ,381672,17944,Julian Glover,2.0,greek|mythology|prince|trojan|troy,http://www.imdb.com/title/tt0332452/?ref_=fn_tt_tt_1,1694.0,English,USA,R,175000000.0,2004,5000.0,7.2,2.35,0,1,Adventure,,,tt0332452,Troy,2004,R,14 May 2004,163 min,"Action, Adventure, Drama",Wolfgang Petersen,"Homer, David Benioff","Brad Pitt, Eric Bana, Orlando Bloom","An adaptation of Homer's great epic, the film follows the assault on Troy by the united Greek forces.",English,"United Kingdom, Malta, Bulgaria, United States",Nominated for 1 Oscar. 5 wins & 23 nominations total,https://m.media-amazon.com/images/M/MV5BMTk5MzU1MDMwMF5BMl5BanBnXkFtZTcwNjczODMzMw@@._V1_SX300.jpg,56,7.3,"609,875","$133,378,256"
Color,Guillermo del Toro,575.0,131,0.0,919.0,Clifton Collins Jr.,16000.0,101785482.0,Action|Adventure|Sci-Fi,Charlie Hunnam,Pacific Rim ,381148,19166,Larry Joe Campbell,0.0,giant monster|kaiju|pilot|portal|robot,http://www.imdb.com/title/tt1663662/?ref_=fn_tt_tt_1,1106.0,English,USA,PG-13,190000000.0,2013,968.0,7.0,1.85,83000,3,Action,Adventure,Sci-Fi,tt1663662,Pacific Rim,2013,PG-13,12 Jul 2013,131 min,"Action, Adventure, Sci-Fi",Guillermo del Toro,"Travis Beacham, Guillermo del Toro","Idris Elba, Charlie Hunnam, Rinko Kikuchi","As a war between humankind and monstrous sea creatures wages on, a former pilot and a trainee are paired up to drive a seemingly obsolete special weapon in a desperate effort to save the world from the apocalypse.","English, Japanese, Cantonese, Mandarin","United States, Mexico",Nominated for 1 BAFTA Award7 wins & 48 nominations total,https://m.media-amazon.com/images/M/MV5BMTY3MTI5NjQ4Nl5BMl5BanBnXkFtZTcwOTU1OTU0OQ@@._V1_SX300.jpg,65,6.9,"555,685","$101,802,906"
Color,Duncan Jones,522.0,93,0.0,355.0,Cas Anvar,15000.0,54696902.0,Mystery|Sci-Fi|Thriller,Jake Gyllenhaal,Source Code ,379462,16034,Russell Peters,3.0,bomber|time|time loop|train|trapped in a time loop,http://www.imdb.com/title/tt0945513/?ref_=fn_tt_tt_1,571.0,English,USA,PG-13,32000000.0,2011,491.0,7.5,1.85,56000,3,Mystery,Sci-Fi,Thriller,tt0945513,Source Code,2011,PG-13,01 Apr 2011,93 min,"Action, Drama, Mystery",Duncan Jones,Ben Ripley,"Jake Gyllenhaal, Michelle Monaghan, Vera Farmiga",A soldier wakes up in someone else's body and discovers he's part of an experimental government program to find the bomber of a commuter train within 8 minutes.,English,"United States, Canada, France, Germany",1 win & 8 nominations total,https://m.media-amazon.com/images/M/MV5BMTY0MTc3MzMzNV5BMl5BanBnXkFtZTcwNDE4MjE0NA@@._V1_SX300.jpg,74,7.5,"577,054","$54,712,227"
Color,Marc Webb,331.0,95,464.0,11000.0,Chloë Grace Moretz,23000.0,32391374.0,Comedy|Drama|Romance,Joseph Gordon-Levitt,500 Days of Summer ,376600,54075,Zooey Deschanel,43.0,friend|greeting card|office|summer|true love,http://www.imdb.com/title/tt1022603/?ref_=fn_tt_tt_1,494.0,English,USA,PG-13,7500000.0,2009,17000.0,7.7,2.35,40000,3,Comedy,Drama,Romance,tt1022603,500 Days of Summer,2009,PG-13,07 Aug 2009,95 min,"Comedy, Drama, Romance",Marc Webb,"Scott Neustadter, Michael H. Weber","Zooey Deschanel, Joseph Gordon-Levitt, Geoffrey Arend","After being dumped by the girl he believes to be his soulmate, hopeless romantic Tom Hansen reflects on their relationship to try and figure out where things went wrong and how he can win her back.","English, French, Swedish",United States,17 wins & 58 nominations total,https://m.media-amazon.com/images/M/MV5BMTk5MjM4OTU1OV5BMl5BanBnXkFtZTcwODkzNDIzMw@@._V1_SX300.jpg,76,7.6,"613,237","$32,391,374"
Color,Todd Phillips,383.0,102,480.0,461.0,Mason Lee,14000.0,254455986.0,Comedy,Bradley Cooper,The Hangover Part II ,375879,16143,Mike Tyson,0.0,hotel|male frontal nudity|pubic hair|thailand|wedding,http://www.imdb.com/title/tt1411697/?ref_=fn_tt_tt_1,402.0,English,USA,R,80000000.0,2011,670.0,6.5,2.35,56000,1,Comedy,,,tt1411697,The Hangover Part II,2011,R,26 May 2011,102 min,Comedy,Todd Phillips,"Craig Mazin, Scot Armstrong, Todd Phillips","Bradley Cooper, Zach Galifianakis, Ed Helms","Two years after the bachelor party in Las Vegas, Phil, Stu, Alan, and Doug jet to Thailand for Stu's wedding, but Stu's plan for subdued pre-wedding brunch goes seriously awry.","English, Thai",United States,5 wins & 18 nominations total,https://m.media-amazon.com/images/M/MV5BMTM2MTM4MzY2OV5BMl5BanBnXkFtZTcwNjQ3NzI4NA@@._V1_SX300.jpg,44,6.5,"572,504","$254,464,305"
Color,Glenn Ficarra,310.0,118,43.0,7000.0,Emma Stone,33000.0,84244877.0,Comedy|Drama|Romance,Ryan Gosling,"Crazy, Stupid, Love. ",375456,57426,Steve Carell,7.0,bar|divorce|friend|girl|male objectification,http://www.imdb.com/title/tt1570728/?ref_=fn_tt_tt_1,292.0,English,USA,PG-13,50000000.0,2011,15000.0,7.4,2.39,44000,3,Comedy,Drama,Romance,tt1570728,"Crazy, Stupid, Love.",2011,PG-13,29 Jul 2011,118 min,"Comedy, Drama, Romance","Glenn Ficarra, John Requa",Dan Fogelman,"Steve Carell, Ryan Gosling, Julianne Moore","A middle-aged husband's life changes dramatically when his wife asks him for a divorce. He seeks to rediscover his manhood with the help of a newfound friend, Jacob, learning to pick up girls at bars.",English,United States,5 wins & 23 nominations total,https://m.media-amazon.com/images/M/MV5BMTg2MjkwMTM0NF5BMl5BanBnXkFtZTcwMzc4NDg2NQ@@._V1_SX300.jpg,68,7.4,"601,291","$84,379,584"
Color,John G. Avildsen,141.0,145,80.0,794.0,Burgess Meredith,13000.0,117235247.0,Drama|Sport,Sylvester Stallone,Rocky ,375240,16094,Carl Weathers,0.0,boxer|hometown hero|philadelphia pennsylvania|protective male|training,http://www.imdb.com/title/tt0075148/?ref_=fn_tt_tt_1,542.0,English,USA,PG,960000.0,1976,1000.0,8.1,1.33,0,2,Drama,Sport,,tt0075148,Rocky,1976,PG,03 Dec 1976,120 min,"Drama, Sport",John G. Avildsen,Sylvester Stallone,"Sylvester Stallone, Talia Shire, Burt Young",A small-time Philadelphia boxer gets a supremely rare chance to fight the world heavyweight champion in a bout in which he strives to go the distance for his self-respect.,"English, Spanish, Italian",United States,Won 3 Oscars. 23 wins & 23 nominations total,https://m.media-amazon.com/images/M/MV5BZDEyY2M2MGMtYjg5OC00ZWFjLWFkZDQtNmQzZTdiYmYzZTBkXkEyXkFqcGc@._V1_SX300.jpg,70,8.1,"683,546","$117,235,147"
Color,Paul Thomas Anderson,398.0,158,0.0,104.0,Paul F. Tompkins,272.0,40218903.0,Drama,Jim Meskimen,There Will Be Blood ,372990,533,Kevin Breznahan,0.0,alcoholic|alcoholism|money|oil|turn of the century,http://www.imdb.com/title/tt0469494/?ref_=fn_tt_tt_1,1107.0,English,USA,R,25000000.0,2007,111.0,8.1,2.35,16000,1,Drama,,,tt0469494,There Will Be Blood,2007,R,25 Jan 2008,158 min,Drama,Paul Thomas Anderson,"Paul Thomas Anderson, Upton Sinclair","Daniel Day-Lewis, Paul Dano, Ciarán Hinds","A story of family, religion, hatred, oil and madness, focusing on a turn-of-the-century prospector in the early days of the business.","English, American Sign ",United States,Won 2 Oscars. 114 wins & 138 nominations total,https://m.media-amazon.com/images/M/MV5BMjAxODQ4MDU5NV5BMl5BanBnXkFtZTcwMDU4MjU1MQ@@._V1_SX300.jpg,93,8.2,"700,517","$40,222,514"
Color,Zack Snyder,673.0,183,0.0,2000.0,Lauren Cohan,15000.0,330249062.0,Action|Adventure|Sci-Fi,Henry Cavill,Batman v Superman: Dawn of Justice ,371639,24450,Alan D. Purwin,0.0,based on comic book|batman|sequel to a reboot|superhero|superman,http://www.imdb.com/title/tt2975590/?ref_=fn_tt_tt_1,3018.0,English,USA,PG-13,250000000.0,2016,4000.0,6.9,2.35,197000,3,Action,Adventure,Sci-Fi,tt2975590,Batman v Superman: Dawn of Justice,2016,R,25 Mar 2016,151 min,"Action, Adventure, Sci-Fi",Zack Snyder,"Chris Terrio, David S. Goyer, Bob Kane","Ben Affleck, Henry Cavill, Amy Adams",Batman is manipulated by Lex Luthor to fear Superman. Superman´s existence is meanwhile dividing the world and he is framed for murder during an international crisis. The heroes clash and force the neutral Wonder Woman to reemerge.,English,United States,14 wins & 33 nominations total,"https://m.media-amazon.com/images/M/MV5BZTJkYjdmYjYtOGMyNC00ZGU1LThkY2ItYTc1OTVlMmE2YWY1XkEyXkFqcGc@._V1_QL75_UX380_CR0,0,380,562_.jpg",44,6.4,"790,738","$330,360,194"
Color,Rob Marshall,448.0,136,252.0,1000.0,Sam Claflin,40000.0,241063875.0,Action|Adventure|Fantasy,Johnny Depp,Pirates of the Caribbean: On Stranger Tides ,370704,54083,Stephen Graham,4.0,blackbeard|captain|pirate|revenge|soldier,http://www.imdb.com/title/tt1298650/?ref_=fn_tt_tt_1,484.0,English,USA,PG-13,250000000.0,2011,11000.0,6.7,2.35,58000,3,Action,Adventure,Fantasy,tt1298650,Pirates of the Caribbean: On Stranger Tides,2011,PG-13,20 May 2011,136 min,"Action, Adventure, Fantasy",Rob Marshall,"Ted Elliott, Terry Rossio, Stuart Beattie","Johnny Depp, Penélope Cruz, Ian McShane","Jack Sparrow and Barbossa embark on a quest to find the elusive fountain of youth, only to discover that Blackbeard and his daughter are after it too.","English, Spanish","United States, United Kingdom",3 wins & 31 nominations total,https://m.media-amazon.com/images/M/MV5BMjE5MjkwODI3Nl5BMl5BanBnXkFtZTcwNjcwMDk4NA@@._V1_SX300.jpg,45,6.6,"602,032","$241,071,802"
Color,Brad Bird,432.0,133,663.0,690.0,Jeremy Renner,10000.0,209364921.0,Action|Adventure|Thriller,Tom Cruise,Mission: Impossible - Ghost Protocol ,365104,21768,Michael Nyqvist,3.0,dubai|kremlin|race against time|russian|terrorist,http://www.imdb.com/title/tt1229238/?ref_=fn_tt_tt_1,512.0,English,USA,PG-13,145000000.0,2011,10000.0,7.4,2.35,35000,3,Action,Adventure,Thriller,tt1229238,Mission: Impossible - Ghost Protocol,2011,PG-13,21 Dec 2011,132 min,"Action, Adventure, Thriller",Brad Bird,"Bruce Geller, Josh Appelbaum, André Nemec","Tom Cruise, Jeremy Renner, Simon Pegg","The IMF is shut down when it's implicated in the bombing of the Kremlin, causing Ethan Hunt and his new team to go rogue to clear their organization's name.","English, Russian, French, Arabic, Swedish","United States, United Arab Emirates, Russia, Canada, Czech Republic, India",5 wins & 30 nominations total,"https://m.media-amazon.com/images/M/MV5BMTY4MTUxMjQ5OV5BMl5BanBnXkFtZTcwNTUyMzg5Ng@@._V1_QL75_UX380_CR0,0,380,562_.jpg",73,7.4,"564,485","$209,397,903"
Color,Lana Wachowski,245.0,129,0.0,233.0,Collin Chou,309.0,139259759.0,Action|Sci-Fi,Essie Davis,The Matrix Revolutions ,364948,1062,Nona Gaye,0.0,battle|epic|fight|future|machine,http://www.imdb.com/title/tt0242653/?ref_=fn_tt_tt_1,2121.0,English,Australia,R,150000000.0,2003,269.0,6.7,2.35,0,2,Action,Sci-Fi,,tt0242653,The Matrix Revolutions,2003,R,05 Nov 2003,129 min,"Action, Sci-Fi","Lana Wachowski, Lilly Wachowski","Lilly Wachowski, Lana Wachowski","Keanu Reeves, Laurence Fishburne, Carrie-Anne Moss",The human city of Zion defends itself against the massive invasion of the machines as Neo fights to end the war at another front while also opposing the rogue Agent Smith.,"English, French","United States, Australia",5 wins & 36 nominations total,https://m.media-amazon.com/images/M/MV5BMmNmMTEzODQtNmExMS00OGUxLWFkNTItMTM3NzBlNDk0YWU5XkEyXkFqcGc@._V1_SX300.jpg,47,6.7,"572,491","$139,313,948"
Color,Baz Luhrmann,490.0,143,1000.0,77.0,Elizabeth Debicki,29000.0,144812796.0,Drama|Romance,Leonardo DiCaprio,The Great Gatsby ,362912,29770,Steve Bisley,4.0,ingratitude|mansion|party|title appears in writing|tragedy,http://www.imdb.com/title/tt1343092/?ref_=fn_tt_tt_1,753.0,English,Australia,PG-13,105000000.0,2013,509.0,7.3,2.35,115000,2,Drama,Romance,,tt1343092,The Great Gatsby,2013,PG-13,10 May 2013,143 min,"Drama, Romance",Baz Luhrmann,"Baz Luhrmann, Craig Pearce, F. Scott Fitzgerald","Leonardo DiCaprio, Carey Mulligan, Joel Edgerton","A writer and wall street trader, Nick Carraway, finds himself drawn to the past and lifestyle of his mysterious millionaire neighbor, Jay Gatsby, amid the riotous parties of the Jazz Age.",English,"Australia, United States",Won 2 Oscars. 51 wins & 86 nominations total,"https://m.media-amazon.com/images/M/MV5BMTkxNTk1ODcxNl5BMl5BanBnXkFtZTcwMDI1OTMzOQ@@._V1_QL75_UX380_CR0,4,380,562_.jpg",55,7.2,"641,730","$144,857,996"
Color,Gavin Hood,350.0,119,151.0,2000.0,Ryan Reynolds,20000.0,179883016.0,Action|Adventure|Fantasy|Sci-Fi|Thriller,Hugh Jackman,X-Men Origins: Wolverine ,361924,40054,Dominic Monaghan,0.0,army|civil war|claw fight|commando|wolverine the character,http://www.imdb.com/title/tt0458525/?ref_=fn_tt_tt_1,641.0,English,USA,PG-13,150000000.0,2009,16000.0,6.7,2.35,0,5,Action,Adventure,Fantasy,tt0458525,X-Men Origins: Wolverine,2009,PG-13,01 May 2009,107 min,"Action, Sci-Fi",Gavin Hood,"David Benioff, Skip Woods","Hugh Jackman, Liev Schreiber, Ryan Reynolds","The early years of James Logan, featuring his rivalry with his brother Victor Creed, his service in the special forces team Weapon X, and his experimentation into the metal-lined mutant Wolverine.",English,"United States, United Kingdom",3 wins & 21 nominations total,"https://m.media-amazon.com/images/M/MV5BZjQwOGEzNjUtNDgwYS00NzUzLWJhZjAtNmFlNzY2YTQyOTllXkEyXkFqcGc@._V1_QL75_UY562_CR0,0,380,562_.jpg",40,6.5,"567,143","$179,883,157"
Color,Alfonso Cuarón,372.0,109,0.0,18.0,Danny Huston,16000.0,35286428.0,Drama|Sci-Fi|Thriller,Charlie Hunnam,Children of Men ,361767,16479,Rita Davies,0.0,chaos|england|long take|survival|violence,http://www.imdb.com/title/tt0206634/?ref_=fn_tt_tt_1,1206.0,English,USA,R,76000000.0,2006,430.0,7.9,1.85,17000,3,Drama,Sci-Fi,Thriller,tt0206634,Children of Men,2006,R,05 Jan 2007,109 min,"Drama, Sci-Fi, Thriller",Alfonso Cuarón,"Alfonso Cuarón, Timothy J. Sexton, David Arata","Juan Gabriel Yacuzzi, Mishal Husain, Rob Curling","In 2027, in a chaotic world in which women have somehow become infertile, a former activist agrees to help transport a miraculously pregnant woman to a sanctuary at sea.","English, German, Italian, Romanian, Spanish, Arabic, Georgian, Hebrew, Sanskrit, Russian, Serbian","United States, United Kingdom, Japan",Nominated for 3 Oscars. 49 wins & 89 nominations total,https://m.media-amazon.com/images/M/MV5BMDNkNmNiYzYtYWY0YS00NWEwLTgwMWUtYjM0M2E4Nzk3MzhmXkEyXkFqcGc@._V1_SX300.jpg,84,7.9,"557,669","$35,552,383"
Color,Paul Haggis,287.0,115,549.0,911.0,Loretta Devine,3000.0,54557348.0,Crime|Drama|Thriller,Don Cheadle,Crash ,361169,5732,Jennifer Esposito,0.0,race relations|racism|racist|social problem|stereotype,http://www.imdb.com/title/tt0375679/?ref_=fn_tt_tt_1,1624.0,English,Germany,R,6500000.0,2004,912.0,7.9,2.35,18000,3,Crime,Drama,Thriller,tt0375679,Crash,2004,R,06 May 2005,112 min,"Crime, Drama, Thriller",Paul Haggis,"Paul Haggis, Bobby Moresco","Don Cheadle, Sandra Bullock, Thandiwe Newton",Racial tensions collide in a collection of intertwined stories involving residents of Los Angeles.,"English, Persian, Spanish, Mandarin, Korean","United States, Germany",Won 3 Oscars. 66 wins & 112 nominations total,https://m.media-amazon.com/images/M/MV5BOTk1OTA1MjIyNV5BMl5BanBnXkFtZTcwODQxMTkyMQ@@._V1_SX300.jpg,66,7.7,"459,726","$54,580,300"
Color,David O. Russell,538.0,138,737.0,14000.0,Christian Bale,34000.0,150117807.0,Crime|Drama,Jennifer Lawrence,American Hustle ,358416,83012,Bradley Cooper,5.0,based on true story|con artist|drunk wife|fbi investigation|scam,http://www.imdb.com/title/tt1800241/?ref_=fn_tt_tt_1,751.0,English,USA,R,40000000.0,2013,23000.0,7.3,2.35,63000,2,Crime,Drama,,tt1800241,American Hustle,2013,R,20 Dec 2013,138 min,"Crime, Drama",David O. Russell,"Eric Warren Singer, David O. Russell","Christian Bale, Amy Adams, Bradley Cooper","A con man, Irving Rosenfeld, along with his seductive partner Sydney Prosser, is forced to work for a wild F.B.I. Agent, Richie DiMaso, who pushes them into a world of Jersey powerbrokers and the Mafia.","English, Arabic","United States, China",Nominated for 10 Oscars. 70 wins & 228 nominations total,https://m.media-amazon.com/images/M/MV5BMGQ2NzEwZGEtYjk1MC00NWFmLTgyYTgtZmRhMTRmOTBlN2U5XkEyXkFqcGc@._V1_SX300.jpg,90,7.2,"515,479","$150,117,807"
Color,Tim Burton,111.0,105,13000.0,658.0,Dianne Wiest,40000.0,56362352.0,Fantasy|Romance,Johnny Depp,Edward Scissorhands ,357581,42330,Conchata Ferrell,0.0,creation|inventor|magical realism|scissors|suburb,http://www.imdb.com/title/tt0099487/?ref_=fn_tt_tt_1,588.0,English,USA,PG-13,20000000.0,1990,967.0,7.9,1.85,16000,2,Fantasy,Romance,,tt0099487,Edward Scissorhands,1990,PG-13,14 Dec 1990,105 min,"Drama, Fantasy, Romance",Tim Burton,"Tim Burton, Caroline Thompson","Johnny Depp, Winona Ryder, Dianne Wiest",The solitary life of an artificial man with scissors for hands is upended when he is taken in by a suburban family.,English,United States,Nominated for 1 Oscar. 11 wins & 25 nominations total,https://m.media-amazon.com/images/M/MV5BODJhODczYjUtYzdkMy00Yjc4LTllNWMtZTQ3MDZlYWZjYWEzXkEyXkFqcGc@._V1_SX300.jpg,74,7.8,"562,377","$56,362,352"
Color,Eric Bress,185.0,120,19.0,829.0,Eric Stoltz,8000.0,23947.0,Sci-Fi|Thriller,Logan Lerman,The Butterfly Effect ,357579,12755,Cameron Bright,0.0,blackout|child pornography|memory|surprise ending|time travel,http://www.imdb.com/title/tt0289879/?ref_=fn_tt_tt_1,1100.0,English,USA,R,13000000.0,2004,902.0,7.7,1.85,15000,2,Sci-Fi,Thriller,,tt0289879,The Butterfly Effect,2004,R,23 Jan 2004,113 min,"Drama, Sci-Fi, Thriller","Eric Bress, J. Mackye Gruber","J. Mackye Gruber, Eric Bress","Ashton Kutcher, Amy Smart, Melora Walters","Evan Treborn suffers blackouts during significant events of his life. As he grows up, he finds a way to remember these lost memories and a supernatural way to alter his life by reading his journal.",English,"United States, Canada",1 win & 8 nominations total,https://m.media-amazon.com/images/M/MV5BZDk0ZDJiODEtNWM2ZC00OWYxLWExN2YtNTFlNjI4NTVmZmZmXkEyXkFqcGc@._V1_SX300.jpg,30,7.6,"553,359","$57,938,693"
Color,Mary Harron,288.0,102,126.0,517.0,Justin Theroux,23000.0,15047419.0,Crime|Drama,Christian Bale,American Psycho ,357275,25462,Samantha Mathis,1.0,1980s|business card|male rear nudity|materialism|narcissism,http://www.imdb.com/title/tt0144084/?ref_=fn_tt_tt_1,1061.0,English,USA,R,7000000.0,2000,1000.0,7.6,2.35,18000,2,Crime,Drama,,tt0144084,American Psycho,2000,R,14 Apr 2000,102 min,"Crime, Drama, Horror",Mary Harron,"Bret Easton Ellis, Mary Harron, Guinevere Turner","Christian Bale, Justin Theroux, Josh Lucas","A wealthy New York City investment banking executive, Patrick Bateman, hides his alternate psychopathic ego from his co-workers and friends as he delves deeper into his violent, hedonistic fantasies.","English, Spanish, Cantonese",United States,7 wins & 11 nominations total,https://m.media-amazon.com/images/M/MV5BNzBjM2I5ZjUtNmIzNy00OGNkLWIwZDMtOTAwYWUwMzA2YjdlXkEyXkFqcGc@._V1_SX300.jpg,64,7.6,"827,026","$15,070,285"
Color,Chan-wook Park,305.0,120,0.0,38.0,Ji-tae Yu,717.0,2181290.0,Drama|Mystery|Thriller,Min-sik Choi,Oldboy ,356181,852,Hye-jeong Kang,0.0,brother sister relationship|hypnosis|imprisonment|love|revenge,http://www.imdb.com/title/tt0364569/?ref_=fn_tt_tt_1,809.0,Korean,South Korea,R,3000000.0,2003,78.0,8.4,2.35,43000,3,Drama,Mystery,Thriller,tt0364569,Oldboy,2003,R,21 Nov 2003,120 min,"Action, Drama, Mystery",Park Chan-wook,"Garon Tsuchiya, Nobuaki Minegishi, Park Chan-wook","Choi Min-sik, Yoo Ji-tae, Kang Hye-jeong","After being kidnapped and imprisoned for fifteen years, Oh Dae-Su is released, only to find that he must track down his captor in five days.",Korean,South Korea,46 wins & 28 nominations total,https://m.media-amazon.com/images/M/MV5BMTAwNzNjYWItZmI0Ni00ZTcyLWIwNWMtZjlmNGMxZTEyYTJmXkEyXkFqcGc@._V1_SX300.jpg,78,8.3,"710,562","$2,458,200"
Color,Jonathan Dayton,270.0,101,36.0,27.0,Steven Christopher Parker,7000.0,59889948.0,Comedy|Drama,Steve Carell,Little Miss Sunshine ,355810,7227,Jill Talley,1.0,gay|graduate student|sister sister relationship|sprite|uncle nephew relationship,http://www.imdb.com/title/tt0449059/?ref_=fn_tt_tt_1,889.0,English,USA,R,8000000.0,2006,150.0,7.9,2.35,15000,2,Comedy,Drama,,tt0449059,Little Miss Sunshine,2006,R,18 Aug 2006,101 min,"Comedy, Drama","Jonathan Dayton, Valerie Faris",Michael Arndt,"Steve Carell, Toni Collette, Greg Kinnear",A family determined to get their young daughter into the finals of a beauty pageant take a cross-country trip in their VW bus.,English,United States,Won 2 Oscars. 73 wins & 112 nominations total,https://m.media-amazon.com/images/M/MV5BMTgzNTgzODU0NV5BMl5BanBnXkFtZTcwMjEyMjMzMQ@@._V1_SX300.jpg,80,7.8,"546,052","$59,891,098"
Color,David Yates,329.0,138,282.0,687.0,Daniel Radcliffe,21000.0,292000866.0,Adventure|Family|Fantasy|Mystery,Robert Pattinson,Harry Potter and the Order of the Phoenix ,355137,33433,Fiona Shaw,3.0,battle|magic|school|teacher|wizard,http://www.imdb.com/title/tt0373889/?ref_=fn_tt_tt_1,1108.0,English,UK,PG-13,150000000.0,2007,11000.0,7.5,2.35,0,4,Adventure,Family,Fantasy,tt0373889,Harry Potter and the Order of the Phoenix,2007,PG-13,11 Jul 2007,138 min,"Action, Adventure, Family",David Yates,"Michael Goldenberg, J.K. Rowling","Daniel Radcliffe, Emma Watson, Rupert Grint","With their warning about Lord Voldemort's return scoffed at, Harry and Dumbledore are targeted by the Wizard authorities as an authoritarian bureaucrat slowly seizes power at Hogwarts.","English, Latin","United Kingdom, United States",Nominated for 2 BAFTA 17 wins & 50 nominations total,https://m.media-amazon.com/images/M/MV5BYWJmM2M1YzItMjY1Ni00YzRmLTg5YWYtNDFmNTJjNzQ0ODkyXkEyXkFqcGc@._V1_SX300.jpg,71,7.5,"693,356","$292,382,727"
Color,Spike Jonze,574.0,126,0.0,105.0,Brian Johnson,19000.0,25556065.0,Drama|Romance|Sci-Fi,Scarlett Johansson,Her ,355126,19359,Matt Letscher,1.0,divorce|female frontal nudity|future|loneliness|operating system,http://www.imdb.com/title/tt1798709/?ref_=fn_tt_tt_1,748.0,English,USA,R,23000000.0,2013,128.0,8.0,1.85,148000,3,Drama,Romance,Sci-Fi,tt1798709,Her,2014,R,10 Jan 2014,126 min,"Drama, Romance, Sci-Fi",Spike Jonze,Spike Jonze,"Joaquin Phoenix, Amy Adams, Scarlett Johansson","In the near future, a lonely writer develops an unlikely relationship with an operating system designed to meet his every need.",English,United States,Won 1 Oscar. 83 wins & 187 nominations total,"https://m.media-amazon.com/images/M/MV5BMjA1Nzk0OTM2OF5BMl5BanBnXkFtZTgwNjU2NjEwMDE@._V1_QL75_UX380_CR0,0,380,562_.jpg",91,8.0,"725,639","$25,568,251"
Color,Peter Jackson,422.0,164,0.0,773.0,Adam Brown,5000.0,255108370.0,Adventure|Fantasy,Aidan Turner,The Hobbit: The Battle of the Five Armies ,354228,9152,James Nesbitt,0.0,army|elf|hobbit|middle earth|orc,http://www.imdb.com/title/tt2310332/?ref_=fn_tt_tt_1,802.0,English,New Zealand,PG-13,250000000.0,2014,972.0,7.5,2.35,65000,2,Adventure,Fantasy,,tt2310332,The Hobbit: The Battle of the Five Armies,2014,R,17 Dec 2014,144 min,"Adventure, Fantasy",Peter Jackson,"Fran Walsh, Philippa Boyens, Peter Jackson","Ian McKellen, Martin Freeman, Richard Armitage",Bilbo Baggins and company are forced to engage in a war against an array of combatants and keep the Lonely Mountain from falling into the hands of a rising darkness.,English,"New Zealand, United States",Nominated for 1 Oscar. 8 wins & 56 nominations total,https://m.media-amazon.com/images/M/MV5BMTYzNDE3OTQ3MF5BMl5BanBnXkFtZTgwODczMTg4MjE@._V1_SX300.jpg,59,7.4,"613,512","$255,138,261"
Color,Seth Gordon,340.0,106,91.0,64.0,Lindsay Sloane,18000.0,117528646.0,Comedy|Crime,Kevin Spacey,Horrible Bosses ,353442,18669,Reginald Ballard,5.0,black comedy|boss|chemical company|dental assistant|murder,http://www.imdb.com/title/tt1499658/?ref_=fn_tt_tt_1,387.0,English,USA,R,35000000.0,2011,464.0,6.9,2.35,31000,2,Comedy,Crime,,tt1499658,Horrible Bosses,2011,R,08 Jul 2011,98 min,"Comedy, Crime",Seth Gordon,"Michael Markowitz, John Francis Daley, Jonathan Goldstein","Jason Bateman, Charlie Day, Jason Sudeikis",Three friends conspire to murder their awful bosses when they realize they are standing in the way of their happiness.,English,United States,3 wins & 14 nominations total,https://m.media-amazon.com/images/M/MV5BNzYxNDI5Njc5NF5BMl5BanBnXkFtZTcwMDUxODE1NQ@@._V1_SX300.jpg,57,6.9,"486,136","$117,538,559"
Color,Edgar Wright,285.0,121,1000.0,108.0,Joe Cornish,175.0,23618786.0,Action|Comedy|Mystery,Bill Bailey,Hot Fuzz ,352695,485,Billie Whitelaw,1.0,accident|conspiracy|police|police officer|village,http://www.imdb.com/title/tt0425112/?ref_=fn_tt_tt_1,687.0,English,UK,R,8000000.0,2007,115.0,7.9,2.35,17000,3,Action,Comedy,Mystery,tt0425112,Hot Fuzz,2007,R,20 Apr 2007,121 min,"Action, Comedy, Mystery",Edgar Wright,"Edgar Wright, Simon Pegg","Simon Pegg, Nick Frost, Martin Freeman","An overachieving London police sergeant is transferred to a village where the easygoing officers object to his fervor for regulations, all while a string of grisly murders strikes the town.",English,"United Kingdom, France",2 wins & 9 nominations total,https://m.media-amazon.com/images/M/MV5BYjFkZTkzZTQtNjM1ZS00M2EyLWE3MTAtMmY5Yzk0NTc0NDc3XkEyXkFqcGc@._V1_SX300.jpg,81,7.8,"561,398","$23,637,265"
Color,Stephen Chbosky,364.0,102,139.0,850.0,Ezra Miller,8000.0,17738570.0,Drama|Romance,Logan Lerman,The Perks of Being a Wallflower ,351274,13631,Kate Walsh,2.0,coming of age|depression|gay|high school|mental illness,http://www.imdb.com/title/tt1659337/?ref_=fn_tt_tt_1,457.0,English,USA,PG-13,13000000.0,2012,3000.0,8.0,1.85,131000,2,Drama,Romance,,tt1659337,The Perks of Being a Wallflower,2012,PG-13,12 Oct 2012,103 min,Drama,Stephen Chbosky,Stephen Chbosky,"Logan Lerman, Emma Watson, Ezra Miller",A pair of charismatic seniors take socially awkward Charlie under their wing.,English,United States,20 wins & 51 nominations total,"https://m.media-amazon.com/images/M/MV5BNTY0ZTI2NzQtYWI1YS00ZWM3LWFmMjMtZWYxNmNmOTI0MGJjXkEyXkFqcGc@._V1_QL75_UY562_CR0,0,380,562_.jpg",67,7.9,"594,589","$17,742,948"
Color,Tim Burton,235.0,125,13000.0,883.0,Alison Lohman,12000.0,66257002.0,Adventure|Drama|Fantasy,Steve Buscemi,Big Fish ,350698,16138,Albert Finney,0.0,dog saved from a fire|flashback|growing up|multiple narrators|traveling salesman,http://www.imdb.com/title/tt0319061/?ref_=fn_tt_tt_1,816.0,English,USA,PG-13,70000000.0,2003,1000.0,8.0,1.37,26000,3,Adventure,Drama,Fantasy,tt0319061,Big Fish,2003,PG-13,09 Jan 2004,125 min,"Adventure, Drama, Fantasy",Tim Burton,"Daniel Wallace, John August","Ewan McGregor, Albert Finney, Billy Crudup",A frustrated son tries to determine the fact from fiction in his dying father's life.,"English, Cantonese",United States,Nominated for 1 Oscar. 69 nominations total,https://m.media-amazon.com/images/M/MV5BNTVlNjc4ZmItMDZjYy00YWZjLTg1OWEtOTNlZjJlN2FlMjEwXkEyXkFqcGc@._V1_SX300.jpg,58,8.0,"476,443","$66,809,693"
Color,Doug Liman,233.0,126,218.0,322.0,Angelina Jolie Pitt,11000.0,186336103.0,Action|Comedy|Crime|Romance|Thriller,Brad Pitt,Mr. & Mrs. Smith ,348861,22722,Stephanie March,2.0,assassin|marriage|secret agent|suburb|target,http://www.imdb.com/title/tt0356910/?ref_=fn_tt_tt_1,798.0,English,USA,PG-13,120000000.0,2005,11000.0,6.5,2.35,0,5,Action,Comedy,Crime,tt0356910,Mr. & Mrs. Smith,2005,PG-13,10 Jun 2005,120 min,"Action, Comedy, Crime",Doug Liman,Simon Kinberg,"Brad Pitt, Angelina Jolie, Adam Brody","A husband and wife struggle to keep their marriage alive until they realize they are both secretly working as assassins. Now, their respective assignments require them to kill each other.","English, Spanish, French",United States,9 wins & 18 nominations total,https://m.media-amazon.com/images/M/MV5BMTUxMzcxNzQzOF5BMl5BanBnXkFtZTcwMzQxNjUyMw@@._V1_SX300.jpg,55,6.5,"588,762","$186,336,279"
Color,Paul Greengrass,239.0,108,521.0,129.0,Joan Allen,13000.0,176049130.0,Action|Mystery|Thriller,Matt Damon,The Bourne Supremacy ,348232,14161,Oksana Akinshina,1.0,assassin|car chase|cia|hidden truth|one against many,http://www.imdb.com/title/tt0372183/?ref_=fn_tt_tt_1,806.0,English,USA,PG-13,75000000.0,2004,805.0,7.8,2.35,0,3,Action,Mystery,Thriller,tt0372183,The Bourne Supremacy,2004,PG-13,23 Jul 2004,108 min,"Action, Mystery, Thriller",Paul Greengrass,"Robert Ludlum, Tony Gilroy","Matt Damon, Franka Potente, Joan Allen","When Jason Bourne is framed for a CIA operation gone awry, he is forced to resume his former life as a trained assassin to survive.","English, Russian, German, Italian","United States, Germany, India, Russia",5 wins & 22 nominations total,https://m.media-amazon.com/images/M/MV5BZTU4ZDgyYjgtODA0Mi00MmE3LTgzYWQtZjc1YTFiMTczZTQ3XkEyXkFqcGc@._V1_SX300.jpg,73,7.7,"510,436","$176,241,941"
Color,Catherine Hardwicke,350.0,122,308.0,10000.0,Taylor Lautner,17000.0,191449475.0,Drama|Fantasy|Romance,Kristen Stewart,Twilight ,348007,44060,Anna Kendrick,1.0,blood|high school|love|school|vampire,http://www.imdb.com/title/tt1099212/?ref_=fn_tt_tt_1,1535.0,English,USA,PG-13,37000000.0,2008,12000.0,5.2,2.35,19000,3,Drama,Fantasy,Romance,tt1099212,Twilight,2008,PG-13,21 Nov 2008,122 min,"Drama, Fantasy, Romance",Catherine Hardwicke,"Melissa Rosenberg, Stephenie Meyer","Kristen Stewart, Robert Pattinson, Billy Burke","When Bella Swan moves to a small town in the Pacific Northwest, she falls in love with Edward Cullen, a mysterious classmate who reveals himself to be a 108-year-old vampire.",English,"United States, United Kingdom",34 wins & 16 nominations total,https://m.media-amazon.com/images/M/MV5BMTQ2NzUxMTAxN15BMl5BanBnXkFtZTcwMzEyMTIwMg@@._V1_SX300.jpg,56,5.4,"522,520","$195,553,813"
Color,Pete Docter,536.0,95,0.0,384.0,Mindy Kaling,1000.0,356454367.0,Adventure|Animation|Comedy|Drama|Family|Fantasy,Amy Poehler,Inside Out ,345198,2944,Phyllis Smith,1.0,anger|joy|memory|running away|sadness,http://www.imdb.com/title/tt2096673/?ref_=fn_tt_tt_1,773.0,English,USA,PG,175000000.0,2015,767.0,8.3,1.85,118000,6,Adventure,Animation,Comedy,tt2096673,Inside Out,2015,PG,19 Jun 2015,95 min,"Animation, Adventure, Comedy","Pete Docter, Ronnie Del Carmen","Pete Docter, Ronnie Del Carmen, Meg LeFauve","Amy Poehler, Bill Hader, Lewis Black","After young Riley is uprooted from her Midwest life and moved to San Francisco, her emotions, Joy, Fear, Anger, Disgust, and Sadness, conflict on how best to navigate a new city, house, and school.","English, Portuguese, Latvian",United States,Won 1 Oscar. 99 wins & 118 nominations total,https://m.media-amazon.com/images/M/MV5BOTgxMDQwMDk0OF5BMl5BanBnXkFtZTgwNjU5OTg2NDE@._V1_SX300.jpg,94,8.1,"905,131","$356,461,711"
Color,Peter Berg,318.0,102,532.0,979.0,Charlize Theron,10000.0,227946274.0,Action|Drama,Will Smith,Hancock ,343648,21584,Eddie Marsan,0.0,bully comeuppance|destruction|prison|superhero|tough girl,http://www.imdb.com/title/tt0448157/?ref_=fn_tt_tt_1,590.0,English,USA,PG-13,150000000.0,2008,9000.0,6.4,2.35,0,2,Action,Drama,,tt0448157,Hancock,2008,R,02 Jul 2008,92 min,"Action, Comedy, Drama",Peter Berg,"Vy Vincent Ngo, Vince Gilligan","Will Smith, Charlize Theron, Jason Bateman",Hancock is a superhero whose ill-considered behavior regularly causes damage in the millions. He changes when the person he saves helps him improve his public image.,"English, Japanese, Vietnamese",United States,4 wins & 14 nominations total,https://m.media-amazon.com/images/M/MV5BMTgyMzc4ODU3NV5BMl5BanBnXkFtZTcwNjk5Mzc1MQ@@._V1_SX300.jpg,49,6.4,"534,419","$227,946,274"
Color,Luc Besson,173.0,126,0.0,10000.0,Bruce Willis,14000.0,63540020.0,Action|Adventure|Sci-Fi,Milla Jovovich,The Fifth Element ,343274,39319,Gary Oldman,2.0,1910s|alien|artificially created woman|love|taxi driver,http://www.imdb.com/title/tt0119116/?ref_=fn_tt_tt_1,742.0,English,France,PG-13,93000000.0,1997,13000.0,7.7,2.35,18000,3,Action,Adventure,Sci-Fi,tt0119116,The Fifth Element,1997,PG-13,09 May 1997,126 min,"Action, Adventure, Sci-Fi",Luc Besson,"Luc Besson, Robert Mark Kamen","Bruce Willis, Milla Jovovich, Gary Oldman","In the colorful future, cabdriver Korben Dallas unwittingly becomes the central figure in the search for a legendary cosmic weapon to keep the great evil and Jean-Baptiste Emmanuel Zorg at bay.","English, Swedish, German, Arabic, Egyptian (Ancient)","France, United Kingdom",Nominated for 1 Oscar. 10 wins & 39 nominations total,https://m.media-amazon.com/images/M/MV5BODU4ZTE5MWYtNmY2MC00NDkyLTk0NDgtNTk5YjgzMzc4NmQwXkEyXkFqcGc@._V1_SX300.jpg,52,7.6,"539,521","$63,820,180"
 Black and White,Stanley Kubrick,192.0,95,0.0,277.0,Slim Pickens,654.0,,Comedy,George C. Scott,Dr. Strangelove or: How I Learned to Stop Worrying and Love the Bomb ,342585,1991,Keenan Wynn,0.0,bomber|doomsday|general|u.s. president|war room,http://www.imdb.com/title/tt0057012/?ref_=fn_tt_tt_1,839.0,English,USA,PG,1800000.0,1964,575.0,8.5,1.66,18000,1,Comedy,,,tt0057012,Dr. Strangelove or: How I Learned to Stop Worrying and Love the Bomb,1964,PG,29 Jan 1964,95 min,"Comedy, War",Stanley Kubrick,"Stanley Kubrick, Terry Southern, Peter George","Peter Sellers, George C. Scott, Sterling Hayden","A mentally unstable American general orders a hydrogen bomb attack on the Soviet Union, triggering a path to global nuclear holocaust that a war room full of politicians and generals frantically tries to stop.","English, Russian",United Kingdom,Nominated for 4 Oscars. 14 wins & 11 nominations total,https://m.media-amazon.com/images/M/MV5BMjFjYzBlOTktMTI2OS00ZWVhLTgxMDUtNzAwODY2NmI3YTAzXkEyXkFqcGc@._V1_SX300.jpg,97,8.3,"549,187","$9,440,272"
Color,Neil Burger,459.0,139,168.0,1000.0,Theo James,14000.0,150832203.0,Adventure|Mystery|Sci-Fi,Kate Winslet,Divergent ,341058,22226,Mekhi Phifer,2.0,army|brother sister relationship|dystopia|father son relationship|narrated by character,http://www.imdb.com/title/tt1840309/?ref_=fn_tt_tt_1,713.0,English,USA,PG-13,85000000.0,2014,5000.0,6.7,2.35,49000,3,Adventure,Mystery,Sci-Fi,tt1840309,Divergent,2014,PG-13,21 Mar 2014,139 min,"Action, Adventure, Drama",Neil Burger,"Evan Daugherty, Vanessa Taylor, Veronica Roth","Shailene Woodley, Theo James, Kate Winslet","In a world divided by factions based on virtues, Tris learns she's Divergent and won't fit in. When she discovers a plot to destroy Divergents, Tris and the mysterious Four must find out what makes Divergents dangerous before it's...","English, Spanish",United States,7 wins & 11 nominations total,https://m.media-amazon.com/images/M/MV5BMTYxMzYwODE4OV5BMl5BanBnXkFtZTgwNDE5MzE2MDE@._V1_SX300.jpg,48,6.6,"515,954","$150,947,895"
Color,Robert Zemeckis,125.0,108,0.0,690.0,Jeffrey Weissman,1000.0,118500000.0,Adventure|Comedy|Sci-Fi,Lea Thompson,Back to the Future Part II ,340085,3660,Thomas F. Wilson,0.0,alternate timeline|same actor playing two characters simultaneously on screen|second part|year 2015|younger version of character,http://www.imdb.com/title/tt0096874/?ref_=fn_tt_tt_1,327.0,English,USA,PG,40000000.0,1989,869.0,7.8,1.85,12000,3,Adventure,Comedy,Sci-Fi,tt0096874,Back to the Future Part II,1989,PG,22 Nov 1989,108 min,"Adventure, Comedy, Sci-Fi",Robert Zemeckis,"Robert Zemeckis, Bob Gale","Michael J. Fox, Christopher Lloyd, Lea Thompson","After visiting 2015, Marty McFly must repeat his visit to 1955 to prevent disastrous changes to 1985, without interfering with his first trip.",English,United States,Nominated for 1 Oscar. 9 wins & 11 nominations total,"https://m.media-amazon.com/images/M/MV5BMTNlOTRmOTEtMTAyMi00NjFiLTk3NDMtNWI0YzA3ZTZlYjZiXkEyXkFqcGc@._V1_QL75_UX380_CR0,7,380,562_.jpg",57,7.8,"620,762","$119,361,197"
Color,Guy Ritchie,382.0,129,0.0,154.0,Eddie Marsan,21000.0,186830669.0,Action|Adventure|Crime|Mystery|Thriller,Robert Downey Jr.,Sherlock Holmes: A Game of Shadows ,338635,22403,Paul Anderson,2.0,factory|gypsy|investigation|sherlock holmes|train,http://www.imdb.com/title/tt1515091/?ref_=fn_tt_tt_1,412.0,English,USA,PG-13,125000000.0,2011,979.0,7.5,2.35,39000,5,Action,Adventure,Crime,tt1515091,Sherlock Holmes: A Game of Shadows,2011,PG-13,16 Dec 2011,129 min,"Action, Adventure, Mystery",Guy Ritchie,"Michele Mulroney, Kieran Mulroney, Arthur Conan Doyle","Robert Downey Jr., Jude Law, Jared Harris","Detective Sherlock Holmes is on the trail of criminal mastermind Professor Moriarty, who is carrying out a string of random crimes across Europe.","English, Romany, German, Italian, French",United States,3 wins & 10 nominations total,https://m.media-amazon.com/images/M/MV5BMTQwMzQ5Njk1MF5BMl5BanBnXkFtZTcwNjIxNzIxNw@@._V1_SX300.jpg,48,7.4,"498,829","$186,848,418"
Color,Clint Eastwood,229.0,138,16000.0,262.0,Spencer Treat Clark,616.0,90135191.0,Crime|Drama|Mystery|Thriller,John Doman,Mystic River ,338415,1942,Tom Guiry,0.0,ballistics|detective|friend|gun|sexual abuse,http://www.imdb.com/title/tt0327056/?ref_=fn_tt_tt_1,935.0,English,USA,R,25000000.0,2003,541.0,8.0,2.35,12000,4,Crime,Drama,Mystery,tt0327056,Mystic River,2003,R,15 Oct 2003,138 min,"Crime, Drama, Mystery",Clint Eastwood,"Brian Helgeland, Dennis Lehane","Sean Penn, Tim Robbins, Kevin Bacon","The tragic murder of a 19-year-old girl reunites three childhood friends still living in Boston--the victim's gangster father, a detective, and the disturbed man they both suspect of killing her.",English,"United States, Australia",Won 2 Oscars. 57 wins & 144 nominations total,https://m.media-amazon.com/images/M/MV5BMTIzNDUyMjA4MV5BMl5BanBnXkFtZTYwNDc4ODM3._V1_SX300.jpg,84,7.9,"515,917","$90,135,191"
Color,Gabriele Muccino,201.0,117,125.0,168.0,Kurt Fuller,10000.0,162586036.0,Biography|Drama,Will Smith,The Pursuit of Happyness ,338383,11036,James Karen,0.0,bus|intern|internship|salesman|stockbroker,http://www.imdb.com/title/tt0454921/?ref_=fn_tt_tt_1,611.0,English,USA,PG-13,55000000.0,2006,617.0,8.0,2.35,32000,2,Biography,Drama,,tt0454921,The Pursuit of Happyness,2006,PG-13,15 Dec 2006,117 min,"Biography, Drama",Gabriele Muccino,Steve Conrad,"Will Smith, Thandiwe Newton, Jaden Smith",A struggling salesman takes custody of his son as he's poised to begin a life-changing professional career.,"English, Cantonese",United States,Nominated for 1 Oscar. 12 wins & 26 nominations total,https://m.media-amazon.com/images/M/MV5BMTQ5NjQ0NDI3NF5BMl5BanBnXkFtZTcwNDI0MjEzMw@@._V1_SX300.jpg,64,8.0,"614,482","$163,566,459"
Color,Neill Blomkamp,476.0,109,662.0,1000.0,Sharlto Copley,13000.0,93050117.0,Action|Drama|Sci-Fi|Thriller,Matt Damon,Elysium ,338087,17689,Alice Braga,0.0,christ figure|class differences|messiah|saviour|social commentary,http://www.imdb.com/title/tt1535108/?ref_=fn_tt_tt_1,814.0,English,USA,R,115000000.0,2013,2000.0,6.6,2.35,61000,4,Action,Drama,Sci-Fi,tt1535108,Elysium,2013,R,09 Aug 2013,109 min,"Action, Drama, Sci-Fi",Neill Blomkamp,Neill Blomkamp,"Matt Damon, Jodie Foster, Sharlto Copley","In the year 2154, the very wealthy live on a man-made space station while the rest of the population resides on a ruined Earth. A man takes on a mission that could bring equality to the polarized worlds.","English, Spanish, French, Afrikaans","United States, Canada, South Africa, Mexico",1 win & 10 nominations total,https://m.media-amazon.com/images/M/MV5BNDc2NjU0MTcwNV5BMl5BanBnXkFtZTcwMjg4MDg2OQ@@._V1_SX300.jpg,61,6.6,"489,527","$93,050,117"
Color,Len Wiseman,354.0,129,235.0,297.0,Jonathan Sadowski,13000.0,134520804.0,Action|Adventure|Thriller,Bruce Willis,Live Free or Die Hard ,336235,13961,Cyril Raffaelli,1.0,fbi|hacker|independence day|police|terrorist,http://www.imdb.com/title/tt0337978/?ref_=fn_tt_tt_1,782.0,English,USA,PG-13,110000000.0,2007,300.0,7.2,2.35,0,3,Action,Adventure,Thriller,tt0337978,Live Free or Die Hard,2007,PG-13,27 Jun 2007,128 min,"Action, Thriller",Len Wiseman,"John Carlin, Roderick Thorp, Mark Bomback","Bruce Willis, Justin Long, Timothy Olyphant","John McClane is forced to team up with a young computer hacker, Matt Farrell, to stop a master cyber-terrorist called Thomas Gabriel, who wants to shut down the entire nations computer infrastructure in a mass cyber attack.","English, Italian, French","United States, United Kingdom",3 wins & 16 nominations total,https://m.media-amazon.com/images/M/MV5BNDQxMDE1OTg4NV5BMl5BanBnXkFtZTcwMTMzOTQzMw@@._V1_SX300.jpg,69,7.1,"433,767","$134,529,403"
Color,Steven Spielberg,401.0,116,14000.0,807.0,Lisa Ann Walter,10000.0,234277056.0,Adventure|Sci-Fi|Thriller,Tom Cruise,War of the Worlds ,334345,12758,Rick Gonzalez,0.0,alien|fight|storm|survival|tripod,http://www.imdb.com/title/tt0407304/?ref_=fn_tt_tt_1,2741.0,English,USA,PG-13,132000000.0,2005,1000.0,6.5,1.85,0,3,Adventure,Sci-Fi,Thriller,tt0407304,War of the Worlds,2005,PG-13,29 Jun 2005,117 min,"Action, Adventure, Sci-Fi",Steven Spielberg,"Josh Friedman, David Koepp, H.G. Wells","Tom Cruise, Dakota Fanning, Tim Robbins",An alien invasion threatens the future of humanity. The catastrophic nightmare is depicted through the eyes of one American family fighting for survival.,English,United States,Nominated for 3 Oscars. 16 wins & 49 nominations total,https://m.media-amazon.com/images/M/MV5BNDUyODAzNDI1Nl5BMl5BanBnXkFtZTcwMDA2NDAzMw@@._V1_SX300.jpg,73,6.6,"502,091","$234,280,354"
Color,Steven Spielberg,470.0,122,14000.0,1000.0,Ray Winstone,11000.0,317011114.0,Action|Adventure|Fantasy,Harrison Ford,Indiana Jones and the Kingdom of the Crystal Skull ,333847,14959,Jim Broadbent,2.0,cult figure|femme fatale|indiana jones|unsubtitled foreign language|year 1957,http://www.imdb.com/title/tt0367882/?ref_=fn_tt_tt_1,2054.0,English,USA,PG-13,185000000.0,2008,1000.0,6.2,2.35,5000,3,Action,Adventure,Fantasy,tt0367882,Indiana Jones and the Kingdom of the Crystal Skull,2008,PG-13,22 May 2008,122 min,"Action, Adventure",Steven Spielberg,"David Koepp, George Lucas, Jeff Nathanson","Harrison Ford, Cate Blanchett, Shia LaBeouf","In 1957, Indiana Jones is called back into action when he becomes entangled in a Soviet plot to uncover the secret behind mysterious artifacts known as the Crystal Skulls.","English, German, Russian",United States,Nominated for 1 BAFTA Award10 wins & 42 nominations total,https://m.media-amazon.com/images/M/MV5BYTFiMDk2NzItZDU5Ni00ZjBjLTkzYWQtYzcwZDIwMWZjMmZiXkEyXkFqcGc@._V1_SX300.jpg,65,6.2,"511,928","$317,101,119"
Color,Martin Scorsese,133.0,178,17000.0,574.0,Don Rickles,22000.0,42438300.0,Biography|Crime|Drama,Robert De Niro,Casino ,333542,24183,Kevin Pollak,2.0,car bomb|card cheat|cash|casino|gambling syndicate,http://www.imdb.com/title/tt0112641/?ref_=fn_tt_tt_1,533.0,English,USA,R,52000000.0,1995,721.0,8.2,2.35,11000,3,Biography,Crime,Drama,tt0112641,Casino,1995,R,22 Nov 1995,178 min,"Crime, Drama",Martin Scorsese,"Nicholas Pileggi, Martin Scorsese","Robert De Niro, Sharon Stone, Joe Pesci","In Las Vegas, two best friends--a casino executive and a Mafia enforcer--compete for a gambling empire and a fast-living, fast-loving socialite.",English,"United States, France",Nominated for 1 Oscar. 4 wins & 11 nominations total,https://m.media-amazon.com/images/M/MV5BMDRlZWZjZjYtYzY2NS00ZWVjLTkwYzAtZTA2ZDAzMGRiYmYwXkEyXkFqcGc@._V1_SX300.jpg,73,8.2,"613,907","$42,512,375"
Color,Roland Emmerich,239.0,124,776.0,812.0,Dennis Quaid,15000.0,186739919.0,Action|Adventure|Sci-Fi|Thriller,Jake Gyllenhaal,The Day After Tomorrow ,333248,20553,Sela Ward,0.0,climate|end of the world|global warming|natural disaster|weather,http://www.imdb.com/title/tt0319262/?ref_=fn_tt_tt_1,1159.0,English,USA,PG-13,125000000.0,2004,2000.0,6.4,2.35,19000,4,Action,Adventure,Sci-Fi,tt0319262,The Day After Tomorrow,2004,PG-13,28 May 2004,124 min,"Action, Adventure, Sci-Fi",Roland Emmerich,"Roland Emmerich, Jeffrey Nachmanoff","Dennis Quaid, Jake Gyllenhaal, Emmy Rossum","Jack Hall, paleoclimatologist, must make a daring trek from Washington, D.C. to New York City to reach his son, trapped in the cross-hairs of a sudden international storm which plunges the planet into a new Ice Age.","English, Japanese, French, Arabic",United States,Won 1 BAFTA Award6 wins & 12 nominations total,https://m.media-amazon.com/images/M/MV5BOGZmNDYyNmMtNDQyNy00OTkzLTg1OGUtYWJiNmQ5Y2Q5ZGU3XkEyXkFqcGc@._V1_SX300.jpg,47,6.5,"509,136","$186,740,799"
Color,Gavin O'Connor,317.0,140,149.0,581.0,Frank Grillo,27000.0,13651662.0,Drama|Sport,Tom Hardy,Warrior ,332276,29692,Kevin Dunn,1.0,alcoholic|mixed martial arts|return home|tournament|underdog,http://www.imdb.com/title/tt1291584/?ref_=fn_tt_tt_1,514.0,English,USA,PG-13,25000000.0,2011,798.0,8.2,2.35,77000,2,Drama,Sport,,tt1291584,Warrior,2011,PG-13,09 Sep 2011,140 min,"Action, Drama, Sport",Gavin O'Connor,"Gavin O'Connor, Anthony Tambakis, Cliff Dorfman","Tom Hardy, Nick Nolte, Joel Edgerton","The youngest son of an alcoholic former boxer returns home, where he's trained by his father for competition in a mixed martial arts tournament - a path that puts the fighter on a collision course with his estranged, older brother.","English, Spanish",United States,Nominated for 1 Oscar. 6 wins & 22 nominations total,https://m.media-amazon.com/images/M/MV5BMTk4ODk5MTMyNV5BMl5BanBnXkFtZTcwMDMyNTg0Ng@@._V1_SX300.jpg,71,8.1,"525,944","$13,657,115"
Color,Kathryn Bigelow,388.0,131,0.0,383.0,Christian Camargo,10000.0,15700000.0,Drama|History|Thriller|War,Jeremy Renner,The Hurt Locker ,332065,11114,Brian Geraghty,0.0,army|bomb|dangerous job|death|iraq,http://www.imdb.com/title/tt0887912/?ref_=fn_tt_tt_1,876.0,English,USA,R,15000000.0,2008,602.0,7.6,1.85,16000,4,Drama,History,Thriller,tt0887912,The Hurt Locker,2009,R,31 Jul 2009,131 min,"Drama, Thriller, War",Kathryn Bigelow,Mark Boal,"Jeremy Renner, Anthony Mackie, Brian Geraghty","During the Iraq War, a Sergeant recently assigned to an army bomb squad is put at odds with his squad mates due to his maverick way of handling his work.","English, Arabic","United States, Luxembourg, Canada",Won 6 Oscars. 125 wins & 130 nominations total,"https://m.media-amazon.com/images/M/MV5BNzgyMGM2YTItYzY2Yi00NDQ0LWE0M2EtMGUzYjFlMDgyY2M3XkEyXkFqcGc@._V1_QL75_UX380_CR0,4,380,562_.jpg",95,7.5,"496,169","$17,017,811"
Color,Marc Forster,403.0,106,395.0,393.0,Mathieu Amalric,451.0,168368427.0,Action|Adventure,Giancarlo Giannini,Quantum of Solace ,330784,2023,Rory Kinnear,1.0,action hero|attempted rape|bond girl|official james bond series|revenge,http://www.imdb.com/title/tt0830515/?ref_=fn_tt_tt_1,1243.0,English,UK,PG-13,200000000.0,2008,412.0,6.7,2.35,0,2,Action,Adventure,,tt0830515,Quantum of Solace,2008,PG-13,14 Nov 2008,106 min,"Action, Adventure, Mystery",Marc Forster,"Paul Haggis, Neal Purvis, Robert Wade","Daniel Craig, Olga Kurylenko, Mathieu Amalric",James Bond tries to stop an organisation from eliminating a country's most valuable resource.,"English, Spanish, Italian, French, Swiss German, German","United Kingdom, United States, Italy",Nominated for 2 BAFTA 4 wins & 32 nominations total,https://m.media-amazon.com/images/M/MV5BYmMwZTA3MTAtNWU0Yy00NGZmLTg0YmItZTVkZGFjZTI1ZWJiXkEyXkFqcGc@._V1_SX300.jpg,58,6.5,"494,408","$168,368,427"
Color,David Fincher,517.0,158,21000.0,585.0,Goran Visnjic,18000.0,102515793.0,Crime|Drama|Mystery|Thriller,Robin Wright,The Girl with the Dragon Tattoo ,330152,20388,Joely Richardson,1.0,computer hacker|hacker|investigation|journalist|punk,http://www.imdb.com/title/tt1568346/?ref_=fn_tt_tt_1,632.0,English,USA,R,90000000.0,2011,1000.0,7.8,2.35,54000,4,Crime,Drama,Mystery,tt1568346,The Girl with the Dragon Tattoo,2011,R,21 Dec 2011,158 min,"Crime, Drama, Mystery",David Fincher,"Steven Zaillian, Stieg Larsson","Daniel Craig, Rooney Mara, Christopher Plummer",Journalist Mikael Blomkvist is aided in his search for a woman who has been missing for 40 years by hacker Lisbeth Salander.,"English, Swedish","Sweden, United States",Won 1 Oscar. 26 wins & 91 nominations total,https://m.media-amazon.com/images/M/MV5BMTczNDk4NTQ0OV5BMl5BanBnXkFtZTcwNDAxMDgxNw@@._V1_SX300.jpg,71,7.8,"525,793","$102,515,793"
Color,Steven Spielberg,148.0,118,14000.0,237.0,Amrish Puri,11000.0,179870271.0,Action|Adventure,Harrison Ford,Indiana Jones and the Temple of Doom ,329969,11898,Kate Capshaw,2.0,children|studio logo segues into film|temple|village|white dinner jacket,http://www.imdb.com/title/tt0087469/?ref_=fn_tt_tt_1,524.0,English,USA,PG,28000000.0,1984,429.0,7.6,2.35,0,2,Action,Adventure,,tt0087469,Indiana Jones and the Temple of Doom,1984,PG,23 May 1984,118 min,"Action, Adventure",Steven Spielberg,"Willard Huyck, Gloria Katz, George Lucas","Harrison Ford, Kate Capshaw, Ke Huy Quan","In 1935, Indiana Jones is tasked by Indian villagers with reclaiming a sacred stone stolen from them by a secret cult.","English, Hindi, Sinhala","United States, United Kingdom",Won 1 Oscar. 11 wins & 22 nominations total,https://m.media-amazon.com/images/M/MV5BOGUwZjZiNWQtYzAzZi00NGI5LWE4YmUtN2Y4YWMwY2RlZDkyXkEyXkFqcGc@._V1_SX300.jpg,57,7.5,"564,776","$179,870,271"
Color,Chris Wedge,193.0,103,77.0,835.0,Stephen Root,1000.0,176387405.0,Adventure|Animation|Comedy|Family,Goran Visnjic,Ice Age ,328159,5437,Denis Leary,0.0,baby|ice|ice age|sleeping|sloth,http://www.imdb.com/title/tt0268380/?ref_=fn_tt_tt_1,467.0,English,USA,PG,59000000.0,2002,939.0,7.6,1.85,3000,4,Adventure,Animation,Comedy,tt0268380,Ice Age,2002,PG,15 Mar 2002,81 min,"Animation, Adventure, Comedy","Chris Wedge, Carlos Saldanha","Michael Berg, Michael J. Wilson, Peter Ackerman","Denis Leary, John Leguizamo, Ray Romano","Manny the mammoth, Sid the loquacious sloth, and Diego the sabre-toothed tiger go on a comical quest to return a human baby back to his father, across a world on the brink of an ice age.",English,United States,Nominated for 1 Oscar. 5 wins & 30 nominations total,https://m.media-amazon.com/images/M/MV5BMDBlYzU2OGMtOGJjNi00ZGZjLWIwNjMtYzdiZjkwYWNjZDljXkEyXkFqcGc@._V1_SX300.jpg,61,7.5,"560,233","$176,387,405"
Color,James Mangold,440.0,138,446.0,929.0,Tao Okamoto,20000.0,132550960.0,Action|Adventure|Sci-Fi|Thriller,Hugh Jackman,The Wolverine ,328067,23755,Rila Fukushima,1.0,healing power|marvel comics|mecha|regeneration|self healing,http://www.imdb.com/title/tt1430132/?ref_=fn_tt_tt_1,533.0,English,USA,PG-13,120000000.0,2013,992.0,6.7,2.35,68000,4,Action,Adventure,Sci-Fi,tt1430132,The Wolverine,2013,PG-13,26 Jul 2013,126 min,"Action, Sci-Fi",James Mangold,"Mark Bomback, Scott Frank","Hugh Jackman, Will Yun Lee, Tao Okamoto","Wolverine comes to Japan to meet an old friend whose life he saved years ago, and gets embroiled in a conspiracy involving yakuza and mutants.","English, Japanese","United States, United Kingdom, Japan",2 wins & 11 nominations total,"https://m.media-amazon.com/images/M/MV5BNGU0MzRhMWEtYTBkNS00NzliLWJkMmUtMDFlMjkyOTkyYmZlXkEyXkFqcGc@._V1_QL75_UX380_CR0,4,380,562_.jpg",61,6.7,"523,235","$132,556,852"
Color,Luc Besson,433.0,89,0.0,903.0,Morgan Freeman,19000.0,126546825.0,Action|Sci-Fi|Thriller,Scarlett Johansson,Lucy ,327367,32325,Amr Waked,0.0,brain capacity|drugs|fictional drug|one woman army|tough girl,http://www.imdb.com/title/tt2872732/?ref_=fn_tt_tt_1,918.0,English,France,R,40000000.0,2014,11000.0,6.4,2.35,83000,3,Action,Sci-Fi,Thriller,tt2872732,Lucy,2014,R,25 Jul 2014,89 min,"Action, Sci-Fi, Thriller",Luc Besson,Luc Besson,"Scarlett Johansson, Morgan Freeman, Choi Min-sik",A woman who has become accidentally trapped in a dark deal with a mysterious and brutal criminal overlord transforms into a merciless warrior evolved beyond previously known human evolutionary limits and turns the tables on her ca...,"English, Mandarin, French, Italian, German, Spanish, Korean","France, Germany, Taiwan, Canada, United Kingdom",1 win & 12 nominations total,https://m.media-amazon.com/images/M/MV5BODcxMzY3ODY1NF5BMl5BanBnXkFtZTgwNzg1NDY4MTE@._V1_SX300.jpg,62,6.4,"569,730","$126,663,600"
Color,Jean-Marc Vallée,471.0,117,212.0,896.0,Jennifer Garner,11000.0,27296514.0,Biography|Drama,Matthew McConaughey,Dallas Buyers Club ,326494,17738,Denis O'Hare,0.0,drugs|fda|gay community|hiv|homophobia,http://www.imdb.com/title/tt0790636/?ref_=fn_tt_tt_1,340.0,English,USA,R,5000000.0,2013,3000.0,8.0,2.35,65000,2,Biography,Drama,,tt0790636,Dallas Buyers Club,2013,R,22 Nov 2013,117 min,"Biography, Drama",Jean-Marc Vallée,"Craig Borten, Melisa Wallack","Matthew McConaughey, Jennifer Garner, Jared Leto","In 1985 Dallas, electrician and hustler Ron Woodroof works around the system to help AIDS patients get the medication they need after he is diagnosed with the disease.","English, Japanese",United States,Won 3 Oscars. 85 wins & 88 nominations total,https://m.media-amazon.com/images/M/MV5BMTYwMTA4MzgyNF5BMl5BanBnXkFtZTgwMjEyMjE0MDE@._V1_SX300.jpg,77,7.9,"545,550","$27,298,285"
Color,Louis Leterrier,354.0,135,255.0,882.0,Peter Mensah,3000.0,134518390.0,Action|Adventure|Sci-Fi,Ty Burrell,The Incredible Hulk ,326286,5811,William Hurt,0.0,antidote|cure|hulk|marvel cinematic universe|opening action scene,http://www.imdb.com/title/tt0800080/?ref_=fn_tt_tt_1,643.0,English,USA,PG-13,150000000.0,2008,1000.0,6.8,2.35,0,3,Action,Adventure,Sci-Fi,tt0800080,The Incredible Hulk,2008,PG-13,13 Jun 2008,112 min,"Action, Adventure, Sci-Fi",Louis Leterrier,"Zak Penn, Stan Lee, Jack Kirby","Edward Norton, Liv Tyler, Tim Roth","Bruce Banner, a scientist on the run from the U.S. Government, must find a cure for the monster he turns into whenever he loses his temper.","English, Portuguese, Spanish","United States, Canada, Japan",4 wins & 10 nominations total,"https://m.media-amazon.com/images/M/MV5BMTUyNzk3MjA1OF5BMl5BanBnXkFtZTcwMTE1Njg2MQ@@._V1_QL75_UX380_CR0,0,380,562_.jpg",61,6.6,"563,613","$134,806,913"
Color,Michael Bay,428.0,154,0.0,581.0,Lester Speight,894.0,352358779.0,Action|Adventure|Sci-Fi,Glenn Morshower,Transformers: Dark of the Moon ,326180,2593,Kevin Dunn,2.0,autobot|decepticon|job interview|moon|spacecraft,http://www.imdb.com/title/tt1399103/?ref_=fn_tt_tt_1,899.0,English,USA,PG-13,195000000.0,2011,829.0,6.3,2.35,46000,3,Action,Adventure,Sci-Fi,tt1399103,Transformers: Dark of the Moon,2011,PG-13,29 Jun 2011,154 min,"Action, Adventure, Comedy",Michael Bay,Ehren Kruger,"Shia LaBeouf, Rosie Huntington-Whiteley, Tyrese Gibson","The Autobots learn of a Cybertronian spacecraft hidden on the moon, and race against the Decepticons to reach it and to learn its secrets.","English, Russian","United States, Hong Kong, Cambodia, United Kingdom",Nominated for 3 Oscars. 11 wins & 42 nominations total,https://m.media-amazon.com/images/M/MV5BMTkwOTY0MTc1NV5BMl5BanBnXkFtZTcwMDQwNjA2NQ@@._V1_SX300.jpg,42,6.2,"453,805","$352,390,543"
Color,Clint Eastwood,490.0,133,16000.0,318.0,Leonard Roberts,14000.0,350123553.0,Action|Biography|Drama|History|Thriller|War,Bradley Cooper,American Sniper ,325264,16277,Keir O'Donnell,0.0,assassin|death of child|iraq|sniper|sniper rifle,http://www.imdb.com/title/tt2179136/?ref_=fn_tt_tt_1,916.0,English,USA,R,58800000.0,2014,962.0,7.3,2.35,112000,6,Action,Biography,Drama,tt2179136,American Sniper,2015,R,16 Jan 2015,133 min,"Action, Biography, Drama",Clint Eastwood,"Jason Hall, Chris Kyle, Scott McEwen","Bradley Cooper, Sienna Miller, Kyle Gallner","Navy S.E.A.L. sniper Chris Kyle's pinpoint accuracy saves countless lives on the battlefield and turns him into a legend. Back home with his family after four tours of duty, however, Chris finds that it is the war he can't leave b...","English, Arabic",United States,Won 1 Oscar. 24 wins & 43 nominations total,"https://m.media-amazon.com/images/M/MV5BMTkxNzI3ODI4Nl5BMl5BanBnXkFtZTgwMjkwMjY4MjE@._V1_QL75_UX380_CR0,0,380,562_.jpg",73,7.3,"568,760","$350,159,020"
Color,Ridley Scott,300.0,176,0.0,561.0,Ruby Dee,18000.0,130127620.0,Biography|Crime|Drama,Denzel Washington,American Gangster ,324671,20354,RZA,0.0,death|heroin|popcorn|smuggling|vietnam,http://www.imdb.com/title/tt0765429/?ref_=fn_tt_tt_1,458.0,English,USA,R,100000000.0,2007,782.0,7.8,1.85,0,3,Biography,Crime,Drama,tt0765429,American Gangster,2007,R,02 Nov 2007,157 min,"Biography, Crime, Drama",Ridley Scott,"Steven Zaillian, Mark Jacobson","Denzel Washington, Russell Crowe, Chiwetel Ejiofor",An outcast New York City cop is charged with bringing down Harlem drug lord Frank Lucas.,"English, Thai, Spanish","United Kingdom, United States",Nominated for 2 Oscars. 12 wins & 38 nominations total,https://m.media-amazon.com/images/M/MV5BZGExM2MwNjUtNThkNi00ZjBmLWJhZDgtN2ZmOWJiZWEwNGMxXkEyXkFqcGc@._V1_SX300.jpg,76,7.8,"483,108","$130,164,645"
Color,Paul Greengrass,491.0,134,521.0,186.0,Chris Mulkey,15000.0,107100855.0,Biography|Drama|Thriller,Tom Hanks,Captain Phillips ,323353,16281,Michael Chernus,0.0,hijacking|hostage|leader|ship|somalia,http://www.imdb.com/title/tt1535109/?ref_=fn_tt_tt_1,527.0,English,USA,PG-13,55000000.0,2013,535.0,7.9,2.35,65000,3,Biography,Drama,Thriller,tt1535109,Captain Phillips,2013,PG-13,11 Oct 2013,134 min,"Action, Biography, Crime",Paul Greengrass,"Billy Ray, Richard Phillips, Stephan Talty","Tom Hanks, Barkhad Abdi, Barkhad Abdirahman","The true story of Captain Richard Phillips and the 2009 hijacking by Somali pirates of the U.S.-flagged MV Maersk Alabama, the first American cargo ship to be hijacked in two hundred years.","English, Somali","United States, United Kingdom, Malta",Nominated for 6 Oscars. 17 wins & 155 nominations total,https://m.media-amazon.com/images/M/MV5BMWYyNjI3ZjEtNGE5ZS00MDgxLWIzNGEtZTgzNDVlZjZjYWU5XkEyXkFqcGc@._V1_SX300.jpg,82,7.8,"516,908","$107,100,855"
Color,Michael Bay,366.0,150,0.0,464.0,Kevin Dunn,894.0,402076689.0,Action|Adventure|Sci-Fi,Glenn Morshower,Transformers: Revenge of the Fallen ,323207,3218,Ramon Rodriguez,0.0,autobot|decepticon|machine|sun|symbol,http://www.imdb.com/title/tt1055369/?ref_=fn_tt_tt_1,1439.0,English,USA,PG-13,200000000.0,2009,581.0,6.0,2.35,0,3,Action,Adventure,Sci-Fi,tt1055369,Transformers: Revenge of the Fallen,2009,PG-13,24 Jun 2009,149 min,"Action, Adventure, Sci-Fi",Michael Bay,"Ehren Kruger, Roberto Orci, Alex Kurtzman","Shia LaBeouf, Megan Fox, Josh Duhamel","Sam Witwicky leaves the Autobots behind for a normal life. But when his mind is filled with cryptic symbols, the Decepticons target him and he is dragged back into the Transformers' war.","English, Spanish","United States, Jordan, United Kingdom, Egypt",Nominated for 1 Oscar. 15 wins & 30 nominations total,https://m.media-amazon.com/images/M/MV5BNjk4OTczOTk0NF5BMl5BanBnXkFtZTcwNjQ0NzMzMw@@._V1_SX300.jpg,35,6.0,"451,650","$402,111,870"
Color,Michael Bay,167.0,153,0.0,537.0,Steve Buscemi,13000.0,201573391.0,Action|Adventure|Sci-Fi|Thriller,Bruce Willis,Armageddon ,322395,26029,Will Patton,0.0,asteroid|astronaut|bomb|meteorite|outer space,http://www.imdb.com/title/tt0120591/?ref_=fn_tt_tt_1,1171.0,English,USA,PG-13,140000000.0,1998,12000.0,6.6,2.35,11000,4,Action,Adventure,Sci-Fi,tt0120591,Armageddon,1998,PG-13,01 Jul 1998,151 min,"Action, Adventure, Sci-Fi",Michael Bay,"Jonathan Hensleigh, J.J. Abrams, Tony Gilroy","Bruce Willis, Billy Bob Thornton, Ben Affleck","After discovering that an asteroid the size of Texas will impact Earth in less than a month, NASA recruits a misfit team of deep-core drillers to save the planet.","English, Russian, Indonesian",United States,Nominated for 4 Oscars. 15 wins & 41 nominations total,https://m.media-amazon.com/images/M/MV5BYzQ3MzJmZjUtNTc0OC00ZWRiLWJkMTYtMTZkMDVhMDQ4OGU4XkEyXkFqcGc@._V1_SX300.jpg,42,6.7,"476,912","$201,578,182"
Color,David Yates,375.0,153,282.0,10000.0,Daniel Radcliffe,25000.0,301956980.0,Adventure|Family|Fantasy|Mystery,Alan Rickman,Harry Potter and the Half-Blood Prince ,321795,58753,Rupert Grint,3.0,blood|book|love|potion|professor,http://www.imdb.com/title/tt0417741/?ref_=fn_tt_tt_1,973.0,English,UK,PG,250000000.0,2009,11000.0,7.5,2.35,10000,4,Adventure,Family,Fantasy,tt0417741,Harry Potter and the Half-Blood Prince,2009,PG,15 Jul 2009,153 min,"Action, Adventure, Family",David Yates,"Steve Kloves, J.K. Rowling","Daniel Radcliffe, Emma Watson, Rupert Grint","As Harry Potter begins his sixth year at Hogwarts, he discovers an old book marked as ""the property of the Half-Blood Prince"" and begins to learn more about Lord Voldemort's dark past.","English, Latin","United Kingdom, United States",Nominated for 1 Oscar. 9 wins & 39 nominations total,https://m.media-amazon.com/images/M/MV5BNzU3NDg4NTAyNV5BMl5BanBnXkFtZTcwOTg2ODg1Mg@@._V1_SX300.jpg,78,7.6,"653,701","$302,334,374"
Color,Sofia Coppola,265.0,101,0.0,11.0,Bill Murray,19000.0,44566004.0,Drama,Scarlett Johansson,Lost in Translation ,321283,32015,Catherine Lambert,0.0,fish out of water|japanese|loneliness|older man younger woman relationship|unlikely friendship,http://www.imdb.com/title/tt0335266/?ref_=fn_tt_tt_1,1848.0,English,USA,R,4000000.0,2003,13000.0,7.8,1.85,17000,1,Drama,,,tt0335266,Lost in Translation,2003,R,03 Oct 2003,102 min,"Comedy, Drama",Sofia Coppola,Sofia Coppola,"Bill Murray, Scarlett Johansson, Giovanni Ribisi",A fading movie star falls for a lonely young woman in Tokyo.,"English, Japanese, German, French","United States, Japan",Won 1 Oscar. 98 wins & 133 nominations total,https://m.media-amazon.com/images/M/MV5BMTUxMzk0NDg1MV5BMl5BanBnXkFtZTgwNDg0NjkxMDI@._V1_SX300.jpg,91,7.7,"525,233","$44,585,453"
Color,Marc Webb,495.0,142,464.0,825.0,Andrew Garfield,15000.0,202853933.0,Action|Adventure|Fantasy|Sci-Fi,Emma Stone,The Amazing Spider-Man 2 ,321227,28631,B.J. Novak,0.0,costumed hero|death of girlfriend|masked vigilante|returning character killed off|teenager,http://www.imdb.com/title/tt1872181/?ref_=fn_tt_tt_1,1067.0,English,USA,PG-13,200000000.0,2014,10000.0,6.7,2.35,41000,4,Action,Adventure,Fantasy,tt1872181,The Amazing Spider-Man 2,2014,PG-13,02 May 2014,142 min,"Action, Adventure, Sci-Fi",Marc Webb,"Alex Kurtzman, Roberto Orci, Jeff Pinkner","Andrew Garfield, Emma Stone, Jamie Foxx","When New York is put under siege by Oscorp, it is up to Spider-Man to save the city he swore to protect as well as his loved ones.",English,United States,4 wins & 30 nominations total,"https://m.media-amazon.com/images/M/MV5BOTA5NDYxNTg0OV5BMl5BanBnXkFtZTgwODE5NzU1MTE@._V1_QL75_UX380_CR0,0,380,562_.jpg",53,6.6,"588,917","$203,605,622"
Color,Tim Burton,276.0,115,13000.0,588.0,Christopher Lee,40000.0,206456431.0,Adventure|Comedy|Family|Fantasy,Johnny Depp,Charlie and the Chocolate Factory ,320284,57844,David Kelly,3.0,chocolate|diminution|miniaturization|physical flexability|ticket,http://www.imdb.com/title/tt0367594/?ref_=fn_tt_tt_1,1361.0,English,USA,PG,150000000.0,2005,16000.0,6.7,1.85,0,4,Adventure,Comedy,Family,tt0367594,Charlie and the Chocolate Factory,2005,PG,15 Jul 2005,115 min,"Adventure, Comedy, Family",Tim Burton,"Roald Dahl, John August","Johnny Depp, Freddie Highmore, David Kelly","Charlie, a young boy from an impoverished family, and four other kids win a tour of an amazing chocolate factory run by an imaginative chocolatier, Willy Wonka, and his staff of Oompa-Loompas.",English,"United Kingdom, United States",Nominated for 1 Oscar. 15 wins & 52 nominations total,https://m.media-amazon.com/images/M/MV5BNjcxMjg1Njg2NF5BMl5BanBnXkFtZTcwMjQ4NzMzMw@@._V1_SX300.jpg,72,6.7,"566,515","$206,459,076"
Color,Tate Taylor,373.0,146,150.0,2000.0,Bryce Dallas Howard,15000.0,169705587.0,Drama,Emma Stone,The Help ,318955,23227,Mike Vogel,2.0,black servant|chocolate pie|jackson mississippi|maid|writing a novel,http://www.imdb.com/title/tt1454029/?ref_=fn_tt_tt_1,460.0,English,USA,PG-13,25000000.0,2011,3000.0,8.1,1.85,75000,1,Drama,,,tt1454029,The Help,2011,PG-13,10 Aug 2011,146 min,Drama,Tate Taylor,"Tate Taylor, Kathryn Stockett","Viola Davis, Emma Stone, Octavia Spencer","An aspiring author during the civil rights movement of the 1960s decides to write a book detailing the African American maids' point of view on the white families for which they work, and the hardships they go through on a daily b...",English,"United States, India",Won 1 Oscar. 79 wins & 121 nominations total,https://m.media-amazon.com/images/M/MV5BMTM5OTMyMjIxOV5BMl5BanBnXkFtZTcwNzU4MjIwNQ@@._V1_SX300.jpg,62,8.1,"524,627","$169,708,112"
Color,Richard Curtis,218.0,129,628.0,548.0,Liam Neeson,14000.0,59365105.0,Comedy|Drama|Romance,Colin Firth,Love Actually ,318634,28886,Kris Marshall,9.0,aging rocker|christmas|love at first sight|minister|prime minister,http://www.imdb.com/title/tt0314331/?ref_=fn_tt_tt_1,1004.0,English,UK,R,45000000.0,2003,14000.0,7.7,2.35,52000,3,Comedy,Drama,Romance,tt0314331,Love Actually,2003,R,14 Nov 2003,135 min,"Comedy, Drama, Romance",Richard Curtis,Richard Curtis,"Hugh Grant, Martine McCutcheon, Liam Neeson","Follows the lives of eight very different couples in dealing with their love lives in various loosely interrelated tales all set during a frantic month before Christmas in London, England.","English, Portuguese, French","United Kingdom, France, United States",Won 1 BAFTA Award11 wins & 30 nominations total,https://m.media-amazon.com/images/M/MV5BYWRlZjcwYTgtYWJkOS00MGYwLTk3Y2ItNmU4NTg5Nzg2YTQ2XkEyXkFqcGc@._V1_SX300.jpg,55,7.5,"577,665","$60,352,285"
Color,Matt Reeves,521.0,130,198.0,884.0,Judy Greer,10000.0,208543795.0,Action|Adventure|Drama|Sci-Fi,Gary Oldman,Dawn of the Planet of the Apes ,317542,14363,Kodi Smit-McPhee,0.0,ape|dam|leader|post apocalypse|sequel,http://www.imdb.com/title/tt2103281/?ref_=fn_tt_tt_1,620.0,English,USA,PG-13,170000000.0,2014,2000.0,7.6,1.85,45000,4,Action,Adventure,Drama,tt2103281,Dawn of the Planet of the Apes,2014,PG-13,11 Jul 2014,130 min,"Action, Adventure, Drama",Matt Reeves,"Mark Bomback, Rick Jaffa, Amanda Silver","Gary Oldman, Keri Russell, Andy Serkis",The fragile peace between apes and humans is threatened as mistrust and betrayal threaten to plunge both tribes into a war for dominance over the Earth.,"English, American Sign ","United States, United Kingdom, Canada",Nominated for 1 Oscar. 17 wins & 48 nominations total,https://m.media-amazon.com/images/M/MV5BNWNjYzQ4ZGItZTg1My00NTM2LTg1NDUtYThjOTQwMTYyNjU1XkEyXkFqcGc@._V1_SX300.jpg,79,7.6,"508,717","$208,545,589"
Color,Edward Zwick,190.0,154,380.0,445.0,Tony Goldwyn,10000.0,111110575.0,Action|Drama|History|War,Tom Cruise,The Last Samurai ,317166,11945,Chad Lindberg,1.0,captain|emperor|honor|japan|samurai,http://www.imdb.com/title/tt0325710/?ref_=fn_tt_tt_1,928.0,English,USA,R,140000000.0,2003,956.0,7.7,2.35,0,4,Action,Drama,History,tt0325710,The Last Samurai,2003,R,05 Dec 2003,154 min,"Action, Drama",Edward Zwick,"John Logan, Edward Zwick, Marshall Herskovitz","Tom Cruise, Ken Watanabe, Billy Connolly","In 19th century Japan, Nathan Algren, a US army captain, is hired by the Japanese emperor to train his army in the modern warfare techniques. Captain Algren finds himself trapped in a struggle between two eras and two worlds.","English, Japanese, Spanish, Danish","United States, New Zealand, Japan",Nominated for 4 Oscars. 20 wins & 67 nominations total,https://m.media-amazon.com/images/M/MV5BMzkyNzQ1Mzc0NV5BMl5BanBnXkFtZTcwODg3MzUzMw@@._V1_SX300.jpg,55,7.8,"499,167","$111,127,263"
Color,Rawson Marshall Thurber,289.0,118,43.0,651.0,Molly C. Quinn,740.0,150368971.0,Comedy|Crime,Laura-Leigh,We're the Millers ,316671,3425,Thomas Lennon,4.0,fake family|male frontal nudity|marijuana|mexico|stripper,http://www.imdb.com/title/tt1723121/?ref_=fn_tt_tt_1,301.0,English,USA,R,37000000.0,2013,707.0,7.0,2.35,35000,2,Comedy,Crime,,tt1723121,We're the Millers,2013,R,07 Aug 2013,110 min,"Comedy, Crime",Rawson Marshall Thurber,"Bob Fisher, Steve Faber, Sean Anders","Jason Sudeikis, Jennifer Aniston, Emma Roberts",A veteran pot dealer creates a fake family as part of his plan to move a huge shipment of weed into the U.S. from Mexico.,"English, Spanish","United States, United Kingdom",4 wins & 17 nominations total,https://m.media-amazon.com/images/M/MV5BNDQ0NWI1ZGEtY2NlMy00MWYyLTk4NGEtMTY5MmQ4YTcyY2E0XkEyXkFqcGc@._V1_SX300.jpg,44,7.0,"520,762","$150,394,119"
Color,Peter Jackson,446.0,201,0.0,84.0,Thomas Kretschmann,6000.0,218051260.0,Action|Adventure|Drama|Romance,Naomi Watts,King Kong ,316018,7123,Evan Parke,0.0,animal name in title|ape abducts a woman|gorilla|island|king kong,http://www.imdb.com/title/tt0360717/?ref_=fn_tt_tt_1,2618.0,English,New Zealand,PG-13,207000000.0,2005,919.0,7.2,2.35,0,4,Action,Adventure,Drama,tt0360717,King Kong,2005,PG-13,14 Dec 2005,187 min,"Action, Adventure, Romance",Peter Jackson,"Fran Walsh, Philippa Boyens, Peter Jackson","Naomi Watts, Jack Black, Adrien Brody","A greedy film producer assembles a team of moviemakers and sets out for the infamous Skull Island, where they find more than just cannibalistic natives.",English,"United States, New Zealand, Germany",Won 3 Oscars. 47 wins & 104 nominations total,https://m.media-amazon.com/images/M/MV5BMWY0NWE0ZjUtNjRlOS00ZDViLTgxNTQtMGMwN2FhNDY1YTg2XkEyXkFqcGc@._V1_SX300.jpg,81,7.2,"465,049","$218,080,025"
Color,Paul Weitz,145.0,95,80.0,1000.0,Shannon Elizabeth,3000.0,101736215.0,Comedy,Alyson Hannigan,American Pie ,315549,8134,Natasha Lyonne,6.0,1990s|first love|milf|prom|virginity,http://www.imdb.com/title/tt0163651/?ref_=fn_tt_tt_1,789.0,English,USA,R,11000000.0,1999,1000.0,7.0,1.85,0,1,Comedy,,,tt0163651,American Pie,1999,R,09 Jul 1999,95 min,Comedy,Paul Weitz,Adam Herz,"Jason Biggs, Chris Klein, Thomas Ian Nicholas",Four teenage boys enter a pact to lose their virginity by prom night.,English,United States,9 wins & 14 nominations total,https://m.media-amazon.com/images/M/MV5BMTg3ODY5ODI1NF5BMl5BanBnXkFtZTgwMTkxNTYxMTE@._V1_SX300.jpg,58,7.0,"463,213","$102,561,004"
Color,Andrew Adamson,205.0,93,80.0,48.0,Jennifer Saunders,692.0,436471036.0,Adventure|Animation|Comedy|Family|Fantasy|Romance,Rupert Everett,Shrek 2 ,314630,1148,Conrad Vernon,1.0,drag queen|physical appearance|princess|queen|sequel,http://www.imdb.com/title/tt0298148/?ref_=fn_tt_tt_1,483.0,English,USA,PG,150000000.0,2004,309.0,7.2,1.85,0,6,Adventure,Animation,Comedy,tt0298148,Shrek 2,2004,PG,19 May 2004,93 min,"Animation, Adventure, Comedy","Andrew Adamson, Kelly Asbury, Conrad Vernon","William Steig, Andrew Adamson, Joe Stillman","Mike Myers, Eddie Murphy, Cameron Diaz","Shrek and Fiona travel to the Kingdom of Far Far Away, where Fiona's parents are King and Queen, to celebrate their marriage. When they arrive, they find they are not as welcome as they thought they would be.",English,United States,Nominated for 2 Oscars. 18 wins & 52 nominations total,https://m.media-amazon.com/images/M/MV5BMzNmNjQ1NmUtNzhiZS00YWE2LTg4N2ItZTA2ODdmOTMwOTQ1XkEyXkFqcGc@._V1_SX300.jpg,75,7.4,"550,541","$444,978,202"
Color,Ron Howard,294.0,174,2000.0,362.0,Seth Gabel,15000.0,217536138.0,Mystery|Thriller,Tom Hanks,The Da Vinci Code ,314253,16008,Jürgen Prochnow,2.0,based on supposedly true story|holy grail|mary magdalene|opus dei|secret,http://www.imdb.com/title/tt0382625/?ref_=fn_tt_tt_1,1966.0,English,USA,PG-13,125000000.0,2006,574.0,6.6,2.35,0,2,Mystery,Thriller,,tt0382625,The Da Vinci Code,2006,PG-13,19 May 2006,149 min,"Mystery, Thriller",Ron Howard,"Akiva Goldsman, Dan Brown","Tom Hanks, Audrey Tautou, Jean Reno",A murder and clues in paintings lead to the discovery of a closely guarded religious mystery.,"English, French, Latin, Spanish","United States, Malta, France, United Kingdom",8 wins & 21 nominations total,https://m.media-amazon.com/images/M/MV5BMjIxMjQyMTc3Nl5BMl5BanBnXkFtZTcwMTA1MDUzMw@@._V1_SX300.jpg,46,6.6,"480,857","$217,536,138"
Color,Martin Scorsese,233.0,216,17000.0,1000.0,Liam Neeson,29000.0,77679638.0,Crime|Drama,Leonardo DiCaprio,Gangs of New York ,314033,47657,Jim Broadbent,3.0,butcher|civil war|gangster|new york city|revenge,http://www.imdb.com/title/tt0217505/?ref_=fn_tt_tt_1,1166.0,English,USA,R,100000000.0,2002,14000.0,7.5,2.35,0,2,Crime,Drama,,tt0217505,Gangs of New York,2002,R,20 Dec 2002,167 min,"Crime, Drama",Martin Scorsese,"Jay Cocks, Steven Zaillian, Kenneth Lonergan","Leonardo DiCaprio, Cameron Diaz, Daniel Day-Lewis","In 1862, Amsterdam Vallon returns to the Five Points area of New York City seeking revenge against Bill the Butcher; his father's killer.","English, Irish Gaelic, Chinese, Latin","United States, Italy",Nominated for 10 Oscars. 50 wins & 135 nominations total,https://m.media-amazon.com/images/M/MV5BMTQ0MDA0MTUtYzkzMi00NDY3LThhZDEtNGM4MWUwYzMyZDk5XkEyXkFqcGc@._V1_SX300.jpg,72,7.5,"502,256","$77,812,000"
Color,Peyton Reed,517.0,117,235.0,680.0,Hayley Atwell,2000.0,180191634.0,Action|Adventure|Comedy|Sci-Fi,Judy Greer,Ant-Man ,313866,5730,T.I.,6.0,ant|chinatown san francisco|heist|sabotage|vault,http://www.imdb.com/title/tt0478970/?ref_=fn_tt_tt_1,549.0,English,USA,PG-13,130000000.0,2015,2000.0,7.4,1.85,61000,4,Action,Adventure,Comedy,tt0478970,Ant-Man,2015,PG-13,17 Jul 2015,117 min,"Action, Comedy, Sci-Fi",Peyton Reed,"Edgar Wright, Joe Cornish, Adam McKay","Paul Rudd, Michael Douglas, Corey Stoll","Armed with a super-suit with the astonishing ability to shrink in scale but increase in strength, cat burglar Scott Lang must embrace his inner hero and help his mentor, Dr. Hank Pym, pull off a plan that will save the world.",English,United States,Nominated for 1 BAFTA Award. 4 wins & 34 nominations total,"https://m.media-amazon.com/images/M/MV5BMjM2NTQ5Mzc2M15BMl5BanBnXkFtZTgwNTcxMDI2NTE@._V1_QL75_UX380_CR0,1,380,562_.jpg",64,7.2,"778,683","$180,202,163"
Color,Judd Apatow,217.0,133,0.0,218.0,Romany Malco,7000.0,109243478.0,Comedy|Romance,Steve Carell,The 40-Year-Old Virgin ,313797,8341,Gerry Bednob,1.0,40 year old|car accident|cheating on girlfriend|collection|porno movie,http://www.imdb.com/title/tt0405422/?ref_=fn_tt_tt_1,546.0,English,USA,R,26000000.0,2005,966.0,7.1,1.85,0,2,Comedy,Romance,,tt0405422,The 40-Year-Old Virgin,2005,R,19 Aug 2005,116 min,"Comedy, Romance",Judd Apatow,"Judd Apatow, Steve Carell","Steve Carell, Catherine Keener, Paul Rudd","Goaded by his buddies, a nerdy guy who's never ""done the deed"" only finds the pressure mounting when he meets a single mother.","English, Spanish, Japanese",United States,10 wins & 19 nominations total,https://m.media-amazon.com/images/M/MV5BMzFiNzU2NjQtZTcwZC00Nzc3LTk3NjEtMDZmMDhmYjQ4NTAwXkEyXkFqcGc@._V1_SX300.jpg,73,7.1,"498,107","$109,484,237"
Color,Ron Howard,393.0,123,2000.0,471.0,Olivia Wilde,26000.0,26903709.0,Action|Biography|Drama|Sport,Chris Hemsworth,Rush ,312629,37206,Alexandra Maria Lara,0.0,1970s|female rear nudity|formula 1|rivalry|sex with a nurse,http://www.imdb.com/title/tt1979320/?ref_=fn_tt_tt_1,475.0,English,UK,R,38000000.0,2013,10000.0,8.1,2.35,83000,4,Action,Biography,Drama,tt1979320,Rush,2013,R,27 Sep 2013,123 min,"Biography, Drama, Sport",Ron Howard,Peter Morgan,"Daniel Brühl, Chris Hemsworth, Olivia Wilde","James Hunt and Niki Lauda, two extremely skilled Formula One racers, have an intense rivalry with each other. However, it is their enmity that pushes them to their limits.","English, German, Italian, French, Japanese, Spanish","United Kingdom, United States",Won 1 BAFTA Award6 wins & 66 nominations total,https://m.media-amazon.com/images/M/MV5BMTZhOGQxM2ItNGQyYy00YzE5LWI5MjMtNmMzNGQzNDE1OTUzXkEyXkFqcGc@._V1_SX300.jpg,74,8.1,"554,701","$26,947,624"
Color,Chris Columbus,102.0,103,0.0,925.0,Devin Ratray,3000.0,285761243.0,Comedy|Family,Macaulay Culkin,Home Alone ,311075,7521,Catherine O'Hara,5.0,airport|child protagonist|child swearing|christmas|home alone,http://www.imdb.com/title/tt0099785/?ref_=fn_tt_tt_1,305.0,English,USA,PG,18000000.0,1990,1000.0,7.5,1.85,20000,2,Comedy,Family,,tt0099785,Home Alone,1990,PG,16 Nov 1990,103 min,"Comedy, Family",Chris Columbus,John Hughes,"Macaulay Culkin, Joe Pesci, Daniel Stern","An eight-year-old troublemaker, mistakenly left home alone, must defend his home against a pair of burglars on Christmas Eve.","English, French",United States,Nominated for 2 Oscars. 13 wins & 8 nominations total,https://m.media-amazon.com/images/M/MV5BNzNmNmQ2ZDEtMTc1MS00NjNiLThlMGUtZmQxNTg1Nzg5NWMzXkEyXkFqcGc@._V1_SX300.jpg,63,7.8,"739,162","$285,761,243"
Color,Wes Ball,297.0,113,47.0,129.0,Aml Ameen,988.0,102413606.0,Action|Mystery|Sci-Fi|Thriller,Ki Hong Lee,The Maze Runner ,310903,1783,Jacob Latimore,0.0,based on novel|concrete wall|maze|open ended|teenage boy,http://www.imdb.com/title/tt1790864/?ref_=fn_tt_tt_1,524.0,English,USA,PG-13,34000000.0,2014,149.0,6.8,2.35,38000,4,Action,Mystery,Sci-Fi,tt1790864,The Maze Runner,2014,PG-13,19 Sep 2014,113 min,"Action, Mystery, Sci-Fi",Wes Ball,"Noah Oppenheim, Grant Pierce Myers, T.S. Nowlin","Dylan O'Brien, Kaya Scodelario, Will Poulter","A teen with no memory of the outside world awakens in a gigantic maze guarded by deadly creatures, and plots a daring escape.",English,"United States, United Kingdom",4 wins & 12 nominations total,https://m.media-amazon.com/images/M/MV5BMjUyNTA3MTAyM15BMl5BanBnXkFtZTgwOTEyMTkyMjE@._V1_SX300.jpg,57,6.8,"557,043","$102,427,862"
Color,Evan Goldberg,418.0,107,133.0,9000.0,James Franco,17000.0,101470202.0,Comedy|Fantasy,Channing Tatum,This Is the End ,310540,38751,Emma Watson,6.0,apocalypse|celebrity|ensemble cast|party|rapture,http://www.imdb.com/title/tt1245492/?ref_=fn_tt_tt_1,669.0,English,USA,R,32000000.0,2013,11000.0,6.7,2.35,97000,2,Comedy,Fantasy,,tt1245492,This Is the End,2013,R,12 Jun 2013,107 min,"Comedy, Fantasy, Sci-Fi","Evan Goldberg, Seth Rogen","Seth Rogen, Evan Goldberg, Jason Stone","James Franco, Jonah Hill, Seth Rogen","Six Los Angeles celebrities are stuck in James Franco's house after a series of devastating events just destroyed the city. Inside, the group not only have to face the apocalypse, but themselves.","English, Spanish",United States,10 wins & 23 nominations total,https://m.media-amazon.com/images/M/MV5BMTQxODE3NjM1Ml5BMl5BanBnXkFtZTcwMzkzNjc4OA@@._V1_SX300.jpg,67,6.6,"453,490","$101,470,202"
Color,Martin McDonagh,300.0,107,454.0,39.0,Anna Madeley,65.0,7757130.0,Comedy|Crime|Drama,Elizabeth Berrington,In Bruges ,307639,173,Eric Godon,1.0,bruges|bullet|hope|irish|tourist,http://www.imdb.com/title/tt0780536/?ref_=fn_tt_tt_1,513.0,English,UK,R,15000000.0,2008,49.0,8.0,2.35,32000,3,Comedy,Crime,Drama,tt0780536,In Bruges,2008,R,29 Feb 2008,107 min,"Comedy, Crime, Drama",Martin McDonagh,Martin McDonagh,"Colin Farrell, Brendan Gleeson, Ciarán Hinds","After a job gone wrong, hitman Ray and his partner await orders from their ruthless boss in Bruges, Belgium, the last place in the world Ray wants to be.",English,"United Kingdom, United States",Nominated for 1 Oscar. 25 wins & 55 nominations total,https://m.media-amazon.com/images/M/MV5BNjliZjBlNDItOWUyZC00ZTExLTg5NmUtNzE5ZmQyZWVmZmE5XkEyXkFqcGc@._V1_SX300.jpg,67,7.9,"490,275","$7,800,824"
Color,Ben Stiller,308.0,121,0.0,918.0,Steve Coogan,21000.0,110416702.0,Action|Comedy,Robert Downey Jr.,Tropic Thunder ,307539,23484,Brandon T. Jackson,3.0,film director|parody|spoof|vietnam|written and directed by cast member,http://www.imdb.com/title/tt0942385/?ref_=fn_tt_tt_1,577.0,English,USA,R,92000000.0,2008,1000.0,7.0,2.35,0,2,Action,Comedy,,tt0942385,Tropic Thunder,2008,R,13 Aug 2008,107 min,"Action, Comedy, War",Ben Stiller,"Justin Theroux, Ben Stiller, Etan Cohen","Ben Stiller, Jack Black, Robert Downey Jr.","Through a series of freak occurrences, a group of actors shooting a big-budget war movie are forced to become the soldiers they are portraying.","English, Mandarin","United Kingdom, Germany, United States",Nominated for 1 Oscar. 10 wins & 47 nominations total,https://m.media-amazon.com/images/M/MV5BNDE5NjQzMDkzOF5BMl5BanBnXkFtZTcwODI3ODI3MQ@@._V1_SX300.jpg,71,7.1,"485,373","$110,515,313"
Color,Mark Osborne,266.0,92,54.0,562.0,Wayne Knight,11000.0,215395021.0,Action|Adventure|Animation|Comedy|Family,Angelina Jolie Pitt,Kung Fu Panda ,307029,12754,Dan Fogler,0.0,kung fu|kung fu master|master|panda|snow leopard,http://www.imdb.com/title/tt0441773/?ref_=fn_tt_tt_1,360.0,English,USA,PG,130000000.0,2008,967.0,7.6,2.35,6000,5,Action,Adventure,Animation,tt0441773,Kung Fu Panda,2008,PG,06 Jun 2008,92 min,"Animation, Action, Adventure","Mark Osborne, John Stevenson","Jonathan Aibel, Glenn Berger, Ethan Reiff","Jack Black, Ian McShane, Angelina Jolie","To everyone's surprise, including his own, Po, an overweight, clumsy panda, is chosen as protector of the Valley of Peace. His suitability will soon be tested as the valley's arch-enemy is on his way.","English, Japanese, Chinese","United States, Japan, China, Russia",Nominated for 1 Oscar. 15 wins & 39 nominations total,https://m.media-amazon.com/images/M/MV5BZDU5MDNiMGItYjVmZi00NDUxLTg2OTktNGE0NzNlNzM4NzgyXkEyXkFqcGc@._V1_SX300.jpg,74,7.6,"574,537","$216,064,546"
Color,Tim Burton,451.0,108,13000.0,11000.0,Alan Rickman,40000.0,334185206.0,Adventure|Family|Fantasy,Johnny Depp,Alice in Wonderland ,306320,79957,Anne Hathaway,0.0,alice in wonderland|mistaking reality for dream|queen|shrinking|shrinking potion,http://www.imdb.com/title/tt1014759/?ref_=fn_tt_tt_1,736.0,English,USA,PG,200000000.0,2010,25000.0,6.5,1.85,24000,3,Adventure,Family,Fantasy,tt1014759,Alice in Wonderland,2010,PG,05 Mar 2010,108 min,"Adventure, Family, Fantasy",Tim Burton,"Linda Woolverton, Lewis Carroll","Mia Wasikowska, Johnny Depp, Helena Bonham Carter","Nineteen-year-old Alice returns to the magical world from her childhood adventure, where she reunites with her old friends and learns of her true destiny: to end the Red Queen's reign of terror.",English,"United States, Italy, Canada, Japan, United Kingdom",Won 2 Oscars. 35 wins & 65 nominations total,https://m.media-amazon.com/images/M/MV5BYjgxMTQ3NjMtOTI1Yy00Yzg4LWJlNWQtMjFkNjVlYjU0OWIyXkEyXkFqcGc@._V1_SX300.jpg,53,6.4,"464,214","$334,191,110"
Color,Antoine Fuqua,109.0,122,845.0,854.0,Snoop Dogg,18000.0,76261036.0,Crime|Drama|Thriller,Denzel Washington,Training Day ,305929,22370,Tom Berenger,2.0,lapd|narc|narcotics|title spoken by character|training,http://www.imdb.com/title/tt0139654/?ref_=fn_tt_tt_1,633.0,English,USA,R,45000000.0,2001,881.0,7.7,2.35,0,3,Crime,Drama,Thriller,tt0139654,Training Day,2001,R,05 Oct 2001,122 min,"Crime, Drama, Thriller",Antoine Fuqua,David Ayer,"Denzel Washington, Ethan Hawke, Scott Glenn",A rookie cop spends his first day as a Los Angeles narcotics officer with a rogue detective who isn't what he appears to be.,"English, Russian, Spanish, Korean, Greek",United States,Won 1 Oscar. 18 wins & 23 nominations total,"https://m.media-amazon.com/images/M/MV5BMjRlNjUwOGYtNGQxZS00ZjhkLTg0NDgtYjcwNzZlNDU2YjBlXkEyXkFqcGc@._V1_QL75_UX380_CR0,4,380,562_.jpg",71,7.8,"516,062","$76,631,907"
Color,Jonathan Mostow,280.0,109,84.0,191.0,M.C. Gainey,648.0,150350192.0,Action|Sci-Fi,Nick Stahl,Terminator 3: Rise of the Machines ,305340,1769,Carolyn Hennesy,0.0,drifter|exploding truck|future|machine|skynet,http://www.imdb.com/title/tt0181852/?ref_=fn_tt_tt_1,1676.0,English,USA,R,200000000.0,2003,284.0,6.4,2.35,0,2,Action,Sci-Fi,,tt0181852,Terminator 3: Rise of the Machines,2003,R,02 Jul 2003,109 min,"Action, Sci-Fi",Jonathan Mostow,"John Brancato, Michael Ferris, Tedi Sarafian","Arnold Schwarzenegger, Nick Stahl, Kristanna Loken","John Connor must face a female Terminator with power over all the machines. But a new Terminator unit, a T-850, is sent back through time to help guide him through the coming battle.",English,"United Kingdom, Germany, United States",3 wins & 24 nominations total,https://m.media-amazon.com/images/M/MV5BMTk5NzM1ODgyN15BMl5BanBnXkFtZTcwMzA5MjAzMw@@._V1_SX300.jpg,66,6.3,"435,195","$150,371,112"
Color,Francis Lawrence,403.0,123,508.0,14000.0,Philip Seymour Hoffman,34000.0,337103873.0,Adventure|Sci-Fi|Thriller,Jennifer Lawrence,The Hunger Games: Mockingjay - Part 1 ,305008,81385,Josh Hutcherson,1.0,based on young adult novel|manipulation|rebellion|symbol|uprising,http://www.imdb.com/title/tt1951265/?ref_=fn_tt_tt_1,591.0,English,USA,PG-13,125000000.0,2014,22000.0,6.7,2.35,52000,3,Adventure,Sci-Fi,Thriller,tt1951265,The Hunger Games: Mockingjay - Part 1,2014,PG-13,21 Nov 2014,123 min,"Action, Adventure, Sci-Fi",Francis Lawrence,"Peter Craig, Danny Strong, Suzanne Collins","Jennifer Lawrence, Josh Hutcherson, Liam Hemsworth","Katniss Everdeen is in District 13 after she shatters the games forever. Under the leadership of President Coin and the advice of her trusted friends, Katniss spreads her wings as she fights to save Peeta and a nation moved by her...",English,"United States, Canada, France",21 wins & 32 nominations total,https://m.media-amazon.com/images/M/MV5BMTcxNDI2NDAzNl5BMl5BanBnXkFtZTgwODM3MTc2MjE@._V1_SX300.jpg,64,6.6,"541,925","$337,135,885"
Color,Andrew Niccol,360.0,109,487.0,3000.0,Olivia Wilde,20000.0,37553932.0,Action|Sci-Fi|Thriller,Matt Bomer,In Time ,304318,34011,Justin Timberlake,2.0,currency|future|murder|on the run|time,http://www.imdb.com/title/tt1637688/?ref_=fn_tt_tt_1,463.0,English,USA,PG-13,40000000.0,2011,10000.0,6.7,2.35,52000,3,Action,Sci-Fi,Thriller,tt1637688,In Time,2011,PG-13,28 Oct 2011,109 min,"Action, Sci-Fi, Thriller",Andrew Niccol,Andrew Niccol,"Justin Timberlake, Amanda Seyfried, Cillian Murphy","In a future where people stop aging at 25, but are engineered to live only one more year, having the means to buy your way out of the situation is a shot at immortal youth. Will Salas is accused of murder and on the run with a hos...",English,United States,2 nominations total,https://m.media-amazon.com/images/M/MV5BMjA3NzI1ODc1MV5BMl5BanBnXkFtZTcwMzI5NjQwNg@@._V1_SX300.jpg,53,6.7,"480,879","$37,520,095"
Color,Steven Spielberg,151.0,128,14000.0,232.0,Chi McBride,15000.0,77032279.0,Comedy|Drama,Tom Hanks,The Terminal ,303864,16199,Barry Shabaka Henley,0.0,airport|construction site|fish out of water|flight attendant|man without a country,http://www.imdb.com/title/tt0362227/?ref_=fn_tt_tt_1,596.0,English,USA,PG-13,60000000.0,2004,466.0,7.3,1.85,16000,2,Comedy,Drama,,tt0362227,The Terminal,2004,PG-13,18 Jun 2004,128 min,"Comedy, Drama, Romance",Steven Spielberg,"Andrew Niccol, Sacha Gervasi, Jeff Nathanson","Tom Hanks, Catherine Zeta-Jones, Chi McBride",An Eastern European tourist unexpectedly finds himself stranded at JFK airport and must take up temporary residence there.,"English, Bulgarian, Spanish, Russian, Mandarin, German, French",United States,7 wins & 8 nominations total,https://m.media-amazon.com/images/M/MV5BMTM1MTIwNTMxOF5BMl5BanBnXkFtZTcwNjIxMjQyMw@@._V1_SX300.jpg,55,7.4,"531,834","$77,872,883"
Color,David Ayer,406.0,134,452.0,697.0,Logan Lerman,11000.0,85707116.0,Action|Drama|War,Brad Pitt,Fury ,303185,20411,Jim Parrack,4.0,battle|battlefield|brutality|combat|tank,http://www.imdb.com/title/tt2713180/?ref_=fn_tt_tt_1,701.0,English,USA,R,68000000.0,2014,8000.0,7.6,2.35,82000,3,Action,Drama,War,tt2713180,Fury,2014,R,17 Oct 2014,134 min,"Action, Drama, War",David Ayer,David Ayer,"Brad Pitt, Shia LaBeouf, Logan Lerman","A grizzled tank commander makes tough decisions as he and his crew fight their way across Germany in April, 1945.","English, German","United States, China, United Kingdom",6 wins & 23 nominations total,"https://m.media-amazon.com/images/M/MV5BMjA4MDU0NTUyN15BMl5BanBnXkFtZTgwMzQxMzY4MjE@._V1_QL75_UX380_CR0,0,380,562_.jpg",64,7.6,"607,560","$85,817,906"
Color,David Fincher,377.0,162,21000.0,495.0,Jake Gyllenhaal,21000.0,33048353.0,Crime|Drama|History|Mystery|Thriller,Robert Downey Jr.,Zodiac ,301279,36928,Anthony Edwards,0.0,cartoonist|reporter|serial killer|zodiac|zodiac killer,http://www.imdb.com/title/tt0443706/?ref_=fn_tt_tt_1,589.0,English,USA,R,65000000.0,2007,15000.0,7.7,2.35,12000,5,Crime,Drama,History,tt0443706,Zodiac,2007,R,02 Mar 2007,157 min,"Crime, Drama, Mystery",David Fincher,"James Vanderbilt, Robert Graysmith","Jake Gyllenhaal, Robert Downey Jr., Mark Ruffalo","Between 1968 and 1983, a San Francisco cartoonist becomes an amateur detective obsessed with tracking down the Zodiac Killer, an unidentified individual who terrorizes Northern California with a killing spree.",English,United States,3 wins & 71 nominations total,"https://m.media-amazon.com/images/M/MV5BNDFkMTRkZmQtM2I0NC00NjJjLWJlMDctNTNiZWYxYzhjZDZiXkEyXkFqcGc@._V1_QL75_UY562_CR1,0,380,562_.jpg",79,7.7,"671,729","$33,080,084"
Color,Woody Allen,487.0,94,11000.0,183.0,Audrey Fleurot,617.0,56816662.0,Comedy|Fantasy|Romance,Kurt Fuller,Midnight in Paris ,301149,1289,Nina Arianda,1.0,1920s|golden age|midnight|paris france|time travel romance,http://www.imdb.com/title/tt1605783/?ref_=fn_tt_tt_1,509.0,English,Spain,PG-13,17000000.0,2011,204.0,7.7,1.85,78000,3,Comedy,Fantasy,Romance,tt1605783,Midnight in Paris,2011,PG-13,10 Jun 2011,94 min,"Comedy, Fantasy, Romance",Woody Allen,Woody Allen,"Owen Wilson, Rachel McAdams, Kathy Bates","While on a trip to Paris with his fiancée's family, a nostalgic screenwriter finds himself mysteriously going back to the 1920s every day at midnight.","English, French, Spanish, German","France, Spain, United States",Won 1 Oscar. 26 wins & 103 nominations total,https://m.media-amazon.com/images/M/MV5BMTM4NjY1MDQwMl5BMl5BanBnXkFtZTcwNTI3Njg3NA@@._V1_SX300.jpg,81,7.6,"469,474","$56,817,045"
Color,Brian De Palma,154.0,110,0.0,898.0,Kristin Scott Thomas,10000.0,180965237.0,Action|Adventure|Thriller,Tom Cruise,Mission: Impossible ,300542,12760,Vanessa Redgrave,0.0,disguise|mission|spy|stealing|traitor,http://www.imdb.com/title/tt0117060/?ref_=fn_tt_tt_1,378.0,English,USA,PG-13,80000000.0,1996,1000.0,7.1,2.35,0,3,Action,Adventure,Thriller,tt0117060,Mission: Impossible,1996,PG-13,22 May 1996,110 min,"Action, Adventure, Thriller",Brian De Palma,"Bruce Geller, David Koepp, Steven Zaillian","Tom Cruise, Jon Voight, Emmanuelle Béart","An American agent, under false suspicion of disloyalty, must discover and expose the real spy without the help of his organization.","English, French, Czech",United States,3 wins & 17 nominations total,"https://m.media-amazon.com/images/M/MV5BOGZjNDlkMTYtMTJkZi00OTkzLWI4NDEtYTA2ODQyMjcwYTdlXkEyXkFqcGc@._V1_QL75_UX380_CR0,1,380,562_.jpg",59,7.2,"516,752","$180,981,856"
Color,James Wan,511.0,112,0.0,697.0,Lili Taylor,6000.0,137387272.0,Horror|Mystery|Thriller,Mackenzie Foy,The Conjuring ,300110,9049,Hayley McFarland,0.0,based on true story|farmhouse|paranormal investigator|rhode island|supernatural power,http://www.imdb.com/title/tt1457767/?ref_=fn_tt_tt_1,807.0,English,USA,R,20000000.0,2013,960.0,7.5,2.35,131000,3,Horror,Mystery,Thriller,tt1457767,The Conjuring,2013,R,19 Jul 2013,112 min,"Horror, Mystery, Thriller",James Wan,"Chad Hayes, Carey W. Hayes","Patrick Wilson, Vera Farmiga, Ron Livingston",Paranormal investigators Ed and Lorraine Warren work to help a family terrorized by a dark presence in their farmhouse.,"English, Latin",United States,15 wins & 22 nominations total,"https://m.media-amazon.com/images/M/MV5BMTM3NjA1NDMyMV5BMl5BanBnXkFtZTcwMDQzNDMzOQ@@._V1_QL75_UX380_CR0,0,380,562_.jpg",68,7.5,"620,597","$137,446,368"
Color,Timur Bekmambetov,316.0,110,335.0,988.0,Morgan Freeman,11000.0,134568845.0,Action|Crime|Fantasy|Thriller,Angelina Jolie Pitt,Wanted ,299852,25763,Common,0.0,assassin|bobble head doll|femme fatale|rejuvenation|strong female lead,http://www.imdb.com/title/tt0493464/?ref_=fn_tt_tt_1,713.0,English,USA,R,75000000.0,2008,11000.0,6.7,2.35,0,4,Action,Crime,Fantasy,tt0493464,Wanted,2008,R,27 Jun 2008,110 min,"Action, Crime, Thriller",Timur Bekmambetov,"Michael Brandt, Derek Haas, Chris Morgan","Angelina Jolie, James McAvoy, Morgan Freeman","A frustrated office worker discovers that he is the son of a professional assassin, and that he shares his father's superhuman killing abilities.",English,"United States, Germany, Russia",Nominated for 2 Oscars. 4 wins & 28 nominations total,https://m.media-amazon.com/images/M/MV5BMTQwNDM2MTMwMl5BMl5BanBnXkFtZTgwMjE4NjQxMTE@._V1_SX300.jpg,64,6.7,"425,023","$134,508,551"
Color,John McTiernan,148.0,128,323.0,489.0,Aldis Hodge,13000.0,100012500.0,Action|Adventure|Thriller,Bruce Willis,Die Hard with a Vengeance ,299258,14274,Kevin Chamberlin,1.0,bomb|detective|new york city|police|terrorist,http://www.imdb.com/title/tt0112864/?ref_=fn_tt_tt_1,346.0,English,USA,R,90000000.0,1995,559.0,7.6,2.35,0,3,Action,Adventure,Thriller,tt0112864,Die Hard with a Vengeance,1995,R,19 May 1995,128 min,"Action, Adventure, Thriller",John McTiernan,"Jonathan Hensleigh, Roderick Thorp","Bruce Willis, Jeremy Irons, Samuel L. Jackson","John McClane is forced out of suspension to play a game of ""Simon Says"" by a terrorist who has planted bombs all around New York City and will detonate them if McClane doesn't do what he says.","English, German, Romanian",United States,2 wins & 3 nominations total,https://m.media-amazon.com/images/M/MV5BYjkzNzdkMTctNzMwMS00M2Q0LWIyOTMtNmM2NDY5NWZjNTJlXkEyXkFqcGc@._V1_SX300.jpg,58,7.6,"428,742","$100,012,499"
Color,James Wan,287.0,103,0.0,651.0,Monica Potter,2000.0,55153403.0,Horror|Mystery|Thriller,Michael Emerson,Saw ,299127,5161,Shawnee Smith,0.0,chained|flashback|killer|serial killer|surprise ending,http://www.imdb.com/title/tt0387564/?ref_=fn_tt_tt_1,1509.0,English,USA,R,1200000.0,2004,878.0,7.7,1.85,0,3,Horror,Mystery,Thriller,tt0387564,Saw,2004,R,29 Oct 2004,103 min,"Horror, Mystery, Thriller",James Wan,"Leigh Whannell, James Wan","Cary Elwes, Leigh Whannell, Danny Glover","Two men awaken to find themselves on the opposite sides of a dead body, each with specific instructions to kill the other, escape or face the consequences. These two are the latest contestants in Jigsaw's games.",English,United States,9 wins & 10 nominations total,"https://m.media-amazon.com/images/M/MV5BZTE5MzFlMTktMzBkOC00ZjMxLThmOTAtOGU3ZGEwZGRlNDdjXkEyXkFqcGc@._V1_QL75_UY562_CR0,0,380,562_.jpg",46,7.6,"508,842","$56,000,369"
Color,Judd Apatow,251.0,133,0.0,529.0,Martin Starr,11000.0,148734225.0,Comedy|Romance,Harold Ramis,Knocked Up ,298590,12874,Charlyne Yi,2.0,one night stand|pregnancy|slacker|unplanned pregnancy|website,http://www.imdb.com/title/tt0478311/?ref_=fn_tt_tt_1,559.0,English,USA,R,30000000.0,2007,985.0,7.0,1.85,0,2,Comedy,Romance,,tt0478311,Knocked Up,2007,R,01 Jun 2007,129 min,"Comedy, Romance",Judd Apatow,Judd Apatow,"Seth Rogen, Katherine Heigl, Paul Rudd","For fun-loving party animal Ben Stone, the last thing he ever expected was for his one-night stand to show up on his doorstep eight weeks later to tell him she's pregnant with his child.",English,United States,8 wins & 26 nominations total,https://m.media-amazon.com/images/M/MV5BYmIyMDA5YzgtZmNhMC00YWNlLTgwYjItOTc0ZGNjNTcwNzAxXkEyXkFqcGc@._V1_SX300.jpg,85,6.9,"397,384","$148,768,917"
Color,Danny Boyle,224.0,113,0.0,27.0,Megan Burns,133.0,45063889.0,Drama|Horror|Sci-Fi|Thriller,Noah Huntley,28 Days Later... ,297250,241,David Schneider,0.0,laboratory|london england|military|virus|zombie apocalypse,http://www.imdb.com/title/tt0289043/?ref_=fn_tt_tt_1,1441.0,English,UK,R,8000000.0,2002,32.0,7.6,1.85,11000,4,Drama,Horror,Sci-Fi,tt0289043,28 Days Later,2002,R,27 Jun 2003,113 min,"Drama, Horror, Sci-Fi",Danny Boyle,Alex Garland,"Cillian Murphy, Naomie Harris, Christopher Eccleston","Four weeks after a mysterious, incurable virus spreads throughout the United Kingdom, a handful of survivors try to find sanctuary.","English, Spanish, Finnish","United Kingdom, United States",10 wins & 32 nominations total,https://m.media-amazon.com/images/M/MV5BM2I4NTI0ZGQtNGQ2ZC00ODIxLWI2N2QtMDBkNzI1NDhjYjE5XkEyXkFqcGc@._V1_SX300.jpg,73,7.5,"539,380","$45,064,915"
Color,Larry Charles,343.0,82,119.0,6.0,Ken Davitian,332.0,128505958.0,Comedy,Luenell,Borat: Cultural Learnings of America for Make Benefit Glorious Nation of Kazakhstan ,297014,505,Chester,1.0,california|city|kazakhstan|travel|tv reporter,http://www.imdb.com/title/tt0443453/?ref_=fn_tt_tt_1,1198.0,English,USA,R,18000000.0,2006,165.0,7.3,1.85,0,1,Comedy,,,tt0443453,Borat,2006,R,03 Nov 2006,84 min,Comedy,Larry Charles,"Sacha Baron Cohen, Anthony Hines, Peter Baynham","Sacha Baron Cohen, Ken Davitian, Luenell",Kazakh TV talking head Borat is dispatched to the United States to report on the greatest country in the world.,"English, Romanian, Hebrew, Polish, Armenian","United States, United Kingdom",Nominated for 1 Oscar. 20 wins & 34 nominations total,https://m.media-amazon.com/images/M/MV5BMTk0MTQ3NDQ4Ml5BMl5BanBnXkFtZTcwOTQ3OTQzMw@@._V1_SX300.jpg,89,7.4,"472,912","$128,505,958"
Color,Tom Shadyac,191.0,101,293.0,1000.0,Steve Carell,11000.0,242589580.0,Comedy|Drama,Morgan Freeman,Bruce Almighty ,296904,21276,Lisa Ann Walter,1.0,answer to prayer|breast expansion|pleading with god|supernatural power|walking on water,http://www.imdb.com/title/tt0315327/?ref_=fn_tt_tt_1,604.0,English,USA,PG-13,81000000.0,2003,7000.0,6.7,1.85,0,2,Comedy,Drama,,tt0315327,Bruce Almighty,2003,PG-13,23 May 2003,101 min,"Comedy, Fantasy",Tom Shadyac,"Steve Koren, Mark O'Keefe, Steve Oedekerk","Jim Carrey, Jennifer Aniston, Morgan Freeman",A whiny news reporter is given the chance to step into God's shoes.,"English, Spanish",United States,7 wins & 9 nominations total,https://m.media-amazon.com/images/M/MV5BZWM2ZjA2OTctZmRhMy00ZDIzLTkwZGQtYTRlNmQwZWZmMDBlXkEyXkFqcGc@._V1_SX300.jpg,46,6.8,"466,929","$242,829,261"
Color,Matt Reeves,459.0,85,198.0,387.0,Ben Feldman,2000.0,80034302.0,Action|Adventure|Horror|Sci-Fi,Mike Vogel,Cloverfield ,296787,3958,Liza Lapira,0.0,brooklyn new york city|found footage|night vision|statue of liberty new york city|subway tunnel,http://www.imdb.com/title/tt1060277/?ref_=fn_tt_tt_1,2192.0,English,USA,PG-13,25000000.0,2008,1000.0,7.0,1.85,0,4,Action,Adventure,Horror,tt1060277,Cloverfield,2008,PG-13,18 Jan 2008,85 min,"Action, Horror, Sci-Fi",Matt Reeves,Drew Goddard,"Mike Vogel, Jessica Lucas, Lizzy Caplan",A group of friends venture deep into the streets of New York on a rescue mission during a rampaging monster attack.,"English, Russian, French, Japanese",United States,5 wins & 34 nominations total,https://m.media-amazon.com/images/M/MV5BOWM3NmYyMjAtMjU3YS00MDJjLThmNDItNWUzZmFmMzk5NTEyXkEyXkFqcGc@._V1_SX300.jpg,64,7.0,"442,090","$80,048,433"
Color,Neil Burger,236.0,110,168.0,96.0,Eddie Marsan,3000.0,39825798.0,Drama|Mystery|Romance|Thriller,Rufus Sewell,The Illusionist ,295375,4210,Jake Wood,3.0,duchess|illusionist|magician|prince|supernatural power,http://www.imdb.com/title/tt0443543/?ref_=fn_tt_tt_1,645.0,English,USA,PG-13,16000000.0,2006,979.0,7.6,1.85,15000,4,Drama,Mystery,Romance,tt0443543,The Illusionist,2006,PG-13,01 Sep 2006,110 min,"Drama, Fantasy, Mystery",Neil Burger,"Neil Burger, Steven Millhauser","Edward Norton, Jessica Biel, Paul Giamatti","In turn-of-the-century Vienna, a magician uses his abilities to secure the love of a woman far above his social standing.",English,"United States, Czech Republic",Nominated for 1 Oscar. 11 wins & 12 nominations total,https://m.media-amazon.com/images/M/MV5BNzNmYmI4YWMtMGFkOS00ODVkLTg3MTEtOTExNDg3ZjQ0MGM3XkEyXkFqcGc@._V1_SX300.jpg,68,7.5,"402,986","$39,868,642"
Color,Nathan Greno,324.0,100,15.0,284.0,Donna Murphy,799.0,200807262.0,Adventure|Animation|Comedy|Family|Fantasy|Musical|Romance,Brad Garrett,Tangled ,294810,2036,M.C. Gainey,1.0,17th century|based on fairy tale|disney|flower|tower,http://www.imdb.com/title/tt0398286/?ref_=fn_tt_tt_1,387.0,English,USA,PG,260000000.0,2010,553.0,7.8,1.85,29000,7,Adventure,Animation,Comedy,tt0398286,Tangled,2010,PG,24 Nov 2010,100 min,"Animation, Adventure, Comedy","Nathan Greno, Byron Howard","Dan Fogelman, Jacob Grimm, Wilhelm Grimm","Mandy Moore, Zachary Levi, Donna Murphy","The magically long-haired Rapunzel has spent her entire life in a tower, but now that a runaway thief has stumbled upon her, she is about to discover the world for the first time, and who she really is.","English, German","United States, Japan",Nominated for 1 Oscar. 10 wins & 42 nominations total,https://m.media-amazon.com/images/M/MV5BMTAxNDYxMjg0MjNeQTJeQWpwZ15BbWU3MDcyNTk2OTM@._V1_SX300.jpg,71,7.7,"540,207","$200,821,936"
Color,Rob Reiner,185.0,98,0.0,594.0,Carol Kane,18000.0,30857814.0,Adventure|Family|Fantasy|Romance,Robin Wright,The Princess Bride ,294163,20060,André the Giant,0.0,fairy tale|giant|pirate|princess|true love,http://www.imdb.com/title/tt0093779/?ref_=fn_tt_tt_1,718.0,English,USA,PG,16000000.0,1987,636.0,8.1,1.85,33000,4,Adventure,Family,Fantasy,tt0093779,The Princess Bride,1987,PG,09 Oct 1987,98 min,"Adventure, Comedy, Family",Rob Reiner,William Goldman,"Cary Elwes, Mandy Patinkin, Robin Wright","A bedridden boy's grandfather reads him the story of a farmboy-turned-pirate who encounters numerous obstacles, enemies and allies in his quest to be reunited with his true love.",English,United States,Nominated for 1 Oscar. 7 wins & 11 nominations total,https://m.media-amazon.com/images/M/MV5BMjFiOTEyNGMtN2E4MC00ZjZlLTk3ZDQtNTU1ZGNiZTA1MzJlXkEyXkFqcGc@._V1_SX300.jpg,78,8.0,"481,984","$30,857,814"
Color,Michael Mann,299.0,120,0.0,680.0,Jada Pinkett Smith,10000.0,100003492.0,Crime|Drama|Thriller,Tom Cruise,Collateral ,293662,13581,Debi Mazar,0.0,city by night|contract killer|driving at night|los angeles california|taxi,http://www.imdb.com/title/tt0369339/?ref_=fn_tt_tt_1,836.0,English,USA,R,65000000.0,2004,851.0,7.6,2.35,0,3,Crime,Drama,Thriller,tt0369339,Collateral,2004,R,06 Aug 2004,120 min,"Action, Crime, Drama",Michael Mann,Stuart Beattie,"Tom Cruise, Jamie Foxx, Jada Pinkett Smith",A cab driver finds himself the hostage of an engaging contract killer as he makes his rounds from hit to hit during one night in Los Angeles.,"English, Spanish, French, Korean",United States,Nominated for 2 Oscars. 22 wins & 73 nominations total,https://m.media-amazon.com/images/M/MV5BMjE3NjM5OTMxMV5BMl5BanBnXkFtZTcwOTIzMTQyMw@@._V1_SX300.jpg,71,7.5,"464,872","$101,005,703"
Color,Dan Gilroy,534.0,117,66.0,85.0,Michael Papajohn,15000.0,32279955.0,Crime|Drama|Thriller,Jake Gyllenhaal,Nightcrawler ,293304,15554,James Huang,1.0,employer employee relationship|ethics|journalism|sociopath|tv news,http://www.imdb.com/title/tt2872718/?ref_=fn_tt_tt_1,552.0,English,USA,R,8500000.0,2014,241.0,7.9,2.35,65000,3,Crime,Drama,Thriller,tt2872718,Nightcrawler,2014,R,31 Oct 2014,117 min,"Crime, Drama, Thriller",Dan Gilroy,Dan Gilroy,"Jake Gyllenhaal, Rene Russo, Bill Paxton",A petty thief desperate for work muscles into the world of crime journalism and becomes the star of his own story as he blurs the line between observer and participant.,English,United States,Nominated for 1 Oscar. 46 wins & 126 nominations total,https://m.media-amazon.com/images/M/MV5BYjMwMmI5MWQtOTU4OS00OTAyLTg0OTYtNmQ5YzExZTQ3ZWJhXkEyXkFqcGc@._V1_SX300.jpg,76,7.8,"662,221","$32,381,217"
Color,Ridley Scott,200.0,152,0.0,557.0,Sam Shepard,2000.0,108638745.0,Drama|History|War,Ioan Gruffudd,Black Hawk Down ,292022,4270,Ewen Bremner,0.0,army|helicopter|somali|somalia|warlord,http://www.imdb.com/title/tt0265086/?ref_=fn_tt_tt_1,1103.0,English,USA,R,92000000.0,2001,820.0,7.7,2.35,10000,3,Drama,History,War,tt0265086,Black Hawk Down,2002,R,18 Jan 2002,144 min,"Action, Drama, History",Ridley Scott,"Mark Bowden, Ken Nolan","Josh Hartnett, Ewan McGregor, Tom Sizemore","The story of one hundred and sixty elite U.S. soldiers who dropped into Mogadishu in October 1993 to capture two top lieutenants of a renegade warlord, but found themselves in a desperate battle with a large force of heavily armed...","English, Arabic, Somali","United States, United Kingdom",Won 2 Oscars. 11 wins & 37 nominations total,"https://m.media-amazon.com/images/M/MV5BYTM3YTQ1M2MtNDEyNC00NzRlLWFmOTgtYjBhNDg2ODNjNTU0XkEyXkFqcGc@._V1_QL75_UX380_CR0,0,380,562_.jpg",74,7.7,"454,170","$108,638,745"
 Black and White,Victor Fleming,213.0,102,149.0,357.0,Terry,695.0,22202612.0,Adventure|Family|Fantasy|Musical,Margaret Hamilton,The Wizard of Oz ,291875,2509,Billie Burke,3.0,evil witch|tornado|witch|wizard|wizard of oz,http://www.imdb.com/title/tt0032138/?ref_=fn_tt_tt_1,533.0,English,USA,Passed,2800000.0,1939,421.0,8.1,1.37,14000,4,Adventure,Family,Fantasy,tt0032138,The Wizard of Oz,1939,G,25 Aug 1939,102 min,"Adventure, Family, Fantasy","Victor Fleming, George Cukor, Norman Taurog","Noel Langley, Florence Ryerson, Edgar Allan Woolf","Judy Garland, Frank Morgan, Ray Bolger","Young Dorothy Gale and her dog Toto are swept away by a tornado from their Kansas farm to the magical Land of Oz and embark on a quest with three new friends to see the Wizard, who can return her to her home and fulfill the others...",English,United States,Won 2 Oscars. 16 wins & 14 nominations total,https://m.media-amazon.com/images/M/MV5BYWRmY2I0MGItYTQ0OC00NWZmLWIwMDktYjJlNDc0MzVhMmViXkEyXkFqcGc@._V1_SX300.jpg,92,8.1,"464,833","$24,668,669"
Color,Oliver Stone,120.0,120,0.0,576.0,Tom Berenger,40000.0,137963328.0,Drama|War,Johnny Depp,Platoon ,291603,42028,Kevin Dillon,0.0,1960s|famous score|hero|vietnam|vietnam war,http://www.imdb.com/title/tt0091763/?ref_=fn_tt_tt_1,505.0,English,UK,R,6000000.0,1986,854.0,8.1,1.85,9000,2,Drama,War,,tt0091763,Platoon,1986,R,19 Dec 1986,120 min,"Drama, War",Oliver Stone,Oliver Stone,"Charlie Sheen, Tom Berenger, Willem Dafoe","Chris Taylor, a neophyte recruit in Vietnam, finds himself caught in a battle of wills between two sergeants, one good and the other evil. A shrewd examination of the brutality of war and the duality of man in conflict.","English, Vietnamese","United States, United Kingdom",Won 4 Oscars. 24 wins & 16 nominations total,"https://m.media-amazon.com/images/M/MV5BZjE4YjllODAtZGMxZS00Mjg2LThkOWUtZjNkMjQ5YThiNDU4XkEyXkFqcGc@._V1_QL75_UX380_CR0,16,380,562_.jpg",92,8.1,"472,202","$138,530,565"
Color,John McTiernan,217.0,107,323.0,794.0,Bill Duke,1000.0,59735548.0,Action|Horror|Sci-Fi,Shane Black,Predator ,290949,4223,Carl Weathers,1.0,box office hit|commando|death of friend|jungle|severed arm,http://www.imdb.com/title/tt0093773/?ref_=fn_tt_tt_1,629.0,English,USA,R,15000000.0,1987,1000.0,7.8,1.85,13000,3,Action,Horror,Sci-Fi,tt0093773,Predator,1987,R,12 Jun 1987,107 min,"Action, Adventure, Horror",John McTiernan,"Jim Thomas, John Thomas","Arnold Schwarzenegger, Carl Weathers, Kevin Peter Hall",A team of commandos on a mission in a Central American jungle find themselves hunted by an extraterrestrial warrior.,"English, Spanish, Russian","United States, Mexico",Nominated for 1 Oscar. 3 wins & 6 nominations total,"https://m.media-amazon.com/images/M/MV5BOWEzMDI0MTUtMjQ0Yy00MGRhLWI4YjAtZTgzZTM3NTYxZGJkXkEyXkFqcGc@._V1_QL75_UX380_CR0,2,380,562_.jpg",47,7.8,"499,718","$59,735,548"
 Black and White,Alex Garland,489.0,108,232.0,123.0,Sonoya Mizuno,149.0,25440971.0,Drama|Mystery|Sci-Fi|Thriller,Elina Alminas,Ex Machina ,289508,430,Corey Johnson,0.0,artificial intelligence|robot|robot human relationship|turing test|video surveillance,http://www.imdb.com/title/tt0470752/?ref_=fn_tt_tt_1,611.0,English,UK,R,15000000.0,2015,145.0,7.7,2.35,109000,4,Drama,Mystery,Sci-Fi,tt0470752,Ex Machina,2014,R,24 Apr 2015,108 min,"Drama, Sci-Fi, Thriller",Alex Garland,Alex Garland,"Alicia Vikander, Domhnall Gleeson, Oscar Isaac",A young programmer is selected to participate in a ground-breaking experiment in synthetic intelligence by evaluating the human qualities of a highly advanced humanoid A.I.,English,"United Kingdom, United States",Won 1 Oscar. 74 wins & 162 nominations total,https://m.media-amazon.com/images/M/MV5BMTUxNzc0OTIxMV5BMl5BanBnXkFtZTgwNDI3NzU2NDE@._V1_SX300.jpg,78,7.7,"633,967","$25,442,958"
Color,Peter Farrelly,84.0,113,137.0,481.0,Mike Starr,879.0,127175354.0,Comedy,Lauren Holly,Dumb & Dumber ,288451,2985,Teri Garr,2.0,briefcase full of money|character repeating someone else's dialogue|character says i love you|friendship|reference to cinderella,http://www.imdb.com/title/tt0109686/?ref_=fn_tt_tt_1,438.0,English,USA,PG-13,16000000.0,1994,854.0,7.3,1.85,0,1,Comedy,,,tt0109686,Dumb and Dumber,1994,PG-13,16 Dec 1994,107 min,Comedy,"Peter Farrelly, Bobby Farrelly","Peter Farrelly, Bennett Yellin, Bobby Farrelly","Jim Carrey, Jeff Daniels, Lauren Holly","After a woman leaves a briefcase at the airport terminal, a dumb limo driver and his dumber friend set out on a hilarious cross-country road trip to Aspen to return it.","English, Swedish, German",United States,5 wins & 3 nominations total,https://m.media-amazon.com/images/M/MV5BNGQxZDA1MmMtYWQ1Ni00NTJmLTljMjgtZWVmODllODVhMzgyXkEyXkFqcGc@._V1_SX300.jpg,41,7.3,"441,244","$127,190,327"
Color,J.J. Abrams,539.0,112,14000.0,417.0,AJ Michalka,1000.0,126975169.0,Mystery|Sci-Fi|Thriller,Joel Courtney,Super 8 ,287822,3388,Zach Mills,0.0,deputy|group of friends|time|train|train crash,http://www.imdb.com/title/tt1650062/?ref_=fn_tt_tt_1,849.0,English,USA,PG-13,50000000.0,2011,560.0,7.1,2.35,37000,3,Mystery,Sci-Fi,Thriller,tt1650062,Super 8,2011,PG-13,10 Jun 2011,112 min,"Action, Sci-Fi, Thriller",J.J. Abrams,J.J. Abrams,"Elle Fanning, AJ Michalka, Kyle Chandler","During the summer of 1979, a group of friends witness a train crash and investigate subsequent unexplained events in their small town.",English,United States,11 wins & 71 nominations total,https://m.media-amazon.com/images/M/MV5BMjIzNjEyMzcwOF5BMl5BanBnXkFtZTcwMTkyMjE0NQ@@._V1_SX300.jpg,72,7.0,"379,157","$127,004,179"
Color,Pierre Coffin,306.0,98,275.0,1000.0,Miranda Cosgrove,7000.0,368049635.0,Animation|Comedy|Family|Sci-Fi,Steve Carell,Despicable Me 2 ,286877,11905,Steve Coogan,0.0,dating|minion|overprotective father|undercover spy|woman agent,http://www.imdb.com/title/tt1690953/?ref_=fn_tt_tt_1,284.0,English,USA,PG,76000000.0,2013,2000.0,7.5,1.85,56000,4,Animation,Comedy,Family,tt1690953,Despicable Me 2,2013,PG,03 Jul 2013,98 min,"Animation, Adventure, Comedy","Pierre Coffin, Chris Renaud","Cinco Paul, Ken Daurio","Steve Carell, Kristen Wiig, Benjamin Bratt","When a new criminal comes to town, the Anti-Villain League decides to hire Gru in order to fight him off. While Gru initially refuses, he eventually agrees after his aide goes back to his evil ways.","English, Ukrainian","United States, France, Japan",Nominated for 2 Oscars. 12 wins & 66 nominations total,https://m.media-amazon.com/images/M/MV5BMTQxNzY1MjI5NF5BMl5BanBnXkFtZTcwNTI0MDY1OQ@@._V1_SX300.jpg,62,7.3,"456,712","$368,065,385"
Color,Andrew Adamson,284.0,150,80.0,82.0,Kiran Shah,1000.0,291709845.0,Adventure|Family|Fantasy,Jim Broadbent,"The Chronicles of Narnia: The Lion, the Witch and the Wardrobe ",286506,1317,Shane Rangi,5.0,hide and seek|lion|magic|professor|snow,http://www.imdb.com/title/tt0363771/?ref_=fn_tt_tt_1,1463.0,English,USA,PG,180000000.0,2005,190.0,6.9,2.35,0,3,Adventure,Family,Fantasy,tt0363771,"The Chronicles of Narnia: The Lion, the Witch and the Wardrobe",2005,PG,09 Dec 2005,143 min,"Adventure, Family, Fantasy",Andrew Adamson,"Ann Peacock, Andrew Adamson, Christopher Markus","Tilda Swinton, Georgie Henley, William Moseley","While playing, Lucy and her siblings find a wardrobe that lands them in a mystical place called Narnia. Here they realize that it was fated and they must now unite with Aslan to defeat an evil queen.","English, German, Brazilian Sign ","United Kingdom, United States",Won 1 Oscar. 18 wins & 46 nominations total,https://m.media-amazon.com/images/M/MV5BMTc0NTUwMTU5OV5BMl5BanBnXkFtZTcwNjAwNzQzMw@@._V1_SX300.jpg,75,6.9,"450,246","$291,710,957"
Color,David Frankel,208.0,109,64.0,505.0,Anne Hathaway,11000.0,124732962.0,Comedy|Drama|Romance,Meryl Streep,The Devil Wears Prada ,286178,23923,Rebecca Mader,0.0,fashion|fashion industry|magazine|new york city|publishing,http://www.imdb.com/title/tt0458352/?ref_=fn_tt_tt_1,631.0,English,USA,PG-13,35000000.0,2006,11000.0,6.8,2.35,0,3,Comedy,Drama,Romance,tt0458352,The Devil Wears Prada,2006,PG-13,30 Jun 2006,109 min,"Comedy, Drama",David Frankel,"Aline Brosh McKenna, Lauren Weisberger","Anne Hathaway, Meryl Streep, Adrian Grenier","With an aspiration to become a journalist, Andy, a smart but sensible young graduate, travels to New York. She starts working as an assistant to one of the city's biggest high fashion magazine editors, the cynical Miranda Priestly.","English, French","United States, France",Nominated for 2 Oscars. 21 wins & 53 nominations total,https://m.media-amazon.com/images/M/MV5BOWM3NTI3YWEtYjJmMy00M2U5LWI1NzEtZWM3ZDY2ZWNjOGRiXkEyXkFqcGc@._V1_SX300.jpg,62,7.0,"524,526","$124,740,460"
Color,McG,422.0,118,368.0,988.0,Bryce Dallas Howard,23000.0,125320003.0,Action|Adventure|Sci-Fi,Christian Bale,Terminator Salvation ,286095,27468,Common,0.0,death row|future|machine|rescue|skynet,http://www.imdb.com/title/tt0438488/?ref_=fn_tt_tt_1,974.0,English,USA,PG-13,200000000.0,2009,3000.0,6.6,2.35,0,3,Action,Adventure,Sci-Fi,tt0438488,Terminator Salvation,2009,PG-13,21 May 2009,115 min,"Action, Adventure, Sci-Fi",McG,"John Brancato, Michael Ferris","Christian Bale, Sam Worthington, Anton Yelchin","As the machines prepare for a final attack, John Connor and a mysterious stranger delve into the heart of Skynet and uncover a terrible secret involving the annihilation of mankind.","English, Italian",United States,2 wins & 14 nominations total,https://m.media-amazon.com/images/M/MV5BMWY1OWQ4ZWQtYzZkOS00ZTU0LWE3MDItOTg3YzdmODRkMDVjXkEyXkFqcGc@._V1_SX300.jpg,49,6.5,"388,740","$125,322,469"
Color,F. Gary Gray,155.0,111,473.0,82.0,Charlize Theron,26000.0,106126012.0,Action|Crime|Thriller,Jason Statham,The Italian Job ,285623,35084,Jimmy Shubert,6.0,gold|heist|revenge|traffic jam|venice italy,http://www.imdb.com/title/tt0317740/?ref_=fn_tt_tt_1,497.0,English,USA,PG-13,60000000.0,2003,9000.0,7.0,2.35,0,3,Action,Crime,Thriller,tt0317740,The Italian Job,2003,PG-13,30 May 2003,111 min,"Action, Crime, Thriller",F. Gary Gray,"Troy Kennedy Martin, Donna Powers, Wayne Powers","Donald Sutherland, Mark Wahlberg, Edward Norton","After being betrayed and left for dead in Italy, Charlie Croker and his team plan an elaborate gold heist against their former ally.","English, Russian, Italian","United Kingdom, Italy, Germany, United States",7 wins & 9 nominations total,https://m.media-amazon.com/images/M/MV5BMjJjNzc5YjAtZjU2Ni00ZjVkLTkzYmItM2E2NDM0NWE1YmJhXkEyXkFqcGc@._V1_SX300.jpg,68,7.0,"405,378","$106,128,601"
Color,Steven Soderbergh,198.0,125,0.0,350.0,Julia Roberts,11000.0,125531634.0,Crime|Thriller,Brad Pitt,Ocean's Twelve ,284852,19359,Mini Anden,0.0,father daughter relationship|heist|pretending to be pregnant|sequel|thief,http://www.imdb.com/title/tt0349903/?ref_=fn_tt_tt_1,627.0,English,USA,PG-13,110000000.0,2004,8000.0,6.4,2.35,0,2,Crime,Thriller,,tt0349903,Ocean's Twelve,2004,PG-13,10 Dec 2004,125 min,"Crime, Thriller",Steven Soderbergh,"George Nolfi, George Clayton Johnson, Jack Golden Russell","George Clooney, Brad Pitt, Julia Roberts",Daniel Ocean recruits one more team member so he can pull off three major European heists in this sequel to Ocean's Eleven (2001).,"English, Dutch, French, Italian, Mandarin",United States,4 wins & 10 nominations total,https://m.media-amazon.com/images/M/MV5BNjgxNjY3ODEtMTZhOC00NjgyLTg4YTAtZjA4ZDI2MDQ4OGJmXkEyXkFqcGc@._V1_SX300.jpg,58,6.5,"435,634","$125,544,280"
Color,Tom Tykwer,511.0,172,670.0,1000.0,Jim Sturgess,15000.0,27098580.0,Drama|Sci-Fi,Tom Hanks,Cloud Atlas ,284825,22686,Jim Broadbent,5.0,composer|future|letter|nonlinear timeline|nursing home,http://www.imdb.com/title/tt1371111/?ref_=fn_tt_tt_1,828.0,English,Germany,R,102000000.0,2012,5000.0,7.5,2.35,124000,2,Drama,Sci-Fi,,tt1371111,Cloud Atlas,2012,R,26 Oct 2012,172 min,"Drama, Mystery, Sci-Fi","Tom Tykwer, Lana Wachowski, Lilly Wachowski","David Mitchell, Lana Wachowski, Tom Tykwer","Tom Hanks, Halle Berry, Hugh Grant","As souls are born and reborn, they renew their connections to one another throughout the ages.","English, Spanish, Ukrainian, Korean","United States, Germany, Hong Kong, Singapore, China, United Kingdom, Spain",15 wins & 79 nominations total,https://m.media-amazon.com/images/M/MV5BMTczMTgxMjc4NF5BMl5BanBnXkFtZTcwNjM5MTA2OA@@._V1_SX300.jpg,55,7.3,"385,516","$27,108,272"
Color,Justin Lin,342.0,132,681.0,12000.0,Vin Diesel,23000.0,209805005.0,Action|Crime|Thriller,Paul Walker,Fast Five ,284792,55345,Dwayne Johnson,3.0,drug lord|drugs|federal agent|heist|police,http://www.imdb.com/title/tt1596343/?ref_=fn_tt_tt_1,366.0,English,USA,PG-13,125000000.0,2011,14000.0,7.3,2.35,54000,3,Action,Crime,Thriller,tt1596343,Fast Five,2011,PG-13,29 Apr 2011,130 min,"Action, Crime, Thriller",Justin Lin,"Chris Morgan, Gary Scott Thompson","Vin Diesel, Paul Walker, Dwayne Johnson",Dominic Toretto and his crew of street racers plan a massive heist to buy their freedom while in the sights of a powerful Brazilian drug lord and a dangerous federal agent.,"English, Portuguese, Spanish, Italian, French","United States, Brazil, Japan",9 wins & 21 nominations total,https://m.media-amazon.com/images/M/MV5BMTUxNTk5MTE0OF5BMl5BanBnXkFtZTcwMjA2NzY3NA@@._V1_SX300.jpg,66,7.3,"430,221","$209,837,675"
Color,William Friedkin,304.0,132,607.0,259.0,Linda Blair,1000.0,204565000.0,Horror,Ellen Burstyn,The Exorcist ,284252,2466,Lee J. Cobb,0.0,demonic possession|exorcism|exorcist|loss of innocence|priest,http://www.imdb.com/title/tt0070047/?ref_=fn_tt_tt_1,1058.0,English,USA,R,8000000.0,1973,931.0,8.0,1.37,18000,1,Horror,,,tt0070047,The Exorcist,1973,R,26 Dec 1973,122 min,Horror,William Friedkin,William Peter Blatty,"Ellen Burstyn, Max von Sydow, Linda Blair","When a mysterious entity possesses a young girl, her mother seeks the help of two Catholic priests to save her life.","English, Latin, Greek, French, German, Arabic, Kurdish",United States,Won 2 Oscars. 18 wins & 21 nominations total,https://m.media-amazon.com/images/M/MV5BZjg3YjE4ZjAtYTdmYS00ZTBkLWE1ZjgtNzAzODUwNzRiYjlmXkEyXkFqcGc@._V1_SX300.jpg,83,8.1,"495,533","$233,005,644"
Color,John Woo,155.0,138,610.0,805.0,CCH Pounder,12000.0,112225777.0,Action|Crime|Sci-Fi|Thriller,Nicolas Cage,Face/Off ,283967,17087,Joan Allen,0.0,death of child|face|face transplant|prison|terrorist,http://www.imdb.com/title/tt0119094/?ref_=fn_tt_tt_1,535.0,English,USA,R,80000000.0,1997,1000.0,7.3,2.35,11000,4,Action,Crime,Sci-Fi,tt0119094,Face/Off,1997,R,27 Jun 1997,138 min,"Action, Crime, Sci-Fi",John Woo,"Mike Werb, Michael Colleary","John Travolta, Nicolas Cage, Joan Allen","To foil a terrorist plot, an FBI agent assumes the identity of the criminal who murdered his son via facial transplant surgery, but the crook wakes up prematurely and vows revenge.","English, Latin",United States,Nominated for 1 Oscar. 11 wins & 23 nominations total,https://m.media-amazon.com/images/M/MV5BOGQyOWNmYTgtZWY0NS00NzhjLTg3NmMtMzcwYzQ2OTA2OTJkXkEyXkFqcGc@._V1_SX300.jpg,82,7.3,"424,977","$112,276,146"
Color,Bennett Miller,419.0,133,152.0,11000.0,Robin Wright,22000.0,75605492.0,Biography|Drama|Sport,Philip Seymour Hoffman,Moneyball ,283563,53094,Brad Pitt,1.0,baseball|meeting|statistics|strategy|voice over,http://www.imdb.com/title/tt1210166/?ref_=fn_tt_tt_1,312.0,English,USA,PG-13,50000000.0,2011,18000.0,7.6,1.85,27000,3,Biography,Drama,Sport,tt1210166,Moneyball,2011,PG-13,23 Sep 2011,133 min,"Biography, Drama, Sport",Bennett Miller,"Steven Zaillian, Aaron Sorkin, Stan Chervin","Brad Pitt, Robin Wright, Jonah Hill",Oakland A's general manager Billy Beane's successful attempt to assemble a baseball team on a lean budget by employing computer-generated analysis to acquire new players.,English,United States,Nominated for 6 Oscars. 29 wins & 82 nominations total,https://m.media-amazon.com/images/M/MV5BMjAxOTU3Mzc1M15BMl5BanBnXkFtZTcwMzk1ODUzNg@@._V1_SX300.jpg,87,7.6,"504,163","$75,605,492"
Color,Robert Zemeckis,111.0,118,0.0,690.0,Jeffrey Weissman,1000.0,87666629.0,Adventure|Comedy|Sci-Fi|Western,Lea Thompson,Back to the Future Part III ,283480,3986,Thomas F. Wilson,0.0,band|dog|letter|time machine|tombstone,http://www.imdb.com/title/tt0099088/?ref_=fn_tt_tt_1,263.0,English,USA,PG,40000000.0,1990,869.0,7.4,1.37,0,4,Adventure,Comedy,Sci-Fi,tt0099088,Back to the Future Part III,1990,PG,25 May 1990,118 min,"Adventure, Comedy, Sci-Fi",Robert Zemeckis,"Robert Zemeckis, Bob Gale","Michael J. Fox, Christopher Lloyd, Mary Steenburgen","Stranded in 1955, Marty McFly learns about the death of Doc Brown in 1885 and must travel back in time to save him. With no fuel readily available for the DeLorean, the two must figure how to escape the Old West before Emmett is m...",English,United States,5 wins & 11 nominations total,"https://m.media-amazon.com/images/M/MV5BNTNkNzJmY2MtOGNjYi00NDJmLWIyZTQtNmFmMGQ5M2VlOTI0XkEyXkFqcGc@._V1_QL75_UY562_CR0,0,380,562_.jpg",55,7.5,"519,424","$88,277,583"
Color,Roland Emmerich,367.0,158,776.0,310.0,Liam James,1000.0,166112167.0,Action|Adventure|Sci-Fi,Oliver Platt,2012 ,283418,2144,Tom McCarthy,0.0,ark|catastrophe|geologist|president|writer,http://www.imdb.com/title/tt1190080/?ref_=fn_tt_tt_1,1055.0,English,USA,PG-13,200000000.0,2009,468.0,5.8,2.35,13000,3,Action,Adventure,Sci-Fi,tt1190080,2012,2009,PG-13,13 Nov 2009,158 min,"Action, Adventure, Sci-Fi",Roland Emmerich,"Roland Emmerich, Harald Kloser","John Cusack, Thandiwe Newton, Chiwetel Ejiofor",A frustrated writer struggles to keep his family alive when a series of global catastrophes threatens to annihilate mankind.,"English, French, Tibetan, Mandarin, Russian, Hindi, Portuguese, Latin, Italian, Spanish",United States,5 wins & 21 nominations total,https://m.media-amazon.com/images/M/MV5BMTY0MjEyODQzMF5BMl5BanBnXkFtZTcwMTczMjQ4Mg@@._V1_SX300.jpg,49,5.9,"419,441","$166,112,167"
Color,Steven Spielberg,215.0,120,14000.0,548.0,Dee Wallace,861.0,434949459.0,Family|Sci-Fi,Henry Thomas,E.T. the Extra-Terrestrial ,281842,2811,Peter Coyote,0.0,bicyclist|boy|doll|star wars reference|voice impersonation,http://www.imdb.com/title/tt0083866/?ref_=fn_tt_tt_1,515.0,English,USA,PG,10500000.0,1982,725.0,7.9,1.85,34000,2,Family,Sci-Fi,,tt0083866,E.T. the Extra-Terrestrial,1982,PG,11 Jun 1982,115 min,"Adventure, Family, Sci-Fi",Steven Spielberg,Melissa Mathison,"Henry Thomas, Drew Barrymore, Peter Coyote",A troubled child summons the courage to help a friendly alien escape from Earth and return to his home planet.,English,United States,Won 4 Oscars. 52 wins & 39 nominations total,https://m.media-amazon.com/images/M/MV5BYTNhNmY0YWMtMTczYi00MTA0LThhMmUtMTIxYzE0Y2QwMzRlXkEyXkFqcGc@._V1_SX300.jpg,92,7.9,"468,998","$439,454,989"
Color,Brad Anderson,204.0,94,122.0,360.0,Jennifer Jason Leigh,23000.0,1082044.0,Drama|Thriller,Christian Bale,The Machinist ,281649,24994,Reg E. Cathey,0.0,alienation|conscience|insomnia|paranoia|urban gothic,http://www.imdb.com/title/tt0361862/?ref_=fn_tt_tt_1,458.0,English,Spain,R,5000000.0,2004,1000.0,7.7,2.35,21000,2,Drama,Thriller,,tt0361862,The Machinist,2004,R,03 Dec 2004,101 min,"Drama, Thriller",Brad Anderson,Scott Kosar,"Christian Bale, Jennifer Jason Leigh, Aitana Sánchez-Gijón",An industrial worker who hasn't slept in a year begins to doubt his own sanity.,"English, Spanish","Spain, United States",7 wins & 15 nominations total,https://m.media-amazon.com/images/M/MV5BY2I1MmUxYmMtZjk3OC00N2MwLWI2YjAtNGQxODA1Y2I3YTI4XkEyXkFqcGc@._V1_SX300.jpg,61,7.6,"439,507","$1,082,715"
Color,Ben Affleck,378.0,150,0.0,206.0,Jon Hamm,10000.0,92173235.0,Crime|Drama|Thriller,Jeremy Renner,The Town ,280228,14296,Owen Burke,7.0,bank manager|bank robbery|criminal gang|heist|prison,http://www.imdb.com/title/tt0840361/?ref_=fn_tt_tt_1,420.0,English,USA,R,37000000.0,2010,4000.0,7.6,2.35,29000,3,Crime,Drama,Thriller,tt0840361,The Town,2010,R,17 Sep 2010,125 min,"Crime, Drama, Thriller",Ben Affleck,"Peter Craig, Ben Affleck, Aaron Stockard","Ben Affleck, Rebecca Hall, Jon Hamm",A proficient group of thieves rob a bank and hold the manager hostage. Things begin to get complicated when one of the crew members falls in love with her.,English,"United States, United Kingdom",Nominated for 1 Oscar. 9 wins & 46 nominations total,https://m.media-amazon.com/images/M/MV5BMTcyNzcxODg3Nl5BMl5BanBnXkFtZTcwMTUyNjQ3Mw@@._V1_SX300.jpg,74,7.5,"444,731","$92,186,262"
Color,Danny Boyle,450.0,94,0.0,223.0,Treat Williams,11000.0,18329466.0,Adventure|Biography|Drama|Thriller,James Franco,127 Hours ,279179,11984,Kate Burton,0.0,alone|aron ralston|based on autobiography|canyon|survival,http://www.imdb.com/title/tt1542344/?ref_=fn_tt_tt_1,440.0,English,USA,R,18000000.0,2010,642.0,7.6,1.85,63000,4,Adventure,Biography,Drama,tt1542344,127 Hours,2010,R,28 Jan 2011,94 min,"Biography, Drama",Danny Boyle,"Aron Ralston, Danny Boyle, Simon Beaufoy","James Franco, Amber Tamblyn, Kate Mara","A mountain climber becomes trapped under a boulder while canyoneering alone near Moab, Utah and resorts to desperate measures in order to survive.","English, Italian","United Kingdom, United States, France",Nominated for 6 Oscars. 23 wins & 150 nominations total,https://m.media-amazon.com/images/M/MV5BMTc2NjMzOTE3Ml5BMl5BanBnXkFtZTcwMDE0OTc5Mw@@._V1_SX300.jpg,82,7.5,"422,701","$18,335,230"
Color,Don Hall,384.0,102,38.0,562.0,Daniel Henney,756.0,222487711.0,Action|Adventure|Animation|Comedy|Drama|Family|Sci-Fi,Damon Wayans Jr.,Big Hero 6 ,279093,2963,Abraham Benrubi,0.0,high tech|martial arts|masked man|robot|superhero,http://www.imdb.com/title/tt2245084/?ref_=fn_tt_tt_1,433.0,English,USA,PG,165000000.0,2014,719.0,7.9,2.39,41000,7,Action,Adventure,Animation,tt2245084,Big Hero 6,2014,PG,07 Nov 2014,102 min,"Animation, Action, Adventure","Don Hall, Chris Williams","Jordan Roberts, Robert L. Baird, Daniel Gerson","Ryan Potter, Scott Adsit, Jamie Chung","A special bond develops between plus-sized inflatable robot Baymax and prodigy Hiro Hamada, who together team up with a group of friends to form a band of high-tech heroes.",English,United States,Won 1 Oscar. 17 wins & 58 nominations total,https://m.media-amazon.com/images/M/MV5BYjQ3YzUyOGQtNjdlYS00YmRhLWIyOWYtMGQ3YjkwMjJiYzRjXkEyXkFqcGc@._V1_SX300.jpg,74,7.8,"548,572","$222,527,828"
Color,Steven Spielberg,177.0,129,14000.0,227.0,Richard Schiff,610.0,229074524.0,Action|Adventure|Sci-Fi,Ariana Richards,The Lost World: Jurassic Park ,278362,1635,Vanessa Lee Chester,0.0,capture|dinosaur|island|jurassic|jurassic park,http://www.imdb.com/title/tt0119567/?ref_=fn_tt_tt_1,552.0,English,USA,PG-13,73000000.0,1997,506.0,6.5,1.85,0,3,Action,Adventure,Sci-Fi,tt0119567,The Lost World: Jurassic Park,1997,PG-13,22 May 1997,129 min,"Action, Adventure, Sci-Fi",Steven Spielberg,"Michael Crichton, David Koepp","Jeff Goldblum, Julianne Moore, Pete Postlethwaite","A research team is sent to the Jurassic Park Site B island to study the dinosaurs there, while an InGen team approaches with another agenda.","English, Spanish",United States,Nominated for 1 Oscar. 4 wins & 28 nominations total,https://m.media-amazon.com/images/M/MV5BMGI3NDg5N2ItZGIyZi00ZWNkLWFlODUtZDA1Y2Q1M2U4NGM2XkEyXkFqcGc@._V1_SX300.jpg,59,6.6,"473,902","$229,086,679"
Color,James Wan,424.0,140,0.0,14000.0,Paul Walker,26000.0,350034110.0,Action|Crime|Thriller,Jason Statham,Furious 7 ,278232,79150,Vin Diesel,0.0,car falling off a cliff|hospital|revenge|star died before release|terrorist,http://www.imdb.com/title/tt2820852/?ref_=fn_tt_tt_1,657.0,English,USA,PG-13,190000000.0,2015,23000.0,7.2,2.35,94000,3,Action,Crime,Thriller,tt2820852,Furious 7,2015,PG-13,03 Apr 2015,137 min,"Action, Thriller",James Wan,"Chris Morgan, Gary Scott Thompson","Vin Diesel, Paul Walker, Dwayne Johnson",Deckard Shaw seeks revenge against Dominic Toretto and his family for his comatose brother.,"English, Thai, Arabic, Spanish","United States, China, Japan, Canada, United Arab Emirates",36 wins & 36 nominations total,https://m.media-amazon.com/images/M/MV5BMTQxOTA2NDUzOV5BMl5BanBnXkFtZTgwNzY2MTMxMzE@._V1_SX300.jpg,67,7.1,"437,204","$353,007,020"
Color,Clint Eastwood,131.0,131,16000.0,638.0,Morgan Freeman,16000.0,101157447.0,Drama|Western,Clint Eastwood,Unforgiven ,277505,28544,Frances Fisher,1.0,englishman|leaving flowers on a grave|one last job|reputation|visiting wife's grave,http://www.imdb.com/title/tt0105695/?ref_=fn_tt_tt_1,495.0,English,USA,R,14400000.0,1992,11000.0,8.3,2.35,10000,2,Drama,Western,,tt0105695,Unforgiven,1992,R,07 Aug 1992,130 min,"Drama, Western",Clint Eastwood,David Webb Peoples,"Clint Eastwood, Gene Hackman, Morgan Freeman","Retired Old West gunslinger Will Munny reluctantly takes on one last job to avenge an injustice with the help of his old partner and a young would-be gunman calling himself ""The Schofield Kid"".",English,United States,Won 4 Oscars. 52 wins & 47 nominations total,https://m.media-amazon.com/images/M/MV5BNmZmMzM3YWMtZjg5Yi00M2MxLTg3ZGItNGU4YjQxNDAxM2Q4XkEyXkFqcGc@._V1_SX300.jpg,85,8.2,"465,109","$101,167,799"
Color,Peter Weir,96.0,128,608.0,1000.0,Josh Charles,49000.0,95860116.0,Comedy|Drama,Robin Williams,Dead Poets Society ,277451,51609,Kurtwood Smith,0.0,education|english teacher|poet|professor|student,http://www.imdb.com/title/tt0097165/?ref_=fn_tt_tt_1,491.0,English,USA,PG,16400000.0,1989,1000.0,8.0,1.85,23000,2,Comedy,Drama,,tt0097165,Dead Poets Society,1989,PG,09 Jun 1989,128 min,"Comedy, Drama",Peter Weir,Tom Schulman,"Robin Williams, Robert Sean Leonard, Ethan Hawke","Maverick teacher John Keating returns in 1959 to the prestigious New England boys' boarding school where he was once a star student, using poetry to embolden his pupils to new heights of self-expression.","English, Latin, French",United States,Won 1 Oscar. 20 wins & 19 nominations total,https://m.media-amazon.com/images/M/MV5BMDYwNGVlY2ItMWYxMS00YjZiLWE5MTAtYWM5NWQ2ZWJjY2Q3XkEyXkFqcGc@._V1_SX300.jpg,79,8.1,"643,802","$95,860,116"
Color,Drew Goddard,634.0,95,246.0,751.0,Bradley Whitford,26000.0,42043633.0,Fantasy|Horror|Mystery|Thriller,Chris Hemsworth,The Cabin in the Woods ,277172,29551,Kristen Connolly,0.0,cabin in the woods|dark humor|hatchet|killed in an elevator|robot,http://www.imdb.com/title/tt1259521/?ref_=fn_tt_tt_1,986.0,English,USA,R,30000000.0,2012,821.0,7.0,2.35,66000,4,Fantasy,Horror,Mystery,tt1259521,The Cabin in the Woods,2012,R,13 Apr 2012,95 min,"Horror, Mystery, Thriller",Drew Goddard,"Joss Whedon, Drew Goddard","Kristen Connolly, Chris Hemsworth, Anna Hutchison","Five teens visit a remote cabin and explore its cellar, finding strange items. When Dana reads from a book there, she unleashes zombie killers. But the situation is more complex than it appears.","English, Japanese","Canada, United States",20 wins & 34 nominations total,"https://m.media-amazon.com/images/M/MV5BNTUxNzYyMjg2N15BMl5BanBnXkFtZTcwMTExNzExNw@@._V1_QL75_UX380_CR0,0,380,562_.jpg",72,7.0,"489,310","$42,073,277"
Color,Will Gluck,262.0,92,87.0,424.0,Dan Byrd,15000.0,58401464.0,Comedy|Romance,Emma Stone,Easy A ,276746,16982,Fred Armisen,1.0,gay|gay interest|high school|school|student,http://www.imdb.com/title/tt1282140/?ref_=fn_tt_tt_1,264.0,English,USA,PG-13,8000000.0,2010,1000.0,7.1,1.85,19000,2,Comedy,Romance,,tt1282140,Easy A,2010,PG-13,17 Sep 2010,92 min,"Comedy, Drama, Romance",Will Gluck,Bert V. Royal,"Emma Stone, Amanda Bynes, Penn Badgley","When Olive lies to her best friend about losing her virginity to one of the college boys, a girl overhears their conversation. Soon, her story spreads across the entire school like wildfire.",English,United States,9 wins & 22 nominations total,https://m.media-amazon.com/images/M/MV5BMjE1MzU1Mjg1OF5BMl5BanBnXkFtZTcwNDc3NDQ2Mw@@._V1_SX300.jpg,72,7.0,"441,433","$58,401,464"
Color,David O. Russell,410.0,116,737.0,141.0,Jack McGee,23000.0,93571803.0,Biography|Drama|Sport,Christian Bale,The Fighter ,275869,23811,Melissa McMeekin,2.0,boxer|boxing|boxing match|crack cocaine|lowell massachusetts,http://www.imdb.com/title/tt0964517/?ref_=fn_tt_tt_1,389.0,English,USA,R,25000000.0,2010,238.0,7.9,2.35,36000,3,Biography,Drama,Sport,tt0964517,The Fighter,2010,R,17 Dec 2010,116 min,"Action, Biography, Drama",David O. Russell,"Keith Dorrington, Paul Tamasy, Eric Johnson","Mark Wahlberg, Christian Bale, Amy Adams","Based on the story of Micky Ward, a fledgling boxer who tries to escape the shadow of his more famous but troubled older boxing brother and get his own shot at greatness.",English,United States,Won 2 Oscars. 74 wins & 123 nominations total,https://m.media-amazon.com/images/M/MV5BMTM0ODk3MjM1MV5BMl5BanBnXkFtZTcwNzc1MDIwNA@@._V1_SX300.jpg,79,7.8,"405,736","$93,617,009"
Color,Sam Mendes,602.0,148,0.0,161.0,Rory Kinnear,11000.0,200074175.0,Action|Adventure|Thriller,Christoph Waltz,Spectre ,275868,11700,Stephanie Sigman,1.0,bomb|espionage|sequel|spy|terrorist,http://www.imdb.com/title/tt2379713/?ref_=fn_tt_tt_1,994.0,English,UK,PG-13,245000000.0,2015,393.0,6.8,2.35,85000,3,Action,Adventure,Thriller,tt2379713,Spectre,2015,PG-13,06 Nov 2015,148 min,"Action, Adventure, Thriller",Sam Mendes,"John Logan, Neal Purvis, Robert Wade","Daniel Craig, Christoph Waltz, Léa Seydoux","A cryptic message from James Bond's past sends him on a trail to uncover the existence of a sinister organisation named SPECTRE. With a new threat dawning, Bond learns the terrible truth about the author of all his pain in his mos...","English, German, Italian, Spanish, French, Ukrainian","United Kingdom, United States, Morocco, Italy, Austria, Canada, Mexico",Won 1 Oscar. 8 wins & 37 nominations total,https://m.media-amazon.com/images/M/MV5BMzA5MzFiNDAtYTI0NC00MDE5LTljYTctYTNkODk1OTZlODI5XkEyXkFqcGc@._V1_SX300.jpg,60,6.8,"493,010","$200,074,609"
Color,Frank Capra,206.0,118,964.0,248.0,Lionel Barrymore,488.0,,Drama|Family|Fantasy|Romance,Donna Reed,It's a Wonderful Life ,275720,1844,Thomas Mitchell,0.0,angel|bank|guardian angel|second chance|small town life,http://www.imdb.com/title/tt0038650/?ref_=fn_tt_tt_1,706.0,English,USA,PG,3180000.0,1946,275.0,8.6,1.37,41000,4,Drama,Family,Fantasy,tt0038650,It's a Wonderful Life,1946,PG,07 Jan 1947,130 min,"Drama, Family, Fantasy",Frank Capra,"Frances Goodrich, Albert Hackett, Frank Capra","James Stewart, Donna Reed, Lionel Barrymore",An angel is sent from Heaven to help a desperately frustrated businessman see the value of his own life.,"English, French",United States,Nominated for 5 Oscars. 11 wins & 7 nominations total,https://m.media-amazon.com/images/M/MV5BMDM4OWFhYjEtNTE5Yy00NjcyLTg5N2UtZDQwNDZlYjlmNDU5XkEyXkFqcGc@._V1_SX300.jpg,89,8.6,"552,062","$1,483,643"
Color,Edgar Wright,393.0,112,1000.0,719.0,Kieran Culkin,10000.0,31494270.0,Action|Comedy|Fantasy|Romance,Anna Kendrick,Scott Pilgrim vs. the World ,273921,12687,Ellen Wong,0.0,band|dating|high school|hipster|rock band,http://www.imdb.com/title/tt0446029/?ref_=fn_tt_tt_1,522.0,English,USA,PG-13,60000000.0,2010,1000.0,7.5,1.85,36000,4,Action,Comedy,Fantasy,tt0446029,Scott Pilgrim vs. the World,2010,PG-13,13 Aug 2010,112 min,"Action, Comedy, Fantasy",Edgar Wright,"Michael Bacall, Edgar Wright, Bryan Lee O'Malley","Michael Cera, Mary Elizabeth Winstead, Kieran Culkin","A young man must defeat his new girlfriend's seven evil exes, who are willing to do anything to prevent her happiness with someone else.",English,"United States, United Kingdom, Canada, Japan",18 wins & 66 nominations total,"https://m.media-amazon.com/images/M/MV5BNTA5ZWMwNmYtNWI1ZS00NDRlLTkxNzktMzdhZDU2ZDhjNDJmXkEyXkFqcGc@._V1_QL75_UY562_CR10,0,380,562_.jpg",69,7.5,"495,847","$33,525,605"
Color,Mark Andrews,488.0,93,56.0,838.0,John Ratzenberger,2000.0,237282182.0,Adventure|Animation|Comedy|Family|Fantasy,Kelly Macdonald,Brave ,273556,5005,Julie Walters,0.0,archery|coming of age|female warrior|princess|rebellious daughter,http://www.imdb.com/title/tt1217209/?ref_=fn_tt_tt_1,428.0,English,USA,PG,185000000.0,2012,1000.0,7.2,2.35,39000,5,Adventure,Animation,Comedy,tt1217209,Brave,2012,PG,22 Jun 2012,93 min,"Animation, Action, Adventure","Mark Andrews, Brenda Chapman, Steve Purcell","Mark Andrews, Steve Purcell, Brenda Chapman","Kelly Macdonald, Billy Connolly, Emma Thompson","Determined to make her own path in life, Princess Merida defies a custom that brings chaos to her kingdom. Granted one wish, Merida must rely on her bravery and her archery skills to undo a beastly curse.",English,"United States, Japan, United Kingdom",Won 1 Oscar. 20 wins & 48 nominations total,https://m.media-amazon.com/images/M/MV5BMzgwODk3ODA1NF5BMl5BanBnXkFtZTcwNjU3NjQ0Nw@@._V1_SX300.jpg,69,7.1,"475,578","$237,283,207"
Color,Spike Lee,230.0,129,0.0,277.0,James Ransone,18000.0,88504640.0,Crime|Drama|Mystery|Thriller,Denzel Washington,Inside Man ,273108,19148,Peter Gerety,2.0,bank|detective|negotiation|police|robber,http://www.imdb.com/title/tt0454848/?ref_=fn_tt_tt_1,646.0,English,USA,R,45000000.0,2006,412.0,7.6,2.35,0,4,Crime,Drama,Mystery,tt0454848,Inside Man,2006,R,24 Mar 2006,129 min,"Crime, Drama, Mystery",Spike Lee,Russell Gewirtz,"Denzel Washington, Clive Owen, Jodie Foster","A police detective, a bank robber and a high-power broker enter high-stakes negotiations after the criminal's brilliant heist spirals into a hostage situation.","English, Albanian, Spanish, Polish",United States,5 wins & 12 nominations total,https://m.media-amazon.com/images/M/MV5BZWFmMDZkYjktMjYyOS00MTM2LTg2MmQtOTUwMzJjMDlhZDY1XkEyXkFqcGc@._V1_SX300.jpg,76,7.6,"422,850","$88,513,495"
Color,Quentin Tarantino,596.0,187,16000.0,1000.0,Jennifer Jason Leigh,46000.0,54116191.0,Crime|Drama|Mystery|Thriller|Western,Craig Stark,The Hateful Eight ,272839,49912,Zoë Bell,1.0,blizzard|blood vomiting|bounty hunter|murder|shot in the crotch,http://www.imdb.com/title/tt3460252/?ref_=fn_tt_tt_1,1018.0,English,USA,R,44000000.0,2015,1000.0,7.9,2.76,114000,5,Crime,Drama,Mystery,tt3460252,The Hateful Eight,2015,R,30 Dec 2015,168 min,"Crime, Drama, Mystery",Quentin Tarantino,Quentin Tarantino,"Samuel L. Jackson, Kurt Russell, Jennifer Jason Leigh","In the dead of a Wyoming winter, a bounty hunter and his prisoner find shelter in a cabin currently inhabited by a collection of nefarious characters.","English, Spanish, French, Persian",United States,Won 1 Oscar. 46 wins & 116 nominations total,https://m.media-amazon.com/images/M/MV5BMjA1MTc1NTg5NV5BMl5BanBnXkFtZTgwOTM2MDEzNzE@._V1_SX300.jpg,68,7.8,"718,072","$54,117,416"
Color,Todd Phillips,307.0,95,480.0,490.0,RZA,21000.0,100448498.0,Comedy|Drama,Robert Downey Jr.,Due Date ,272789,23018,Matt Walsh,3.0,actor|aspiring actor|birth|misadventure|suitcase,http://www.imdb.com/title/tt1231583/?ref_=fn_tt_tt_1,285.0,English,USA,R,65000000.0,2010,561.0,6.6,2.35,25000,2,Comedy,Drama,,tt1231583,Due Date,2010,R,05 Nov 2010,95 min,"Comedy, Drama",Todd Phillips,"Alan R. Cohen, Alan Freedland, Adam Sztykiel","Robert Downey Jr., Zach Galifianakis, Michelle Monaghan",High-strung father-to-be Peter Highman is forced to hitch a ride with aspiring actor Ethan Tremblay on a road trip in order to make it to his child's birth on time.,"English, Spanish",United States,7 nominations total,https://m.media-amazon.com/images/M/MV5BMTU5MTgxODM3Nl5BMl5BanBnXkFtZTcwMjMxNDEwNA@@._V1_SX300.jpg,51,6.5,"370,607","$100,539,043"
Color,Anthony Russo,516.0,147,94.0,11000.0,Scarlett Johansson,21000.0,407197282.0,Action|Adventure|Sci-Fi,Robert Downey Jr.,Captain America: Civil War ,272670,64798,Chris Evans,0.0,based on comic book|knife|marvel cinematic universe|returning character killed off|superhero,http://www.imdb.com/title/tt3498820/?ref_=fn_tt_tt_1,1022.0,English,USA,PG-13,250000000.0,2016,19000.0,8.2,2.35,72000,3,Action,Adventure,Sci-Fi,tt3498820,Captain America: Civil War,2016,PG-13,06 May 2016,147 min,"Action, Sci-Fi","Anthony Russo, Joe Russo","Christopher Markus, Stephen McFeely, Joe Simon","Chris Evans, Robert Downey Jr., Scarlett Johansson",Political involvement in the Avengers' affairs causes a rift between Captain America and Iron Man.,"English, German, Xhosa, Russian, Romanian","United States, Germany, Iceland, United Kingdom",16 wins & 73 nominations total,"https://m.media-amazon.com/images/M/MV5BMjQ0MTgyNjAxMV5BMl5BanBnXkFtZTgwNjUzMDkyODE@._V1_QL75_UX380_CR0,0,380,562_.jpg",75,7.8,"925,892","$408,084,349"
Color,Rich Moore,377.0,101,66.0,833.0,Sarah Silverman,975.0,189412677.0,Adventure|Animation|Comedy|Family|Sci-Fi,Jack McBrayer,Wreck-It Ralph ,272534,4451,Joe Lo Truglio,1.0,arcade|candy|glitch|king|medal,http://www.imdb.com/title/tt1772341/?ref_=fn_tt_tt_1,345.0,English,USA,PG,165000000.0,2012,931.0,7.8,2.35,40000,5,Adventure,Animation,Comedy,tt1772341,Wreck-It Ralph,2012,PG,02 Nov 2012,101 min,"Animation, Adventure, Comedy",Rich Moore,"Rich Moore, Phil Johnston, Jim Reardon","John C. Reilly, Jack McBrayer, Jane Lynch",Ralph is tired of playing the role of a bad guy and embarks on a journey to become a video game hero. But he accidentally lets loose a deadly enemy that threatens the entire arcade.,English,United States,Nominated for 1 Oscar. 33 wins & 42 nominations total,https://m.media-amazon.com/images/M/MV5BNzMxNTExOTkyMF5BMl5BanBnXkFtZTcwMzEyNDc0OA@@._V1_SX300.jpg,72,7.7,"494,419","$189,422,889"
Color,Rob Cohen,187.0,106,357.0,4000.0,Vin Diesel,23000.0,144512310.0,Action|Crime|Thriller,Paul Walker,The Fast and the Furious ,272223,45327,Jordana Brewster,2.0,eighteen wheeler|illegal street racing|truck|trucker|undercover cop,http://www.imdb.com/title/tt0232500/?ref_=fn_tt_tt_1,988.0,English,USA,PG-13,38000000.0,2001,14000.0,6.7,2.35,14000,3,Action,Crime,Thriller,tt0232500,The Fast and the Furious,2001,PG-13,22 Jun 2001,106 min,"Action, Crime, Thriller",Rob Cohen,"Ken Li, Gary Scott Thompson, Erik Bergquist","Vin Diesel, Paul Walker, Michelle Rodriguez",Los Angeles police officer Brian O'Conner must decide where his loyalty really lies when he becomes enamored with the street racing world he has been sent undercover to end it.,"English, Spanish","United States, Germany",11 wins & 18 nominations total,https://m.media-amazon.com/images/M/MV5BZGRiMDE1NTMtMThmZS00YjE4LWI1ODQtNjRkZGZlOTg2MGE1XkEyXkFqcGc@._V1_SX300.jpg,58,6.8,"452,738","$144,745,925"
Color,Rob Reiner,99.0,89,0.0,107.0,Frances Lee McCain,217.0,52287414.0,Adventure|Drama,Marshall Bell,Stand by Me ,271794,644,Casey Siemaszko,2.0,friendship|summertime|treehouse|walking on train tracks|woods,http://www.imdb.com/title/tt0092005/?ref_=fn_tt_tt_1,584.0,English,USA,R,8000000.0,1986,107.0,8.1,1.85,24000,2,Adventure,Drama,,tt0092005,Stand by Me,1986,R,22 Aug 1986,89 min,"Adventure, Comedy, Drama",Rob Reiner,"Stephen King, Raynold Gideon, Bruce A. Evans","Wil Wheaton, River Phoenix, Corey Feldman",A writer recounts a childhood journey with his friends to find the body of a missing boy.,English,United States,Nominated for 1 Oscar. 6 wins & 12 nominations total,https://m.media-amazon.com/images/M/MV5BNGJkNTUwM2MtZWE2MS00YjNkLWE3MjktNWQwZDQxMDIyZWVmXkEyXkFqcGc@._V1_SX300.jpg,75,8.1,"480,200","$52,287,414"
Color,Peyton Reed,190.0,104,235.0,1000.0,Zooey Deschanel,14000.0,97680195.0,Comedy|Romance,Bradley Cooper,Yes Man ,271691,29505,Danny Masterson,1.0,best friend|dvd|girlfriend|loan|self help,http://www.imdb.com/title/tt1068680/?ref_=fn_tt_tt_1,243.0,English,USA,PG-13,70000000.0,2008,11000.0,6.8,2.35,0,2,Comedy,Romance,,tt1068680,Yes Man,2008,PG-13,19 Dec 2008,104 min,"Comedy, Romance",Peyton Reed,"Nicholas Stoller, Jarrad Paul, Andrew Mogel","Jim Carrey, Zooey Deschanel, Bradley Cooper","A man challenges himself to say ""yes"" to everything.","English, Korean",United States,3 wins & 9 nominations total,https://m.media-amazon.com/images/M/MV5BZWQ4YzBiMzgtM2ZhZC00ZDQ5LWFiZjgtNmFlNzZlMTBkZTJhXkEyXkFqcGc@._V1_SX300.jpg,46,6.8,"403,090","$97,690,976"
Color,M. Night Shyamalan,208.0,106,0.0,242.0,Merritt Wever,710.0,227965690.0,Drama|Sci-Fi|Thriller,Rory Culkin,Signs ,271592,1675,Cherry Jones,0.0,crop circle|faith|farm|glass of water|loss of faith,http://www.imdb.com/title/tt0286106/?ref_=fn_tt_tt_1,2335.0,English,USA,PG-13,72000000.0,2002,529.0,6.7,1.85,0,3,Drama,Sci-Fi,Thriller,tt0286106,Signs,2002,PG-13,02 Aug 2002,106 min,"Drama, Mystery, Sci-Fi",M. Night Shyamalan,M. Night Shyamalan,"Mel Gibson, Joaquin Phoenix, Rory Culkin","A widowed former reverend living with his children and brother on a Pennsylvania farm finds mysterious crop circles in their fields, which suggests something more frightening to come.","English, Portuguese",United States,3 wins & 34 nominations total,https://m.media-amazon.com/images/M/MV5BNDUwMDUyMDAyNF5BMl5BanBnXkFtZTYwMDQ3NzM3._V1_SX300.jpg,59,6.8,"409,811","$227,966,634"
Color,Milos Forman,134.0,180,869.0,521.0,F. Murray Abraham,692.0,51600000.0,Biography|Drama|History|Music,Jeffrey Jones,Amadeus ,270790,3076,Tom Hulce,0.0,1800s|classical composer|composer|first person narration|opera,http://www.imdb.com/title/tt0086879/?ref_=fn_tt_tt_1,549.0,English,USA,R,18000000.0,1984,670.0,8.3,2.35,16000,4,Biography,Drama,History,tt0086879,Amadeus,1984,PG,19 Sep 1984,160 min,"Biography, Drama, Music",Milos Forman,"Peter Shaffer, Zdenek Mahler","F. Murray Abraham, Tom Hulce, Elizabeth Berridge","The life and work of Wolfgang Amadeus Mozart seen through the eyes of his contemporary and rival, Antonio Salieri.","English, Italian, Latin, German, French","United States, France",Won 8 Oscars. 43 wins & 15 nominations total,https://m.media-amazon.com/images/M/MV5BMzc2MjM0NTMtOGY4NC00NzY1LWE2ODUtZjMzY2RhNGNkZDAyXkEyXkFqcGc@._V1_SX300.jpg,87,8.4,"465,171","$51,973,029"
Color,Jonathan Levine,327.0,100,129.0,3000.0,Anna Kendrick,23000.0,34963967.0,Comedy|Drama|Romance,Joseph Gordon-Levitt,50/50 ,270441,39807,Bryce Dallas Howard,2.0,best friend|cancer|survival rate|therapist|vomiting,http://www.imdb.com/title/tt1306980/?ref_=fn_tt_tt_1,378.0,English,USA,R,8000000.0,2011,10000.0,7.7,1.85,40000,3,Comedy,Drama,Romance,tt1306980,50/50,2011,R,30 Sep 2011,100 min,"Comedy, Drama, Romance",Jonathan Levine,Will Reiser,"Joseph Gordon-Levitt, Seth Rogen, Anna Kendrick","Inspired by a true story, a comedy centered on a 27-year-old guy who learns of his cancer diagnosis and his subsequent struggle to beat the disease.",English,United States,12 wins & 28 nominations total,https://m.media-amazon.com/images/M/MV5BNjg3ODQyNTIyN15BMl5BanBnXkFtZTcwMjUzNzM5NQ@@._V1_SX300.jpg,72,7.6,"352,503","$35,014,192"
Color,Jason Reitman,391.0,108,655.0,940.0,Anna Kendrick,24000.0,83813460.0,Drama|Romance,J.K. Simmons,Up in the Air ,270238,35209,Chris Lowell,0.0,airport|business trip|downsizing|on the road|travel,http://www.imdb.com/title/tt1193138/?ref_=fn_tt_tt_1,452.0,English,USA,R,25000000.0,2009,10000.0,7.4,1.85,19000,2,Drama,Romance,,tt1193138,Up in the Air,2009,R,23 Dec 2009,109 min,"Comedy, Drama, Romance",Jason Reitman,"Walter Kirn, Jason Reitman, Sheldon Turner","George Clooney, Vera Farmiga, Anna Kendrick","Ryan's job is to travel around the country firing off people. When his boss hires Natalie, who proposes firing people via video conference, he tries to convince her that her method is a mistake.",English,United States,Nominated for 6 Oscars. 75 wins & 171 nominations total,https://m.media-amazon.com/images/M/MV5BMTI3MzYxMTA4NF5BMl5BanBnXkFtZTcwMDE4ODg3Mg@@._V1_SX300.jpg,83,7.4,"357,535","$83,823,381"
Color,Will Gluck,238.0,109,87.0,923.0,Justin Timberlake,15000.0,55802754.0,Comedy|Romance,Mila Kunis,Friends with Benefits ,270228,20956,Masi Oka,2.0,blow job|female rear nudity|girl in panties|male objectification|no panties,http://www.imdb.com/title/tt1632708/?ref_=fn_tt_tt_1,194.0,English,USA,R,35000000.0,2011,3000.0,6.6,2.35,41000,2,Comedy,Romance,,tt1632708,Friends with Benefits,2011,R,22 Jul 2011,109 min,"Comedy, Romance",Will Gluck,"Keith Merryman, David A. Newman, Will Gluck","Mila Kunis, Justin Timberlake, Patricia Clarkson","A young man and woman decide to take their friendship to the next level without becoming a couple, but soon discover that adding sex only leads to complications.",English,United States,1 win & 5 nominations total,https://m.media-amazon.com/images/M/MV5BMTQ2MzQ0NTk4N15BMl5BanBnXkFtZTcwMDc2NDYzNQ@@._V1_SX300.jpg,63,6.5,"417,864","$55,802,754"
Color,Sylvester Stallone,424.0,113,13000.0,5000.0,Sylvester Stallone,26000.0,102981571.0,Action|Adventure|Thriller,Jason Statham,The Expendables ,270226,46355,Jet Li,9.0,action hero|assassination attempt|explosion|machine gun|rescue mission,http://www.imdb.com/title/tt1320253/?ref_=fn_tt_tt_1,741.0,English,USA,R,80000000.0,2010,13000.0,6.5,2.35,57000,3,Action,Adventure,Thriller,tt1320253,The Expendables,2010,R,13 Aug 2010,103 min,"Action, Adventure, Thriller",Sylvester Stallone,"Dave Callaham, Sylvester Stallone","Sylvester Stallone, Jason Statham, Jet Li",A CIA operative hires a team of mercenaries to eliminate a Latin dictator and a renegade CIA agent.,"English, Spanish","United States, Bulgaria, Spain, Germany",3 wins & 5 nominations total,"https://m.media-amazon.com/images/M/MV5BNTUwODQyNjM0NF5BMl5BanBnXkFtZTcwNDMwMTU1Mw@@._V1_QL75_UX380_CR0,1,380,562_.jpg",45,6.4,"380,153","$103,068,524"
Color,Barry Sonnenfeld,208.0,88,188.0,826.0,Rosario Dawson,10000.0,190418803.0,Action|Adventure|Comedy|Family|Fantasy|Mystery|Sci-Fi,Will Smith,Men in Black II ,270207,14823,Rip Torn,2.0,alien|lingerie|lingerie model|m.i.b.|pug,http://www.imdb.com/title/tt0120912/?ref_=fn_tt_tt_1,606.0,English,USA,PG-13,140000000.0,2002,3000.0,6.1,1.85,2000,7,Action,Adventure,Comedy,tt0120912,Men in Black II,2002,PG-13,03 Jul 2002,88 min,"Action, Adventure, Comedy",Barry Sonnenfeld,"Lowell Cunningham, Robert Gordon, Barry Fanaro","Tommy Lee Jones, Will Smith, Rip Torn",Agent J is sent to find Agent K and restore his memory after the re-appearance of a case from K's past.,English,United States,4 wins & 16 nominations total,https://m.media-amazon.com/images/M/MV5BMTMxNDA0NTMxMV5BMl5BanBnXkFtZTYwMDE2NzY2._V1_SX300.jpg,49,6.2,"428,899","$193,735,288"
Color,Renny Harlin,142.0,124,212.0,576.0,John Amos,13000.0,117541000.0,Action|Thriller,Bruce Willis,Die Hard 2 ,269858,16595,Franco Nero,0.0,airport|fuel|plane|police|terrorist,http://www.imdb.com/title/tt0099423/?ref_=fn_tt_tt_1,316.0,English,USA,R,70000000.0,1990,982.0,7.1,2.35,0,2,Action,Thriller,,tt0099423,Die Hard 2,1990,R,03 Jul 1990,124 min,"Action, Thriller",Renny Harlin,"Steven E. de Souza, Doug Richardson, Walter Wager","Bruce Willis, William Atherton, Bonnie Bedelia","One year after the Nakatomi Plaza incident, John McClane faces off against terrorists who seize control of Washington Dulles Airport's systems on Christmas Eve, endangering multiple incoming flights, including one carrying his wif...","English, Spanish",United States,1 win & 1 nomination total,https://m.media-amazon.com/images/M/MV5BMTA1OGFlZWUtZjE4Yy00MzFmLTlhYjctOGY5ZmZjOWFlOWUwXkEyXkFqcGc@._V1_SX300.jpg,67,7.2,"405,542","$117,540,947"
Color,Tim Burton,186.0,126,13000.0,488.0,Jack Palance,920.0,251188924.0,Action|Adventure,Michael Gough,Batman ,269033,2725,William Hootkins,0.0,city|dc comics|gotham|pantyhose|police,http://www.imdb.com/title/tt0096895/?ref_=fn_tt_tt_1,817.0,English,USA,PG-13,35000000.0,1989,549.0,7.6,1.85,12000,2,Action,Adventure,,tt0096895,Batman,1989,PG-13,23 Jun 1989,126 min,"Action, Adventure",Tim Burton,"Bob Kane, Sam Hamm, Warren Skaaren","Michael Keaton, Jack Nicholson, Kim Basinger","The Dark Knight of Gotham City begins his war on crime with his first major enemy being Jack Napier, a criminal who becomes the clownishly homicidal Joker.","English, French, Spanish","United States, United Kingdom",Won 1 Oscar. 13 wins & 30 nominations total,https://m.media-amazon.com/images/M/MV5BYzZmZWViM2EtNzhlMi00NzBlLWE0MWEtZDFjMjk3YjIyNTBhXkEyXkFqcGc@._V1_SX300.jpg,69,7.5,"429,189","$251,409,241"
Color,Alejandro Amenábar,239.0,101,448.0,83.0,Elaine Cassidy,482.0,96471845.0,Fantasy|Horror|Thriller,Fionnula Flanagan,The Others ,268581,956,Eric Sykes,0.0,curtain|haunting|mansion|mute|xeroderma pigmentosum,http://www.imdb.com/title/tt0230600/?ref_=fn_tt_tt_1,1109.0,English,USA,PG-13,17000000.0,2001,203.0,7.6,1.85,20000,3,Fantasy,Horror,Thriller,tt0230600,The Others,2001,PG-13,10 Aug 2001,104 min,"Horror, Mystery, Thriller",Alejandro Amenábar,Alejandro Amenábar,"Nicole Kidman, Christopher Eccleston, Fionnula Flanagan","In 1945, immediately following the end of Second World War, a woman who lives with her two photosensitive children on her darkened old family estate in the Channel Islands becomes convinced that the home is haunted.",English,"Spain, France, United States",Nominated for 2 BAFTA 29 wins & 55 nominations total,https://m.media-amazon.com/images/M/MV5BZTNhODBkODAtNDllYy00YTg1LWJmNDUtYjgzMzEzOWQ0YWNjXkEyXkFqcGc@._V1_SX300.jpg,74,7.6,"424,115","$96,578,502"
Color,Barry Sonnenfeld,451.0,106,188.0,718.0,Michael Stuhlbarg,10000.0,179020854.0,Action|Adventure|Comedy|Family|Fantasy|Sci-Fi,Will Smith,Men in Black 3 ,268154,12572,Nicole Scherzinger,1.0,alien|criminal|m.i.b.|maximum security prison|prison,http://www.imdb.com/title/tt1409024/?ref_=fn_tt_tt_1,341.0,English,USA,PG-13,225000000.0,2012,816.0,6.8,1.85,40000,6,Action,Adventure,Comedy,tt1409024,Men in Black³,2012,PG-13,25 May 2012,106 min,"Action, Adventure, Comedy",Barry Sonnenfeld,"Etan Cohen, Lowell Cunningham","Will Smith, Tommy Lee Jones, Josh Brolin",Agent J travels in time to M.I.B.'s early days in 1969 to stop an alien from assassinating his friend Agent K and changing history.,"English, Ukrainian","United States, United Arab Emirates",2 wins & 13 nominations total,https://m.media-amazon.com/images/M/MV5BMTU2NTYxODcwMF5BMl5BanBnXkFtZTcwNDk1NDY0Nw@@._V1_SX300.jpg,58,6.8,"409,954","$179,020,854"
Color,Francis Ford Coppola,110.0,170,0.0,889.0,Joe Mantegna,14000.0,66676062.0,Crime|Drama,Al Pacino,The Godfather: Part III ,267980,16949,Bridget Fonda,1.0,1970s|family relationships|mob hit|opera|repeating history,http://www.imdb.com/title/tt0099674/?ref_=fn_tt_tt_1,545.0,English,USA,R,54000000.0,1990,1000.0,7.6,1.85,0,2,Crime,Drama,,tt0099674,The Godfather Part III,1990,R,25 Dec 1990,162 min,"Crime, Drama",Francis Ford Coppola,"Mario Puzo, Francis Ford Coppola","Al Pacino, Diane Keaton, Andy Garcia","Follows Michael Corleone, now in his 60s, as he seeks to free his family from crime and find a suitable successor to his empire.","English, Italian, German, Latin, Persian",United States,Nominated for 7 Oscars. 6 wins & 23 nominations total,"https://m.media-amazon.com/images/M/MV5BMDVjODgzNTEtNjBiNS00ODBjLWEwZjUtMDljZTFhOTA4M2MxXkEyXkFqcGc@._V1_QL75_UX380_CR0,0,380,562_.jpg",60,7.5,"454,746","$66,761,392"
Color,Adam McKay,181.0,98,285.0,7000.0,Will Ferrell,640000.0,84136909.0,Comedy,Darcy Donavan,Anchorman: The Legend of Ron Burgundy ,267921,656730,Steve Carell,5.0,1970s|anchorman|news anchor|newsroom|tv station,http://www.imdb.com/title/tt0357413/?ref_=fn_tt_tt_1,577.0,English,USA,PG-13,26000000.0,2004,8000.0,7.2,1.85,0,1,Comedy,,,tt0357413,Anchorman: The Legend of Ron Burgundy,2004,PG-13,09 Jul 2004,94 min,Comedy,Adam McKay,"Will Ferrell, Adam McKay","Will Ferrell, Christina Applegate, Steve Carell","In the 1970s, an anchorman's stint as San Diego's top-rated newsreader is challenged when an ambitious newswoman becomes his co-anchor.","English, French, Spanish",United States,1 win & 13 nominations total,https://m.media-amazon.com/images/M/MV5BMTQ2MzYwMzk5Ml5BMl5BanBnXkFtZTcwOTI4NzUyMw@@._V1_SX300.jpg,63,7.1,"398,569","$85,288,303"
Color,Eric Darnell,181.0,86,35.0,179.0,Cedric the Entertainer,851.0,193136719.0,Adventure|Animation|Comedy|Family,Jada Pinkett Smith,Madagascar ,266636,1777,Andy Richter,0.0,escape|jungle|lemur|madagascar|zoo,http://www.imdb.com/title/tt0351283/?ref_=fn_tt_tt_1,385.0,English,USA,PG,75000000.0,2005,436.0,6.9,1.85,0,4,Adventure,Animation,Comedy,tt0351283,Madagascar,2005,PG,27 May 2005,86 min,"Animation, Adventure, Comedy","Eric Darnell, Tom McGrath","Mark Burton, Billy Frolick, Eric Darnell","Chris Rock, Ben Stiller, David Schwimmer","A group of animals who have spent all their life in a New York zoo end up in the jungles of Madagascar, and must adjust to living in the wild.","English, Portuguese, Spanish, German, French, American Sign ","United States, Canada, United Kingdom",4 wins & 32 nominations total,https://m.media-amazon.com/images/M/MV5BYjk4OGFmZmYtYWE4NC00MzM4LTkwZTItODdhMjk3NTZjMmI5XkEyXkFqcGc@._V1_SX300.jpg,57,6.9,"473,809","$194,820,396"
Color,Tony Scott,171.0,146,12000.0,451.0,Radha Mitchell,18000.0,77862546.0,Action|Crime|Drama|Thriller,Denzel Washington,Man on Fire ,266310,20454,Giancarlo Giannini,2.0,bodyguard|journalist|kidnapping|mexico|police corruption,http://www.imdb.com/title/tt0328107/?ref_=fn_tt_tt_1,690.0,English,USA,R,70000000.0,2004,992.0,7.7,2.35,14000,4,Action,Crime,Drama,tt0328107,Man on Fire,2004,R,23 Apr 2004,146 min,"Action, Crime, Drama",Tony Scott,"A.J. Quinnell, Brian Helgeland","Denzel Washington, Christopher Walken, Dakota Fanning","In Mexico City, a former CIA operative swears vengeance on those who committed an unspeakable act against the family he was hired to protect.","English, Spanish","Switzerland, United Kingdom, United States, Mexico",1 win & 7 nominations total,https://m.media-amazon.com/images/M/MV5BMGMzNjg3ZDgtOGNlNy00NTdjLWI2NDEtMjI1MmEwMTBmMjMxXkEyXkFqcGc@._V1_SX300.jpg,47,7.7,"416,346","$77,911,774"
Color,Peter Segal,147.0,99,88.0,328.0,Peter Dante,11000.0,120776832.0,Comedy|Romance,Adam Sandler,50 First Dates ,266103,12952,Allen Covert,2.0,dream|hawaii|hawaiian shirt|short term memory loss|veterinarian,http://www.imdb.com/title/tt0343660/?ref_=fn_tt_tt_1,456.0,English,USA,PG-13,75000000.0,2004,427.0,6.8,2.35,11000,2,Comedy,Romance,,tt0343660,50 First Dates,2004,PG-13,13 Feb 2004,99 min,"Comedy, Drama, Romance",Peter Segal,George Wing,"Adam Sandler, Drew Barrymore, Rob Schneider",Henry Roth is a man afraid of commitment until he meets the beautiful Lucy. They hit it off and Henry think he's finally found the girl of his dreams until discovering she has short-term memory loss and forgets him the next day.,"English, Hawaiian, Mandarin",United States,6 wins & 10 nominations total,"https://m.media-amazon.com/images/M/MV5BMjAwMzc4MDgxNF5BMl5BanBnXkFtZTYwNjUwMzE3._V1_QL75_UX380_CR0,1,380,562_.jpg",48,6.8,"413,878","$120,908,074"
Color,Richard Linklater,548.0,165,0.0,127.0,Lorelei Linklater,230.0,25359200.0,Drama,Ellar Coltrane,Boyhood ,266020,673,Libby Villari,0.0,12 year time span|coming of age|domestic abuse|growing up|separated parents,http://www.imdb.com/title/tt1065073/?ref_=fn_tt_tt_1,836.0,English,USA,R,4000000.0,2014,193.0,8.0,1.85,92000,1,Drama,,,tt1065073,Boyhood,2014,R,15 Aug 2014,165 min,Drama,Richard Linklater,Richard Linklater,"Ellar Coltrane, Patricia Arquette, Ethan Hawke","The life of Mason, from early childhood to his arrival at college.","English, Spanish, Ukrainian, Arabic",United States,Won 1 Oscar. 178 wins & 220 nominations total,https://m.media-amazon.com/images/M/MV5BMTYzNDc2MDc0N15BMl5BanBnXkFtZTgwOTcwMDQ5MTE@._V1_SX300.jpg,100,7.9,"378,193","$25,352,281"
Color,Chuck Russell,57.0,114,55.0,360.0,Amy Yasbeck,789.0,119938730.0,Action|Comedy|Crime|Fantasy,Peter Greene,The Mask ,265818,2085,Reg E. Cathey,0.0,bank|bank clerk|gangster|loki|mask,http://www.imdb.com/title/tt0110475/?ref_=fn_tt_tt_1,213.0,English,USA,PG-13,18000000.0,1994,424.0,6.9,1.85,0,4,Action,Comedy,Crime,tt0110475,The Mask,1994,PG-13,29 Jul 1994,101 min,"Comedy, Crime, Fantasy",Chuck Russell,"Michael Fallon, Mark Verheiden, Mike Werb","Jim Carrey, Cameron Diaz, Peter Riegert",Bank clerk Stanley Ipkiss is transformed into a manic superhero when he wears a mysterious mask.,"English, Swedish",United States,Nominated for 1 Oscar. 6 wins & 22 nominations total,https://m.media-amazon.com/images/M/MV5BNGNmNjI0ZmMtMzI5MC00ZjUyLWFlZDEtYjUyMGZlN2E3N2E2XkEyXkFqcGc@._V1_SX300.jpg,59,7.0,"464,432","$119,938,730"
Color,James Marsh,419.0,123,120.0,149.0,Emily Watson,13000.0,35887263.0,Biography|Drama|Romance,Eddie Redmayne,The Theory of Everything ,265507,14100,Simon McBurney,0.0,based on memoir|cambridge university|husband wife relationship|lou gehrig's disease|physicist,http://www.imdb.com/title/tt2980516/?ref_=fn_tt_tt_1,388.0,English,UK,PG-13,15000000.0,2014,876.0,7.7,2.35,90000,3,Biography,Drama,Romance,tt2980516,The Theory of Everything,2014,PG-13,26 Nov 2014,123 min,"Biography, Drama, Romance",James Marsh,"Anthony McCarten, Jane Hawking","Eddie Redmayne, Felicity Jones, Tom Prior",Stephen Hawking gets unprecedented success in the field of physics despite being diagnosed with motor neuron disease at the age of 21. He defeats awful odds as his first wife Jane aids him loyally.,"English, French, Ukrainian","United Kingdom, Japan, United States",Won 1 Oscar. 25 wins & 128 nominations total,https://m.media-amazon.com/images/M/MV5BMTAwMTU4MDA3NDNeQTJeQWpwZ15BbWU4MDk4NTMxNTIx._V1_SX300.jpg,71,7.7,"505,970","$35,893,537"
Color,Terry George,187.0,121,83.0,242.0,Sophie Okonedo,3000.0,23472900.0,Drama|History|War,Don Cheadle,Hotel Rwanda ,264533,4142,Hakeem Kae-Kazim,1.0,atrocity|central africa|ethnic warfare|united nations peace keeping force|united nations soldier,http://www.imdb.com/title/tt0395169/?ref_=fn_tt_tt_1,609.0,English,UK,PG-13,17500000.0,2004,460.0,8.1,2.35,12000,3,Drama,History,War,tt0395169,Hotel Rwanda,2004,PG-13,04 Feb 2005,121 min,"Biography, Drama, History",Terry George,"Keir Pearson, Terry George","Don Cheadle, Sophie Okonedo, Joaquin Phoenix","Paul Rusesabagina, a hotel manager, houses over a thousand Tutsi refugees during their struggle against the Hutu militia in Rwanda, Africa.","English, French, Kinyarwanda","United States, United Kingdom, South Africa, Italy",Nominated for 3 Oscars. 16 wins & 49 nominations total,https://m.media-amazon.com/images/M/MV5BY2FmMWRmZmQtN2IzMS00OGVmLWFmNjktMTM0YWQzODcwYTEwXkEyXkFqcGc@._V1_SX300.jpg,79,8.1,"389,186","$23,530,892"
 Black and White,Martin Scorsese,267.0,170,17000.0,827.0,Adam Scott,29000.0,102608827.0,Biography|Drama,Leonardo DiCaprio,The Aviator ,264318,34582,Frances Conroy,0.0,1920s|aviation|fight|spruce goose|test flight,http://www.imdb.com/title/tt0338751/?ref_=fn_tt_tt_1,799.0,English,USA,PG-13,110000000.0,2004,3000.0,7.5,2.35,0,2,Biography,Drama,,tt0338751,The Aviator,2004,PG-13,25 Dec 2004,170 min,"Biography, Drama",Martin Scorsese,John Logan,"Leonardo DiCaprio, Cate Blanchett, Kate Beckinsale",A biopic depicting the early years of legendary director and aviator Howard Hughes' career from the late 1920s to the mid 1940s.,"English, Persian","Germany, United States",Won 5 Oscars. 89 wins & 131 nominations total,https://m.media-amazon.com/images/M/MV5BYTUyYWJlNDgtOTM5Ny00YTQ3LWFmYTgtZjJiNTNkYjJlMmY4XkEyXkFqcGc@._V1_SX300.jpg,77,7.5,"401,380","$102,610,330"
Color,Joseph Kosinski,469.0,125,364.0,1000.0,Olivia Wilde,12000.0,172051787.0,Action|Adventure|Sci-Fi,Jeff Bridges,TRON: Legacy ,264183,25550,James Frain,0.0,arcade|bridge|disappearance|escape|warrior,http://www.imdb.com/title/tt1104001/?ref_=fn_tt_tt_1,665.0,English,USA,PG,170000000.0,2010,10000.0,6.8,2.35,30000,3,Action,Adventure,Sci-Fi,tt1104001,Tron: Legacy,2010,PG,17 Dec 2010,125 min,"Action, Adventure, Sci-Fi",Joseph Kosinski,"Edward Kitsis, Adam Horowitz, Brian Klugman","Jeff Bridges, Garrett Hedlund, Olivia Wilde",The son of a computer programmer goes looking for his father and ends up inside the digital world that his father designed. He meets his father's corrupted creation and a unique ally who was born inside the digital world.,English,"United States, India, United Kingdom, Mexico, Japan, Canada",Nominated for 1 Oscar. 10 wins & 52 nominations total,"https://m.media-amazon.com/images/M/MV5BMTk4NTk4MTk1OF5BMl5BanBnXkFtZTcwNTE2MDIwNA@@._V1_QL75_UX380_CR0,0,380,562_.jpg",49,6.8,"386,829","$172,062,763"
Color,Robert Zemeckis,449.0,138,0.0,874.0,Bruce Greenwood,18000.0,93749203.0,Drama|Thriller,Denzel Washington,Flight ,264047,20952,Nadine Velazquez,0.0,airline|flight|flight attendant|lawyer|pilot,http://www.imdb.com/title/tt1907668/?ref_=fn_tt_tt_1,491.0,English,USA,R,31000000.0,2012,984.0,7.3,2.35,64000,2,Drama,Thriller,,tt1907668,Flight,2012,R,02 Nov 2012,138 min,"Drama, Thriller",Robert Zemeckis,John Gatins,"Denzel Washington, Kelly Reilly, Don Cheadle",Troubling questions arise after airline pilot Whip Whitaker makes a miracle landing after a mid-air catastrophe.,English,"United States, United Arab Emirates",Nominated for 2 Oscars. 15 wins & 45 nominations total,https://m.media-amazon.com/images/M/MV5BMTUxMjI1OTMxNl5BMl5BanBnXkFtZTcwNjc3NTY1OA@@._V1_SX300.jpg,76,7.3,"394,854","$93,772,375"
Color,John Lasseter,256.0,117,487.0,769.0,Cheech Marin,1000.0,244052771.0,Adventure|Animation|Comedy|Family|Sport,John Ratzenberger,Cars ,263853,4905,George Carlin,0.0,car|desert|route 66|tow truck|truck,http://www.imdb.com/title/tt0317219/?ref_=fn_tt_tt_1,584.0,English,USA,G,120000000.0,2006,843.0,7.2,2.35,0,5,Adventure,Animation,Comedy,tt0317219,Cars,2006,G,09 Jun 2006,116 min,"Animation, Adventure, Comedy","John Lasseter, Joe Ranft","Dan Fogelman, John Lasseter, Joe Ranft","Owen Wilson, Bonnie Hunt, Paul Newman","On the way to the biggest race of his life, a hotshot rookie race car gets stranded in a rundown town and learns that winning isn't everything in life.","English, Italian, Japanese, Yiddish",United States,Nominated for 2 Oscars. 28 wins & 34 nominations total,https://m.media-amazon.com/images/M/MV5BMTg5NzY0MzA2MV5BMl5BanBnXkFtZTYwNDc3NTc2._V1_SX300.jpg,73,7.3,"528,959","$244,082,982"
Color,Michael Bay,257.0,136,0.0,3000.0,Steve Buscemi,19000.0,35799026.0,Action|Adventure|Romance|Sci-Fi|Thriller,Scarlett Johansson,The Island ,263329,34839,Djimon Hounsou,1.0,clone|environment|escape|island|lottery,http://www.imdb.com/title/tt0399201/?ref_=fn_tt_tt_1,899.0,English,USA,PG-13,126000000.0,2005,12000.0,6.9,2.35,0,5,Action,Adventure,Romance,tt0399201,The Island,2005,PG-13,22 Jul 2005,136 min,"Action, Sci-Fi, Thriller",Michael Bay,"Caspian Tredwell-Owen, Alex Kurtzman, Roberto Orci","Scarlett Johansson, Ewan McGregor, Djimon Hounsou","In 2019, a mercenary pursues a man and woman who escaped a research facility after learning their true fate.",English,United States,1 win & 6 nominations total,https://m.media-amazon.com/images/M/MV5BMTAwNjk0NjM1ODReQTJeQWpwZ15BbWU3MDc1NjIxMzM@._V1_SX300.jpg,50,6.8,"340,935","$35,818,913"
Color,Paul McGuigan,202.0,110,118.0,1000.0,Morgan Freeman,13000.0,22494487.0,Crime|Drama|Mystery|Thriller,Bruce Willis,Lucky Number Slevin ,262153,26451,Dorian Missick,3.0,coroner|death|gay son|love|mistaken identity,http://www.imdb.com/title/tt0425210/?ref_=fn_tt_tt_1,507.0,English,Germany,R,27000000.0,2006,11000.0,7.8,2.35,10000,4,Crime,Drama,Mystery,tt0425210,Lucky Number Slevin,2006,R,07 Apr 2006,110 min,"Crime, Drama, Thriller",Paul McGuigan,Jason Smilovic,"Josh Hartnett, Ben Kingsley, Morgan Freeman","A case of mistaken identity lands Slevin into the middle of a war being plotted by two of the city's rival crime bosses. Under constant surveillance by Detective Brikowski and assassin Goodkat, he must get them before they get him.",English,"United Kingdom, Germany, Canada, United States",5 wins & 4 nominations total,https://m.media-amazon.com/images/M/MV5BNzJkYjA4YjEtMTZlZi00NjFjLTgwNDMtN2VhYTY0MDU3ZjcwXkEyXkFqcGc@._V1_SX300.jpg,53,7.7,"337,898","$22,495,466"
Color,Kurt Wimmer,146.0,107,110.0,722.0,Emily Watson,23000.0,1190018.0,Action|Drama|Sci-Fi|Thriller,Christian Bale,Equilibrium ,261317,25088,Sean Pertwee,2.0,cleric|dystopia|fascist|law|neo noir,http://www.imdb.com/title/tt0238380/?ref_=fn_tt_tt_1,1137.0,English,USA,R,20000000.0,2002,876.0,7.5,2.35,20000,4,Action,Drama,Sci-Fi,tt0238380,Equilibrium,2002,R,06 Dec 2002,107 min,"Action, Drama, Sci-Fi",Kurt Wimmer,Kurt Wimmer,"Christian Bale, Sean Bean, Emily Watson","In an oppressive future where all forms of feeling are illegal, a man in charge of enforcing the law rises to overthrow the system and state.",English,United States,2 nominations total,https://m.media-amazon.com/images/M/MV5BMTkzMzA1OTI3N15BMl5BanBnXkFtZTYwMzUyMDg5._V1_SX300.jpg,33,7.3,"358,431","$1,203,794"
Color,David Fincher,157.0,129,21000.0,283.0,Armin Mueller-Stahl,495.0,48265581.0,Drama|Mystery|Thriller,Deborah Kara Unger,The Game ,261069,1397,Charles Martinet,1.0,birthday|falling through a glass roof|game|hitchcockian|suicide,http://www.imdb.com/title/tt0119174/?ref_=fn_tt_tt_1,506.0,English,USA,R,50000000.0,1997,294.0,7.8,2.35,25000,3,Drama,Mystery,Thriller,tt0119174,The Game,1997,R,12 Sep 1997,129 min,"Drama, Mystery, Thriller",David Fincher,"John Brancato, Michael Ferris","Michael Douglas, Deborah Kara Unger, Sean Penn",A mysterious game invades a man's ordered existence.,"English, Cantonese, German, Spanish, Thai",United States,1 nomination total,https://m.media-amazon.com/images/M/MV5BNGUzNzQwNmMtNzI3Mi00ZDIwLWJlM2ItMTA5N2Q2ZDMxMjJiXkEyXkFqcGc@._V1_SX300.jpg,63,7.7,"465,745","$48,323,648"
Color,Jan de Bont,114.0,116,101.0,780.0,Alan Ruck,18000.0,121248145.0,Action|Adventure|Crime|Thriller,Keanu Reeves,Speed ,260981,20966,Joe Morton,0.0,bomb|bus|elevator|explosive|rescue,http://www.imdb.com/title/tt0111257/?ref_=fn_tt_tt_1,373.0,English,USA,R,25000000.0,1994,946.0,7.2,2.35,0,4,Action,Adventure,Crime,tt0111257,Speed,1994,R,10 Jun 1994,116 min,"Action, Adventure, Thriller",Jan de Bont,Graham Yost,"Keanu Reeves, Dennis Hopper, Sandra Bullock","An extortionist bomber rigs a Los Angeles city bus to explode if its speed drops below 50 mph, forcing a young cop and a female passenger to keep it moving and save everyone on board.",English,United States,Won 2 Oscars. 21 wins & 20 nominations total,https://m.media-amazon.com/images/M/MV5BMDc2ODI5YWQtMmM2ZS00MTdmLWEyNWEtNmRmOGE5NGZlYWMzXkEyXkFqcGc@._V1_SX300.jpg,78,7.3,"420,427","$121,248,145"
Color,Ron Clements,124.0,90,63.0,631.0,Frank Welker,49000.0,217350219.0,Adventure|Animation|Comedy|Family|Fantasy|Musical|Romance,Robin Williams,Aladdin ,260939,52970,Scott Weinger,0.0,arab|genie|magic|princess|reference to a thousand and one nights,http://www.imdb.com/title/tt0103639/?ref_=fn_tt_tt_1,244.0,English,USA,G,28000000.0,1992,2000.0,8.0,1.33,0,7,Adventure,Animation,Comedy,tt0103639,Aladdin,1992,G,25 Nov 1992,90 min,"Animation, Adventure, Comedy","Ron Clements, John Musker","Ron Clements, John Musker, Ted Elliott","Scott Weinger, Robin Williams, Linda Larkin",A kind-hearted street urchin and a power-hungry Grand Vizier vie for a magic lamp that has the power to make their deepest wishes come true.,English,United States,Won 2 Oscars. 36 wins & 22 nominations total,https://m.media-amazon.com/images/M/MV5BMmQwYWZjZGItYzc0OC00ZDllLTg3NjItOWIyOWYwMDljMjAyXkEyXkFqcGc@._V1_SX300.jpg,86,8.0,"497,512","$217,350,219"
Color,Duncan Jones,415.0,97,0.0,372.0,Matt Berry,18000.0,5009677.0,Drama|Mystery|Sci-Fi,Kevin Spacey,Moon ,260607,19404,Benedict Wong,0.0,computer|contract|earth|moon|solitude,http://www.imdb.com/title/tt1182345/?ref_=fn_tt_tt_1,485.0,English,UK,R,5000000.0,2009,572.0,7.9,2.35,47000,3,Drama,Mystery,Sci-Fi,tt1182345,Moon,2009,R,10 Jul 2009,97 min,"Drama, Mystery, Sci-Fi",Duncan Jones,"Duncan Jones, Nathan Parker","Sam Rockwell, Kevin Spacey, Dominique McElligott","Astronaut Sam Bell has a quintessentially personal encounter toward the end of his three-year stint on the Moon, where he, working alongside his computer, GERTY, sends back to Earth, parcels of a resource that has helped diminish ...","English, Spanish","United Kingdom, United States",Won 1 BAFTA Award28 wins & 37 nominations total,https://m.media-amazon.com/images/M/MV5BMTgzODgyNTQwOV5BMl5BanBnXkFtZTcwNzc0NTc0Mg@@._V1_SX300.jpg,67,7.8,"392,806","$5,010,163"
Color,Jay Roach,150.0,108,116.0,708.0,Blythe Danner,22000.0,166225040.0,Comedy,Robert De Niro,Meet the Parents ,260442,24286,Teri Polo,2.0,cat|cia|jewish|male nurse|nurse,http://www.imdb.com/title/tt0212338/?ref_=fn_tt_tt_1,507.0,English,USA,PG-13,55000000.0,2000,713.0,7.0,1.85,0,1,Comedy,,,tt0212338,Meet the Parents,2000,PG-13,06 Oct 2000,108 min,"Comedy, Romance",Jay Roach,"Greg Glienna, Mary Ruth Clarke, Jim Herzfeld","Ben Stiller, Robert De Niro, Teri Polo","Chicago male nurse and chronic under-achiever Greg Focker meets his charming teacher girlfriend Pam Byrnes' parents Jack and Dina before proposing, but suspicious Jack is an overprotective former CIA agent - every date's worst nig...","English, Thai, Spanish, Hebrew, French",United States,Nominated for 1 Oscar. 7 wins & 15 nominations total,https://m.media-amazon.com/images/M/MV5BZmE0MGI0OTctOGRlMy00MDdjLTg4M2EtNzFmZWNiNDhjYTgzXkEyXkFqcGc@._V1_SX300.jpg,73,7.0,"375,598","$166,244,045"
Color,Ang Lee,357.0,134,0.0,11000.0,Heath Ledger,15000.0,83025853.0,Drama|Romance,Jake Gyllenhaal,Brokeback Mountain ,259837,39789,Anne Hathaway,0.0,gay relationship|homosexuality|mountain|ranch|rodeo,http://www.imdb.com/title/tt0388795/?ref_=fn_tt_tt_1,2254.0,English,USA,R,14000000.0,2005,13000.0,7.7,1.85,13000,2,Drama,Romance,,tt0388795,Brokeback Mountain,2005,R,13 Jan 2006,134 min,"Drama, Romance",Ang Lee,"Annie Proulx, Larry McMurtry, Diana Ossana","Jake Gyllenhaal, Heath Ledger, Michelle Williams","Two shepherds fall for each other, but their relationship becomes complicated when they both get married to their respective girlfriends.","English, Spanish","Canada, United States",Won 3 Oscars. 141 wins & 133 nominations total,https://m.media-amazon.com/images/M/MV5BMzM4OWFjMTMtZjNjOS00YmU3LTlhY2MtNjFiMTVkN2Y1OTZlXkEyXkFqcGc@._V1_SX300.jpg,87,7.7,"414,080","$84,111,816"
Color,Taylor Hackford,117.0,136,138.0,9000.0,Al Pacino,18000.0,60984028.0,Drama|Mystery|Thriller,Keanu Reeves,The Devil's Advocate ,259519,45271,Charlize Theron,2.0,deal with the devil|lawyer|money|reality|supernatural power,http://www.imdb.com/title/tt0118971/?ref_=fn_tt_tt_1,431.0,English,USA,R,57000000.0,1997,14000.0,7.5,2.35,11000,3,Drama,Mystery,Thriller,tt0118971,The Devil's Advocate,1997,R,17 Oct 1997,144 min,"Drama, Fantasy, Mystery",Taylor Hackford,"Andrew Neiderman, Jonathan Lemkin, Tony Gilroy","Keanu Reeves, Al Pacino, Charlize Theron",An exceptionally adept Florida lawyer is offered a job at a high-end New York City law firm with a high-end boss - the biggest opportunity of his career to date.,"English, German, Italian, Mandarin, Spanish",United States,2 wins & 7 nominations total,https://m.media-amazon.com/images/M/MV5BNGIxZmU2ZjEtYjc3OC00Y2FiLWE2ZTQtZGI3NzE0YmRhOTMxXkEyXkFqcGc@._V1_SX300.jpg,60,7.5,"440,249","$60,944,660"
Color,Michael Bay,122.0,136,0.0,904.0,Michael Biehn,12000.0,134006721.0,Action|Adventure|Thriller,Nicolas Cage,The Rock ,259492,15999,Bokeem Woodbine,1.0,alcatraz|fbi|general|hostage|rocket,http://www.imdb.com/title/tt0117500/?ref_=fn_tt_tt_1,415.0,English,USA,R,75000000.0,1996,2000.0,7.4,2.35,51000,3,Action,Adventure,Thriller,tt0117500,The Rock,1996,R,07 Jun 1996,136 min,"Action, Adventure, Thriller",Michael Bay,"David Weisberg, Douglas Cook, Mark Rosner","Sean Connery, Nicolas Cage, Ed Harris","An FBI chemical weapons expert, and a former SAS soldier turned political prisoner, must break into Alcatraz prison when a rogue military group, led by a renegade general, take it over and threaten a nerve gas attack on San Franci...",English,United States,Nominated for 1 Oscar. 9 wins & 10 nominations total,https://m.media-amazon.com/images/M/MV5BMDhkYjRiZWEtZTE0Ny00ZjA1LThmNjgtM2UyYTQzODA4MjdhXkEyXkFqcGc@._V1_SX300.jpg,58,7.4,"377,015","$134,069,511"
Color,Florian Henckel von Donnersmarck,215.0,137,207.0,155.0,Ulrich Mühe,380.0,11284657.0,Drama|Thriller,Sebastian Koch,The Lives of Others ,259379,927,Martina Gedeck,3.0,east germany|police|secret police|stasi|writer,http://www.imdb.com/title/tt0405094/?ref_=fn_tt_tt_1,407.0,German,Germany,R,2000000.0,2006,284.0,8.5,2.35,39000,2,Drama,Thriller,,tt0405094,The Lives of Others,2006,R,30 Mar 2007,137 min,"Drama, Mystery, Thriller",Florian Henckel von Donnersmarck,Florian Henckel von Donnersmarck,"Ulrich Mühe, Martina Gedeck, Sebastian Koch","In 1984 East Berlin, an agent of the secret police conducting surveillance on a writer and his lover finds himself becoming increasingly absorbed by their lives.",German,"Germany, France",Won 1 Oscar. 80 wins & 38 nominations total,https://m.media-amazon.com/images/M/MV5BYjM1N2Q0YWEtN2E5MC00NDM3LTk2NTEtMTc1NTk5OTA5ZGIzXkEyXkFqcGc@._V1_SX300.jpg,89,8.4,"440,932","$11,286,112"
Color,David Silverman,299.0,87,30.0,433.0,Yeardley Smith,745.0,183132370.0,Adventure|Animation|Comedy,Albert Brooks,The Simpsons Movie ,259083,3086,Marcia Wallace,0.0,alaska|dome|lake|pig|the simpsons,http://www.imdb.com/title/tt0462538/?ref_=fn_tt_tt_1,763.0,English,USA,PG-13,75000000.0,2007,440.0,7.4,2.35,0,3,Adventure,Animation,Comedy,tt0462538,The Simpsons Movie,2007,PG-13,27 Jul 2007,87 min,"Animation, Adventure, Comedy",David Silverman,"James L. Brooks, Matt Groening, Al Jean","Dan Castellaneta, Julie Kavner, Nancy Cartwright","After Homer pollutes the town's water supply, Springfield is encased in a gigantic dome by the EPA and the Simpsons are declared fugitives.",English,United States,Won 1 BAFTA Award5 wins & 34 nominations total,https://m.media-amazon.com/images/M/MV5BMzIxN2IzOGItOTcyZi00MTkzLWE4ZjktZTdlOWFiYWE4NzlmXkEyXkFqcGc@._V1_SX300.jpg,80,7.3,"362,148","$183,135,014"
Color,Phil Lord,330.0,112,97.0,584.0,Craig Roberts,17000.0,191616238.0,Action|Comedy|Crime,Channing Tatum,22 Jump Street ,258186,19428,Amber Stevens West,2.0,college|drugs|hidden camera|tattoo|undercover,http://www.imdb.com/title/tt2294449/?ref_=fn_tt_tt_1,322.0,English,USA,R,50000000.0,2014,920.0,7.1,2.35,24000,3,Action,Comedy,Crime,tt2294449,22 Jump Street,2014,R,13 Jun 2014,112 min,"Action, Comedy, Crime","Phil Lord, Christopher Miller","Michael Bacall, Oren Uziel, Rodney Rothman","Channing Tatum, Jonah Hill, Ice Cube","After making their way through high school (twice), big changes are in store for officers Schmidt and Jenko when they go deep undercover at a local college.","English, Spanish, Ukrainian",United States,7 wins & 25 nominations total,https://m.media-amazon.com/images/M/MV5BMTcwNzAxMDU1M15BMl5BanBnXkFtZTgwNDE2NTU1MTE@._V1_SX300.jpg,71,7.0,"436,227","$191,719,337"
Color,John Carpenter,297.0,109,0.0,145.0,Richard Masur,957.0,13782838.0,Horror|Mystery|Sci-Fi,Wilford Brimley,The Thing ,258078,1757,David Clennon,0.0,alien creature|alien life form|antarctica|isolation|paranoia,http://www.imdb.com/title/tt0084787/?ref_=fn_tt_tt_1,911.0,English,USA,R,15000000.0,1982,163.0,8.2,2.35,23000,3,Horror,Mystery,Sci-Fi,tt0084787,The Thing,1982,R,25 Jun 1982,109 min,"Horror, Mystery, Sci-Fi",John Carpenter,"Bill Lancaster, John W. Campbell Jr.","Kurt Russell, Wilford Brimley, Keith David",A research team in Antarctica is hunted by a shape-shifting alien that assumes the appearance of its victims.,"English, Norwegian",United States,1 win & 5 nominations total,https://m.media-amazon.com/images/M/MV5BYTA3NDU5MWEtNTk4Yy00ZDNkLThmZTQtMjU3ZGVhYzAyMzU4XkEyXkFqcGc@._V1_SX300.jpg,57,8.2,"521,638","$20,063,820"
Color,Steven Soderbergh,238.0,122,0.0,11000.0,Matt Damon,14000.0,117144465.0,Crime|Thriller,Al Pacino,Ocean's Thirteen ,256928,43499,Brad Pitt,3.0,casino|heist|manmade earthquake|revenge|tunnel boring machine,http://www.imdb.com/title/tt0496806/?ref_=fn_tt_tt_1,288.0,English,USA,PG-13,85000000.0,2007,13000.0,6.9,2.35,0,2,Crime,Thriller,,tt0496806,Ocean's Thirteen,2007,PG-13,08 Jun 2007,122 min,"Crime, Thriller",Steven Soderbergh,"Brian Koppelman, David Levien, George Clayton Johnson","George Clooney, Brad Pitt, Matt Damon","Danny Ocean rounds up the boys for a third heist after casino owner Willy Bank double-crosses one of the original eleven, Reuben Tishkoff.","English, Mandarin, Spanish, French",United States,1 win & 5 nominations total,https://m.media-amazon.com/images/M/MV5BMTMyNTc1NzY5MV5BMl5BanBnXkFtZTcwNDM4NTQzMw@@._V1_SX300.jpg,62,6.9,"385,455","$117,154,724"
Color,J.J. Abrams,310.0,124,14000.0,979.0,Tom Cruise,22000.0,133382309.0,Action|Adventure|Thriller,Philip Seymour Hoffman,Mission: Impossible III ,256695,34817,Eddie Marsan,0.0,arms dealer|fictional government agency|mission|rescue|vatican,http://www.imdb.com/title/tt0317919/?ref_=fn_tt_tt_1,871.0,English,USA,PG-13,150000000.0,2006,10000.0,6.9,2.35,0,3,Action,Adventure,Thriller,tt0317919,Mission: Impossible III,2006,PG-13,05 May 2006,126 min,"Action, Adventure, Thriller",J.J. Abrams,"Alex Kurtzman, Roberto Orci, J.J. Abrams","Tom Cruise, Michelle Monaghan, Ving Rhames",IMF agent Ethan Hunt comes into conflict with a dangerous and sadistic arms dealer who threatens his life and his fiancée in response.,"English, Italian, Mandarin, Cantonese, German, Czech","Italy, United States, Germany, China",7 wins & 14 nominations total,"https://m.media-amazon.com/images/M/MV5BNzY1MzdjMjYtNDJiZS00N2U4LWI0MWQtZTRiZWYxMzU3ZmI4XkEyXkFqcGc@._V1_QL75_UX380_CR0,1,380,562_.jpg",66,6.9,"424,323","$134,029,801"
Color,Antoine Fuqua,198.0,124,845.0,295.0,Ned Beatty,650.0,46975183.0,Action|Crime|Drama|Mystery|Thriller,Tate Donovan,Shooter ,256213,1640,Louis Ferreira,0.0,colonel|ethiopia|marksman|on the run|rangefinder,http://www.imdb.com/title/tt0822854/?ref_=fn_tt_tt_1,338.0,English,USA,R,61000000.0,2007,467.0,7.2,2.35,0,5,Action,Crime,Drama,tt0822854,Shooter,2007,R,23 Mar 2007,124 min,"Action, Drama, Thriller",Antoine Fuqua,"Stephen Hunter, Jonathan Lemkin","Mark Wahlberg, Michael Peña, Rhona Mitra","An expert marksman living in exile, is coaxed back into action after learning of a plot to kill the president. Now on the run after being double crossed for the assassination attempt he was trying to prevent, he sets out for the r...",English,United States,2 nominations total,https://m.media-amazon.com/images/M/MV5BYmE0NWZiMjktY2U4MC00MDVmLTljMGMtMWZiMThiNjczNzViXkEyXkFqcGc@._V1_SX300.jpg,53,7.2,"373,788","$47,003,582"
Color,Jon Turteltaub,193.0,131,226.0,341.0,Armando Riesco,12000.0,173005002.0,Action|Adventure|Comedy|Family|Mystery,Nicolas Cage,National Treasure ,255447,13679,Annie Parisse,0.0,declaration of independence|secret society|treasure|treasure hunt|treasure hunter,http://www.imdb.com/title/tt0368891/?ref_=fn_tt_tt_1,692.0,English,USA,PG,100000000.0,2004,625.0,6.9,2.35,0,5,Action,Adventure,Comedy,tt0368891,National Treasure,2004,PG,19 Nov 2004,131 min,"Action, Adventure, Mystery",Jon Turteltaub,"Jim Kouf, Cormac Wibberley, Marianne Wibberley","Nicolas Cage, Diane Kruger, Justin Bartha",A historian races to find the legendary Templar Treasure before a team of mercenaries.,"English, Spanish, German",United States,1 win & 9 nominations total,https://m.media-amazon.com/images/M/MV5BMTY3NTc4OTYxMF5BMl5BanBnXkFtZTcwMjk5NzUyMw@@._V1_SX300.jpg,40,6.9,"374,474","$173,008,894"
Color,David Gordon Green,232.0,117,234.0,919.0,Gary Cole,11000.0,87341380.0,Action|Comedy|Crime,James Franco,Pineapple Express ,255257,15590,Rosie Perez,3.0,murder|paranoia|process server|roach|stoner,http://www.imdb.com/title/tt0910936/?ref_=fn_tt_tt_1,374.0,English,USA,R,27000000.0,2008,989.0,7.0,2.35,0,3,Action,Comedy,Crime,tt0910936,Pineapple Express,2008,R,06 Aug 2008,111 min,"Action, Comedy, Crime",David Gordon Green,"Seth Rogen, Evan Goldberg, Judd Apatow","Seth Rogen, James Franco, Gary Cole",A process server and his marijuana dealer wind up on the run from hitmen and a corrupt police officer after he witnesses his dealer's boss murder a competitor while trying to serve papers on him.,"English, Cantonese, Korean",United States,2 wins & 15 nominations total,https://m.media-amazon.com/images/M/MV5BMTY1MTE4NzAwM15BMl5BanBnXkFtZTcwNzg3Mjg2MQ@@._V1_SX300.jpg,64,6.9,"371,628","$87,341,380"
Color,Shawn Levy,327.0,127,189.0,544.0,Torey Michael Adkins,20000.0,85463309.0,Action|Drama|Sci-Fi|Sport,Hugh Jackman,Real Steel ,254841,22254,Olga Fonda,1.0,arena|boxing|boxing movie|robot|robot battle,http://www.imdb.com/title/tt0433035/?ref_=fn_tt_tt_1,426.0,English,USA,PG-13,110000000.0,2011,929.0,7.1,2.35,36000,4,Action,Drama,Sci-Fi,tt0433035,Real Steel,2011,PG-13,07 Oct 2011,127 min,"Action, Drama, Sci-Fi",Shawn Levy,"Richard Matheson, John Gatins, Dan Gilroy","Hugh Jackman, Evangeline Lilly, Dakota Goyo","In a near future where robot boxing is a top sport, a struggling ex-boxer feels he's found a champion in a discarded robot.","English, Ukrainian","United States, India",Nominated for 1 Oscar. 2 wins & 6 nominations total,https://m.media-amazon.com/images/M/MV5BMjEzMzEzNjg0N15BMl5BanBnXkFtZTcwMzg4NDk0Ng@@._V1_SX300.jpg,56,7.1,"378,495","$85,468,508"
Color,Spike Jonze,242.0,112,0.0,213.0,Orson Bean,512.0,22858926.0,Comedy|Drama|Fantasy,Willie Garson,Being John Malkovich ,254404,1171,Mary Kay Place,2.0,body swap|magical realism|portal|puppeteer|surrealism,http://www.imdb.com/title/tt0120601/?ref_=fn_tt_tt_1,840.0,English,USA,R,13000000.0,1999,216.0,7.8,1.85,0,3,Comedy,Drama,Fantasy,tt0120601,Being John Malkovich,1999,R,03 Dec 1999,113 min,"Comedy, Drama, Fantasy",Spike Jonze,Charlie Kaufman,"John Cusack, Cameron Diaz, Catherine Keener",A puppeteer discovers a portal that leads literally into the head of movie star John Malkovich.,English,United States,Nominated for 3 Oscars. 49 wins & 79 nominations total,https://m.media-amazon.com/images/M/MV5BNDExODk1MTktNzRiYS00MWEyLTgyOWItYTI1OWY4NzI1NDM2XkEyXkFqcGc@._V1_SX300.jpg,90,7.7,"367,080","$22,863,596"
 Black and White,Michael Bay,191.0,184,0.0,691.0,Jaime King,3000.0,198539855.0,Action|Drama|History|Romance|War,Jennifer Garner,Pearl Harbor ,254111,5401,Mako,0.0,air raid|black smoke|japanese military|japanese navy|sunday,http://www.imdb.com/title/tt0213149/?ref_=fn_tt_tt_1,1999.0,English,USA,PG-13,140000000.0,2001,961.0,6.1,2.35,0,5,Action,Drama,History,tt0213149,Pearl Harbor,2001,PG-13,25 May 2001,183 min,"Action, Drama, Romance",Michael Bay,Randall Wallace,"Ben Affleck, Kate Beckinsale, Josh Hartnett",A tale of war and romance mixed in with history. The story follows two lifelong friends and a beautiful nurse who are caught up in the horror of an infamous Sunday morning in 1941.,"English, Japanese, French, Latin, Chinese",United States,Won 1 Oscar. 14 wins & 51 nominations total,https://m.media-amazon.com/images/M/MV5BMTQ3MDc0MDc1NF5BMl5BanBnXkFtZTYwODI1ODY2._V1_SX300.jpg,44,6.3,"367,857","$198,542,554"
Color,Robert Stromberg,401.0,97,171.0,846.0,Sharlto Copley,11000.0,241407328.0,Action|Adventure|Family|Fantasy|Romance,Angelina Jolie Pitt,Maleficent ,252257,15516,Sam Riley,2.0,curse|dark fantasy|fairy|king|kingdom,http://www.imdb.com/title/tt1587310/?ref_=fn_tt_tt_1,634.0,English,USA,PG,180000000.0,2014,2000.0,7.0,2.35,89000,5,Action,Adventure,Family,tt1587310,Maleficent,2014,PG,30 May 2014,97 min,"Adventure, Drama, Family",Robert Stromberg,"Linda Woolverton, Charles Perrault, Milt Banta","Angelina Jolie, Elle Fanning, Sharlto Copley","A vengeful fairy is driven to curse an infant princess, only to discover that the child could be the one person who can restore peace to their troubled land.",English,"United States, Canada, United Kingdom",Nominated for 1 Oscar. 12 wins & 44 nominations total,https://m.media-amazon.com/images/M/MV5BMjAwMzAzMzExOF5BMl5BanBnXkFtZTgwOTcwMDA5MTE@._V1_SX300.jpg,56,6.9,"420,347","$241,410,378"
Color,Darren Aronofsky,391.0,109,0.0,120.0,John D'Leo,1000.0,26236603.0,Drama|Sport,Mark Margolis,The Wrestler ,251349,1582,Ajay Naidu,0.0,heart attack|stripper|supermarket|wrestler|wrestling,http://www.imdb.com/title/tt1125849/?ref_=fn_tt_tt_1,547.0,English,USA,R,6000000.0,2008,245.0,7.9,2.35,10000,2,Drama,Sport,,tt1125849,The Wrestler,2008,R,30 Jan 2009,109 min,"Drama, Sport",Darren Aronofsky,Robert Siegel,"Mickey Rourke, Marisa Tomei, Evan Rachel Wood","A faded professional wrestler must retire, but finds his quest for a new life outside the ring a dispiriting struggle.",English,"United States, France",Nominated for 2 Oscars. 58 wins & 93 nominations total,https://m.media-amazon.com/images/M/MV5BMTc5MjYyOTg4MF5BMl5BanBnXkFtZTcwNDc2MzQwMg@@._V1_SX300.jpg,80,7.9,"330,212","$26,238,243"
Color,Josh Boone,326.0,133,131.0,733.0,Sam Trammell,8000.0,124868837.0,Drama|Romance,Shailene Woodley,The Fault in Our Stars ,249688,10565,Nat Wolff,0.0,cancer|falling in love|friendship|novel|teenager,http://www.imdb.com/title/tt2582846/?ref_=fn_tt_tt_1,548.0,English,USA,PG-13,12000000.0,2014,1000.0,7.8,1.85,93000,2,Drama,Romance,,tt2582846,The Fault in Our Stars,2014,PG-13,06 Jun 2014,126 min,"Drama, Romance",Josh Boone,"Scott Neustadter, Michael H. Weber, John Green","Shailene Woodley, Ansel Elgort, Nat Wolff","Hazel and Gus are teenagers who meet at a cancer support group and fall in love. They both share the same acerbic wit and a love of books, especially ""An Imperial Affliction"", so they embark on a journey to visit an author in Amst...",English,United States,23 wins & 18 nominations total,https://m.media-amazon.com/images/M/MV5BYTA4ODg5YWUtYmZiYy00Y2M4LWE0NjEtODE5MzhkYmJmZGEwXkEyXkFqcGc@._V1_SX300.jpg,69,7.6,"422,816","$124,872,350"
Color,Ethan Coen,341.0,96,1000.0,681.0,Brad Pitt,24000.0,60338891.0,Comedy|Drama,J.K. Simmons,Burn After Reading ,248468,36093,Kevin Sussman,0.0,cia|divorce|embassy|gym|memoir,http://www.imdb.com/title/tt0887883/?ref_=fn_tt_tt_1,545.0,English,USA,R,37000000.0,2008,11000.0,7.0,1.85,0,2,Comedy,Drama,,tt0887883,Burn After Reading,2008,R,12 Sep 2008,96 min,"Comedy, Crime, Drama","Ethan Coen, Joel Coen","Joel Coen, Ethan Coen","Brad Pitt, Frances McDormand, George Clooney",A disk containing mysterious information from a CIA agent ends up in the hands of two unscrupulous and daft gym employees who attempt to sell it.,English,"United Kingdom, France, United States",Nominated for 3 BAFTA 8 wins & 32 nominations total,https://m.media-amazon.com/images/M/MV5BMjdmNjJjMzAtMmJkMy00MDJlLTgxYjctNDU3YjBkMmJhM2M5XkEyXkFqcGc@._V1_SX300.jpg,63,7.0,"373,860","$60,355,347"
Color,Oliver Hirschbiegel,192.0,178,101.0,471.0,Bruno Ganz,918.0,5501940.0,Biography|Drama|History|War,Thomas Kretschmann,Downfall ,248354,2334,Alexandra Maria Lara,0.0,bunker|hitler|nazi|no exit|war ruins,http://www.imdb.com/title/tt0363163/?ref_=fn_tt_tt_1,564.0,German,Germany,R,13500000.0,2004,653.0,8.3,1.85,14000,4,Biography,Drama,History,tt0363163,Downfall,2004,R,08 Apr 2005,156 min,"Biography, Drama, History",Oliver Hirschbiegel,"Bernd Eichinger, Joachim Fest, Traudl Junge","Bruno Ganz, Alexandra Maria Lara, Ulrich Matthes","Traudl Junge, the final secretary for Adolf Hitler, tells of the Nazi dictator's final days in his Berlin bunker at the end of WWII.","German, Russian, French, Hungarian, English","Germany, Austria, Italy",Nominated for 1 Oscar. 22 wins & 34 nominations total,https://m.media-amazon.com/images/M/MV5BMTU0NTU5NTAyMl5BMl5BanBnXkFtZTYwNzYwMDg2._V1_SX300.jpg,82,8.2,"398,149","$5,509,040"
Color,Andrew Niccol,168.0,122,487.0,16.0,Jeremy Crutchley,12000.0,24127895.0,Crime|Drama|Thriller,Nicolas Cage,Lord of War ,248123,12076,Jared Burke,2.0,1980s|arms dealer|immorality|ukrainian|warlord,http://www.imdb.com/title/tt0399295/?ref_=fn_tt_tt_1,437.0,English,USA,R,50000000.0,2005,43.0,7.6,2.35,10000,3,Crime,Drama,Thriller,tt0399295,Lord of War,2005,R,16 Sep 2005,122 min,"Crime, Drama",Andrew Niccol,Andrew Niccol,"Nicolas Cage, Ethan Hawke, Jared Leto",An arms dealer confronts the morality of his work as he is being chased by an INTERPOL Agent.,"English, Ukrainian, German, Spanish, Russian, French, Arabic, Turkish","Germany, United States, France",2 wins & 3 nominations total,"https://m.media-amazon.com/images/M/MV5BNThlY2NkYmMtNTFhNi00MzBiLWJmNzEtZjk5MzYwYWU2MjllXkEyXkFqcGc@._V1_QL75_UX380_CR0,2,380,562_.jpg",62,7.6,"358,467","$24,149,632"
Color,Stephen Sommers,202.0,130,208.0,591.0,Brendan Fraser,12000.0,202007640.0,Action|Adventure|Fantasy|Thriller,Dwayne Johnson,The Mummy Returns ,248045,15972,Patricia Velasquez,5.0,ancient egypt|bracelet|king|scorpion|son,http://www.imdb.com/title/tt0209163/?ref_=fn_tt_tt_1,890.0,English,USA,PG-13,98000000.0,2001,3000.0,6.3,2.35,0,4,Action,Adventure,Fantasy,tt0209163,The Mummy Returns,2001,PG-13,04 May 2001,130 min,"Action, Adventure, Fantasy",Stephen Sommers,Stephen Sommers,"Brendan Fraser, Rachel Weisz, John Hannah","The mummified body of Imhotep is shipped to a museum in London, where he once again wakes and begins his campaign of rage and terror.","English, Arabic","United States, Morocco, United Kingdom, Jordan",6 wins & 19 nominations total,https://m.media-amazon.com/images/M/MV5BMjdiYzVlNjUtNGI5MC00MDE5LTk0MmQtNDc0YzIzOGRmMDNkXkEyXkFqcGc@._V1_SX300.jpg,48,6.4,"362,637","$202,019,785"
Color,Bobby Farrelly,171.0,107,101.0,743.0,Lin Shaye,931.0,176483808.0,Comedy|Romance,Sarah Silverman,There's Something About Mary ,247289,4664,Richard Tyson,1.0,accident|curtain call|dream girl|high school|prom,http://www.imdb.com/title/tt0129387/?ref_=fn_tt_tt_1,611.0,English,USA,R,23000000.0,1998,852.0,7.1,1.85,0,2,Comedy,Romance,,tt0129387,There's Something About Mary,1998,R,15 Jul 1998,119 min,"Comedy, Romance","Bobby Farrelly, Peter Farrelly","Ed Decter, John J. Strauss, Peter Farrelly","Cameron Diaz, Matt Dillon, Ben Stiller","A man gets a chance to meet up with his dream girl from high school, even though his date with her back then was a complete disaster.",English,United States,17 wins & 17 nominations total,https://m.media-amazon.com/images/M/MV5BNWZjMDhkZGItOGE4OS00YjUyLTlmOTUtMjE0ZDVmM2I2YmU0XkEyXkFqcGc@._V1_SX300.jpg,69,7.1,"346,240","$176,484,651"
Color,Evan Goldberg,293.0,112,133.0,365.0,Randall Park,11000.0,6105175.0,Comedy,James Franco,The Interview ,247020,12239,Anders Holm,4.0,assassination attempt|communist dictatorship|dictator|exploding helicopter|finger bitten off,http://www.imdb.com/title/tt2788710/?ref_=fn_tt_tt_1,835.0,English,USA,R,44000000.0,2014,392.0,6.6,2.35,50000,1,Comedy,,,tt2788710,The Interview,2014,R,24 Dec 2014,112 min,"Action, Adventure, Comedy","Evan Goldberg, Seth Rogen","Dan Sterling, Seth Rogen, Evan Goldberg","James Franco, Seth Rogen, Randall Park","Dave Skylark and his producer Aaron Rapaport run the celebrity tabloid show ""Skylark Tonight"". When they land an interview with a surprise fan, North Korean dictator Jong-Un Kim, they are recruited by the CIA to assassinate him.","English, Korean, Japanese",United States,2 wins & 6 nominations total,https://m.media-amazon.com/images/M/MV5BMTQzMTcwMzgyMV5BMl5BanBnXkFtZTgwMzAyMzQ2MzE@._V1_SX300.jpg,52,6.5,"373,382","$6,105,175"
Color,Simon West,383.0,103,165.0,13000.0,Sylvester Stallone,26000.0,85017401.0,Action|Adventure|Thriller,Jason Statham,The Expendables 2 ,246803,57881,Bruce Willis,3.0,church|hostage|mine|plutonium|revenge,http://www.imdb.com/title/tt1764651/?ref_=fn_tt_tt_1,474.0,English,USA,R,92000000.0,2012,13000.0,6.7,2.35,108000,3,Action,Adventure,Thriller,tt1764651,The Expendables 2,2012,R,17 Aug 2012,103 min,"Action, Adventure, Thriller",Simon West,"Richard Wenk, Sylvester Stallone, Ken Kaufman","Sylvester Stallone, Liam Hemsworth, Randy Couture","Mr. Church reunites the Expendables for what should be an easy paycheck, but when one of their men is murdered on the job, their quest for revenge puts them deep in enemy territory and up against an unexpected threat.",English,"United States, Germany, China",4 wins & 5 nominations total,"https://m.media-amazon.com/images/M/MV5BMDMyOWU1N2EtNWU5ZC00MTdmLTgxNDItYjFhMmFlMmQyNzc4XkEyXkFqcGc@._V1_QL75_UX380_CR0,12,380,562_.jpg",51,6.6,"334,324","$85,028,192"
Color,Phil Lord,435.0,100,97.0,2000.0,Will Ferrell,11000.0,257756197.0,Action|Adventure|Animation|Comedy|Family|Fantasy,Morgan Freeman,The Lego Movie ,246698,22128,Alison Brie,0.0,based on toy|dual personality|evil businessman|good cop bad cop|lego,http://www.imdb.com/title/tt1490017/?ref_=fn_tt_tt_1,471.0,English,Australia,PG,60000000.0,2014,8000.0,7.8,2.35,64000,6,Action,Adventure,Animation,tt1490017,The Lego Movie,2014,PG,07 Feb 2014,100 min,"Animation, Action, Adventure","Phil Lord, Christopher Miller","Phil Lord, Christopher Miller, Dan Hageman","Chris Pratt, Will Ferrell, Elizabeth Banks","An ordinary LEGO construction worker, thought to be the prophesied as ""special"", is recruited to join a quest to stop an evil tyrant from gluing the LEGO universe into eternal stasis.",English,"United States, Denmark, Australia, Norway",Nominated for 1 Oscar. 72 wins & 67 nominations total,https://m.media-amazon.com/images/M/MV5BMTg4MDk1ODExN15BMl5BanBnXkFtZTgwNzIyNjg3MDE@._V1_SX300.jpg,83,7.7,"411,857","$257,966,122"
Color,Frank Coraci,173.0,107,153.0,233.0,Cameron Monaghan,11000.0,137340146.0,Comedy|Drama|Fantasy|Romance,Adam Sandler,Click ,246492,12700,Julie Kavner,1.0,architect|frozen time|obese man|remote control|stopped time,http://www.imdb.com/title/tt0389860/?ref_=fn_tt_tt_1,685.0,English,USA,PG-13,70000000.0,2006,1000.0,6.4,1.85,7000,4,Comedy,Drama,Fantasy,tt0389860,Click,2006,PG-13,23 Jun 2006,107 min,"Comedy, Drama, Fantasy",Frank Coraci,"Steve Koren, Mark O'Keefe","Adam Sandler, Kate Beckinsale, Christopher Walken",A workaholic architect finds a universal remote that allows him to fast-forward and rewind to different parts of his life. Complications arise when the remote starts to overrule his choices.,"English, Spanish, Japanese, Portuguese",United States,Nominated for 1 Oscar. 3 wins & 12 nominations total,"https://m.media-amazon.com/images/M/MV5BMTA1MTUxNDY4NzReQTJeQWpwZ15BbWU2MDE3ODAxNw@@._V1_QL75_UX380_CR0,1,380,562_.jpg",45,6.4,"386,574","$137,355,633"
Color,Mark Waters,159.0,97,70.0,625.0,Amy Poehler,2000.0,86049418.0,Comedy,Tina Fey,Mean Girls ,245989,5032,Neil Flynn,4.0,bully|clique|high school|high school girl|secret,http://www.imdb.com/title/tt0377092/?ref_=fn_tt_tt_1,554.0,English,USA,PG-13,17000000.0,2004,1000.0,7.0,1.85,0,1,Comedy,,,tt0377092,Mean Girls,2004,PG-13,30 Apr 2004,97 min,Comedy,Mark Waters,"Rosalind Wiseman, Tina Fey","Lindsay Lohan, Jonathan Bennett, Rachel McAdams","Cady Heron is a hit with The Plastics, the A-list girl clique at her new school, until she makes the mistake of falling for Aaron Samuels, the ex-boyfriend of alpha Plastic Regina George.","English, German, Vietnamese, Swahili","United States, Canada",7 wins & 25 nominations total,"https://m.media-amazon.com/images/M/MV5BMjE1MDQ4MjI1OV5BMl5BanBnXkFtZTcwNzcwODAzMw@@._V1_QL75_UY562_CR9,0,380,562_.jpg",66,7.1,"485,269","$86,058,055"
Color,Phillip Noyce,330.0,101,176.0,282.0,Andre Braugher,11000.0,118311368.0,Action|Crime|Mystery|Thriller,Angelina Jolie Pitt,Salt ,245621,12406,August Diehl,1.0,cia|on the run|russian|russian spy|strong female lead,http://www.imdb.com/title/tt0944835/?ref_=fn_tt_tt_1,514.0,English,USA,PG-13,110000000.0,2010,702.0,6.4,2.35,23000,4,Action,Crime,Mystery,tt0944835,Salt,2010,PG-13,23 Jul 2010,100 min,"Action, Thriller",Phillip Noyce,Kurt Wimmer,"Angelina Jolie, Liev Schreiber, Chiwetel Ejiofor",A CIA agent goes on the run after a defector accuses her of being a Russian spy.,"English, Russian, Korean",United States,Nominated for 1 Oscar. 4 wins & 16 nominations total,https://m.media-amazon.com/images/M/MV5BMjIyODA2NDg4NV5BMl5BanBnXkFtZTcwMjg4NDAwMw@@._V1_SX300.jpg,65,6.5,"341,745","$118,311,368"
Color,Martin Scorsese,682.0,126,17000.0,1000.0,Christopher Lee,17000.0,73820094.0,Adventure|Drama|Family|Mystery,Chloë Grace Moretz,Hugo ,245333,36017,Ray Winstone,0.0,automaton|mechanical|railway station|steampunk|train,http://www.imdb.com/title/tt0970179/?ref_=fn_tt_tt_1,678.0,English,USA,PG,170000000.0,2011,16000.0,7.5,1.85,42000,4,Adventure,Drama,Family,tt0970179,Hugo,2011,PG,23 Nov 2011,126 min,"Adventure, Drama, Family",Martin Scorsese,"John Logan, Brian Selznick","Asa Butterfield, Chloë Grace Moretz, Christopher Lee","In 1931 Paris, an orphan living in the walls of a train station gets wrapped up in a mystery involving his late father and an automaton.","English, French","United Kingdom, United States",Won 5 Oscars. 61 wins & 193 nominations total,https://m.media-amazon.com/images/M/MV5BMjAzNzk5MzgyNF5BMl5BanBnXkFtZTcwOTE4NDU5Ng@@._V1_SX300.jpg,83,7.5,"348,108","$73,864,507"
Color,M. Night Shyamalan,294.0,106,0.0,963.0,Bruce Willis,18000.0,94999143.0,Drama|Mystery|Sci-Fi|Thriller,Robin Wright,Unbreakable ,245152,33645,Michael Kelly,0.0,child with gun|comic book|invulnerability|superhero|train crash,http://www.imdb.com/title/tt0217869/?ref_=fn_tt_tt_1,1344.0,English,USA,PG-13,75000000.0,2000,13000.0,7.2,2.35,0,4,Drama,Mystery,Sci-Fi,tt0217869,Unbreakable,2000,PG-13,22 Nov 2000,106 min,"Drama, Mystery, Sci-Fi",M. Night Shyamalan,M. Night Shyamalan,"Bruce Willis, Samuel L. Jackson, Robin Wright",A man learns something extraordinary about himself after a devastating accident.,English,United States,2 wins & 16 nominations total,https://m.media-amazon.com/images/M/MV5BZWNmMGYwMDQtNGIxMS00MzMzLTlhNmItYzllN2M2M2EwMTZmXkEyXkFqcGc@._V1_SX300.jpg,62,7.3,"465,464","$95,011,339"
Color,Andy Tennant,171.0,118,72.0,681.0,Michael Rapaport,10000.0,177575142.0,Comedy|Romance,Will Smith,Hitch ,244840,13426,Kevin Sussman,1.0,advice|friendship|gossip|newspaper|quitting a job,http://www.imdb.com/title/tt0386588/?ref_=fn_tt_tt_1,372.0,English,USA,PG-13,70000000.0,2005,975.0,6.6,2.35,0,2,Comedy,Romance,,tt0386588,Hitch,2005,PG-13,11 Feb 2005,118 min,"Comedy, Romance",Andy Tennant,Kevin Bisch,"Will Smith, Eva Mendes, Kevin James",A smooth-talking man falls for a hardened columnist while helping a shy accountant woo a beautiful heiress.,English,United States,4 wins & 24 nominations total,https://m.media-amazon.com/images/M/MV5BNzYyNzM2NzM2NF5BMl5BanBnXkFtZTcwNjg5NTQzMw@@._V1_SX300.jpg,58,6.6,"343,989","$179,495,555"
Color,Guillermo del Toro,242.0,132,0.0,160.0,Rupert Evans,366.0,59035104.0,Action|Fantasy|Horror|Sci-Fi,James Babson,Hellboy ,244566,1112,Brian Steele,1.0,assassin|demon|hero|nazi|superhero,http://www.imdb.com/title/tt0167190/?ref_=fn_tt_tt_1,597.0,English,USA,PG-13,66000000.0,2004,334.0,6.8,1.85,0,4,Action,Fantasy,Horror,tt0167190,Hellboy,2004,PG-13,02 Apr 2004,122 min,"Action, Adventure, Fantasy",Guillermo del Toro,"Guillermo del Toro, Peter Briggs, Mike Mignola","Ron Perlman, Doug Jones, Selma Blair","A demon raised from infancy after being conjured by and rescued from the Nazis, grows up to become a defender against the forces of darkness.","English, Russian, German, Latin",United States,3 wins & 23 nominations total,https://m.media-amazon.com/images/M/MV5BMWZhODhmZjktNmIzNC00NGRmLTkyMDEtODVmMzVmNGQwYWU0XkEyXkFqcGc@._V1_SX300.jpg,72,6.9,"369,044","$59,623,958"
Color,Tom Hooper,488.0,158,0.0,11000.0,Eddie Redmayne,20000.0,148775460.0,Drama|Musical|Romance,Hugh Jackman,Les Misérables ,243834,46204,Anne Hathaway,1.0,barricade|innkeeper|parole|rebellion|student,http://www.imdb.com/title/tt1707386/?ref_=fn_tt_tt_1,845.0,English,USA,PG-13,61000000.0,2012,13000.0,7.6,1.85,144000,3,Drama,Musical,Romance,tt1707386,Les Misérables,2012,PG-13,25 Dec 2012,158 min,"Drama, Musical, Romance",Tom Hooper,"William Nicholson, Alain Boublil, Claude-Michel Schönberg","Hugh Jackman, Russell Crowe, Anne Hathaway","In 19th-century France, Jean Valjean, who, for decades, has been hunted by the ruthless policeman Javert after breaking parole, agrees to care for a factory worker's daughter. The decision changes their lives forever.",English,"United Kingdom, United States",Won 3 Oscars. 85 wins & 177 nominations total,https://m.media-amazon.com/images/M/MV5BY2Q1YjIxZTAtZTU0YS00ZmE5LWEwODEtY2IyYWM2ZTJlOWE1XkEyXkFqcGc@._V1_SX300.jpg,63,7.5,"360,640","$149,260,140"
Color,Alejandro G. Iñárritu,285.0,143,0.0,51.0,Harriet Walter,11000.0,34300771.0,Drama,Brad Pitt,Babel ,243799,11248,Dermot Crowley,3.0,american|destiny|mexican border|multiple perspectives|muslim,http://www.imdb.com/title/tt0449467/?ref_=fn_tt_tt_1,908.0,English,France,R,25000000.0,2006,119.0,7.5,1.85,0,1,Drama,,,tt0449467,Babel,2006,R,10 Nov 2006,143 min,Drama,Alejandro G. Iñárritu,"Guillermo Arriaga, Alejandro G. Iñárritu","Brad Pitt, Cate Blanchett, Gael García Bernal","Tragedy strikes a married couple on vacation in the Moroccan desert, which jump starts an interlocking story involving four different families.","English, Arabic, Spanish, Japanese, Berber languages, French, Russian, Japanese Sign ","United States, Mexico, France, Japan",Won 1 Oscar. 45 wins & 137 nominations total,https://m.media-amazon.com/images/M/MV5BNDY3YjliMzgtMTkxYi00MmRkLWI1YTktNGQ3NGJhNzVhNzg5XkEyXkFqcGc@._V1_SX300.jpg,69,7.5,"325,084","$34,302,837"
Color,Doug Liman,238.0,88,218.0,521.0,Hayden Christensen,17000.0,80170146.0,Action|Adventure|Sci-Fi|Thriller,Kristen Stewart,Jumper ,243053,21863,Tom Hulce,0.0,bank|based on novel|ice|teleportation|vault,http://www.imdb.com/title/tt0489099/?ref_=fn_tt_tt_1,488.0,English,USA,PG-13,85000000.0,2008,4000.0,6.1,2.35,0,4,Action,Adventure,Sci-Fi,tt0489099,Jumper,2008,PG-13,14 Feb 2008,88 min,"Action, Adventure, Sci-Fi",Doug Liman,"David S. Goyer, Jim Uhls, Simon Kinberg","Hayden Christensen, Samuel L. Jackson, Jamie Bell",A young man with teleportation abilities suddenly finds himself in the middle of an ancient war between those like him and their sworn annihilators.,"English, Italian, Japanese, Mandarin","Canada, United States",2 wins & 5 nominations total,https://m.media-amazon.com/images/M/MV5BMWQ3NjA3NTYtNDJiYi00ZTE0LWFmNzMtZjc0NTUxNjk2YTFkXkEyXkFqcGc@._V1_SX300.jpg,35,6.1,"335,588","$80,172,128"
Color,Joss Whedon,276.0,119,0.0,279.0,Sean Maher,2000.0,25335935.0,Action|Adventure|Sci-Fi|Thriller,Adam Baldwin,Serenity ,242599,2853,Michael Hitchcock,0.0,alliance|cannibalism|future|operative|planet,http://www.imdb.com/title/tt0379786/?ref_=fn_tt_tt_1,1594.0,English,USA,PG-13,40000000.0,2005,505.0,8.0,2.35,14000,4,Action,Adventure,Sci-Fi,tt0379786,Serenity,2005,PG-13,30 Sep 2005,119 min,"Action, Adventure, Sci-Fi",Joss Whedon,Joss Whedon,"Nathan Fillion, Gina Torres, Chiwetel Ejiofor",The crew of the ship Serenity try to evade an assassin sent to recapture telepath River.,"English, Mandarin",United States,9 wins & 10 nominations total,https://m.media-amazon.com/images/M/MV5BZWYwN2M1NWItMWI0YS00ZmJjLTk1Y2QtZjIxYmNhNGZkZDcwXkEyXkFqcGc@._V1_SX300.jpg,74,7.8,"314,280","$25,514,517"
Color,Michael Bay,378.0,165,0.0,808.0,Sophia Myles,974.0,245428137.0,Action|Adventure|Sci-Fi,Bingbing Li,Transformers: Age of Extinction ,242420,3988,Kelsey Grammer,2.0,blockbuster|bumblebee the character|semi truck and trailer|texas|truck,http://www.imdb.com/title/tt2109248/?ref_=fn_tt_tt_1,918.0,English,USA,PG-13,210000000.0,2014,956.0,5.7,2.35,56000,3,Action,Adventure,Sci-Fi,tt2109248,Transformers: Age of Extinction,2014,PG-13,27 Jun 2014,165 min,"Action, Adventure, Comedy",Michael Bay,Ehren Kruger,"Mark Wahlberg, Nicola Peltz Beckham, Jack Reynor","When humanity allies with a bounty hunter in pursuit of Optimus Prime, the Autobots turn to a mechanic and his family for help.","English, Chinese","United States, China, Hong Kong",5 wins & 23 nominations total,https://m.media-amazon.com/images/M/MV5BMjEwNTg1MTA5Nl5BMl5BanBnXkFtZTgwOTg2OTM4MTE@._V1_SX300.jpg,32,5.6,"347,982","$245,439,076"
Color,John Woo,237.0,123,610.0,653.0,Dougray Scott,10000.0,215397307.0,Action|Adventure|Thriller,Tom Cruise,Mission: Impossible II ,242188,11930,Richard Roxburgh,0.0,cure|mission|terrorist|thief|virus,http://www.imdb.com/title/tt0120755/?ref_=fn_tt_tt_1,1426.0,English,USA,PG-13,125000000.0,2000,794.0,6.1,2.35,0,3,Action,Adventure,Thriller,tt0120755,Mission: Impossible II,2000,PG-13,24 May 2000,123 min,"Action, Adventure, Thriller",John Woo,"Bruce Geller, Ronald D. Moore, Brannon Braga","Tom Cruise, Dougray Scott, Thandiwe Newton","IMF agent Ethan Hunt is sent to Sydney to find and destroy a genetically modified disease called ""Chimera"".",English,"Germany, United States",12 wins & 20 nominations total,"https://m.media-amazon.com/images/M/MV5BYWFjM2NhMTAtNDU1My00ODUxLTkwMzYtODQzNzM0ODM0ZWQ0XkEyXkFqcGc@._V1_QL75_UX380_CR0,4,380,562_.jpg",59,6.1,"413,413","$215,409,889"
Color,Paul Thomas Anderson,224.0,188,0.0,272.0,Neil Flynn,786.0,22450975.0,Drama,Patton Oswalt,Magnolia ,241030,1906,Jim Meskimen,1.0,abusive father|coincidence|fictional game show|fictional quiz show|multiple storyline,http://www.imdb.com/title/tt0175880/?ref_=fn_tt_tt_1,1437.0,English,USA,R,37000000.0,1999,625.0,8.0,2.35,13000,1,Drama,,,tt0175880,Magnolia,1999,R,07 Jan 2000,188 min,Drama,Paul Thomas Anderson,Paul Thomas Anderson,"Tom Cruise, Jason Robards, Julianne Moore","An epic mosaic of interrelated characters in search of love, forgiveness and meaning in the San Fernando Valley.","English, German, French",United States,Nominated for 3 Oscars. 28 wins & 59 nominations total,https://m.media-amazon.com/images/M/MV5BOWY0Zjk1YTMtMGFlYi00OTFmLWEyOTAtNmRkYjE0ZDJiZWMwXkEyXkFqcGc@._V1_SX300.jpg,78,8.0,"341,915","$22,455,976"
Color,Ethan Coen,493.0,110,1000.0,538.0,Jeff Bridges,13000.0,171031347.0,Adventure|Drama|Western,Matt Damon,True Grit ,240962,25964,Bruce Green,0.0,arkansas|murder|sheriff|texas ranger|u.s. marshal,http://www.imdb.com/title/tt1403865/?ref_=fn_tt_tt_1,724.0,English,USA,PG-13,38000000.0,2010,12000.0,7.7,2.35,36000,3,Adventure,Drama,Western,tt1403865,True Grit,2010,PG-13,22 Dec 2010,110 min,"Drama, Western","Ethan Coen, Joel Coen","Joel Coen, Ethan Coen, Charles Portis","Jeff Bridges, Matt Damon, Hailee Steinfeld",A stubborn teenager enlists the help of a tough U.S. Marshal to track down her father's murderer.,English,United States,Nominated for 10 Oscars. 38 wins & 170 nominations total,https://m.media-amazon.com/images/M/MV5BMTU5MjU3MTI4OF5BMl5BanBnXkFtZTcwMTQxOTAxNA@@._V1_SX300.jpg,80,7.6,"370,062","$171,243,005"
Color,Bryan Singer,434.0,169,0.0,903.0,Marlon Brando,18000.0,200069408.0,Action|Adventure|Sci-Fi,Kevin Spacey,Superman Returns ,240396,29991,Frank Langella,0.0,crystal|epic|lex luthor|lois lane|return to earth,http://www.imdb.com/title/tt0348150/?ref_=fn_tt_tt_1,2367.0,English,USA,PG-13,209000000.0,2006,10000.0,6.1,2.35,0,3,Action,Adventure,Sci-Fi,tt0348150,Superman Returns,2006,PG-13,30 Jun 2006,154 min,"Action, Adventure, Sci-Fi",Bryan Singer,"Michael Dougherty, Dan Harris, Bryan Singer","Brandon Routh, Kevin Spacey, Kate Bosworth","Superman returns to Earth after spending five years in space examining his homeworld Krypton. But he finds things have changed while he was gone, and he must once again prove himself important to the world.","English, German, French","United States, Australia",Nominated for 1 Oscar. 12 wins & 47 nominations total,https://m.media-amazon.com/images/M/MV5BMjg1ZGRiMTEtYmU4Zi00NTkwLWJmODQtMjU3MTAyMGQ2OGZlXkEyXkFqcGc@._V1_SX300.jpg,72,6.1,"302,225","$200,081,192"
Color,Paul Verhoeven,196.0,113,719.0,217.0,Rachel Ticotin,605.0,119412921.0,Action|Sci-Fi,Ronny Cox,Total Recall ,240241,1441,Marshall Bell,0.0,ambiguous ending|false memory|implanted memory|memory|space colony,http://www.imdb.com/title/tt0100802/?ref_=fn_tt_tt_1,391.0,English,USA,R,65000000.0,1990,308.0,7.5,1.85,0,2,Action,Sci-Fi,,tt0100802,Total Recall,1990,R,01 Jun 1990,113 min,"Action, Adventure, Sci-Fi",Paul Verhoeven,"Philip K. Dick, Ronald Shusett, Dan O'Bannon","Arnold Schwarzenegger, Sharon Stone, Michael Ironside","When a man goes in to have virtual vacation memories of the planet Mars implanted in his mind, an unexpected and harrowing series of events forces him to go to the planet for real - or is he?",English,"United States, Mexico, Netherlands",Nominated for 2 Oscars. 7 wins & 16 nominations total,https://m.media-amazon.com/images/M/MV5BZjRlMzBkOGMtMTA1Ny00ZWI4LTkzMDItOGVkNWJkN2E4ZTkwXkEyXkFqcGc@._V1_SX300.jpg,60,7.5,"378,339","$119,412,921"
Color,Neil Jordan,120.0,123,277.0,4000.0,Tom Cruise,11000.0,105264608.0,Drama|Fantasy|Horror,Brad Pitt,Interview with the Vampire: The Vampire Chronicles ,239752,25697,Kirsten Dunst,0.0,betrayal|dangerous friend|gothic|monster as victim|vampire,http://www.imdb.com/title/tt0110148/?ref_=fn_tt_tt_1,406.0,English,USA,R,60000000.0,1994,10000.0,7.6,1.85,11000,3,Drama,Fantasy,Horror,tt0110148,Interview with the Vampire,1994,R,11 Nov 1994,123 min,"Drama, Fantasy, Horror",Neil Jordan,Anne Rice,"Brad Pitt, Tom Cruise, Antonio Banderas","A vampire tells his epic life story: love, betrayal, loneliness, and hunger.","English, French",United States,Nominated for 2 Oscars. 24 wins & 34 nominations total,https://m.media-amazon.com/images/M/MV5BYzJlN2NiZDQtZmI4NC00ZWFiLWFmMTUtMWM4ODVlOGFlODY1XkEyXkFqcGc@._V1_SX300.jpg,62,7.5,"372,902","$105,264,608"
Color,Quentin Tarantino,140.0,154,16000.0,889.0,Sid Haig,22000.0,39647595.0,Crime|Thriller,Robert De Niro,Jackie Brown ,239540,25522,Robert Forster,5.0,arms dealer|atf|bail|money|multiple perspectives,http://www.imdb.com/title/tt0119396/?ref_=fn_tt_tt_1,462.0,English,USA,R,12000000.0,1997,1000.0,7.5,1.85,0,2,Crime,Thriller,,tt0119396,Jackie Brown,1997,R,25 Dec 1997,154 min,"Crime, Drama, Thriller",Quentin Tarantino,"Quentin Tarantino, Elmore Leonard","Pam Grier, Samuel L. Jackson, Robert Forster","A flight attendant with a criminal past gets nabbed by the ATF for smuggling. Under pressure to become an informant against the illegal arms dealer she works for, she must find a way to secure her future without getting killed.","English, Spanish",United States,Nominated for 1 Oscar. 9 wins & 24 nominations total,https://m.media-amazon.com/images/M/MV5BZmUxZjY3MDktNGI5NS00MTQ5LWE0YWItZWQzNmZhNjhkZDYyXkEyXkFqcGc@._V1_SX300.jpg,62,7.5,"400,150","$39,673,162"
Color,Robert Schwentke,315.0,111,124.0,357.0,Morgan Freeman,13000.0,90356857.0,Action|Comedy|Crime|Thriller,Bruce Willis,RED ,238916,24928,Jaqueline Fleming,4.0,cia|female assassin|interrogation|office cubicle|spy,http://www.imdb.com/title/tt1245526/?ref_=fn_tt_tt_1,328.0,English,USA,PG-13,58000000.0,2010,11000.0,7.1,2.35,32000,4,Action,Comedy,Crime,tt1245526,RED,2010,PG-13,15 Oct 2010,111 min,"Action, Comedy, Crime",Robert Schwentke,"Warren Ellis, Cully Hamner, Jon Hoeber","Bruce Willis, Helen Mirren, Morgan Freeman","When his peaceful life is threatened by a high-tech assassin, former black-ops agent Frank Moses reassembles his old team in a last-ditch effort to survive and uncover the assailants.","English, Russian",United States,4 wins & 19 nominations total,https://m.media-amazon.com/images/M/MV5BMzg2Mjg1OTk0NF5BMl5BanBnXkFtZTcwMjQ4MTA3Mw@@._V1_SX300.jpg,60,7.0,"337,443","$90,380,162"
Color,Steven Spielberg,281.0,146,14000.0,681.0,William Hurt,3000.0,78616689.0,Adventure|Drama|Sci-Fi,Haley Joel Osment,A.I. Artificial Intelligence ,238747,6217,Kevin Sussman,0.0,affection|boy|fairy|future|robot,http://www.imdb.com/title/tt0212720/?ref_=fn_tt_tt_1,2153.0,English,USA,PG-13,100000000.0,2001,882.0,7.1,1.85,11000,3,Adventure,Drama,Sci-Fi,tt0212720,A.I. Artificial Intelligence,2001,PG-13,29 Jun 2001,146 min,"Adventure, Drama, Sci-Fi",Steven Spielberg,"Brian Aldiss, Ian Watson, Steven Spielberg","Haley Joel Osment, Jude Law, Frances O'Connor","A highly advanced robotic boy longs to become ""real"" so that he can regain the love of his human mother.",English,United States,Nominated for 2 Oscars. 18 wins & 71 nominations total,https://m.media-amazon.com/images/M/MV5BODA1YjhhZDctM2Y1ZS00ODkyLWFmMTAtZGY5YWEzNzRjYzA1XkEyXkFqcGc@._V1_SX300.jpg,65,7.2,"337,075","$78,616,689"
Color,Olivier Megaton,358.0,98,118.0,558.0,Luke Grimes,14000.0,139852971.0,Action|Crime|Thriller,Liam Neeson,Taken 2 ,238671,16410,D.B. Sweeney,0.0,albanian|revenge|revenge motive|teenage daughter|vacation,http://www.imdb.com/title/tt1397280/?ref_=fn_tt_tt_1,461.0,English,France,PG-13,45000000.0,2012,935.0,6.3,2.35,63000,3,Action,Crime,Thriller,tt1397280,Taken 2,2012,PG-13,05 Oct 2012,92 min,"Action, Crime, Thriller",Olivier Megaton,"Luc Besson, Robert Mark Kamen","Liam Neeson, Famke Janssen, Maggie Grace","In Istanbul, retired CIA operative Bryan Mills and his wife are taken hostage by the father of a kidnapper Mills killed while rescuing his daughter.","English, Turkish, Arabic, Albanian","France, United States, Turkey, United Kingdom",1 win & 3 nominations total,https://m.media-amazon.com/images/M/MV5BMTkwNTQ0ODExOV5BMl5BanBnXkFtZTcwNjU3NDQwOA@@._V1_SX300.jpg,45,6.2,"335,764","$139,854,287"
Color,James Mangold,295.0,122,446.0,600.0,Logan Lerman,23000.0,53574088.0,Adventure|Crime|Drama|Western,Christian Bale,3:10 to Yuma ,237872,33548,Gretchen Mol,1.0,outlaw|rancher|small western town|stagecoach|train,http://www.imdb.com/title/tt0381849/?ref_=fn_tt_tt_1,560.0,English,USA,R,55000000.0,2007,8000.0,7.8,2.35,0,4,Adventure,Crime,Drama,tt0381849,3:10 to Yuma,2007,R,07 Sep 2007,122 min,"Action, Crime, Drama",James Mangold,"Halsted Welles, Michael Brandt, Derek Haas","Russell Crowe, Christian Bale, Ben Foster",A small-time solely rancher agrees to hold a captured outlaw who's awaiting a train to go to court in Yuma. A battle of wills ensues as the outlaw tries to psych out the rancher.,"English, Chinese",United States,Nominated for 2 Oscars. 3 wins & 32 nominations total,https://m.media-amazon.com/images/M/MV5BODE0NTcxNTQzNF5BMl5BanBnXkFtZTcwMzczOTIzMw@@._V1_SX300.jpg,76,7.6,"349,619","$53,606,916"
Color,Wes Anderson,487.0,94,0.0,559.0,Bill Murray,13000.0,45507053.0,Adventure|Comedy|Drama|Romance,Bruce Willis,Moonrise Kingdom ,237848,27911,Bob Balaban,2.0,1960s|boy scouts|boy scouts camp|coming of age|young love,http://www.imdb.com/title/tt1748122/?ref_=fn_tt_tt_1,377.0,English,USA,PG-13,16000000.0,2012,13000.0,7.8,1.85,71000,4,Adventure,Comedy,Drama,tt1748122,Moonrise Kingdom,2012,PG-13,29 Jun 2012,94 min,"Adventure, Comedy, Drama",Wes Anderson,"Wes Anderson, Roman Coppola","Jared Gilman, Kara Hayward, Bruce Willis","Two 12-year-olds, who live on an island, fall in love with each other and elope into the wilderness. While people set out on a search mission, a violent storm approaching them catches their attention.",English,United States,Nominated for 1 Oscar. 36 wins & 121 nominations total,"https://m.media-amazon.com/images/M/MV5BMTEwMTc3NDkzOTJeQTJeQWpwZ15BbWU3MDI4NTAwNzc@._V1_QL75_UX380_CR0,0,380,562_.jpg",84,7.7,"382,558","$45,512,466"
Color,Louis Leterrier,171.0,92,255.0,447.0,Qi Shu,26000.0,25296447.0,Action|Crime|Thriller,Jason Statham,The Transporter ,237248,27572,Matt Schulze,0.0,bar|gunfight|human trafficking|mixed martial arts|tire iron,http://www.imdb.com/title/tt0293662/?ref_=fn_tt_tt_1,460.0,English,France,PG-13,21000000.0,2002,1000.0,6.8,2.35,0,3,Action,Crime,Thriller,tt0293662,The Transporter,2002,PG-13,11 Oct 2002,92 min,"Action, Crime, Thriller","Louis Leterrier, Corey Yuen","Luc Besson, Robert Mark Kamen","Jason Statham, Shu Qi, Matt Schulze","Frank Martin, who ""transports"" packages for unknown clients, is asked to move a package that soon begins moving, and complications arise.","English, French, Mandarin","France, United States",N/A,https://m.media-amazon.com/images/M/MV5BMTk2NDc2MDAxN15BMl5BanBnXkFtZTYwNDc1NDY2._V1_SX300.jpg,51,6.8,"336,692","$25,296,447"
Color,Ben Stiller,362.0,114,0.0,423.0,Adrian Martinez,3000.0,58229120.0,Adventure|Comedy|Drama|Fantasy|Romance,Adam Scott,The Secret Life of Walter Mitty ,236421,5095,Joey Slotnick,1.0,daydream|life magazine|magazine|photographer|snow leopard,http://www.imdb.com/title/tt0359950/?ref_=fn_tt_tt_1,515.0,English,USA,PG,90000000.0,2013,806.0,7.3,2.35,70000,5,Adventure,Comedy,Drama,tt0359950,The Secret Life of Walter Mitty,2013,PG,25 Dec 2013,114 min,"Adventure, Comedy, Drama",Ben Stiller,"Steve Conrad, James Thurber","Ben Stiller, Kristen Wiig, Jon Daly","When both he and a colleague are about to lose their job, Walter takes action by embarking on an adventure more extraordinary than anything he ever imagined.","English, Spanish, Icelandic","United States, United Kingdom",5 wins & 18 nominations total,https://m.media-amazon.com/images/M/MV5BODYwNDYxNDk1Nl5BMl5BanBnXkFtZTgwOTAwMTk2MDE@._V1_SX300.jpg,54,7.3,"365,611","$58,236,838"
Color,Mel Gibson,283.0,139,0.0,19.0,Dalia Hernández,708.0,50859889.0,Action|Adventure|Drama|Thriller,Rudy Youngblood,Apocalypto ,236000,848,Jonathan Brewer,0.0,jaguar|mayan|solar eclipse|tribe|village,http://www.imdb.com/title/tt0472043/?ref_=fn_tt_tt_1,1043.0,Maya,USA,R,40000000.0,2006,78.0,7.8,1.85,14000,4,Action,Adventure,Drama,tt0472043,Apocalypto,2006,R,08 Dec 2006,139 min,"Action, Adventure, Drama",Mel Gibson,"Mel Gibson, Farhad Safinia","Gerardo Taracena, Raoul Max Trujillo, Dalia Hernández","As the Mayan kingdom faces its decline, a young man is taken on a perilous journey to a world ruled by fear and oppression.","Maya, English","United States, Mexico",Nominated for 3 Oscars. 9 wins & 23 nominations total,https://m.media-amazon.com/images/M/MV5BMzJkNzI3ZmEtZmRhOS00YTM1LWI3OTAtZmVjZmNkODIxNmFmXkEyXkFqcGc@._V1_SX300.jpg,68,7.8,"355,188","$50,866,635"
Color,David Lynch,252.0,147,0.0,669.0,Robert Forster,6000.0,7219578.0,Drama|Mystery|Thriller,Naomi Watts,Mulholland Drive ,235992,8484,Laura Harring,1.0,amnesia|car accident|female protagonist|lesbian sex|loss of memory,http://www.imdb.com/title/tt0166924/?ref_=fn_tt_tt_1,1768.0,English,France,R,15000000.0,2001,889.0,8.0,1.85,16000,3,Drama,Mystery,Thriller,tt0166924,Mulholland Drive,2001,R,19 Oct 2001,147 min,"Drama, Mystery, Thriller",David Lynch,David Lynch,"Naomi Watts, Laura Harring, Justin Theroux","After a car wreck on Mulholland Drive renders a woman amnesiac, she and a Hollywood-hopeful search for clues and answers across Los Angeles in a twisting venture beyond dreams and reality.","English, Spanish, French","France, United States",Nominated for 1 Oscar. 50 wins & 61 nominations total,https://m.media-amazon.com/images/M/MV5BNjliY2UwMjQtYjVlNi00NzExLTg1MDMtMjE2OTYwYjI0NTcxXkEyXkFqcGc@._V1_SX300.jpg,87,7.9,"415,244","$7,220,243"
 Black and White,Martin Scorsese,151.0,121,17000.0,356.0,Cathy Moriarty,22000.0,45250.0,Biography|Drama|Sport,Robert De Niro,Raging Bull ,235133,23008,Frank Vincent,1.0,boxing|domestic violence|hot temper|jealousy|rage,http://www.imdb.com/title/tt0081398/?ref_=fn_tt_tt_1,494.0,English,USA,R,18000000.0,1980,394.0,8.3,1.85,0,3,Biography,Drama,Sport,tt0081398,Raging Bull,1980,R,19 Dec 1980,129 min,"Biography, Drama, Sport",Martin Scorsese,"Jake LaMotta, Joseph Carter, Peter Savage","Robert De Niro, Cathy Moriarty, Joe Pesci","The life of boxer Jake LaMotta, whose violence and temper that led him to the top in the ring destroyed his life outside of it.",English,United States,Won 2 Oscars. 24 wins & 28 nominations total,https://m.media-amazon.com/images/M/MV5BMjlkYmYyZWQtNTZkOS00ZjA0LWEwNWUtNzE2ZGNiYjg0MjA2XkEyXkFqcGc@._V1_SX300.jpg,90,8.1,"407,608","$23,383,987"
Color,Dan Scanlon,376.0,104,37.0,760.0,Tyler Labine,12000.0,268488329.0,Adventure|Animation|Comedy|Family|Fantasy,Steve Buscemi,Monsters University ,235025,14863,Sean Hayes,0.0,cheating|fraternity|monster|singing in a car|university,http://www.imdb.com/title/tt1453405/?ref_=fn_tt_tt_1,265.0,English,USA,G,200000000.0,2013,779.0,7.3,1.85,44000,5,Adventure,Animation,Comedy,tt1453405,Monsters University,2013,G,21 Jun 2013,104 min,"Animation, Adventure, Comedy",Dan Scanlon,"Dan Scanlon, Daniel Gerson, Robert L. Baird","Billy Crystal, John Goodman, Steve Buscemi","A look at the relationship between Mike Wazowski and James P. ""Sully"" Sullivan during their days at Monsters University, when they weren't necessarily the best of friends.",English,United States,Nominated for 2 BAFTA 9 wins & 58 nominations total,https://m.media-amazon.com/images/M/MV5BMTUyODgwMDU3M15BMl5BanBnXkFtZTcwOTM4MjcxOQ@@._V1_SX300.jpg,65,7.2,"421,121","$268,492,764"
Color,Shawn Levy,179.0,108,189.0,1000.0,Rami Malek,49000.0,250863268.0,Action|Adventure|Comedy|Family|Fantasy,Robin Williams,Night at the Museum ,234480,55486,Steve Coogan,2.0,chaos|museum|museum of natural history|night watchman|watchman,http://www.imdb.com/title/tt0477347/?ref_=fn_tt_tt_1,444.0,English,USA,PG,110000000.0,2006,3000.0,6.4,1.85,3000,5,Action,Adventure,Comedy,tt0477347,Night at the Museum,2006,PG,22 Dec 2006,108 min,"Adventure, Comedy, Family",Shawn Levy,"Robert Ben Garant, Thomas Lennon, Milan Trenc","Ben Stiller, Carla Gugino, Ricky Gervais",A newly recruited night security guard at the Museum of Natural History discovers that an ancient curse causes the animals and exhibits on display to come to life and wreak havoc.,"English, Italian, Hebrew","United States, United Kingdom",2 wins & 8 nominations total,https://m.media-amazon.com/images/M/MV5BNGMyYjYyZDAtNzRiZC00ZjRkLTkwYjktODkxODQzNTFiMTVmXkEyXkFqcGc@._V1_SX300.jpg,48,6.5,"404,946","$250,863,268"
Color,Gabriele Muccino,202.0,123,125.0,835.0,Rosario Dawson,10000.0,69951824.0,Drama|Romance,Will Smith,Seven Pounds ,232710,14727,Madison Pettis,1.0,boyfriend girlfriend relationship|heart|main character dies|organ donor|redemption,http://www.imdb.com/title/tt0814314/?ref_=fn_tt_tt_1,599.0,English,USA,PG-13,55000000.0,2008,3000.0,7.7,2.35,26000,2,Drama,Romance,,tt0814314,Seven Pounds,2008,PG-13,19 Dec 2008,123 min,"Drama, Mystery, Thriller",Gabriele Muccino,Grant Nieporte,"Will Smith, Rosario Dawson, Woody Harrelson",A man with a fateful secret embarks on an extraordinary journey of redemption by forever changing the lives of seven strangers.,"English, Spanish",United States,4 wins & 7 nominations total,https://m.media-amazon.com/images/M/MV5BMTU0NzY0MTY5OF5BMl5BanBnXkFtZTcwODY3MDEwMg@@._V1_SX300.jpg,36,7.6,"324,334","$69,951,824"
Color,Michael Cimino,140.0,183,517.0,652.0,Meryl Streep,22000.0,,Drama|War,Robert De Niro,The Deer Hunter ,232577,34025,John Savage,2.0,escape|friend|party|pittsburgh steelers|vietnam,http://www.imdb.com/title/tt0077416/?ref_=fn_tt_tt_1,1026.0,English,UK,R,15000000.0,1978,11000.0,8.2,2.35,11000,2,Drama,War,,tt0077416,The Deer Hunter,1979,R,23 Feb 1979,183 min,"Drama, War",Michael Cimino,"Michael Cimino, Deric Washburn, Louis Garfinkle","Robert De Niro, Christopher Walken, John Cazale",The lives of a group of friends are forever changed by the Vietnam War.,"English, Vietnamese, French, Russian, Cantonese","United States, United Kingdom",Won 5 Oscars. 24 wins & 27 nominations total,"https://m.media-amazon.com/images/M/MV5BZGI4YmVhMzMtMWExMS00MGZiLTg2MmItM2I2MWZjODAyM2U5XkEyXkFqcGc@._V1_QL75_UY562_CR1,0,380,562_.jpg",90,8.1,"386,553","$48,979,328"
Color,Christopher McQuarrie,465.0,131,188.0,641.0,Jeremy Renner,10000.0,195000874.0,Action|Adventure|Thriller,Tom Cruise,Mission: Impossible - Rogue Nation ,232187,21840,Sean Harris,0.0,capture|computer hacker|mission|rogue agent|spy,http://www.imdb.com/title/tt2381249/?ref_=fn_tt_tt_1,440.0,English,China,PG-13,150000000.0,2015,10000.0,7.4,2.35,47000,3,Action,Adventure,Thriller,tt2381249,Mission: Impossible - Rogue Nation,2015,PG-13,31 Jul 2015,131 min,"Action, Adventure, Thriller",Christopher McQuarrie,"Bruce Geller, Christopher McQuarrie, Drew Pearce","Tom Cruise, Rebecca Ferguson, Jeremy Renner",Ethan and his team take on their most impossible mission yet when they have to eradicate an international rogue organization as highly skilled as they are and committed to destroying the IMF.,"English, Swedish, German, Russian","United States, China, United Kingdom, Austria, Morocco, Hong Kong",6 wins & 26 nominations total,"https://m.media-amazon.com/images/M/MV5BZjUwZjg2ZjAtY2RhZi00YmZjLTlhNGQtOWQwNDk1MjhhM2NhXkEyXkFqcGc@._V1_QL75_UX380_CR0,10,380,562_.jpg",75,7.4,"445,302","$195,042,377"
Color,Michael Mann,357.0,140,0.0,1000.0,Christian Bale,40000.0,97030725.0,Biography|Crime|Drama|History|Romance,Johnny Depp,Public Enemies ,230931,64599,Stephen Graham,1.0,1930s|bank|celebrity criminal|fbi|public enemy number one,http://www.imdb.com/title/tt1152836/?ref_=fn_tt_tt_1,585.0,English,USA,R,100000000.0,2009,23000.0,7.0,2.35,0,5,Biography,Crime,Drama,tt1152836,Public Enemies,2009,R,01 Jul 2009,140 min,"Biography, Crime, Drama",Michael Mann,"Ronan Bennett, Michael Mann, Ann Biderman","Christian Bale, Johnny Depp, Christian Stolte","The Feds try to take down notorious American gangsters John Dillinger, Baby Face Nelson, and Pretty Boy Floyd during a booming crime wave in the 1930s.",English,"United States, Japan",1 win & 14 nominations total,https://m.media-amazon.com/images/M/MV5BY2FjYTZjZTUtNDMyOS00YzViLWFlZjQtZTAzNGQwM2VjYjVjXkEyXkFqcGc@._V1_SX300.jpg,70,6.9,"333,880","$97,104,620"
Color,Tony Gilroy,436.0,135,209.0,602.0,Scott Glenn,10000.0,113165635.0,Action|Adventure|Thriller,Jeremy Renner,The Bourne Legacy ,229823,12175,Stacy Keach,0.0,assassin|cia|drone|pill|wolf,http://www.imdb.com/title/tt1194173/?ref_=fn_tt_tt_1,504.0,English,USA,PG-13,125000000.0,2012,826.0,6.7,2.35,31000,3,Action,Adventure,Thriller,tt1194173,The Bourne Legacy,2012,PG-13,10 Aug 2012,135 min,"Action, Adventure, Thriller",Tony Gilroy,"Tony Gilroy, Dan Gilroy, Robert Ludlum","Jeremy Renner, Rachel Weisz, Edward Norton","An expansion of the universe from Robert Ludlum's novels, centered on a new hero whose stakes have been triggered by the events of the previous three films.","English, Tagalog, Korean, Russian","United States, Japan, South Korea, Canada, United Arab Emirates, Philippines",1 win & 12 nominations total,https://m.media-amazon.com/images/M/MV5BMTc4Njk3MDM1Nl5BMl5BanBnXkFtZTcwODgyOTMxOA@@._V1_SX300.jpg,61,6.6,"325,874","$113,203,870"
Color,Louis Leterrier,344.0,106,255.0,850.0,Jason Flemyng,14000.0,163192114.0,Action|Adventure|Fantasy,Liam Neeson,Clash of the Titans ,229679,18003,Alexa Davalos,0.0,famous line|hand to hand combat|kraken|rape|zeus,http://www.imdb.com/title/tt0800320/?ref_=fn_tt_tt_1,637.0,English,USA,PG-13,125000000.0,2010,1000.0,5.8,2.35,15000,3,Action,Adventure,Fantasy,tt0800320,Clash of the Titans,2010,PG-13,02 Apr 2010,106 min,"Action, Adventure, Fantasy",Louis Leterrier,"Travis Beacham, Phil Hay, Matt Manfredi","Sam Worthington, Liam Neeson, Ralph Fiennes","Perseus, a demigod and the son of Zeus, battles the minions of Hades and the Underworld in order to stop them from conquering Olympus and Earth.",English,United States,4 wins & 14 nominations total,https://m.media-amazon.com/images/M/MV5BMTYxNjg4MzU5OV5BMl5BanBnXkFtZTcwOTA3NTUwMw@@._V1_SX300.jpg,39,5.8,"303,998","$163,214,888"
Color,Antoine Fuqua,292.0,132,845.0,683.0,Chloë Grace Moretz,18000.0,101530738.0,Action|Crime|Thriller,Denzel Washington,The Equalizer ,229574,37605,James Wilcox,0.0,assassin|ex soldier|gangster|hanged man|mysterious past,http://www.imdb.com/title/tt0455944/?ref_=fn_tt_tt_1,436.0,English,USA,R,55000000.0,2014,17000.0,7.2,2.35,56000,3,Action,Crime,Thriller,tt0455944,The Equalizer,2014,R,26 Sep 2014,132 min,"Action, Crime, Thriller",Antoine Fuqua,"Richard Wenk, Michael Sloan, Richard Lindheim","Denzel Washington, Marton Csokas, Chloë Grace Moretz",A man who believes he has put his mysterious past behind him cannot stand idly by when he meets a young girl under the control of ultra-violent Russian gangsters.,"English, Russian, Spanish, German, Ukrainian",United States,1 win & 9 nominations total,"https://m.media-amazon.com/images/M/MV5BMTQ2MzE2NTk0NF5BMl5BanBnXkFtZTgwOTM3NTk1MjE@._V1_QL75_UX380_CR0,0,380,562_.jpg",57,7.3,"464,792","$101,530,738"
 Black and White,Akira Kurosawa,153.0,202,0.0,4.0,Minoru Chiaki,304.0,269061.0,Action|Adventure|Drama,Takashi Shimura,Seven Samurai ,229012,338,Kamatari Fujiwara,6.0,16th century|battle|japan|practice|samurai,http://www.imdb.com/title/tt0047478/?ref_=fn_tt_tt_1,596.0,Japanese,Japan,Unrated,2000000.0,1954,8.0,8.7,1.37,11000,3,Action,Adventure,Drama,tt0047478,Seven Samurai,1954,Not Rated,19 Nov 1956,207 min,"Action, Drama",Akira Kurosawa,"Akira Kurosawa, Shinobu Hashimoto, Hideo Oguni","Toshirô Mifune, Takashi Shimura, Keiko Tsushima","Farmers from a village exploited by bandits hire a veteran samurai for protection, and he gathers six other samurai to join him.",Japanese,Japan,Nominated for 2 Oscars. 5 wins & 9 nominations total,https://m.media-amazon.com/images/M/MV5BZjliMWExOTMtZDQ3ZS00NWU3LWIyN2EtMjllNzk3ZTNlYzg4XkEyXkFqcGc@._V1_SX300.jpg,98,8.6,"397,770","$820,278"
Color,Rupert Sanders,416.0,132,274.0,11000.0,Kristen Stewart,26000.0,155111815.0,Action|Adventure|Drama|Fantasy,Chris Hemsworth,Snow White and the Huntsman ,228554,72881,Sam Claflin,0.0,evil queen|fairy tale|magic|queen|snow white,http://www.imdb.com/title/tt1735898/?ref_=fn_tt_tt_1,710.0,English,USA,PG-13,170000000.0,2012,17000.0,6.1,2.35,53000,4,Action,Adventure,Drama,tt1735898,Snow White and the Huntsman,2012,PG-13,01 Jun 2012,127 min,"Action, Adventure, Drama",Rupert Sanders,"Evan Daugherty, John Lee Hancock, Hossein Amini","Kristen Stewart, Chris Hemsworth, Charlize Theron","In a twist to the fairy tale, the Huntsman ordered to take Snow White into the woods to be killed winds up becoming her protector and mentor in a quest to vanquish the Evil Queen.",English,"United Kingdom, Japan, United States",Nominated for 2 Oscars. 13 wins & 33 nominations total,https://m.media-amazon.com/images/M/MV5BY2JjYWUyZjUtMDg3OS00MGIyLTgyN2QtYjIyY2VlYzViYThlXkEyXkFqcGc@._V1_SX300.jpg,57,6.1,"312,075","$155,332,381"
Color,Anne Fletcher,224.0,108,98.0,723.0,Denis O'Hare,16000.0,163947053.0,Comedy|Drama|Romance,Ryan Reynolds,The Proposal ,227824,18656,Craig T. Nelson,1.0,alaska|deportation|father son relationship|male objectification|sitka alaska,http://www.imdb.com/title/tt1041829/?ref_=fn_tt_tt_1,273.0,English,USA,PG-13,40000000.0,2009,896.0,6.7,2.35,10000,3,Comedy,Drama,Romance,tt1041829,The Proposal,2009,PG-13,19 Jun 2009,108 min,"Comedy, Drama, Romance",Anne Fletcher,Peter Chiarelli,"Sandra Bullock, Ryan Reynolds, Mary Steenburgen","When New York editor Margaret faces deportation, she convinces her assistant Andrew to marry her in return for a promotion. However, when she visits his hometown, it changes her in many ways.",English,United States,7 wins & 20 nominations total,https://m.media-amazon.com/images/M/MV5BYWU3ZmFhYTktNzU4NS00ZTEyLTkwNTYtMWE1M2JjMTFmODVkXkEyXkFqcGc@._V1_SX300.jpg,48,6.8,"393,239","$163,958,031"
Color,Albert Hughes,325.0,118,117.0,10000.0,Mila Kunis,18000.0,94822707.0,Action|Adventure|Drama|Thriller,Denzel Washington,The Book of Eli ,227072,44797,Gary Oldman,0.0,blind|book|long take|post apocalypse|water,http://www.imdb.com/title/tt1037705/?ref_=fn_tt_tt_1,560.0,English,USA,R,80000000.0,2010,15000.0,6.9,2.35,20000,4,Action,Adventure,Drama,tt1037705,The Book of Eli,2010,R,15 Jan 2010,118 min,"Action, Adventure, Drama","Albert Hughes, Allen Hughes",Gary Whitta,"Denzel Washington, Mila Kunis, Ray Stevenson","A drifter fights his way across a ravaged, post-apocalyptic America while protecting a sacred book that holds the secrets to humanity's salvation.",English,United States,3 wins & 16 nominations total,"https://m.media-amazon.com/images/M/MV5BZjk4N2U2YTAtNWEzZC00N2VmLTlkNDctMjg5YjI4OTExZTFhXkEyXkFqcGc@._V1_QL75_UX380_CR0,4,380,562_.jpg",53,6.8,"360,572","$94,835,059"
Color,Stanley Kubrick,280.0,159,0.0,521.0,Vinessa Shaw,10000.0,55637680.0,Drama|Mystery|Thriller,Tom Cruise,Eyes Wide Shut ,227071,11424,Sydney Pollack,1.0,doctor|orgy|party|pianist|sexual fantasy,http://www.imdb.com/title/tt0120663/?ref_=fn_tt_tt_1,1500.0,English,UK,R,65000000.0,1999,580.0,7.3,1.66,10000,3,Drama,Mystery,Thriller,tt0120663,Eyes Wide Shut,1999,R,16 Jul 1999,159 min,"Drama, Mystery, Thriller",Stanley Kubrick,"Stanley Kubrick, Frederic Raphael, Arthur Schnitzler","Tom Cruise, Nicole Kidman, Todd Field","A Manhattan doctor embarks on a bizarre, night-long odyssey after his wife's admission of unfulfilled longing.",English,"United Kingdom, United States",12 wins & 30 nominations total,https://m.media-amazon.com/images/M/MV5BZTQ0MmM5MDAtYmYyZS00MzlmLTlhZTAtZDJlZWY5ZTZkZjZmXkEyXkFqcGc@._V1_SX300.jpg,69,7.5,"424,194","$55,691,208"
Color,Christopher McQuarrie,387.0,130,188.0,1000.0,Robert Duvall,10000.0,80033643.0,Action|Crime|Mystery|Thriller,Tom Cruise,Jack Reacher ,226570,16385,David Oyelowo,2.0,coma|mysterious villain|police chase|shooting range|sniper,http://www.imdb.com/title/tt0790724/?ref_=fn_tt_tt_1,448.0,English,USA,PG-13,60000000.0,2012,3000.0,7.0,2.35,38000,4,Action,Crime,Mystery,tt0790724,Jack Reacher,2012,PG-13,21 Dec 2012,130 min,"Action, Thriller",Christopher McQuarrie,"Lee Child, Christopher McQuarrie","Tom Cruise, Rosamund Pike, Richard Jenkins","Jack Reacher, a homicide investigator, digs deeper into a case involving a trained military sniper responsible for a mass shooting.",English,United States,1 win & 6 nominations total,https://m.media-amazon.com/images/M/MV5BMTM1NjUxMDI3OV5BMl5BanBnXkFtZTcwNjg1ODM3OA@@._V1_SX300.jpg,50,7.0,"389,208","$80,070,736"
Color,Simon West,139.0,123,165.0,744.0,Monica Potter,12000.0,101087161.0,Action|Crime|Thriller,Steve Buscemi,Con Air ,225282,15362,Dave Chappelle,6.0,army rangers|convict|criminal|escape|prison,http://www.imdb.com/title/tt0118880/?ref_=fn_tt_tt_1,339.0,English,USA,R,75000000.0,1997,878.0,6.8,2.35,0,3,Action,Crime,Thriller,tt0118880,Con Air,1997,R,06 Jun 1997,115 min,"Action, Crime, Thriller",Simon West,Scott Rosenberg,"Nicolas Cage, John Cusack, John Malkovich","Former US Army Ranger, Cameron Poe, has just been paroled for manslaughter, but must stop a group of violent and deadly criminals from escaping the country after they seize control of the prison transport plane he is on.","English, Spanish",United States,Nominated for 2 Oscars. 7 wins & 11 nominations total,https://m.media-amazon.com/images/M/MV5BODcxOGFjOTEtM2M3Zi00ZWNiLWFjMTYtZDQ0Yjg2NTE2MzNiXkEyXkFqcGc@._V1_SX300.jpg,52,6.9,"334,216","$101,117,573"
Color,Noam Murro,366.0,102,263.0,1000.0,Sullivan Stapleton,6000.0,106369117.0,Action|Drama|Fantasy|War,Eva Green,300: Rise of an Empire ,225273,10583,Peter Mensah,0.0,army|commander|female rear nudity|greek|navy,http://www.imdb.com/title/tt1253863/?ref_=fn_tt_tt_1,523.0,English,USA,R,110000000.0,2014,1000.0,6.2,2.35,71000,4,Action,Drama,Fantasy,tt1253863,300: Rise of an Empire,2014,R,07 Mar 2014,102 min,"Action, Drama, Fantasy",Noam Murro,"Zack Snyder, Kurt Johnstad, Frank Miller","Sullivan Stapleton, Eva Green, Lena Headey","Greek general Themistocles of Athens leads the naval charge against invading Persian forces led by mortal-turned-god Xerxes and Artemisia, vengeful commander of the Persian navy.",English,"United States, Bulgaria",2 wins & 7 nominations total,https://m.media-amazon.com/images/M/MV5BMTEwNTU2MjAwMDdeQTJeQWpwZ15BbWU3MDk2Njc2Njk@._V1_SX300.jpg,48,6.2,"327,913","$106,580,051"
Color,Mike Newell,117.0,147,179.0,646.0,Al Pacino,40000.0,41954997.0,Biography|Crime|Drama,Johnny Depp,Donnie Brasco ,225122,56014,Anne Heche,2.0,fbi|mafia|money|racial slur|singer,http://www.imdb.com/title/tt0119008/?ref_=fn_tt_tt_1,234.0,English,USA,R,35000000.0,1997,14000.0,7.8,2.35,0,3,Biography,Crime,Drama,tt0119008,Donnie Brasco,1997,R,28 Feb 1997,127 min,"Biography, Crime, Drama",Mike Newell,"Joseph D. Pistone, Richard Woodley, Paul Attanasio","Al Pacino, Johnny Depp, Michael Madsen",An FBI undercover agent infiltrates the mob and finds himself identifying more with the Mafia life--at the expense of his regular one.,"English, Italian, Japanese",United States,Nominated for 1 Oscar. 2 wins & 16 nominations total,https://m.media-amazon.com/images/M/MV5BZWZkNDA2YTctZWJhZS00OTAzLThlODMtY2QyMzg1MTEwYjU2XkEyXkFqcGc@._V1_SX300.jpg,77,7.7,"352,285","$41,909,762"
Color,Joel Coen,197.0,107,0.0,577.0,Tim Blake Nelson,1000.0,45506619.0,Adventure|Comedy|Crime|Music,Holly Hunter,"O Brother, Where Art Thou? ",225102,3066,Daniel von Bargen,3.0,baby|bank|blind prophet|convict|sirens,http://www.imdb.com/title/tt0190590/?ref_=fn_tt_tt_1,862.0,English,UK,PG-13,26000000.0,2000,596.0,7.8,2.35,16000,4,Adventure,Comedy,Crime,tt0190590,"O Brother, Where Art Thou?",2000,PG-13,02 Feb 2001,107 min,"Adventure, Comedy, Crime","Joel Coen, Ethan Coen","Homer, Ethan Coen, Joel Coen","George Clooney, John Turturro, Tim Blake Nelson","In the deep south during the 1930s, three escaped convicts search for hidden treasure while a relentless lawman pursues them.",English,"United Kingdom, France, United States",Nominated for 2 Oscars. 8 wins & 38 nominations total,https://m.media-amazon.com/images/M/MV5BMDhmMzZkYzctOTQ4MS00NWEzLWI1YzMtNTllZDhkYjgwOWQ0XkEyXkFqcGc@._V1_SX300.jpg,69,7.7,"349,722","$45,512,588"
Color,James L. Brooks,156.0,139,274.0,285.0,Yeardley Smith,625.0,147637474.0,Comedy|Drama|Romance,Lupe Ontiveros,As Good as It Gets ,224671,1474,Shirley Knight,0.0,dog|friendship|neighbor|unlikely friendship|writer,http://www.imdb.com/title/tt0119822/?ref_=fn_tt_tt_1,470.0,English,USA,PG-13,50000000.0,1997,440.0,7.7,1.85,11000,3,Comedy,Drama,Romance,tt0119822,As Good as It Gets,1997,PG-13,25 Dec 1997,139 min,"Comedy, Drama, Romance",James L. Brooks,"Mark Andrus, James L. Brooks","Jack Nicholson, Helen Hunt, Greg Kinnear","A single mother and waitress, a misanthropic author, and a gay artist form an unlikely friendship after the artist is assaulted in a robbery.",English,United States,Won 2 Oscars. 38 wins & 54 nominations total,https://m.media-amazon.com/images/M/MV5BMzBiMWJhYmQtOWYzNS00NjgxLWE5NDItNzZlZDQwODBmODNjXkEyXkFqcGc@._V1_SX300.jpg,67,7.7,"336,211","$148,478,011"
 Black and White,Baz Luhrmann,209.0,127,1000.0,653.0,Kylie Minogue,1000.0,57386369.0,Drama|Musical|Romance,Jim Broadbent,Moulin Rouge! ,224013,2601,Richard Roxburgh,1.0,death of main character|eiffel tower paris|jealousy|tragedy|two suitors,http://www.imdb.com/title/tt0203009/?ref_=fn_tt_tt_1,2319.0,English,USA,PG-13,52500000.0,2001,691.0,7.6,2.35,10000,3,Drama,Musical,Romance,tt0203009,Moulin Rouge!,2001,PG-13,01 Jun 2001,127 min,"Drama, Musical, Romance",Baz Luhrmann,"Baz Luhrmann, Craig Pearce","Nicole Kidman, Ewan McGregor, John Leguizamo",A poor Bohemian poet in 1890s Paris falls for a beautiful courtesan and nightclub star coveted by a jealous duke.,"English, French, Spanish","Australia, United States",Won 2 Oscars. 89 wins & 133 nominations total,https://m.media-amazon.com/images/M/MV5BYTgyOGY4OTktZmZhMC00ZmIwLWI4YjUtNjYzNDg1Nzc3ZDg1XkEyXkFqcGc@._V1_SX300.jpg,66,7.6,"312,853","$57,386,607"
Color,Martin Campbell,436.0,123,258.0,326.0,Temuera Morrison,16000.0,116593191.0,Action|Adventure|Sci-Fi,Ryan Reynolds,Green Lantern ,223393,17657,Taika Waititi,2.0,autopsy|lantern|planet|ring|test pilot,http://www.imdb.com/title/tt1133985/?ref_=fn_tt_tt_1,550.0,English,USA,PG-13,200000000.0,2011,368.0,5.6,2.35,24000,3,Action,Adventure,Sci-Fi,tt1133985,Green Lantern,2011,PG-13,17 Jun 2011,114 min,"Action, Adventure, Sci-Fi",Martin Campbell,"Greg Berlanti, Michael Green, Marc Guggenheim","Ryan Reynolds, Blake Lively, Peter Sarsgaard","Reckless test pilot Hal Jordan is granted an alien ring that bestows him with otherworldly powers that inducts him into an intergalactic police force, the Green Lantern Corps.",English,United States,3 wins & 6 nominations total,https://m.media-amazon.com/images/M/MV5BOWVjZWJmZjEtMjgzZC00N2ZkLTk3Y2ItM2FkOGY3MjhlNzBmXkEyXkFqcGc@._V1_SX300.jpg,39,5.5,"307,536","$116,601,172"
Color,John Lee Hancock,261.0,129,102.0,624.0,Quinton Aaron,768.0,255950375.0,Biography|Drama|Sport,Catherine Dyer,The Blind Side ,223127,3389,Kim Dickens,0.0,american football|based on true story|football star|high school football|left tackle,http://www.imdb.com/title/tt0878804/?ref_=fn_tt_tt_1,420.0,English,USA,PG-13,29000000.0,2009,734.0,7.7,1.85,38000,3,Biography,Drama,Sport,tt0878804,The Blind Side,2009,PG-13,20 Nov 2009,129 min,"Biography, Drama, Sport",John Lee Hancock,"John Lee Hancock, Michael Lewis","Quinton Aaron, Sandra Bullock, Tim McGraw","The story of Michael Oher, a homeless and traumatized boy who became an All-American football player and first-round NFL draft pick with the help of a caring woman and her family.",English,United States,Won 1 Oscar. 9 wins & 30 nominations total,https://m.media-amazon.com/images/M/MV5BMjEzOTE3ODM3OF5BMl5BanBnXkFtZTcwMzYyODI4Mg@@._V1_SX300.jpg,53,7.6,"383,190","$255,982,860"
Color,Mike Newell,306.0,116,179.0,236.0,Richard Coyle,15000.0,90755643.0,Action|Adventure|Fantasy|Romance,Jake Gyllenhaal,Prince of Persia: The Sands of Time ,222403,16149,Reece Ritchie,2.0,alamut|dagger|king|persia|princess,http://www.imdb.com/title/tt0473075/?ref_=fn_tt_tt_1,453.0,English,USA,PG-13,200000000.0,2010,567.0,6.6,2.35,23000,4,Action,Adventure,Fantasy,tt0473075,Prince of Persia: The Sands of Time,2010,PG-13,28 May 2010,116 min,"Action, Adventure, Fantasy",Mike Newell,"Boaz Yakin, Doug Miro, Carlo Bernard","Jake Gyllenhaal, Gemma Arterton, Ben Kingsley",A young fugitive prince and princess must stop a villain who unknowingly threatens to destroy the world with a special dagger that enables the magic sand inside to reverse time.,English,"United States, Morocco",1 win & 11 nominations total,"https://m.media-amazon.com/images/M/MV5BMTMwNDg0NzcyMV5BMl5BanBnXkFtZTcwNjg4MjQyMw@@._V1_QL75_UY562_CR0,0,380,562_.jpg",50,6.5,"317,247","$90,759,676"
Color,Gil Junger,133.0,97,19.0,835.0,Heath Ledger,23000.0,38176108.0,Comedy|Drama|Romance,Joseph Gordon-Levitt,10 Things I Hate About You ,222099,37907,Andrew Keegan,6.0,dating|protective father|school|shrew|teen movie,http://www.imdb.com/title/tt0147800/?ref_=fn_tt_tt_1,549.0,English,USA,PG-13,16000000.0,1999,13000.0,7.2,1.85,10000,3,Comedy,Drama,Romance,tt0147800,10 Things I Hate About You,1999,PG-13,31 Mar 1999,97 min,"Comedy, Drama, Romance",Gil Junger,"Karen McCullah, Kirsten Smith, William Shakespeare","Heath Ledger, Julia Stiles, Joseph Gordon-Levitt","A high-school boy, Cameron, cannot date Bianca until her anti-social older sister, Kat, has a boyfriend. So, Cameron pays a mysterious boy, Patrick, to charm Kat.","English, French",United States,2 wins & 13 nominations total,"https://m.media-amazon.com/images/M/MV5BOTQwYmRhNGQtODI2Mi00ZTRlLTk0Y2QtY2NkNjE1MGNhNTgwXkEyXkFqcGc@._V1_QL75_UX380_CR0,1,380,562_.jpg",70,7.4,"448,378","$38,178,166"
Color,Wes Craven,242.0,103,0.0,157.0,W. Earl Brown,611.0,103001286.0,Horror|Mystery,David Arquette,Scream ,222018,1212,Roger Jackson,0.0,mask|mystery killer|slasher|teenage girl|telephone,http://www.imdb.com/title/tt0117571/?ref_=fn_tt_tt_1,869.0,English,USA,R,15000000.0,1996,422.0,7.2,2.35,11000,2,Horror,Mystery,,tt0117571,Scream,1996,R,20 Dec 1996,111 min,"Horror, Mystery",Wes Craven,Kevin Williamson,"Neve Campbell, Courteney Cox, David Arquette","In the small town of Woodsboro, California, a masked killer known as Ghostface begins murdering high school students, and a group of friends must use their knowledge of horror movies to unmask the killer.",English,United States,12 wins & 11 nominations total,https://m.media-amazon.com/images/M/MV5BMjA2NjU5MTg5OF5BMl5BanBnXkFtZTgwOTkyMzQxMDE@._V1_SX300.jpg,66,7.4,"438,930","$103,046,663"
Color,Hayao Miyazaki,174.0,134,6000.0,745.0,Jada Pinkett Smith,893.0,2298191.0,Adventure|Animation|Fantasy,Minnie Driver,Princess Mononoke ,221552,2710,Billy Crudup,0.0,anime|cult film|forest|princess|studio ghibli,http://www.imdb.com/title/tt0119698/?ref_=fn_tt_tt_1,570.0,Japanese,Japan,PG-13,2400000000.0,1997,851.0,8.4,1.85,11000,3,Adventure,Animation,Fantasy,tt0119698,Princess Mononoke,1997,PG-13,12 Jul 1997,133 min,"Animation, Adventure, Fantasy",Hayao Miyazaki,Hayao Miyazaki,"Yôji Matsuda, Yuriko Ishida, Yûko Tanaka","While seeking to cure himself of a curse, young warrior Ashitaka stumbles into a conflict between the people of Iron Town and Princess Mononoke, a girl raised by wolves, who will stop at nothing to prevent the destruction of her h...",Japanese,Japan,14 wins & 6 nominations total,https://m.media-amazon.com/images/M/MV5BNjAzODViNGEtMjBkYi00N2U5LWJjNjAtY2U0MGJhZTEwOTU0XkEyXkFqcGc@._V1_SX300.jpg,78,8.3,"477,867","$11,696,687"
Color,Paul Verhoeven,192.0,129,719.0,423.0,Patrick Muldoon,660.0,54700065.0,Action|Sci-Fi|War,Jake Busey,Starship Troopers ,221521,2031,Seth Gilliam,0.0,alien|federation|future|military|planet,http://www.imdb.com/title/tt0120201/?ref_=fn_tt_tt_1,1049.0,English,USA,R,105000000.0,1997,475.0,7.2,1.85,0,3,Action,Sci-Fi,War,tt0120201,Starship Troopers,1997,R,07 Nov 1997,129 min,"Action, Adventure, Sci-Fi",Paul Verhoeven,"Edward Neumeier, Robert A. Heinlein","Casper Van Dien, Denise Richards, Dina Meyer","Humans, in a fascist militaristic future, wage war with giant alien bugs.",English,United States,Nominated for 1 Oscar. 3 wins & 16 nominations total,https://m.media-amazon.com/images/M/MV5BZTNiOGM1ZWUtZTZjZC00OWJmLWE2YzUtZjQ4ODZjZmVlMDU3XkEyXkFqcGc@._V1_SX300.jpg,52,7.3,"343,889","$54,814,377"
Color,Dean DeBlois,292.0,102,255.0,953.0,Djimon Hounsou,18000.0,176997107.0,Action|Adventure|Animation|Comedy|Family|Fantasy,Gerard Butler,How to Train Your Dragon 2 ,221128,23378,America Ferrera,5.0,dragon|father son relationship|husband wife relationship|mother son relationship|viking,http://www.imdb.com/title/tt1646971/?ref_=fn_tt_tt_1,343.0,English,USA,PG,145000000.0,2014,3000.0,7.9,2.35,46000,6,Action,Adventure,Animation,tt1646971,How to Train Your Dragon 2,2014,PG,13 Jun 2014,102 min,"Animation, Action, Adventure",Dean DeBlois,"Dean DeBlois, Cressida Cowell","Jay Baruchel, Cate Blanchett, Gerard Butler","When Hiccup and Toothless discover an ice cave that is home to hundreds of new wild dragons and the mysterious Dragon Rider, the two friends find themselves at the center of a battle to protect the peace.",English,"United States, India",Nominated for 1 Oscar. 15 wins & 61 nominations total,https://m.media-amazon.com/images/M/MV5BMzMwMTAwODczN15BMl5BanBnXkFtZTgwMDk2NDA4MTE@._V1_SX300.jpg,77,7.8,"398,152","$177,002,924"
Color,Sergio Leone,111.0,251,0.0,642.0,Burt Young,22000.0,5300000.0,Crime|Drama,Robert De Niro,Once Upon a Time in America ,221000,24719,Treat Williams,8.0,1920s|ambiguity|childhood friend|new york|speakeasy,http://www.imdb.com/title/tt0087843/?ref_=fn_tt_tt_1,495.0,English,Italy,R,30000000.0,1984,683.0,8.4,1.85,12000,2,Crime,Drama,,tt0087843,Once Upon a Time in America,1984,R,01 Jun 1984,229 min,"Crime, Drama",Sergio Leone,"Harry Grey, Leonardo Benvenuti, Piero De Bernardi","Robert De Niro, James Woods, Elizabeth McGovern","A former Prohibition-era Jewish gangster returns to the Lower East Side of Manhattan 35 years later, where he must once again confront the ghosts and regrets of his old life.","English, Italian, French, Yiddish, Hebrew","Italy, United States",Won 2 BAFTA Awards. 11 wins & 13 nominations total,"https://m.media-amazon.com/images/M/MV5BMDQ0ZTg2OGUtZjMyOC00M2M5LThkMmItZmM2MmUzMmIxMWJhXkEyXkFqcGc@._V1_QL75_UX380_CR0,4,380,562_.jpg",75,8.3,"408,370","$5,321,508"
Color,Chris Weitz,299.0,130,129.0,12000.0,Kristen Stewart,21000.0,296623634.0,Adventure|Drama|Fantasy|Romance,Robert Pattinson,The Twilight Saga: New Moon ,220758,64040,Taylor Lautner,2.0,forks washington|protecting a woman|title same as book|vampire|werewolf,http://www.imdb.com/title/tt1259571/?ref_=fn_tt_tt_1,919.0,English,USA,PG-13,50000000.0,2009,17000.0,4.6,2.35,13000,4,Adventure,Drama,Fantasy,tt1259571,The Twilight Saga: New Moon,2009,PG-13,20 Nov 2009,130 min,"Adventure, Drama, Fantasy",Chris Weitz,"Melissa Rosenberg, Stephenie Meyer","Kristen Stewart, Robert Pattinson, Taylor Lautner","After Edward leaves because of an incident involving Bella, Jacob Black becomes her best friend, but what Bella doesn't realize is that Jacob also has a secret that will suddenly change their lives.","English, Italian",United States,23 wins & 24 nominations total,https://m.media-amazon.com/images/M/MV5BMTI3MjE3NDIxNF5BMl5BanBnXkFtZTcwODM3NTY5Mg@@._V1_SX300.jpg,44,4.8,"320,139","$298,410,482"
Color,Andrew Niccol,175.0,106,487.0,263.0,Xander Berkeley,685.0,12339633.0,Drama|Sci-Fi|Thriller,Blair Underwood,Gattaca ,220591,1942,Mason Gamble,2.0,accident|future|genetics|mission|police,http://www.imdb.com/title/tt0119177/?ref_=fn_tt_tt_1,641.0,English,USA,PG-13,36000000.0,1997,485.0,7.8,2.35,17000,3,Drama,Sci-Fi,Thriller,tt0119177,Gattaca,1997,PG-13,24 Oct 1997,106 min,"Drama, Sci-Fi, Thriller",Andrew Niccol,Andrew Niccol,"Ethan Hawke, Uma Thurman, Jude Law","Vincent, an ""In-Valid,"" assumes the identity of a member of the genetic elite to pursue his goal of traveling into space with the Gattaca Aerospace Corporation. However, a week before his mission, a murder marks Vincent as a suspect.","English, Esperanto",United States,Nominated for 1 Oscar. 6 wins & 16 nominations total,https://m.media-amazon.com/images/M/MV5BZjQxNTc3YzQtZDA5ZC00MmM5LWE3NGYtMGE0Yjk3MDYwODVlXkEyXkFqcGc@._V1_SX300.jpg,64,7.7,"344,754","$12,532,777"
Color,Frank Darabont,330.0,126,0.0,745.0,Alexa Davalos,2000.0,25592632.0,Horror,Toby Jones,The Mist ,220475,5371,Jeffrey DeMunn,0.0,desperation|fog|giant insect|survival|survival horror,http://www.imdb.com/title/tt0884328/?ref_=fn_tt_tt_1,1066.0,English,USA,R,18000000.0,2007,850.0,7.2,1.85,20000,1,Horror,,,tt0884328,The Mist,2007,R,21 Nov 2007,126 min,"Horror, Sci-Fi, Thriller",Frank Darabont,"Frank Darabont, Stephen King","Thomas Jane, Marcia Gay Harden, Laurie Holden","After a massive thunderstorm, an eerie, unwavering fog descends upon a Maine community. Locals seek refuge in a grocery store from the monstrous creatures now roaming the countryside killing everyone they encounter.",English,United States,6 wins & 13 nominations total,https://m.media-amazon.com/images/M/MV5BMTU2NjQyNDY1Ml5BMl5BanBnXkFtZTcwMTk1MDU1MQ@@._V1_SX300.jpg,58,7.1,"371,131","$25,594,957"
Color,Tom Shadyac,73.0,86,293.0,255.0,Swoosie Kurtz,509.0,181395380.0,Comedy|Fantasy|Romance,Maura Tierney,Liar Liar ,220392,2070,Randall 'Tex' Cobb,1.0,birthday|birthday wish|father disappoints child|lie|workaholic,http://www.imdb.com/title/tt0119528/?ref_=fn_tt_tt_1,243.0,English,USA,PG-13,45000000.0,1997,418.0,6.8,1.85,0,3,Comedy,Fantasy,Romance,tt0119528,Liar Liar,1997,PG-13,21 Mar 1997,86 min,"Comedy, Fantasy",Tom Shadyac,"Paul Guay, Stephen Mazur","Jim Carrey, Maura Tierney, Amanda Donohoe",A pathological liar-lawyer finds his career turned upside down when he inexplicably cannot physically lie for 24 whole hours.,English,United States,4 wins & 6 nominations total,https://m.media-amazon.com/images/M/MV5BMGQ4MTk5YjctNGE5NC00ODk4LWIzOWItNzNhODc0N2JmYzMzXkEyXkFqcGc@._V1_SX300.jpg,70,6.9,"360,402","$181,410,615"
Color,Sam Taylor-Johnson,362.0,129,456.0,716.0,Luke Grimes,1000.0,166147885.0,Drama|Romance,Jennifer Ehle,Fifty Shades of Grey ,220020,4585,Callum Rennie,0.0,female frontal nudity|female nudity|perversion|sex scene|spanking,http://www.imdb.com/title/tt2322441/?ref_=fn_tt_tt_1,1360.0,English,USA,R,40000000.0,2015,935.0,4.1,2.35,101000,2,Drama,Romance,,tt2322441,Fifty Shades of Grey,2015,R,13 Feb 2015,125 min,"Drama, Romance, Thriller",Sam Taylor-Johnson,"Kelly Marcel, E.L. James","Dakota Johnson, Jamie Dornan, Jennifer Ehle","Literature student Anastasia Steele's life changes forever when she meets handsome, yet tormented, billionaire Christian Grey.",English,United States,Nominated for 1 Oscar. 9 wins & 30 nominations total,https://m.media-amazon.com/images/M/MV5BMjE1MTM4NDAzOF5BMl5BanBnXkFtZTgwNTMwNjI0MzE@._V1_SX300.jpg,46,4.2,"354,203","$166,167,230"
Color,Joe Johnston,198.0,92,394.0,527.0,Trevor Morgan,693.0,181166115.0,Action|Adventure|Sci-Fi|Thriller,Michael Jeter,Jurassic Park III ,219501,2574,Alessandro Nivola,0.0,dinosaur|island|jurassic park|paleontologist|search,http://www.imdb.com/title/tt0163025/?ref_=fn_tt_tt_1,1236.0,English,USA,PG-13,93000000.0,2001,595.0,5.9,1.85,0,4,Action,Adventure,Sci-Fi,tt0163025,Jurassic Park III,2001,PG-13,18 Jul 2001,92 min,"Action, Adventure, Sci-Fi",Joe Johnston,"Michael Crichton, Peter Buchman, Alexander Payne","Sam Neill, William H. Macy, Téa Leoni","A decidedly odd couple with ulterior motives convince Dr. Grant to go to Isla Sorna for a holiday, but their unexpected landing startles the island's new inhabitants.","English, Spanish",United States,5 wins & 16 nominations total,https://m.media-amazon.com/images/M/MV5BN2FmMjhlZDYtNmYyMy00NTdjLTlhYzYtZWNlMDY2MmUzOGM2XkEyXkFqcGc@._V1_SX300.jpg,42,6.0,"366,719","$181,171,875"
Color,Tony Scott,173.0,110,12000.0,555.0,Tom Skerritt,10000.0,176781728.0,Action|Drama|Romance,Tom Cruise,Top Gun ,219171,13069,Adrian Pasdar,2.0,flying|gay subtext|machismo|male objectification|pilot,http://www.imdb.com/title/tt0092099/?ref_=fn_tt_tt_1,388.0,English,USA,PG,15000000.0,1986,1000.0,6.9,1.33,19000,3,Action,Drama,Romance,tt0092099,Top Gun,1986,PG,16 May 1986,110 min,"Action, Drama",Tony Scott,"Jim Cash, Jack Epps Jr., Ehud Yonay","Tom Cruise, Tim Robbins, Kelly McGillis","The Top Gun Naval Fighter Weapons School is where the best of the best train to refine their elite flying skills. When hotshot fighter pilot Maverick is sent to the school, his reckless attitude and cocky demeanor put him at odds ...",English,United States,Won 1 Oscar. 11 wins & 10 nominations total,"https://m.media-amazon.com/images/M/MV5BZmVjNzQ3MjYtYTZiNC00Y2YzLWExZTEtMTM2ZDllNDI0MzgyXkEyXkFqcGc@._V1_QL75_UX380_CR0,12,380,562_.jpg",50,7.0,"550,107","$180,258,178"
Color,Robert Rodriguez,165.0,108,0.0,844.0,Salma Hayek,16000.0,25753840.0,Crime|Fantasy|Horror,Quentin Tarantino,From Dusk Till Dawn ,219091,23296,Cheech Marin,2.0,brother|human versus vampire|rapist|stripper|vampire,http://www.imdb.com/title/tt0116367/?ref_=fn_tt_tt_1,592.0,English,USA,R,19000000.0,1996,4000.0,7.3,1.85,12000,3,Crime,Fantasy,Horror,tt0116367,From Dusk Till Dawn,1996,R,19 Jan 1996,108 min,"Action, Crime, Horror",Robert Rodriguez,"Robert Kurtzman, Quentin Tarantino","Harvey Keitel, George Clooney, Juliette Lewis","Two criminals and their hostages unknowingly seek temporary refuge in a truck stop populated by vampires, with chaotic results.","English, Spanish","United States, Mexico",7 wins & 13 nominations total,https://m.media-amazon.com/images/M/MV5BZGNjMWMwNWEtYTQ2YS00N2E5LTg5ZWYtMDgzM2UxMTE1ZTE4XkEyXkFqcGc@._V1_SX300.jpg,48,7.2,"367,371","$25,836,616"
Color,Brian De Palma,123.0,119,0.0,188.0,Billy Drago,22000.0,76270454.0,Crime|Drama|Thriller,Robert De Niro,The Untouchables ,219008,22767,Charles Martin Smith,1.0,corrupt judge|tax evasion|tough cop|white suit|year 1930,http://www.imdb.com/title/tt0094226/?ref_=fn_tt_tt_1,418.0,English,USA,R,25000000.0,1987,371.0,7.9,2.35,0,3,Crime,Drama,Thriller,tt0094226,The Untouchables,1987,R,03 Jun 1987,119 min,"Crime, Drama, Thriller",Brian De Palma,"David Mamet, Oscar Fraley, Eliot Ness","Kevin Costner, Sean Connery, Robert De Niro","During Prohibition, Treasury agent Eliot Ness sets out to stop ruthless Chicago gangster Al Capone, and assembles a small, incorruptible team to help him.",English,United States,Won 1 Oscar. 11 wins & 18 nominations total,https://m.media-amazon.com/images/M/MV5BYjVlNTk3NGYtOWE0OC00MDI4LThlZWItZGMwMTdmYzcwM2Y5XkEyXkFqcGc@._V1_SX300.jpg,79,7.8,"351,862","$76,270,454"
Color,Christopher Nolan,185.0,118,22000.0,319.0,Maura Tierney,14000.0,67263182.0,Drama|Mystery|Thriller,Al Pacino,Insomnia ,218771,15658,Crystal Lowe,0.0,detective|insomnia|murder|partner|police,http://www.imdb.com/title/tt0278504/?ref_=fn_tt_tt_1,651.0,English,USA,R,46000000.0,2002,509.0,7.2,2.35,0,3,Drama,Mystery,Thriller,tt0278504,Insomnia,2002,R,24 May 2002,118 min,"Drama, Mystery, Thriller",Christopher Nolan,"Hillary Seitz, Nikolaj Frobenius, Erik Skjoldbjærg","Al Pacino, Robin Williams, Hilary Swank",A Los Angeles detective chases a murder suspect in a remote Alaskan town.,English,United States,1 win & 11 nominations total,https://m.media-amazon.com/images/M/MV5BOTE2NzQ0MzQtMDRmZi00ZWRiLWE4MDEtY2M1Mjc3OGY5N2JkXkEyXkFqcGc@._V1_SX300.jpg,78,7.2,"340,021","$67,355,513"
Color,Paul Feig,371.0,131,176.0,460.0,Wendi McLendon-Covey,722.0,169076745.0,Comedy|Romance,Matt Lucas,Bridesmaids ,218711,3229,Steve Bannos,6.0,best friend|failure|food|job|partial female nudity,http://www.imdb.com/title/tt1478338/?ref_=fn_tt_tt_1,485.0,English,USA,R,32500000.0,2011,655.0,6.8,2.35,27000,2,Comedy,Romance,,tt1478338,Bridesmaids,2011,R,13 May 2011,125 min,Comedy,Paul Feig,"Kristen Wiig, Annie Mumolo","Kristen Wiig, Maya Rudolph, Rose Byrne","Competition between the maid of honor and a bridesmaid, over who is the bride's best friend, threatens to upend the life of an out-of-work pastry chef.","English, Thai, Spanish, French",United States,Nominated for 2 Oscars. 25 wins & 72 nominations total,https://m.media-amazon.com/images/M/MV5BMjAyOTMyMzUxNl5BMl5BanBnXkFtZTcwODI4MzE0NA@@._V1_SX300.jpg,75,6.8,"323,706","$169,451,048"
Color,Dominic Sena,175.0,127,57.0,3000.0,Angelina Jolie Pitt,12000.0,101643008.0,Action|Crime|Thriller,Nicolas Cage,Gone in Sixty Seconds ,218341,29069,Robert Duvall,1.0,auto theft|brother|car|theft|thief,http://www.imdb.com/title/tt0187078/?ref_=fn_tt_tt_1,498.0,English,USA,PG-13,90000000.0,2000,11000.0,6.5,2.35,0,3,Action,Crime,Thriller,tt0187078,Gone in 60 Seconds,2000,PG-13,09 Jun 2000,118 min,"Action, Crime, Thriller",Dominic Sena,"H.B. Halicki, Scott Rosenberg","Nicolas Cage, Angelina Jolie, Giovanni Ribisi","To save his brother, ex-thief Memphis must steal 50 luxury cars in 3 days for a crime boss. He reunites his old crew, including his mentor Otto and ex-girlfriend Sway, while police track them.",English,United States,9 wins & 6 nominations total,https://m.media-amazon.com/images/M/MV5BMTIwMzExNDEwN15BMl5BanBnXkFtZTYwODMxMzg2._V1_SX300.jpg,35,6.5,"308,693","$101,648,571"
Color,Ang Lee,287.0,120,0.0,5.0,Pei-Pei Cheng,103.0,128067808.0,Action|Drama|Romance,Chen Chang,"Crouching Tiger, Hidden Dragon ",217740,129,Sihung Lung,3.0,bare midriff|china|magical realism|martial arts|sword,http://www.imdb.com/title/tt0190332/?ref_=fn_tt_tt_1,1641.0,Mandarin,Taiwan,PG-13,15000000.0,2000,21.0,7.9,2.35,0,3,Action,Drama,Romance,tt0190332,"Crouching Tiger, Hidden Dragon",2000,PG-13,12 Jan 2001,120 min,"Action, Adventure, Drama",Ang Lee,"Hui-Ling Wang, James Schamus, Kuo Jung Tsai","Chow Yun-Fat, Michelle Yeoh, Ziyi Zhang",A young Chinese warrior steals a sword from a famed swordsman and then escapes into a world of romantic adventure with a mysterious man in the frontier of the nation.,Mandarin,"Taiwan, China, Hong Kong, United States",Won 4 Oscars. 102 wins & 132 nominations total,https://m.media-amazon.com/images/M/MV5BMzRmMTU2OWEtZjI0Ni00MGRhLThjOTItZTJiNmM4MDk0ZWU2XkEyXkFqcGc@._V1_SX300.jpg,94,7.9,"293,086","$128,530,421"
Color,Nicholas Stoller,253.0,118,89.0,344.0,Jack McBrayer,15000.0,62877175.0,Comedy|Drama|Romance,Mila Kunis,Forgetting Sarah Marshall ,217507,16758,Maria Thayer,1.0,breakup|hawaii|hotel|male full frontal nudity|resort,http://www.imdb.com/title/tt0800039/?ref_=fn_tt_tt_1,325.0,English,USA,R,30000000.0,2008,975.0,7.2,1.85,0,3,Comedy,Drama,Romance,tt0800039,Forgetting Sarah Marshall,2008,R,18 Apr 2008,111 min,"Comedy, Drama, Romance",Nicholas Stoller,Jason Segel,"Kristen Bell, Jason Segel, Paul Rudd","Devastated Peter takes a Hawaiian vacation in order to deal with the recent break-up with his TV star girlfriend, Sarah. Little does he know, Sarah's traveling to the same resort as her ex - and she's bringing along her new boyfri...","English, Hawaiian, German, Japanese, Spanish",United States,4 wins & 19 nominations total,https://m.media-amazon.com/images/M/MV5BMTYzODgzMjAyM15BMl5BanBnXkFtZTcwMTI3NzI2MQ@@._V1_SX300.jpg,67,7.1,"317,310","$63,172,463"
Color,F. Gary Gray,216.0,118,473.0,963.0,Leslie Bibb,18000.0,73343413.0,Crime|Drama|Thriller,Gerard Butler,Law Abiding Citizen ,217480,22517,Michael Kelly,0.0,attorney|deal|district attorney|investigation|justice,http://www.imdb.com/title/tt1197624/?ref_=fn_tt_tt_1,429.0,English,USA,R,50000000.0,2009,1000.0,7.4,2.35,21000,3,Crime,Drama,Thriller,tt1197624,Law Abiding Citizen,2009,R,16 Oct 2009,109 min,"Action, Crime, Drama",F. Gary Gray,Kurt Wimmer,"Gerard Butler, Jamie Foxx, Leslie Bibb",A frustrated man decides to take justice into his own hands after a plea bargain sets one of his family's killers free.,"English, Spanish",United States,3 wins & 5 nominations total,https://m.media-amazon.com/images/M/MV5BNDFjNzM2NzMtNTkxZi00ZGFmLTkyZGMtZWQ3ZjMwZDc5NDExXkEyXkFqcGc@._V1_SX300.jpg,34,7.4,"343,332","$73,357,727"
Color,Ridley Scott,239.0,194,0.0,195.0,Orlando Bloom,14000.0,47396698.0,Action|Adventure|Drama|History|War,Liam Neeson,Kingdom of Heaven ,217373,19600,Philip Glenister,1.0,12th century|crusader|jerusalem|knight|medieval times,http://www.imdb.com/title/tt0320661/?ref_=fn_tt_tt_1,942.0,English,USA,R,130000000.0,2005,5000.0,7.2,2.35,0,5,Action,Adventure,Drama,tt0320661,Kingdom of Heaven,2005,R,06 May 2005,144 min,"Action, Adventure, Drama",Ridley Scott,William Monahan,"Orlando Bloom, Eva Green, Liam Neeson","Balian of Ibelin travels to Jerusalem during the Crusades of the 12th century, and there he finds himself as the defender of the city and its people.","English, Arabic, Latin, Italian, German","United Kingdom, Germany, Spain, Morocco, United States, Italy, France",5 wins & 15 nominations total,https://m.media-amazon.com/images/M/MV5BMzdhNGZhMjQtYjVmNy00OWMyLTk1MmQtZGNhZDYwMzZlZjI3XkEyXkFqcGc@._V1_SX300.jpg,63,7.3,"347,384","$47,527,678"
Color,Nicholas Stoller,351.0,97,89.0,329.0,Carla Gallo,920.0,150056505.0,Comedy,Craig Roberts,Neighbors ,216581,2771,Ike Barinholtz,3.0,broken leg|friendship|jewish|topless female nudity|urination,http://www.imdb.com/title/tt2004420/?ref_=fn_tt_tt_1,397.0,English,USA,R,18000000.0,2014,798.0,6.4,2.35,21000,1,Comedy,,,tt2004420,Neighbors,2014,R,09 May 2014,97 min,Comedy,Nicholas Stoller,"Andrew Jay Cohen, Brendan O'Brien","Seth Rogen, Rose Byrne, Zac Efron","After they are forced to live next to a fraternity house, a couple with a newborn baby do whatever they can to take them down.","English, Ukrainian",United States,7 wins & 11 nominations total,https://m.media-amazon.com/images/M/MV5BOTQ0OTkzODgyNF5BMl5BanBnXkFtZTgwOTA3OTE4MDE@._V1_SX300.jpg,68,6.3,"344,066","$150,157,400"
Color,Tom Shadyac,61.0,78,293.0,567.0,Udo Kier,759.0,72217000.0,Comedy,Sean Young,Ace Ventura: Pet Detective ,216486,2462,David Margulies,1.0,detective|dolphin|mascot|nudity|stupidity,http://www.imdb.com/title/tt0109040/?ref_=fn_tt_tt_1,242.0,English,USA,PG-13,12000000.0,1994,595.0,6.9,1.85,0,1,Comedy,,,tt0109040,Ace Ventura: Pet Detective,1994,PG-13,04 Feb 1994,86 min,Comedy,Tom Shadyac,"Jack Bernstein, Tom Shadyac, Jim Carrey","Jim Carrey, Courteney Cox, Sean Young",A goofy detective specializing in animals goes in search of the missing mascot of the Miami Dolphins.,English,United States,5 wins & 6 nominations total,https://m.media-amazon.com/images/M/MV5BOWU1M2Q5MDgtOTkxZS00NjdmLWFlNWEtOGEyOTNlNGYyYTZlXkEyXkFqcGc@._V1_SX300.jpg,37,6.9,"350,957","$72,217,396"
Color,Kathryn Bigelow,558.0,157,0.0,304.0,Harold Perrineau,1000.0,95720716.0,Drama|History|Thriller,Jennifer Ehle,Zero Dark Thirty ,216032,2759,Parker Sawyers,0.0,al qaeda|cia|interrogation|lie|navy seal,http://www.imdb.com/title/tt1790885/?ref_=fn_tt_tt_1,640.0,English,USA,R,40000000.0,2012,1000.0,7.4,1.85,39000,3,Drama,History,Thriller,tt1790885,Zero Dark Thirty,2013,R,11 Jan 2013,157 min,"Drama, History, Thriller",Kathryn Bigelow,Mark Boal,"Jessica Chastain, Joel Edgerton, Chris Pratt","A chronicle of the decade-long hunt for al-Qaeda terrorist leader Osama bin Laden after the September 2001 attacks, and his death at the hands of the Navy S.E.A.L.s Team 6 in May 2011.","English, Arabic, Urdu, Pashtu, French","United States, India",Won 1 Oscar. 85 wins & 174 nominations total,"https://m.media-amazon.com/images/M/MV5BMTQ4OTUyNzcwN15BMl5BanBnXkFtZTcwMTQ1NDE3OA@@._V1_QL75_UX380_CR0,0,380,562_.jpg",95,7.4,"341,117","$95,720,716"
Color,Sergio Leone,164.0,145,0.0,392.0,Woody Strode,973.0,,Western,Claudia Cardinale,Once Upon a Time in the West ,216005,2589,Jack Elam,1.0,gang|gun|harmonica|killing|woman in bathtub,http://www.imdb.com/title/tt0064116/?ref_=fn_tt_tt_1,565.0,English,Italy,PG-13,5000000.0,1968,423.0,8.6,2.35,10000,1,Western,,,tt0064116,Once Upon a Time in the West,1969,PG-13,04 Jul 1969,145 min,"Drama, Western",Sergio Leone,"Sergio Donati, Sergio Leone, Dario Argento","Henry Fonda, Charles Bronson, Claudia Cardinale",A mysterious stranger with a harmonica teams up with a notorious desperado to protect a beautiful widow and her land from a ruthless assassin in the employ of a railroad tycoon.,"English, Spanish, Italian","Italy, United States",6 wins & 5 nominations total,"https://m.media-amazon.com/images/M/MV5BZjYyNGY1MDEtN2I1MC00MGVhLTljZTYtODQ1NzQ0ODc2NzZlXkEyXkFqcGc@._V1_QL75_UX380_CR0,3,380,562_.jpg",82,8.5,"383,734","$5,321,508"
Color,Victor Fleming,157.0,226,149.0,248.0,George Reeves,503.0,198655278.0,Drama|History|Romance|War,Hattie McDaniel,Gone with the Wind ,215340,1862,Thomas Mitchell,1.0,battle of the sexes|gallantry|honesty|indifference|scandal,http://www.imdb.com/title/tt0031381/?ref_=fn_tt_tt_1,706.0,English,USA,G,3977000.0,1939,384.0,8.2,1.37,16000,4,Drama,History,Romance,tt0031381,Gone with the Wind,1939,G,17 Jan 1940,238 min,"Drama, Romance, War",Victor Fleming,"Margaret Mitchell, Sidney Howard, Oliver H.P. Garrett","Clark Gable, Vivien Leigh, Thomas Mitchell",A sheltered and manipulative Southern belle and a roguish profiteer face off in a turbulent romance as the society around them crumbles with the end of slavery and is rebuilt during the Civil War and Reconstruction periods.,English,United States,Won 8 Oscars. 26 wins & 10 nominations total,https://m.media-amazon.com/images/M/MV5BYmYxZTE3YzMtYmE2Yy00NmFlLTkzYTAtYTAzN2IzNDFkN2E0XkEyXkFqcGc@._V1_SX300.jpg,97,8.2,"354,268","$200,882,193"
Color,Tim Burton,153.0,126,13000.0,390.0,Vincent Schiavelli,920.0,162831698.0,Action,Michael Gough,Batman Returns ,215255,2899,Andrew Bryniarski,0.0,box office hit|dc comics|gotham|mayor|penguin,http://www.imdb.com/title/tt0103776/?ref_=fn_tt_tt_1,610.0,English,USA,PG-13,80000000.0,1992,811.0,7.0,1.85,0,1,Action,,,tt0103776,Batman Returns,1992,PG-13,19 Jun 1992,126 min,"Action, Crime, Fantasy",Tim Burton,"Bob Kane, Daniel Waters, Sam Hamm","Michael Keaton, Danny DeVito, Michelle Pfeiffer","While Batman deals with a deformed man calling himself the Penguin wreaking havoc across Gotham with the help of a cruel businessman, a female employee of the latter becomes the Catwoman with her own vendetta.",English,United States,Nominated for 2 Oscars. 2 wins & 29 nominations total,https://m.media-amazon.com/images/M/MV5BZTliMDVkYTktZDdlMS00NTAwLWJhNzYtMWIwMDZjN2ViMGFiXkEyXkFqcGc@._V1_SX300.jpg,68,7.1,"348,538","$162,924,631"
 Black and White,Robert Mulligan,127.0,129,89.0,161.0,Brock Peters,3000.0,,Crime|Drama,Robert Duvall,To Kill a Mockingbird ,215086,3833,William Windom,0.0,1930s|alabama|lawyer|six year old|trial,http://www.imdb.com/title/tt0056592/?ref_=fn_tt_tt_1,471.0,English,USA,Not Rated,2000000.0,1962,226.0,8.4,1.85,15000,2,Crime,Drama,,tt0056592,To Kill a Mockingbird,1962,Approved,16 Mar 1963,129 min,"Crime, Drama",Robert Mulligan,"Harper Lee, Horton Foote","Gregory Peck, John Megna, Frank Overton",A widowed lawyer in Depression-era Alabama defends a black man against a false rape charge while teaching his young children about the sad reality of prejudice.,English,United States,Won 3 Oscars. 14 wins & 16 nominations total,https://m.media-amazon.com/images/M/MV5BZTlkYWU4MGEtZmQyYi00OWEzLTgzY2EtYzVjOTEzYzAyNTk1XkEyXkFqcGc@._V1_SX300.jpg,88,8.2,"350,117","$592,237"
Color,Hayao Miyazaki,212.0,119,6000.0,422.0,Blythe Danner,23000.0,4710455.0,Adventure|Animation|Family|Fantasy,Christian Bale,Howl's Moving Castle ,214091,24263,Jean Simmons,0.0,anime|castle|demon|steampunk|witch,http://www.imdb.com/title/tt0347149/?ref_=fn_tt_tt_1,330.0,Japanese,Japan,PG,24000000.0,2004,713.0,8.2,1.85,13000,4,Adventure,Animation,Family,tt0347149,Howl's Moving Castle,2004,PG,17 Jun 2005,119 min,"Animation, Adventure, Family",Hayao Miyazaki,"Diana Wynne Jones, Hayao Miyazaki","Chieko Baishô, Takuya Kimura, Tatsuya Gashûin","When an unconfident young woman is cursed with an old body by a spiteful witch, her only chance of breaking the spell lies with a self-indulgent yet insecure young wizard and his companions in his legged, walking castle.",Japanese,"Japan, United States",Nominated for 1 Oscar. 14 wins & 20 nominations total,https://m.media-amazon.com/images/M/MV5BMTY1OTg0MjE3MV5BMl5BanBnXkFtZTcwNTUxMTkyMQ@@._V1_SX300.jpg,82,8.2,"507,343","$10,352,604"
Color,Jason Moore,223.0,112,36.0,746.0,Hana Mae Lee,10000.0,64998368.0,Comedy|Music|Romance,Anna Kendrick,Pitch Perfect ,213898,12676,Ben Platt,4.0,a cappella|competition|dj|female protagonist|lesbian,http://www.imdb.com/title/tt1981677/?ref_=fn_tt_tt_1,250.0,English,USA,PG-13,17000000.0,2012,751.0,7.2,1.85,36000,3,Comedy,Music,Romance,tt1981677,Pitch Perfect,2012,PG-13,05 Oct 2012,112 min,"Comedy, Music, Romance",Jason Moore,"Kay Cannon, Mickey Rapkin","Anna Kendrick, Brittany Snow, Rebel Wilson","Beca, a freshman at Barden University, is cajoled into joining The Bellas, her school's all-girls singing group. Injecting some much needed energy into their repertoire, The Bellas take on their male rivals in a campus competition.","English, Ukrainian",United States,9 wins & 20 nominations total,https://m.media-amazon.com/images/M/MV5BMTcyMTMzNzE5N15BMl5BanBnXkFtZTcwNzg5NjM5Nw@@._V1_SX300.jpg,66,7.1,"346,142","$65,298,093"
Color,Larry Charles,313.0,99,119.0,174.0,Aasif Mandvi,600.0,59617068.0,Comedy|Romance,Sayed Badreya,The Dictator ,213863,1375,Horatio Sanz,0.0,dictator|hotel|oil|overalls|sunglasses,http://www.imdb.com/title/tt1645170/?ref_=fn_tt_tt_1,310.0,English,USA,R,65000000.0,2012,346.0,6.4,2.35,59000,2,Comedy,Romance,,tt1645170,The Dictator,2012,R,16 May 2012,83 min,Comedy,Larry Charles,"Sacha Baron Cohen, Alec Berg, David Mandel","Sacha Baron Cohen, Anna Faris, John C. Reilly",The heroic story of a dictator who risked his life to ensure that democracy would never come to the country he so lovingly oppressed.,"English, Hebrew, Arabic",United States,1 win & 1 nomination total,https://m.media-amazon.com/images/M/MV5BM2IwMDM3ZmQtNjQ3NS00OTFiLWI5YzEtYWE3YjI5NTk3YzkwXkEyXkFqcGc@._V1_SX300.jpg,58,6.5,"362,816","$59,650,222"
Color,Andrew Davis,119.0,130,99.0,812.0,Daniel Roebuck,11000.0,183875760.0,Action|Adventure|Crime|Drama|Mystery|Thriller,Harrison Ford,The Fugitive ,213668,13357,Sela Ward,1.0,hospital|on the run|one armed man|surgeon|u.s. marshal,http://www.imdb.com/title/tt0106977/?ref_=fn_tt_tt_1,270.0,English,USA,PG-13,44000000.0,1993,1000.0,7.8,1.85,0,6,Action,Adventure,Crime,tt0106977,The Fugitive,1993,PG-13,06 Aug 1993,130 min,"Action, Crime, Drama",Andrew Davis,"Jeb Stuart, David Twohy, Roy Huggins","Harrison Ford, Tommy Lee Jones, Sela Ward","Dr. Richard Kimble, unjustly accused of murdering his wife, must find the real killer while being the target of a nationwide manhunt led by a seasoned U.S. Marshal.","English, Polish, Spanish",United States,Won 1 Oscar. 13 wins & 37 nominations total,https://m.media-amazon.com/images/M/MV5BM2RjMjEwODUtYTE4OC00MzhkLThjMjItZjYyZjk3YzA4YWUxXkEyXkFqcGc@._V1_SX300.jpg,87,7.8,"343,917","$183,875,760"
Color,Garry Marshall,82.0,125,0.0,700.0,Hector Elizondo,8000.0,178406268.0,Comedy|Romance,Julia Roberts,Pretty Woman ,213476,11135,Jason Alexander,2.0,businessman|falling in love with a prostitute|hotel|prostitute|rich man poor woman,http://www.imdb.com/title/tt0100405/?ref_=fn_tt_tt_1,271.0,English,USA,R,14000000.0,1990,995.0,6.9,1.85,11000,2,Comedy,Romance,,tt0100405,Pretty Woman,1990,R,23 Mar 1990,119 min,"Comedy, Romance",Garry Marshall,J.F. Lawton,"Richard Gere, Julia Roberts, Jason Alexander","A corporate raider hires a hooker to act as a business escort in Beverly Hills, California.",English,United States,Nominated for 1 Oscar. 8 wins & 11 nominations total,https://m.media-amazon.com/images/M/MV5BNjk2ODQzNDYxNV5BMl5BanBnXkFtZTgwMTcyNDg4NjE@._V1_SX300.jpg,51,7.1,"401,452","$178,406,268"
Color,Tim Story,262.0,92,167.0,702.0,Ioan Gruffudd,11000.0,131920333.0,Action|Adventure|Sci-Fi|Thriller,Chris Evans,Fantastic 4: Rise of the Silver Surfer ,213275,15302,Andre Braugher,3.0,fantastic four|space|strong female character|strong female lead|superheroine,http://www.imdb.com/title/tt0486576/?ref_=fn_tt_tt_1,436.0,English,USA,PG,130000000.0,2007,2000.0,5.6,2.35,0,4,Action,Adventure,Sci-Fi,tt0486576,Fantastic Four: Rise of the Silver Surfer,2007,PG,15 Jun 2007,92 min,"Action, Adventure, Fantasy",Tim Story,"Don Payne, Mark Frost, John Turman","Ioan Gruffudd, Jessica Alba, Chris Evans",The Fantastic Four learn that they aren't the only super-powered beings in the universe when they square off against the powerful Silver Surfer and the planet-eating Galactus.,"English, Japanese, Chinese, Arabic","United Kingdom, Germany, United States, Hong Kong, China, Thailand, Canada",3 wins & 17 nominations total,"https://m.media-amazon.com/images/M/MV5BNmZmMTU0OGQtOWRmNS00ZjA1LWJkM2EtYmUwNGEzMjIyZDM1XkEyXkFqcGc@._V1_QL75_UY562_CR5,0,380,562_.jpg",45,5.6,"298,723","$131,921,738"
Color,Terry Gilliam,156.0,118,0.0,551.0,Michael Jeter,40000.0,10562387.0,Adventure|Comedy|Drama,Johnny Depp,Fear and Loathing in Las Vegas ,213226,43105,Ellen Barkin,0.0,american dream|convertible|drugs|journalist|lawyer,http://www.imdb.com/title/tt0120669/?ref_=fn_tt_tt_1,648.0,English,USA,R,18500000.0,1998,693.0,7.7,2.35,15000,3,Adventure,Comedy,Drama,tt0120669,Fear and Loathing in Las Vegas,1998,R,22 May 1998,118 min,"Adventure, Comedy, Drama",Terry Gilliam,"Hunter S. Thompson, Terry Gilliam, Tony Grisoni","Johnny Depp, Benicio Del Toro, Tobey Maguire",An oddball journalist and his psychopathic lawyer travel to Las Vegas for a series of psychedelic escapades.,English,United States,1 win & 3 nominations total,https://m.media-amazon.com/images/M/MV5BNjFkNjdiZjUtNzUzNy00NWM5LWFlNDUtNTRiYmJiZWNiYjkwXkEyXkFqcGc@._V1_SX300.jpg,41,7.5,"316,089","$10,680,275"
Color,Adam McKay,173.0,106,285.0,105.0,Adam Scott,8000.0,100468793.0,Comedy,Will Ferrell,Step Brothers ,212499,11264,Andrea Savage,2.0,dream|friendship|karaoke|love|slacker,http://www.imdb.com/title/tt0838283/?ref_=fn_tt_tt_1,277.0,English,USA,R,65000000.0,2008,3000.0,6.9,2.35,0,1,Comedy,,,tt0838283,Step Brothers,2008,R,25 Jul 2008,98 min,Comedy,Adam McKay,"Will Ferrell, Adam McKay, John C. Reilly","Will Ferrell, John C. Reilly, Mary Steenburgen",Two aimless middle-aged losers still living at home are forced against their will to become roommates when their parents marry.,"English, Spanish",United States,3 wins & 2 nominations total,https://m.media-amazon.com/images/M/MV5BYWNiOGZkOTgtNGMzMC00MDg5LTliM2UtN2VjMDI3N2ViOWE5XkEyXkFqcGc@._V1_SX300.jpg,51,6.9,"337,892","$100,468,793"
Color,Andrew Stanton,462.0,132,475.0,530.0,Samantha Morton,640.0,73058679.0,Action|Adventure|Sci-Fi,Daryl Sabara,John Carter ,212204,1873,Polly Walker,1.0,alien|american civil war|male nipple|mars|princess,http://www.imdb.com/title/tt0401729/?ref_=fn_tt_tt_1,738.0,English,USA,PG-13,263700000.0,2012,632.0,6.6,2.35,24000,3,Action,Adventure,Sci-Fi,tt0401729,John Carter,2012,PG-13,09 Mar 2012,132 min,"Action, Adventure, Sci-Fi",Andrew Stanton,"Andrew Stanton, Mark Andrews, Michael Chabon","Taylor Kitsch, Lynn Collins, Willem Dafoe",A war-weary former army captain is inexplicably transported to Mars and reluctantly becomes embroiled in a conflict of epic proportions.,English,United States,2 wins & 8 nominations total,https://m.media-amazon.com/images/M/MV5BZWNmZGYzZjUtODRmOS00ODgzLWE4NWQtMDI3MGUwNjRjYjY0XkEyXkFqcGc@._V1_SX300.jpg,51,6.6,"294,974","$73,078,100"
Color,Juan Carlos Fresnadillo,274.0,100,35.0,306.0,Harold Perrineau,10000.0,28637507.0,Drama|Horror|Sci-Fi,Jeremy Renner,28 Weeks Later ,212167,11471,Catherine McCormack,1.0,paris france|rage|sniper|u.s. army|zombie apocalypse,http://www.imdb.com/title/tt0463854/?ref_=fn_tt_tt_1,713.0,English,UK,R,15000000.0,2007,1000.0,7.0,1.85,0,3,Drama,Horror,Sci-Fi,tt0463854,28 Weeks Later,2007,R,11 May 2007,99 min,"Horror, Sci-Fi",Juan Carlos Fresnadillo,"Rowan Joffe, Juan Carlos Fresnadillo, Enrique López Lavigne","Jeremy Renner, Rose Byrne, Robert Carlyle","Six months after the rage virus was inflicted on the population of Great Britain, the US Army helps to secure a small area of London for the survivors to repopulate and start again. But not everything goes according to plan.",English,"United Kingdom, Spain",3 wins & 16 nominations total,https://m.media-amazon.com/images/M/MV5BMTUxMjc2MTcxNV5BMl5BanBnXkFtZTcwMzgzOTY0MQ@@._V1_SX300.jpg,78,6.8,"351,377","$28,638,916"
Color,Ang Lee,267.0,138,0.0,258.0,Regi Davis,820.0,132122995.0,Action|Sci-Fi,Kevin Rankin,Hulk ,212106,1814,Celia Weston,0.0,1980s|c 130 hercules|monster|panzer|san francisco california,http://www.imdb.com/title/tt0286716/?ref_=fn_tt_tt_1,1445.0,English,USA,PG-13,137000000.0,2003,300.0,5.7,1.85,0,2,Action,Sci-Fi,,tt0286716,Hulk,2003,PG-13,20 Jun 2003,138 min,"Action, Sci-Fi",Ang Lee,"Stan Lee, Jack Kirby, James Schamus","Eric Bana, Jennifer Connelly, Sam Elliott","Bruce Banner, a genetics researcher with a tragic past, suffers a lab accident that makes him transform into a raging, giant green monster when angered, making him a target of forces seeking to abuse his power.","English, Spanish",United States,3 wins & 15 nominations total,https://m.media-amazon.com/images/M/MV5BNTQxMmVlMTItMGFjYi00MTc2LWE5MzMtYjFhZWJmZGY0MTY5XkEyXkFqcGc@._V1_SX300.jpg,54,5.7,"290,412","$132,177,234"
Color,Matthew Vaughn,228.0,127,905.0,271.0,David Kelly,15000.0,38345403.0,Adventure|Family|Fantasy|Romance,Henry Cavill,Stardust ,212085,16034,Nathaniel Parker,8.0,king|magic|one word title|pirate|village,http://www.imdb.com/title/tt0486655/?ref_=fn_tt_tt_1,492.0,English,UK,PG-13,70000000.0,2007,588.0,7.7,2.35,15000,4,Adventure,Family,Fantasy,tt0486655,Stardust,2007,PG-13,10 Aug 2007,127 min,"Adventure, Fantasy, Romance",Matthew Vaughn,"Jane Goldman, Matthew Vaughn, Neil Gaiman","Charlie Cox, Claire Danes, Sienna Miller","In a countryside town bordering on a magical land, a young man makes a promise to his beloved that he'll retrieve a fallen star by venturing into the magical realm.",English,"Iceland, United Kingdom, United States",5 wins & 11 nominations total,https://m.media-amazon.com/images/M/MV5BMjkyMTE1OTYwNF5BMl5BanBnXkFtZTcwMDIxODYzMw@@._V1_SX300.jpg,66,7.6,"294,796","$38,634,938"
Color,Chris Miller,227.0,93,50.0,692.0,Eric Idle,3000.0,320706665.0,Adventure|Animation|Comedy|Family|Fantasy,Justin Timberlake,Shrek the Third ,211971,4705,Rupert Everett,2.0,disney spoof|fairy tale|prince|princess|tough guy,http://www.imdb.com/title/tt0413267/?ref_=fn_tt_tt_1,326.0,English,USA,PG,160000000.0,2007,795.0,6.1,1.85,0,5,Adventure,Animation,Comedy,tt0413267,Shrek the Third,2007,PG,18 May 2007,93 min,"Animation, Adventure, Comedy","Chris Miller, Raman Hui","William Steig, Andrew Adamson, Jeffrey Price","Mike Myers, Cameron Diaz, Eddie Murphy","Reluctantly designated as the heir to the land of Far, Far Away, Shrek hatches a plan to install the rebellious Artie as the new king while Princess Fiona tries to fend off a coup d'état by the jilted Prince Charming.",English,United States,Nominated for 1 BAFTA Award5 wins & 17 nominations total,https://m.media-amazon.com/images/M/MV5BOTgyMjc3ODk2MV5BMl5BanBnXkFtZTcwMjY0MjEzMw@@._V1_SX300.jpg,58,6.1,"357,973","$322,719,944"
Color,Ridley Scott,343.0,156,0.0,738.0,William Hurt,891.0,105219735.0,Action|Adventure|Drama|History,Mark Addy,Robin Hood ,211765,3244,Scott Grimes,0.0,1190s|archer|england|king of england|robin hood,http://www.imdb.com/title/tt0955308/?ref_=fn_tt_tt_1,546.0,English,USA,PG-13,200000000.0,2010,882.0,6.7,2.35,17000,4,Action,Adventure,Drama,tt0955308,Robin Hood,2010,PG-13,14 May 2010,140 min,"Action, Adventure, Drama",Ridley Scott,"Brian Helgeland, Ethan Reiff, Cyrus Voris","Russell Crowe, Cate Blanchett, Matthew Macfadyen","In twelfth-century England, Robin Longstride and his band of marauders confront corruption in a local village and lead an uprising against the crown that will forever alter the balance of world power.","English, French, Ukrainian","United Kingdom, United States",1 win & 14 nominations total,https://m.media-amazon.com/images/M/MV5BMTM5NzcwMzEwOF5BMl5BanBnXkFtZTcwNjg5MTgwMw@@._V1_SX300.jpg,53,6.6,"294,277","$105,269,730"
Color,Jay Roach,141.0,106,116.0,708.0,Blythe Danner,22000.0,279167575.0,Comedy|Romance,Robert De Niro,Meet the Fockers ,211296,24938,Teri Polo,6.0,bare butt|defecation|father in law son in law relationship|nurse|sexual innuendo in title,http://www.imdb.com/title/tt0290002/?ref_=fn_tt_tt_1,428.0,English,USA,PG-13,80000000.0,2004,713.0,6.3,1.85,0,2,Comedy,Romance,,tt0290002,Meet the Fockers,2004,PG-13,22 Dec 2004,115 min,"Comedy, Romance",Jay Roach,"Jim Herzfeld, Marc Hyman, John Hamburg","Robert De Niro, Ben Stiller, Dustin Hoffman",All hell breaks loose when the Byrnes family meets the Focker family for the first time.,"English, Spanish, Hebrew",United States,2 wins & 7 nominations total,https://m.media-amazon.com/images/M/MV5BMGI0NDZhODctZWYwNC00ZGZhLTg2N2UtMzdiZjM0OTM4NTY0XkEyXkFqcGc@._V1_SX300.jpg,41,6.4,"299,051","$279,261,160"
Color,John Lasseter,117.0,95,487.0,1000.0,Madeline Kahn,18000.0,162792677.0,Adventure|Animation|Comedy|Family|Fantasy,Kevin Spacey,A Bug's Life ,211226,24205,John Ratzenberger,0.0,ant|circus|grasshopper|misunderstanding|overhearing,http://www.imdb.com/title/tt0120623/?ref_=fn_tt_tt_1,317.0,English,USA,G,120000000.0,1998,1000.0,7.2,2.35,0,5,Adventure,Animation,Comedy,tt0120623,A Bug's Life,1998,G,25 Nov 1998,95 min,"Animation, Adventure, Comedy","John Lasseter, Andrew Stanton","Andrew Stanton, Don McEnery, Bob Shaw","Kevin Spacey, Dave Foley, Julia Louis-Dreyfus","A misfit ant, looking for ""warriors"" to save his colony from greedy grasshoppers, recruits a group of bugs that turn out to be an inept circus troupe.",English,United States,Nominated for 1 Oscar. 14 wins & 21 nominations total,https://m.media-amazon.com/images/M/MV5BNGI3Mjc1ZjUtYTJhYS00NjBiLTgyYjctODU5NTNlMWJiYjYzXkEyXkFqcGc@._V1_SX300.jpg,78,7.2,"334,363","$162,798,565"
Color,Richard Linklater,204.0,108,0.0,487.0,Sarah Silverman,2000.0,81257845.0,Comedy|Music,Miranda Cosgrove,School of Rock ,210680,4403,Mike White,1.0,battle of the bands|rock band|school teacher|substitute teacher|teacher,http://www.imdb.com/title/tt0332379/?ref_=fn_tt_tt_1,479.0,English,USA,PG-13,35000000.0,2003,931.0,7.1,1.85,0,2,Comedy,Music,,tt0332379,School of Rock,2003,PG-13,03 Oct 2003,109 min,"Comedy, Music",Richard Linklater,Mike White,"Jack Black, Mike White, Joan Cusack","After being kicked out of his rock band, Dewey Finn becomes a substitute teacher of an uptight elementary private school, only to try and turn his class into a rock band.",English,"Germany, United States",8 wins & 24 nominations total,https://m.media-amazon.com/images/M/MV5BOTg2NDU4Mjg2NV5BMl5BanBnXkFtZTgwNjQ0MDIyMDI@._V1_SX300.jpg,82,7.2,"353,463","$81,261,177"
Color,Jaume Collet-Serra,349.0,113,174.0,767.0,Frank Langella,14000.0,61094903.0,Action|Mystery|Thriller,Liam Neeson,Unknown ,210542,17152,Aidan Quinn,3.0,agriculture|airport|amnesia|nurse|scientist,http://www.imdb.com/title/tt1401152/?ref_=fn_tt_tt_1,332.0,English,UK,PG-13,30000000.0,2011,903.0,6.9,2.35,29000,3,Action,Mystery,Thriller,tt1401152,Unknown,2011,PG-13,18 Feb 2011,113 min,"Action, Mystery, Thriller",Jaume Collet-Serra,"Oliver Butcher, Stephen Cornwell, Didier Van Cauwelaert","Liam Neeson, Diane Kruger, January Jones","When a man awakens from a coma only to discover that someone has taken on his identity, he teams up with a young woman to prove who he is.","English, German, Turkish, Arabic","United States, Germany, United Kingdom, France, Japan, Canada",3 nominations total,https://m.media-amazon.com/images/M/MV5BODA4NTk3MTQwN15BMl5BanBnXkFtZTcwNjUwMTMxNA@@._V1_SX300.jpg,56,6.8,"275,933","$63,686,397"
Color,Mikael Håfström,314.0,114,101.0,23.0,Kim Thomson,129.0,71975611.0,Fantasy|Horror,Drew Powell,1408 ,209396,214,Alexandra Silber,0.0,book|debunking|evil|hotel|paranormal phenomena,http://www.imdb.com/title/tt0450385/?ref_=fn_tt_tt_1,580.0,English,USA,PG-13,25000000.0,2007,25.0,6.8,2.35,11000,2,Fantasy,Horror,,tt0450385,1408,2007,PG-13,22 Jun 2007,104 min,"Fantasy, Horror, Mystery",Mikael Håfström,"Matt Greenberg, Scott Alexander, Larry Karaszewski","John Cusack, Samuel L. Jackson, Mary McCormack","Author Michael Enslin, who specializes in debunking paranormal occurrences, checks into the fabled room 1408 in the Dolphin Hotel in New York City, settles in, and soon confronts genuine terror.",English,United States,4 wins & 12 nominations total,https://m.media-amazon.com/images/M/MV5BMjQ2ODkxMjc4OV5BMl5BanBnXkFtZTgwMTgzNzQyMTI@._V1_SX300.jpg,64,6.8,"312,592","$71,985,628"
Color,Wes Anderson,220.0,110,0.0,327.0,Anjelica Huston,13000.0,52353636.0,Comedy|Drama,Bill Murray,The Royal Tenenbaums ,209133,14609,Seymour Cassel,1.0,brother brother relationship|family relationships|father daughter relationship|genius|thrown through a window,http://www.imdb.com/title/tt0265666/?ref_=fn_tt_tt_1,962.0,English,USA,R,21000000.0,2001,1000.0,7.6,2.35,0,2,Comedy,Drama,,tt0265666,The Royal Tenenbaums,2002,R,04 Jan 2002,110 min,"Comedy, Drama",Wes Anderson,"Wes Anderson, Owen Wilson","Gene Hackman, Gwyneth Paltrow, Anjelica Huston",The eccentric members of a dysfunctional family reluctantly gather under the same roof for various reasons.,"English, Italian",United States,Nominated for 1 Oscar. 11 wins & 46 nominations total,"https://m.media-amazon.com/images/M/MV5BZTc1MzFlMjEtMzkyNC00NDgyLThjMjMtMzQzZGI5YjUyNzU5XkEyXkFqcGc@._V1_QL75_UX380_CR0,25,380,562_.jpg",76,7.6,"334,411","$52,364,010"
Color,Ron Howard,159.0,140,2000.0,552.0,Miko Hughes,15000.0,172071312.0,Adventure|Drama|History,Tom Hanks,Apollo 13 ,208817,17171,Kathleen Quinlan,0.0,cape kennedy|news footage|reference to christopher columbus|rocket|trapped in space,http://www.imdb.com/title/tt0112384/?ref_=fn_tt_tt_1,296.0,English,USA,PG,62000000.0,1995,968.0,7.6,2.35,5000,3,Adventure,Drama,History,tt0112384,Apollo 13,1995,PG,30 Jun 1995,140 min,"Adventure, Drama, History",Ron Howard,"Jim Lovell, Jeffrey Kluger, William Broyles Jr.","Tom Hanks, Bill Paxton, Kevin Bacon",NASA must devise a strategy to return Apollo 13 to Earth safely after the spacecraft undergoes massive internal damage putting the lives of the three astronauts on board in jeopardy.,English,United States,Won 2 Oscars. 31 wins & 59 nominations total,https://m.media-amazon.com/images/M/MV5BMGZmNGY1OTAtNjFkYS00MjcyLWFlZjUtYzEyMDllZGZhMzM3XkEyXkFqcGc@._V1_SX300.jpg,78,7.7,"334,301","$174,692,658"
Color,Guillermo del Toro,345.0,120,0.0,160.0,Iván Kamarás,3000.0,75754670.0,Action|Adventure|Fantasy|Horror|Sci-Fi,Seth MacFarlane,Hellboy II: The Golden Army ,208422,3632,Brian Steele,0.0,creature|elf|prince|rebellion|superhero,http://www.imdb.com/title/tt0411477/?ref_=fn_tt_tt_1,342.0,English,USA,PG-13,85000000.0,2008,169.0,7.0,1.85,3000,5,Action,Adventure,Fantasy,tt0411477,Hellboy II: The Golden Army,2008,PG-13,11 Jul 2008,120 min,"Action, Adventure, Fantasy",Guillermo del Toro,"Guillermo del Toro, Mike Mignola","Ron Perlman, Selma Blair, Doug Jones",A prince of the mythical world starts a rebellion against humanity in order to rule the Earth. Hellboy and his team must fight to stop him from locating the all-powerful Golden Army.,"English, Gaelic, German","United States, Germany, Hungary",Nominated for 1 Oscar. 6 wins & 36 nominations total,https://m.media-amazon.com/images/M/MV5BMjA5NzgyMjc2Nl5BMl5BanBnXkFtZTcwOTU3MDI3MQ@@._V1_SX300.jpg,78,7.0,"297,109","$75,986,503"
Color,Len Wiseman,226.0,133,235.0,105.0,Kevin Grevioux,955.0,51483949.0,Action|Fantasy|Thriller,Sophia Myles,Underworld ,208092,1777,Shane Brolly,0.0,blood|death|hybrid|vampire|werewolf,http://www.imdb.com/title/tt0320691/?ref_=fn_tt_tt_1,806.0,English,UK,R,22000000.0,2003,593.0,7.0,2.35,0,3,Action,Fantasy,Thriller,tt0320691,Underworld,2003,R,19 Sep 2003,121 min,"Action, Fantasy, Thriller",Len Wiseman,"Kevin Grevioux, Len Wiseman, Danny McBride","Kate Beckinsale, Scott Speedman, Shane Brolly","Selene, a vampire warrior, is entrenched in a conflict between vampires and werewolves, while falling in love with Michael, a human who is sought by werewolves for unknown reasons.",English,"United States, United Kingdom, Germany, Hungary",1 win & 10 nominations total,https://m.media-amazon.com/images/M/MV5BOWIwZjFkYjktZTI3My00YzhkLWI5NmUtZDYyMTg5ZWVmODZkXkEyXkFqcGc@._V1_SX300.jpg,42,7.0,"299,220","$51,970,690"
Color,Joel Schumacher,216.0,81,541.0,328.0,John Enos III,991.0,46563158.0,Crime|Thriller,Radha Mitchell,Phone Booth ,207934,2562,Richard T. Jones,0.0,phone booth|publicist|single set production|sniper|sniper rifle,http://www.imdb.com/title/tt0183649/?ref_=fn_tt_tt_1,629.0,English,USA,R,13000000.0,2002,465.0,7.1,2.35,0,2,Crime,Thriller,,tt0183649,Phone Booth,2002,R,04 Apr 2003,81 min,"Crime, Thriller",Joel Schumacher,Larry Cohen,"Colin Farrell, Kiefer Sutherland, Forest Whitaker","Publicist Stuart Shepard finds himself trapped in a phone booth, pinned down by an extortionist's sniper rifle. Unable to leave or receive outside help, Stuart's negotiation with the caller leads to a jaw-dropping climax.","English, Swahili",United States,1 win & 8 nominations total,https://m.media-amazon.com/images/M/MV5BYjJhYTNhYmEtODcyOS00ZGEwLWEwZTYtNzlkMmY0MjQ1OWQwXkEyXkFqcGc@._V1_SX300.jpg,56,7.1,"300,750","$46,566,212"
Color,Ron Howard,298.0,146,2000.0,294.0,Ayelet Zurer,15000.0,133375846.0,Mystery|Thriller,Tom Hanks,Angels & Demons ,207839,16948,Armin Mueller-Stahl,2.0,conclave|illuminati|murder|reference to bernini|reference to raphael,http://www.imdb.com/title/tt0808151/?ref_=fn_tt_tt_1,435.0,English,USA,PG-13,150000000.0,2009,745.0,6.7,2.35,0,2,Mystery,Thriller,,tt0808151,Angels & Demons,2009,PG-13,15 May 2009,138 min,"Mystery, Thriller",Ron Howard,"David Koepp, Akiva Goldsman, Dan Brown","Tom Hanks, Ewan McGregor, Ayelet Zurer",Harvard symbologist Robert Langdon works with a nuclear physicist to solve a murder and prevent a terrorist act against the Vatican during one of the significant events within the church.,"English, Italian, Latin, French, Swiss German, German, Chinese, Spanish, Polish","United States, Italy",1 win & 5 nominations total,https://m.media-amazon.com/images/M/MV5BMjEzNzM2MjgxMF5BMl5BanBnXkFtZTcwNTQ1MTM0Mg@@._V1_SX300.jpg,48,6.7,"324,063","$133,375,846"
Color,David Fincher,210.0,145,21000.0,243.0,Holt McCallany,534.0,55473600.0,Action|Horror|Sci-Fi,Charles S. Dutton,Alien 3 ,207686,1543,Paul McGann,0.0,alien|crash|planet|prison|survivor,http://www.imdb.com/title/tt0103644/?ref_=fn_tt_tt_1,776.0,English,USA,R,50000000.0,1992,273.0,6.4,2.35,0,3,Action,Horror,Sci-Fi,tt0103644,Alien³,1992,R,22 May 1992,114 min,"Action, Horror, Sci-Fi",David Fincher,"Dan O'Bannon, Ronald Shusett, Vincent Ward","Sigourney Weaver, Charles S. Dutton, Charles Dance","Returning from LV-426, Ellen Ripley crash-lands on the maximum-security prison Fiorina 161, where she discovers that she has unwittingly brought along an unwelcome visitor.",English,"United Kingdom, United States",Nominated for 1 Oscar. 5 wins & 25 nominations total,"https://m.media-amazon.com/images/M/MV5BOGZiNmVlZGEtM2VmMi00ZTFkLTliMzEtZDNhYzUzNTcxMGY3XkEyXkFqcGc@._V1_QL75_UX380_CR0,4,380,562_.jpg",59,6.4,"351,875","$55,473,545"
Color,Roland Emmerich,192.0,142,776.0,1000.0,Adam Baldwin,13000.0,113330342.0,Action|Drama|History|War,Heath Ledger,The Patriot ,207613,19454,Tom Wilkinson,1.0,american revolution|british|french|hero|standoff,http://www.imdb.com/title/tt0187393/?ref_=fn_tt_tt_1,1144.0,English,USA,R,110000000.0,2000,2000.0,7.1,2.35,4000,4,Action,Drama,History,tt0187393,The Patriot,2000,R,28 Jun 2000,165 min,"Action, Drama, War",Roland Emmerich,Robert Rodat,"Mel Gibson, Heath Ledger, Joely Richardson",Peaceful farmer Benjamin Martin is driven to lead the Colonial Militia during the American Revolution when a sadistic British officer murders his son.,"English, French","Germany, United States",Nominated for 3 Oscars. 9 wins & 23 nominations total,https://m.media-amazon.com/images/M/MV5BYThjZWExNTItYmE5Yi00ZDE3LTk1ZDktMGJiMWUyYTc2YmFkXkEyXkFqcGc@._V1_SX300.jpg,63,7.2,"305,970","$113,330,342"
Color,Cameron Crowe,149.0,152,488.0,947.0,Zooey Deschanel,22000.0,32522352.0,Adventure|Comedy|Drama|Music,Philip Seymour Hoffman,Almost Famous ,207287,36897,Michael Angarano,1.0,band|magazine|rolling stone magazine|smoking marijuana|tour,http://www.imdb.com/title/tt0181875/?ref_=fn_tt_tt_1,822.0,English,USA,R,60000000.0,2000,11000.0,7.9,1.85,15000,4,Adventure,Comedy,Drama,tt0181875,Almost Famous,2000,R,22 Sep 2000,122 min,"Adventure, Comedy, Drama",Cameron Crowe,Cameron Crowe,"Billy Crudup, Patrick Fugit, Kate Hudson",A high-school boy in the early 1970s is given the chance to write a story for Rolling Stone magazine about an up-and-coming rock band as he accompanies them on their concert tour.,"English, French",United States,Won 1 Oscar. 54 wins & 103 nominations total,https://m.media-amazon.com/images/M/MV5BZGFmNDQzOTItOGZkNS00NjFkLWE4MjQtNmRjMjNlMjg3YzdiXkEyXkFqcGc@._V1_SX300.jpg,90,7.9,"313,640","$32,534,850"
Color,Cameron Crowe,153.0,141,488.0,509.0,Ivana Milicevic,10000.0,100614858.0,Fantasy|Mystery|Romance|Sci-Fi|Thriller,Tom Cruise,Vanilla Sky ,206776,11458,Noah Taylor,1.0,death|dream|love|lynchian|reality,http://www.imdb.com/title/tt0259711/?ref_=fn_tt_tt_1,1248.0,English,USA,R,68000000.0,2001,834.0,6.9,1.85,0,5,Fantasy,Mystery,Romance,tt0259711,Vanilla Sky,2001,R,14 Dec 2001,136 min,"Fantasy, Mystery, Romance",Cameron Crowe,"Alejandro Amenábar, Mateo Gil, Cameron Crowe","Tom Cruise, Penélope Cruz, Cameron Diaz",A self-indulgent and vain publishing magnate finds his privileged life upended after a vehicular accident with a resentful lover.,"English, Spanish","Spain, United States",Nominated for 1 Oscar. 5 wins & 34 nominations total,https://m.media-amazon.com/images/M/MV5BNTg5YmYyMzAtYmEzZi00MzA2LWIxMTMtZTc1N2ZjNTA3ZDU2XkEyXkFqcGc@._V1_SX300.jpg,45,6.9,"306,691","$100,618,344"
Color,David Fincher,233.0,112,21000.0,237.0,Dwight Yoakam,17000.0,95308367.0,Crime|Drama|Thriller,Kristen Stewart,Panic Room ,206104,18141,Mel Rodriguez,0.0,brownstone|burglar|money|panic|panic room,http://www.imdb.com/title/tt0258000/?ref_=fn_tt_tt_1,850.0,English,USA,R,48000000.0,2002,324.0,6.8,2.35,0,3,Crime,Drama,Thriller,tt0258000,Panic Room,2002,R,29 Mar 2002,112 min,"Crime, Drama, Thriller",David Fincher,David Koepp,"Jodie Foster, Kristen Stewart, Forest Whitaker","A divorced woman and her diabetic daughter take refuge in their newly-purchased house's safe room when three men break-in, searching for a missing fortune.",English,United States,1 win & 9 nominations total,https://m.media-amazon.com/images/M/MV5BODU0ZGM0MjctM2YxYy00OWY1LTk2N2YtNWE4ZWQ2ODQwMTI5XkEyXkFqcGc@._V1_SX300.jpg,65,6.8,"313,150","$96,397,334"
Color,Alexander Payne,549.0,115,729.0,552.0,Nick Krause,8000.0,82624961.0,Comedy|Drama,Shailene Woodley,The Descendants ,205284,9578,Beau Bridges,0.0,boating accident|daughters|father daughter relationship|hospital|marriage,http://www.imdb.com/title/tt1033575/?ref_=fn_tt_tt_1,439.0,English,USA,R,20000000.0,2011,727.0,7.3,2.35,22000,2,Comedy,Drama,,tt1033575,The Descendants,2011,R,09 Dec 2011,115 min,"Comedy, Drama",Alexander Payne,"Alexander Payne, Nat Faxon, Jim Rash","George Clooney, Shailene Woodley, Amara Miller",A land baron tries to reconnect with his two daughters after his wife is seriously injured in a boating accident.,English,United States,Won 1 Oscar. 65 wins & 148 nominations total,https://m.media-amazon.com/images/M/MV5BMjAyNTA1MTcyN15BMl5BanBnXkFtZTcwNjEyODczNQ@@._V1_SX300.jpg,84,7.3,"258,506","$82,584,160"
Color,Josh Trank,414.0,89,128.0,371.0,Alex Russell,963.0,64572496.0,Drama|Sci-Fi|Thriller,Michael Kelly,Chronicle ,204327,2054,Ashley Hinshaw,0.0,found footage|high school|subjective camera|teen angst|troubled teen,http://www.imdb.com/title/tt1706593/?ref_=fn_tt_tt_1,471.0,English,USA,PG-13,12000000.0,2012,465.0,7.1,1.85,32000,3,Drama,Sci-Fi,Thriller,tt1706593,Chronicle,2012,PG-13,03 Feb 2012,84 min,"Drama, Sci-Fi, Thriller",Josh Trank,"Max Landis, Josh Trank","Dane DeHaan, Alex Russell, Michael B. Jordan",Three high school friends gain superpowers after making an incredible discovery underground. Soon they find their lives spinning out of control and their bond tested as they embrace their darker sides.,English,United States,2 wins & 7 nominations total,https://m.media-amazon.com/images/M/MV5BMDBmYmExZDUtYWQxZS00MWI4LTkyZTQtYzIxNzg3NjJkZjZhXkEyXkFqcGc@._V1_SX300.jpg,69,7.0,"276,134","$64,575,175"
Color,Brett Ratner,210.0,124,420.0,876.0,Anthony Hopkins,22000.0,92930005.0,Crime|Drama|Thriller,Philip Seymour Hoffman,Red Dragon ,204063,35867,Emily Watson,0.0,criminal profile|fbi agent|madman|tabloid reporter|tragic villain,http://www.imdb.com/title/tt0289765/?ref_=fn_tt_tt_1,764.0,English,Germany,R,78000000.0,2002,12000.0,7.2,2.35,0,3,Crime,Drama,Thriller,tt0289765,Red Dragon,2002,R,04 Oct 2002,124 min,"Crime, Drama, Thriller",Brett Ratner,"Thomas Harris, Ted Tally","Anthony Hopkins, Edward Norton, Ralph Fiennes","A retired FBI agent with psychological gifts is assigned to help track down ""The Tooth Fairy"", a mysterious serial killer. Aiding him is imprisoned forensic psychiatrist Dr. Hannibal ""The Cannibal"" Lecter.","English, French","Germany, United States",4 wins & 10 nominations total,https://m.media-amazon.com/images/M/MV5BNmI0MDEwZTktMzdjMy00NDhmLWI2YjMtNGI4YjY0NDc3MDZkXkEyXkFqcGc@._V1_SX300.jpg,60,7.2,"309,919","$93,149,898"
Color,Peter Berg,319.0,121,532.0,127.0,Scott Elrod,480.0,125069696.0,Action|Biography|Drama|Thriller|War,Jerry Ferrara,Lone Survivor ,203963,1261,Dan Bilzerian,0.0,courage|navy seal|outnumbered|shot multiple times|survival,http://www.imdb.com/title/tt1091191/?ref_=fn_tt_tt_1,420.0,English,USA,R,40000000.0,2013,449.0,7.6,2.35,58000,5,Action,Biography,Drama,tt1091191,Lone Survivor,2014,R,10 Jan 2014,121 min,"Action, Biography, Drama",Peter Berg,"Peter Berg, Marcus Luttrell, Patrick Robinson","Mark Wahlberg, Taylor Kitsch, Emile Hirsch","Marcus Luttrell and his team set out on a mission to capture or kill notorious Taliban leader Ahmad Shah, in late June 2005. Marcus and his team are left to fight for their lives in one of the most valiant efforts of modern warfare.","English, Pashtu, Arabic","United Kingdom, United States",Nominated for 2 Oscars. 6 wins & 16 nominations total,"https://m.media-amazon.com/images/M/MV5BMjA0NTgwOTk5Ml5BMl5BanBnXkFtZTcwMjE3NDc5OQ@@._V1_QL75_UX380_CR0,0,380,562_.jpg",60,7.5,"323,696","$125,095,601"
Color,Pete Travis,432.0,95,38.0,20.0,Jason Cope,409.0,13401683.0,Action|Sci-Fi,Wood Harris,Dredd ,203458,578,Rakie Ayola,0.0,brutality|dark humor|female antagonist|female warrior|post apocalypse,http://www.imdb.com/title/tt1343727/?ref_=fn_tt_tt_1,588.0,English,UK,R,35000000.0,2012,107.0,7.1,2.35,46000,2,Action,Sci-Fi,,tt1343727,Dredd,2012,R,21 Sep 2012,95 min,"Action, Crime, Sci-Fi",Pete Travis,"John Wagner, Carlos Ezquerra, Alex Garland","Karl Urban, Olivia Thirlby, Lena Headey","In a violent, futuristic metropolis, a law enforcement and his rookie trainee become caught up in a high-stakes drug war.",English,"United Kingdom, South Africa, United States, India",2 wins & 14 nominations total,https://m.media-amazon.com/images/M/MV5BODkyNDQzMzUzOF5BMl5BanBnXkFtZTcwODYyMDEyOA@@._V1_SX300.jpg,60,7.1,"310,395","$13,414,714"
Color,Roger Michell,150.0,124,50.0,427.0,Clarke Peters,8000.0,116006080.0,Comedy|Drama|Romance,Julia Roberts,Notting Hill ,203269,9255,Dylan Moran,1.0,actress|bookstore|friend|kiss|love,http://www.imdb.com/title/tt0125439/?ref_=fn_tt_tt_1,602.0,English,UK,PG-13,42000000.0,1999,437.0,7.0,2.35,11000,3,Comedy,Drama,Romance,tt0125439,Notting Hill,1999,PG-13,28 May 1999,124 min,"Comedy, Drama, Romance",Roger Michell,Richard Curtis,"Hugh Grant, Julia Roberts, Richard McCabe","A set of circumstances makes Anna Scott, a famous actress, fall in love with William Thacker, owner of a bookstore in Notting Hill. But the paparazzi's fascination with her complicates their bond.","English, Spanish, French","United Kingdom, United States",Won 1 BAFTA Award11 wins & 17 nominations total,https://m.media-amazon.com/images/M/MV5BZjY3YWI5OTMtYTdlNy00ZTZiLWEwYjItN2M1MGVkMDM4ZDExXkEyXkFqcGc@._V1_SX300.jpg,68,7.2,"380,809","$116,089,678"
Color,Antoine Fuqua,358.0,119,845.0,992.0,Morgan Freeman,18000.0,98895417.0,Action|Thriller,Gerard Butler,Olympus Has Fallen ,203154,31782,Radha Mitchell,3.0,political thriller|politics|president|speaker of the house|u.s. president,http://www.imdb.com/title/tt2302755/?ref_=fn_tt_tt_1,698.0,English,USA,R,70000000.0,2013,11000.0,6.5,2.35,45000,2,Action,Thriller,,tt2302755,Olympus Has Fallen,2013,R,22 Mar 2013,119 min,"Action, Thriller",Antoine Fuqua,"Creighton Rothenberger, Katrin Benedikt","Gerard Butler, Aaron Eckhart, Morgan Freeman",Secret Service agent Mike Banning finds himself trapped inside the White House in the wake of a terrorist attack and works with national security to rescue the President from his kidnappers.,"English, Korean",United States,1 win & 5 nominations total,https://m.media-amazon.com/images/M/MV5BNzg3Mjc0YzItZWQyOS00ODY4LTgwZjUtYWRmYzM1MDg1ZDA5XkEyXkFqcGc@._V1_SX300.jpg,41,6.5,"304,539","$98,925,640"
Color,Joe Carnahan,408.0,117,248.0,726.0,Frank Grillo,14000.0,51533608.0,Action|Adventure|Drama|Thriller,Liam Neeson,The Grey ,203111,16606,James Badge Dale,1.0,alaska|leadership|snow|survival|wilderness,http://www.imdb.com/title/tt1601913/?ref_=fn_tt_tt_1,755.0,English,USA,R,25000000.0,2011,798.0,6.8,2.35,32000,4,Action,Adventure,Drama,tt1601913,The Grey,2011,R,27 Jan 2012,117 min,"Action, Adventure, Drama",Joe Carnahan,"Joe Carnahan, Ian Mackenzie Jeffers","Liam Neeson, Dermot Mulroney, Frank Grillo","After their plane crashes in Alaska, six oil workers are led by a skilled huntsman to survival, but a pack of merciless wolves haunts their every step.","English, Spanish","United States, United Kingdom",2 wins & 8 nominations total,https://m.media-amazon.com/images/M/MV5BNDY4MTQwMzc1MV5BMl5BanBnXkFtZTcwNzcwNTM5Ng@@._V1_SX300.jpg,64,6.7,"273,584","$51,580,236"
Color,Jeff Wadlow,350.0,103,65.0,405.0,Donald Faison,17000.0,28751715.0,Action|Comedy|Crime,Chloë Grace Moretz,Kick-Ass 2 ,202967,19168,Augustus Prew,0.0,hit in the crotch|kicked in the crotch|punched in the crotch|sparring|superhero,http://www.imdb.com/title/tt1650554/?ref_=fn_tt_tt_1,378.0,English,USA,R,28000000.0,2013,927.0,6.6,2.35,36000,3,Action,Comedy,Crime,tt1650554,Kick-Ass 2,2013,R,16 Aug 2013,103 min,"Action, Comedy, Crime",Jeff Wadlow,"Jeff Wadlow, Mark Millar, John Romita Jr.","Aaron Taylor-Johnson, Chloë Grace Moretz, Christopher Mintz-Plasse","Following Kick-Ass' heroics, other citizens are inspired to become masked crusaders, but Red Mist leads his own group of evil super-villains to get revenge, kill Kick-Ass, and destroy everything he stands for.",English,"United Kingdom, Japan, United States",1 win & 9 nominations total,"https://m.media-amazon.com/images/M/MV5BMTQ4OTQxNzc0N15BMl5BanBnXkFtZTcwOTQxOTU5OQ@@._V1_QL75_UY562_CR4,0,380,562_.jpg",41,6.5,"299,867","$28,795,985"
Color,James Wan,445.0,103,0.0,588.0,Barbara Hershey,852.0,53991137.0,Fantasy|Horror|Mystery|Thriller,Lin Shaye,Insidious ,202800,3030,Philip Friedman,1.0,baby|boy|coma|demon|house,http://www.imdb.com/title/tt1591095/?ref_=fn_tt_tt_1,752.0,English,USA,PG-13,1500000.0,2010,618.0,6.8,2.35,60000,4,Fantasy,Horror,Mystery,tt1591095,Insidious,2011,PG-13,01 Apr 2011,103 min,"Horror, Mystery, Thriller",James Wan,Leigh Whannell,"Patrick Wilson, Rose Byrne, Ty Simpkins",A family looks to prevent evil spirits from trapping their comatose child in a realm called The Further.,English,"United States, Canada",8 wins & 16 nominations total,"https://m.media-amazon.com/images/M/MV5BMTYyOTAxMDA0OF5BMl5BanBnXkFtZTcwNzgwNTc1NA@@._V1_QL75_UY562_CR0,0,380,562_.jpg",52,6.8,"365,703","$54,009,150"
Color,Peter Berg,377.0,131,532.0,627.0,Alexander Skarsgård,14000.0,65173160.0,Action|Adventure|Sci-Fi|Thriller,Liam Neeson,Battleship ,202382,26679,Tadanobu Asano,0.0,box office flop|hawaii|naval|oahu hawaii|ship,http://www.imdb.com/title/tt1440129/?ref_=fn_tt_tt_1,751.0,English,USA,PG-13,209000000.0,2012,10000.0,5.9,2.35,44000,4,Action,Adventure,Sci-Fi,tt1440129,Battleship,2012,PG-13,18 May 2012,131 min,"Action, Adventure, Sci-Fi",Peter Berg,"Jon Hoeber, Erich Hoeber","Alexander Skarsgård, Brooklyn Decker, Liam Neeson",A fleet of ships is forced to do battle with an armada of unknown origins in order to discover and thwart their destructive goals.,"English, Japanese","Japan, United States",4 wins & 16 nominations total,https://m.media-amazon.com/images/M/MV5BMjI5NTM5MDA2N15BMl5BanBnXkFtZTcwNjkwMzQxNw@@._V1_SX300.jpg,41,5.8,"268,384","$65,422,625"
Color,Richard Curtis,274.0,123,628.0,171.0,Tom Hollander,565.0,15294553.0,Drama|Fantasy|Romance,Tom Hughes,About Time ,202341,1595,Lindsay Duncan,1.0,boyfriend girlfriend relationship|lingerie slip|time travel|time travel romance|wedding,http://www.imdb.com/title/tt2194499/?ref_=fn_tt_tt_1,391.0,English,UK,R,12000000.0,2013,555.0,7.8,2.35,105000,3,Drama,Fantasy,Romance,tt2194499,About Time,2013,R,08 Nov 2013,123 min,"Comedy, Drama, Fantasy",Richard Curtis,Richard Curtis,"Domhnall Gleeson, Rachel McAdams, Bill Nighy","At the age of 21, Tim discovers he can travel in time and change what happens and has happened in his own life. His decision to make his world a better place by getting a girlfriend turns out not to be as easy as you might think.",English,"United Kingdom, United States",3 wins & 9 nominations total,https://m.media-amazon.com/images/M/MV5BMTA1ODUzMDA3NzFeQTJeQWpwZ15BbWU3MDgxMTYxNTk@._V1_SX300.jpg,55,7.8,"429,483","$15,322,921"
Color,Ben Stiller,135.0,90,0.0,8000.0,Alexander Skarsgård,14000.0,45162741.0,Comedy,Milla Jovovich,Zoolander ,201084,34565,Will Ferrell,0.0,fashion|malaysia|male model|reporter|rival,http://www.imdb.com/title/tt0196229/?ref_=fn_tt_tt_1,523.0,English,Germany,PG-13,28000000.0,2001,10000.0,6.6,2.35,0,1,Comedy,,,tt0196229,Zoolander,2001,R,28 Sep 2001,90 min,Comedy,Ben Stiller,"Drake Sather, Ben Stiller, John Hamburg","Ben Stiller, Owen Wilson, Christine Taylor","At the end of his career, a clueless fashion model is brainwashed to kill the Prime Minister of Malaysia.",English,"Germany, United States",1 win & 11 nominations total,https://m.media-amazon.com/images/M/MV5BODI4NDY2NDM5M15BMl5BanBnXkFtZTgwNzEwOTMxMDE@._V1_SX300.jpg,61,6.5,"314,450","$45,172,250"
Color,Jaume Collet-Serra,359.0,106,174.0,660.0,Nate Parker,14000.0,91439400.0,Action|Mystery|Thriller,Liam Neeson,Non-Stop ,200647,16967,Scoot McNairy,0.0,air marshal|death|passenger|terrorist|transatlantic flight,http://www.imdb.com/title/tt2024469/?ref_=fn_tt_tt_1,384.0,English,UK,PG-13,50000000.0,2014,664.0,7.0,2.35,24000,3,Action,Mystery,Thriller,tt2024469,Non-Stop,2014,PG-13,28 Feb 2014,106 min,"Action, Mystery, Thriller",Jaume Collet-Serra,"John W. Richardson, Chris Roach, Ryan Engle","Liam Neeson, Julianne Moore, Scoot McNairy","An air marshal springs into action during a transatlantic flight after receiving a series of text messages demanding $150 million into an off-shore account, or someone will die every 20 minutes.","English, German","United Kingdom, France, Canada, United States",1 nomination total,https://m.media-amazon.com/images/M/MV5BOTI3NzcxMjkzMl5BMl5BanBnXkFtZTgwMDY0NTQ0MDE@._V1_SX300.jpg,56,6.9,"285,661","$92,168,600"
Color,Robert Zemeckis,159.0,150,0.0,135.0,Tom Skerritt,11000.0,100853835.0,Drama|Mystery|Sci-Fi|Thriller,Matthew McConaughey,Contact ,200556,12289,Larry King,2.0,message from outer space|religion|religion versus science|scientist|universe,http://www.imdb.com/title/tt0118884/?ref_=fn_tt_tt_1,611.0,English,USA,PG,90000000.0,1997,1000.0,7.4,2.35,15000,4,Drama,Mystery,Sci-Fi,tt0118884,Contact,1997,PG,11 Jul 1997,150 min,"Drama, Mystery, Sci-Fi",Robert Zemeckis,"James V. Hart, Michael Goldenberg, Carl Sagan","Jodie Foster, Matthew McConaughey, Tom Skerritt","Dr. Ellie Arroway, after years of searching, finds conclusive radio proof of extraterrestrial intelligence, sending plans for a mysterious machine.","English, Spanish, German, Russian",United States,Nominated for 1 Oscar. 15 wins & 32 nominations total,https://m.media-amazon.com/images/M/MV5BM2JiYmE1Y2UtNDQ3YS00YTZhLTk5MzAtYzEzMzIyNTM4OTRlXkEyXkFqcGc@._V1_SX300.jpg,62,7.5,"309,188","$100,920,329"
Color,Sam Mendes,226.0,117,0.0,818.0,Jennifer Jason Leigh,15000.0,104054514.0,Crime|Drama|Thriller,Tom Hanks,Road to Perdition ,200359,16828,Liam Aiken,0.0,1930s|blood|gun|on the run|revenge,http://www.imdb.com/title/tt0257044/?ref_=fn_tt_tt_1,1009.0,English,USA,R,80000000.0,2002,1000.0,7.7,2.35,0,3,Crime,Drama,Thriller,tt0257044,Road to Perdition,2002,R,12 Jul 2002,117 min,"Crime, Drama, Thriller",Sam Mendes,"Max Allan Collins, Richard Piers Rayner, David Self","Tom Hanks, Tyler Hoechlin, Paul Newman","A mob enforcer's son in 1930s Illinois witnesses a murder, forcing him and his father to take to the road, and his father down a path of redemption and revenge.",English,United States,Won 1 Oscar. 23 wins & 82 nominations total,https://m.media-amazon.com/images/M/MV5BMjMyYjMyMzktMjlhZC00ZTZkLTkzMWQtZmEwMjdjNzJkM2RlXkEyXkFqcGc@._V1_SX300.jpg,72,7.6,"296,515","$104,454,762"
Color,Mike Judge,144.0,89,406.0,759.0,Stephen Root,989.0,10824921.0,Comedy,Gary Cole,Office Space ,200293,3462,Diedrich Bader,0.0,boss|computer|downsizing|neighbor|office,http://www.imdb.com/title/tt0151804/?ref_=fn_tt_tt_1,621.0,English,USA,R,10000000.0,1999,939.0,7.8,1.85,16000,1,Comedy,,,tt0151804,Office Space,1999,R,19 Feb 1999,89 min,Comedy,Mike Judge,Mike Judge,"Ron Livingston, Jennifer Aniston, David Herman",Three company workers who hate their jobs decide to rebel against their greedy boss.,English,United States,1 win & 2 nominations total,https://m.media-amazon.com/images/M/MV5BOTA5MzQ3MzI1NV5BMl5BanBnXkFtZTgwNTcxNTYxMTE@._V1_SX300.jpg,68,7.6,"304,367","$10,827,810"
Color,J.B. Rogers,142.0,108,6.0,1000.0,Shannon Elizabeth,3000.0,145096820.0,Comedy,Alyson Hannigan,American Pie 2 ,200260,7872,Natasha Lyonne,0.0,beach|beach house|college|party|student,http://www.imdb.com/title/tt0252866/?ref_=fn_tt_tt_1,431.0,English,USA,R,30000000.0,2001,1000.0,6.4,1.85,0,1,Comedy,,,tt0252866,American Pie 2,2001,R,10 Aug 2001,108 min,Comedy,J.B. Rogers,"Adam Herz, David H. Steinberg","Jason Biggs, Shannon Elizabeth, Alyson Hannigan","Jim and his friends are now in college, and they decide to meet up at the beach house for some fun.",English,United States,8 wins & 7 nominations total,https://m.media-amazon.com/images/M/MV5BM2I4MDEwOTctNGE0Yi00NTJlLThiZGEtNzU1YjExNmRlYzI2XkEyXkFqcGc@._V1_SX300.jpg,43,6.5,"283,386","$145,103,595"
Color,Chris Columbus,37.0,120,0.0,1000.0,Kieran Culkin,3000.0,173585516.0,Adventure|Comedy|Family,Macaulay Culkin,Home Alone 2: Lost in New York ,200077,7860,Devin Ratray,2.0,airport|christmas|florida|new york city|toy store,http://www.imdb.com/title/tt0104431/?ref_=fn_tt_tt_1,189.0,English,USA,PG,18000000.0,1992,1000.0,6.6,1.85,0,3,Adventure,Comedy,Family,tt0104431,Home Alone 2: Lost in New York,1992,PG,20 Nov 1992,120 min,"Adventure, Comedy, Crime",Chris Columbus,John Hughes,"Macaulay Culkin, Joe Pesci, Daniel Stern","Kevin is separated from his family again when he accidentally boards a flight to New York City during a Christmas trip to Miami. However he crosses paths with the same burglars, who now plan to rob a toy store on Christmas Eve.","English, French, Spanish, Latin",United States,3 wins & 3 nominations total,https://m.media-amazon.com/images/M/MV5BOGEyYzRmNzYtYzJjZi00ZjhlLWJiNDktYzZhNTgxMzc1NThlXkEyXkFqcGc@._V1_SX300.jpg,46,6.9,"451,493","$173,585,516"
Color,George Nolfi,413.0,106,53.0,593.0,Michael Kelly,13000.0,62453315.0,Romance|Sci-Fi|Thriller,Matt Damon,The Adjustment Bureau ,200035,14607,Jon Stewart,2.0,love at first sight|obscene finger gesture|rain|teleportation|three word title,http://www.imdb.com/title/tt1385826/?ref_=fn_tt_tt_1,407.0,English,USA,PG-13,50200000.0,2011,963.0,7.1,1.85,36000,3,Romance,Sci-Fi,Thriller,tt1385826,The Adjustment Bureau,2011,PG-13,04 Mar 2011,106 min,"Crime, Drama, Mystery",George Nolfi,"George Nolfi, Philip K. Dick","Matt Damon, Emily Blunt, Lisa Thoreson",The relationship between a politician and a contemporary dancer is affected by mysterious forces keeping them apart.,English,United States,1 win & 9 nominations total,https://m.media-amazon.com/images/M/MV5BMTU3ODg3MDAxMl5BMl5BanBnXkFtZTcwMjc0MDMzNA@@._V1_SX300.jpg,60,7.0,"281,483","$62,495,645"
Color,Darren Aronofsky,434.0,138,0.0,8000.0,Emma Watson,12000.0,101160529.0,Action|Adventure|Drama,Anthony Hopkins,Noah ,200022,32355,Logan Lerman,2.0,ark|flood|noah's ark|water|wrath of god,http://www.imdb.com/title/tt1959490/?ref_=fn_tt_tt_1,1240.0,English,USA,PG-13,125000000.0,2014,9000.0,5.8,1.85,71000,3,Action,Adventure,Drama,tt1959490,Noah,2014,PG-13,28 Mar 2014,138 min,"Action, Adventure, Drama",Darren Aronofsky,"Darren Aronofsky, Ari Handel","Russell Crowe, Jennifer Connelly, Anthony Hopkins",Noah is chosen by God to undertake a momentous mission before an apocalyptic flood cleanses the world.,English,United States,1 win & 19 nominations total,https://m.media-amazon.com/images/M/MV5BMjI2OTgyNTc0Ml5BMl5BanBnXkFtZTgwNDM1NTQxMTE@._V1_SX300.jpg,68,5.8,"275,793","$101,200,044"
Color,Clint Eastwood,264.0,141,16000.0,539.0,Michael Kelly,11000.0,35707327.0,Crime|Drama|Mystery|Thriller,Angelina Jolie Pitt,Changeling ,199056,12840,Colm Feore,0.0,execution by hanging|los angeles police department|miscarriage of justice|missing child|wrongful conviction,http://www.imdb.com/title/tt0824747/?ref_=fn_tt_tt_1,387.0,English,USA,R,55000000.0,2008,963.0,7.8,2.35,14000,4,Crime,Drama,Mystery,tt0824747,Changeling,2008,R,31 Oct 2008,141 min,"Biography, Crime, Drama",Clint Eastwood,J. Michael Straczynski,"Angelina Jolie, Colm Feore, Amy Ryan","After Christine's son goes missing, she reaches out to the LAPD to find him, but when they try to pass off an impostor as her son to quiet public protests, she refuses to accept him or give up hope.",English,United States,Nominated for 3 Oscars. 14 wins & 55 nominations total,https://m.media-amazon.com/images/M/MV5BOTA1Mzg3NjIxNV5BMl5BanBnXkFtZTcwNzU2NTc5MQ@@._V1_SX300.jpg,63,7.7,"273,100","$35,739,802"
Color,Tim Burton,526.0,113,13000.0,16000.0,Chloë Grace Moretz,40000.0,79711678.0,Comedy|Fantasy|Horror,Johnny Depp,Dark Shadows ,199039,80849,Christopher Lee,7.0,camera shot of feet|cartoon on tv|female stockinged feet|female stockinged soles|foot closeup,http://www.imdb.com/title/tt1077368/?ref_=fn_tt_tt_1,479.0,English,USA,PG-13,100000000.0,2012,17000.0,6.2,1.85,82000,3,Comedy,Fantasy,Horror,tt1077368,Dark Shadows,2012,PG-13,11 May 2012,113 min,"Comedy, Fantasy, Horror",Tim Burton,"Seth Grahame-Smith, John August, Dan Curtis","Johnny Depp, Michelle Pfeiffer, Eva Green","An imprisoned vampire, Barnabas Collins, is set free and returns to his ancestral home, where his dysfunctional descendants are in need of his protection.",English,"United States, Australia, United Kingdom",3 wins & 12 nominations total,https://m.media-amazon.com/images/M/MV5BMjNiYWMxZjctMzEyZS00NDZmLTgxYmYtM2NmOGI0MmY3ZTJiXkEyXkFqcGc@._V1_SX300.jpg,55,6.2,"291,971","$79,727,149"
Color,Martin Campbell,137.0,130,258.0,345.0,Joe Don Baker,394.0,106635996.0,Action|Adventure|Thriller,Izabella Scorupco,GoldenEye ,199025,1784,Tchéky Karyo,2.0,agent|cossack|official james bond series|russia|russian,http://www.imdb.com/title/tt0113189/?ref_=fn_tt_tt_1,416.0,English,UK,PG-13,58000000.0,1995,387.0,7.2,2.35,0,3,Action,Adventure,Thriller,tt0113189,GoldenEye,1995,PG-13,17 Nov 1995,130 min,"Action, Adventure, Thriller",Martin Campbell,"Ian Fleming, Michael France, Jeffrey Caine","Pierce Brosnan, Sean Bean, Izabella Scorupco","When a powerful secret defense system is stolen, James Bond is assigned to stop a Russian crime syndicate from using it.","English, Russian, Spanish","United Kingdom, United States, Russia",Nominated for 2 BAFTA 2 wins & 8 nominations total,https://m.media-amazon.com/images/M/MV5BOGQxNmYyY2YtZGIyNy00ODgxLThhZWEtZGIyNjJhYzFlOTllXkEyXkFqcGc@._V1_SX300.jpg,65,7.2,"281,321","$106,429,941"
Color,Paul W.S. Anderson,226.0,100,545.0,766.0,Jaymes Butler,14000.0,39532308.0,Action|Horror|Sci-Fi,Milla Jovovich,Resident Evil ,198701,17902,Colin Salmon,0.0,amnesia|quarantine|special forces|virus|zombie,http://www.imdb.com/title/tt0120804/?ref_=fn_tt_tt_1,1138.0,English,UK,R,33000000.0,2002,2000.0,6.7,1.85,0,3,Action,Horror,Sci-Fi,tt0120804,Resident Evil,2002,R,15 Mar 2002,100 min,"Action, Horror, Sci-Fi",Paul W.S. Anderson,Paul W.S. Anderson,"Milla Jovovich, Michelle Rodriguez, Ryan McCluskey","A special military unit fights a powerful, out-of-control supercomputer and hundreds of scientists who have mutated into flesh-eating creatures after a laboratory accident.",English,"Germany, United Kingdom, France, Japan, United States",7 nominations total,https://m.media-amazon.com/images/M/MV5BYmI3YjJkN2ItY2ZmYS00Y2JhLTk2YTQtYzE5YWU5ODI1MzJmXkEyXkFqcGc@._V1_SX300.jpg,35,6.6,"307,619","$40,119,709"
Color,Woody Allen,275.0,96,11000.0,252.0,Kevin Dunn,19000.0,23213577.0,Drama|Romance,Scarlett Johansson,Vicky Cristina Barcelona ,198111,19894,Christopher Evan Welch,0.0,art|artist|painter|sex|summer,http://www.imdb.com/title/tt0497465/?ref_=fn_tt_tt_1,365.0,English,Spain,PG-13,15500000.0,2008,581.0,7.2,1.85,14000,2,Drama,Romance,,tt0497465,Vicky Cristina Barcelona,2008,PG-13,15 Aug 2008,96 min,"Comedy, Drama, Romance",Woody Allen,Woody Allen,"Rebecca Hall, Scarlett Johansson, Javier Bardem","Two friends on a summer holiday in Spain become enamored with the same painter, unaware that his ex-wife, with whom he has a tempestuous relationship, is about to re-enter the picture.","English, Spanish","Spain, United States",Won 1 Oscar. 32 wins & 54 nominations total,https://m.media-amazon.com/images/M/MV5BOGYyZTllMmUtZDFmYS00ZjJhLThhNmEtZmQwYzkzNjkyNzhlXkEyXkFqcGc@._V1_SX300.jpg,70,7.1,"275,462","$23,216,709"
Color,Ted Demme,147.0,124,47.0,877.0,Ethan Suplee,40000.0,52937130.0,Biography|Crime|Drama,Johnny Depp,Blow ,198066,43453,Jordi Mollà,1.0,1960s|1970s|california|cocaine|wealth,http://www.imdb.com/title/tt0221027/?ref_=fn_tt_tt_1,426.0,English,USA,R,30000000.0,2001,1000.0,7.6,2.35,13000,3,Biography,Crime,Drama,tt0221027,Blow,2001,R,06 Apr 2001,124 min,"Biography, Crime, Drama",Ted Demme,"Bruce Porter, David McKenna, Nick Cassavetes","Johnny Depp, Penélope Cruz, Franka Potente","The story of how George Jung, along with the Medellín Cartel headed by Pablo Escobar, established the American cocaine market in the 1970s in the United States.",English,United States,3 wins & 9 nominations total,https://m.media-amazon.com/images/M/MV5BNTNkMzMwOWItM2FmYS00YmI2LWE4NjUtMmI5MDk0YTkwZjM2XkEyXkFqcGc@._V1_SX300.jpg,52,7.5,"286,529","$52,990,775"
 Black and White,Troy Duffy,100.0,102,78.0,184.0,David Della Rocco,12000.0,,Action|Crime|Thriller,Norman Reedus,The Boondock Saints ,197845,12680,Bob Marley,2.0,fbi|fbi agent|friend|irish|mafia,http://www.imdb.com/title/tt0144117/?ref_=fn_tt_tt_1,876.0,English,Canada,R,7000000.0,1999,333.0,7.9,2.35,16000,3,Action,Crime,Thriller,tt0144117,The Boondock Saints,1999,R,21 Jan 2000,108 min,"Action, Crime, Thriller",Troy Duffy,Troy Duffy,"Willem Dafoe, Sean Patrick Flanery, Norman Reedus",Two Irish Catholic brothers become vigilantes in order to try to wipe out Boston's criminal underworld in the name of God.,"English, Spanish, Papiamento, Russian, Latin","United States, Canada",N/A,https://m.media-amazon.com/images/M/MV5BMzIzYjE3YmMtYjdjOC00NTk5LWI0N2MtZDliYjUxNGYyNGZhXkEyXkFqcGc@._V1_SX300.jpg,44,7.6,"258,935","$45,050"
Color,Zack Snyder,435.0,128,0.0,826.0,Abbie Cornish,4000.0,36381716.0,Action|Fantasy,Jon Hamm,Sucker Punch ,197584,7067,Scott Glenn,4.0,alternate reality|escape|girl gang|prostitution|samurai,http://www.imdb.com/title/tt0978764/?ref_=fn_tt_tt_1,918.0,English,USA,PG-13,82000000.0,2011,2000.0,6.1,2.35,42000,2,Action,Fantasy,,tt0978764,Sucker Punch,2011,PG-13,25 Mar 2011,110 min,"Action, Adventure, Fantasy",Zack Snyder,"Zack Snyder, Steve Shibuya","Emily Browning, Vanessa Hudgens, Abbie Cornish",A young girl institutionalized by her abusive stepfather retreats to an alternative reality as a coping strategy and envisions a plan to help her escape.,"English, German","United States, Canada",1 win & 11 nominations total,https://m.media-amazon.com/images/M/MV5BZDE1YWZiMzItZGEzOC00MTYyLWFiYWYtNGNlMmM0ZjAxM2RmXkEyXkFqcGc@._V1_SX300.jpg,33,6.1,"259,805","$36,392,502"
Color,Steven Spielberg,538.0,150,14000.0,655.0,Hal Holbrook,23000.0,182204440.0,Biography|Drama|History|War,Joseph Gordon-Levitt,Lincoln ,197412,25517,Bruce McGill,0.0,cultural conflict|politics|president|slavery|u.s. president,http://www.imdb.com/title/tt0443272/?ref_=fn_tt_tt_1,720.0,English,USA,PG-13,65000000.0,2012,826.0,7.4,2.35,71000,4,Biography,Drama,History,tt0443272,Lincoln,2012,PG-13,16 Nov 2012,150 min,"Biography, Drama, History",Steven Spielberg,"Tony Kushner, Doris Kearns Goodwin","Daniel Day-Lewis, Sally Field, David Strathairn","As the Civil War rages on, U.S President Abraham Lincoln struggles with continuing carnage on the battlefield as he fights with many inside his own cabinet on his decision to emancipate the slaves.",English,"United States, India",Won 2 Oscars. 107 wins & 251 nominations total,https://m.media-amazon.com/images/M/MV5BMTQzNzczMDUyNV5BMl5BanBnXkFtZTcwNjM2ODEzOA@@._V1_SX300.jpg,87,7.3,"283,599","$182,207,973"
Color,Mark Neveldine,170.0,93,83.0,501.0,Edi Gathegi,26000.0,27829874.0,Action|Crime|Thriller,Jason Statham,Crank ,196422,28767,Jose Pablo Cantillo,1.0,assassin|cult film|doctor|heart|poison,http://www.imdb.com/title/tt0479884/?ref_=fn_tt_tt_1,444.0,English,USA,R,12000000.0,2006,725.0,7.0,1.78,0,3,Action,Crime,Thriller,tt0479884,Crank,2006,R,01 Sep 2006,88 min,"Action, Crime, Thriller","Mark Neveldine, Brian Taylor","Mark Neveldine, Brian Taylor","Jason Statham, Amy Smart, Carlos Sanz",Professional assassin Chev Chelios learns his rival has injected him with a poison that will kill him if his heart rate drops.,"English, Spanish, Korean",United States,2 wins & 2 nominations total,https://m.media-amazon.com/images/M/MV5BMjg0NjAxNDY4MV5BMl5BanBnXkFtZTcwODA5MjMzMw@@._V1_SX300.jpg,57,6.9,"276,303","$27,838,408"
Color,Denis Villeneuve,478.0,121,777.0,219.0,Bernardo Saracino,455.0,46875468.0,Action|Crime|Drama|Mystery|Thriller,Edgar Arreola,Sicario ,196217,1467,Daniel Kaluuya,2.0,critically acclaimed|drug cartel|juarez mexico|u.s. mexico border|war on drugs,http://www.imdb.com/title/tt3397884/?ref_=fn_tt_tt_1,461.0,English,USA,R,30000000.0,2015,221.0,7.6,2.39,59000,5,Action,Crime,Drama,tt3397884,Sicario,2015,R,02 Oct 2015,121 min,"Action, Crime, Drama",Denis Villeneuve,Taylor Sheridan,"Emily Blunt, Josh Brolin, Benicio Del Toro",An idealistic FBI agent is enlisted by a government task force to aid in the escalating war against drugs at the border area between the U.S. and Mexico.,"English, Spanish, Ukrainian","United States, Mexico, Hong Kong",Nominated for 3 Oscars. 15 wins & 157 nominations total,https://m.media-amazon.com/images/M/MV5BMjA5NjM3NTk1M15BMl5BanBnXkFtZTgwMzg1MzU2NjE@._V1_SX300.jpg,82,7.7,"527,661","$46,889,293"
Color,Tom McCarthy,474.0,128,310.0,77.0,Jamey Sheridan,745.0,44988180.0,Biography|Crime|Drama|History,Billy Crudup,Spotlight ,195333,1058,Brian d'Arcy James,2.0,cover up|investigation|journalist|newspaper|sexual abuse,http://www.imdb.com/title/tt1895587/?ref_=fn_tt_tt_1,409.0,English,USA,R,20000000.0,2015,168.0,8.1,1.85,80000,4,Biography,Crime,Drama,tt1895587,Spotlight,2015,R,20 Nov 2015,129 min,"Biography, Crime, Drama",Tom McCarthy,"Josh Singer, Tom McCarthy","Mark Ruffalo, Michael Keaton, Rachel McAdams","The true story of how the Boston Globe uncovered the massive scandal of child molestation and cover-up within the local Catholic Archdiocese, shaking the entire Catholic Church to its core.",English,United States,Won 2 Oscars. 124 wins & 145 nominations total,https://m.media-amazon.com/images/M/MV5BMjIyOTM5OTIzNV5BMl5BanBnXkFtZTgwMDkzODE2NjE@._V1_SX300.jpg,93,8.1,"529,406","$45,055,776"
Color,David Wain,173.0,101,136.0,526.0,Ken Marino,833.0,67266300.0,Comedy,Joe Lo Truglio,Role Models ,195255,3400,Bobb'e J. Thompson,1.0,absent father|big brother|community service|live action role playing|peter pan syndrome,http://www.imdb.com/title/tt0430922/?ref_=fn_tt_tt_1,170.0,English,Germany,R,28000000.0,2008,543.0,6.9,1.85,0,1,Comedy,,,tt0430922,Role Models,2008,R,07 Nov 2008,99 min,Comedy,David Wain,"Timothy Dowling, William Blake Herron, Paul Rudd","Seann William Scott, Paul Rudd, Christopher Mintz-Plasse",Wild behavior forces a pair of energy drink reps to enroll in a Big Brother program.,English,"Germany, United States",1 win & 4 nominations total,https://m.media-amazon.com/images/M/MV5BMTg3MTk4NzQ0NV5BMl5BanBnXkFtZTcwNjM0OTc5MQ@@._V1_SX300.jpg,61,6.8,"249,407","$67,294,270"
Color,D.J. Caruso,288.0,109,154.0,144.0,Emily Wickersham,15000.0,55092830.0,Action|Adventure|Sci-Fi|Thriller,Alex Pettyfer,I Am Number Four ,195043,15608,Reuben Langdon,1.0,based on young adult novel|good versus evil|guardian|human alien|ohio,http://www.imdb.com/title/tt1464540/?ref_=fn_tt_tt_1,329.0,English,USA,PG-13,60000000.0,2011,348.0,6.1,1.85,27000,4,Action,Adventure,Sci-Fi,tt1464540,I Am Number Four,2011,PG-13,18 Feb 2011,111 min,"Action, Adventure, Sci-Fi",D.J. Caruso,"Alfred Gough, Miles Millar, Marti Noxon","Alex Pettyfer, Timothy Olyphant, Dianna Agron","Aliens and their Guardians are hiding on Earth from intergalactic bounty hunters. They can only be killed in numerical order, and Number Four is next on the list. This is his story.","English, French","United States, India",1 win & 1 nomination total,https://m.media-amazon.com/images/M/MV5BMjI0NDI1MTMyM15BMl5BanBnXkFtZTcwMDMzMTcyNA@@._V1_SX300.jpg,36,6.1,"252,012","$55,100,437"
Color,Guy Ritchie,209.0,114,0.0,1000.0,Gerard Butler,27000.0,5694401.0,Action|Crime|Thriller,Tom Hardy,RocknRolla ,194489,46944,Tom Wilkinson,4.0,accountant|finger gun|homosexual|killed in an elevator|painting,http://www.imdb.com/title/tt1032755/?ref_=fn_tt_tt_1,192.0,English,UK,R,18000000.0,2008,18000.0,7.3,2.35,12000,3,Action,Crime,Thriller,tt1032755,RocknRolla,2008,R,31 Oct 2008,114 min,"Action, Crime, Thriller",Guy Ritchie,Guy Ritchie,"Gerard Butler, Tom Wilkinson, Idris Elba","When a Russian mobster orchestrates a crooked land deal, millions of dollars are up for grabs, drawing in the entire London underworld into a feeding frenzy at a time when the old criminal regime is losing turf to a wealthy foreig...","English, Russian","United Kingdom, United States, France",1 win & 5 nominations total,https://m.media-amazon.com/images/M/MV5BMTQ0NTk5Mzk2OV5BMl5BanBnXkFtZTcwMDE3NTE4MQ@@._V1_SX300.jpg,53,7.2,"272,877","$5,700,626"
Color,Zack Snyder,287.0,110,0.0,1000.0,Kevin Zegers,3000.0,58885635.0,Action|Horror|Thriller,Ty Burrell,Dawn of the Dead ,194422,10438,Mekhi Phifer,0.0,mall|mayhem|nurse|rear entry sex|survival horror,http://www.imdb.com/title/tt0363547/?ref_=fn_tt_tt_1,1057.0,English,USA,R,26000000.0,2004,2000.0,7.4,2.35,7000,3,Action,Horror,Thriller,tt0363547,Dawn of the Dead,2004,R,19 Mar 2004,101 min,"Action, Horror",Zack Snyder,"George A. Romero, James Gunn","Sarah Polley, Ving Rhames, Mekhi Phifer","A nurse, a policeman, a young married couple and other survivors of a worldwide plague that is producing aggressive, flesh-eating zombies take refuge in a mega Midwestern shopping mall.",English,"United States, Canada, Japan, France",1 win & 17 nominations total,https://m.media-amazon.com/images/M/MV5BM2ZiYjNlMWYtNTc2My00ZTM4LWJhMjQtM2FlOWM0ZmE0Yjg1XkEyXkFqcGc@._V1_SX300.jpg,59,7.2,"287,091","$59,020,957"
Color,Carlos Saldanha,164.0,115,107.0,241.0,Ray Romano,835.0,195329763.0,Action|Adventure|Animation|Comedy|Family|Fantasy,Denis Leary,Ice Age: The Meltdown ,194249,1815,Jay Leno,0.0,flood|mammoth|no opening credits|squirrel|valley,http://www.imdb.com/title/tt0438097/?ref_=fn_tt_tt_1,253.0,English,USA,PG,80000000.0,2006,590.0,6.9,1.85,0,6,Action,Adventure,Animation,tt0438097,Ice Age: The Meltdown,2006,PG,31 Mar 2006,91 min,"Animation, Adventure, Comedy",Carlos Saldanha,"Peter Gaulke, Gerry Swallow, Jim Hecht","Ray Romano, John Leguizamo, Denis Leary","Manny, Sid and Diego discover that the ice age is coming to an end, and join everybody for a journey to higher ground. On the trip, they discover that Manny is not in fact the last of the woolly mammoths.",English,"United States, United Kingdom",8 wins & 16 nominations total,https://m.media-amazon.com/images/M/MV5BMjAwODg3OTAxMl5BMl5BanBnXkFtZTcwMjg2NjYyMw@@._V1_SX300.jpg,59,6.8,"316,256","$195,330,621"
Color,David Twohy,214.0,112,123.0,787.0,Radha Mitchell,14000.0,39235088.0,Horror|Sci-Fi,Vin Diesel,Pitch Black ,193962,16196,Cole Hauser,0.0,captain|darkness|eclipse|space|survival,http://www.imdb.com/title/tt0134847/?ref_=fn_tt_tt_1,805.0,English,USA,R,23000000.0,2000,991.0,7.1,2.35,5000,2,Horror,Sci-Fi,,tt0134847,Pitch Black,2000,R,18 Feb 2000,109 min,"Horror, Sci-Fi, Thriller",David Twohy,"Jim Wheat, Ken Wheat, David Twohy","Radha Mitchell, Cole Hauser, Vin Diesel",A transport ship crashes and leaves its crew stranded on a desert planet inhabited by bloodthirsty creatures that come out during an eclipse.,"English, Arabic",United States,2 wins & 9 nominations total,https://m.media-amazon.com/images/M/MV5BNGJlYjllOTUtZGRiNS00YmI4LTkxYmItYjBmYTdmZWZlMTMxXkEyXkFqcGc@._V1_SX300.jpg,49,7.0,"262,681","$39,240,659"
Color,M. Night Shyamalan,261.0,108,0.0,882.0,Judy Greer,3000.0,114195633.0,Drama|Mystery|Romance|Thriller,Bryce Dallas Howard,The Village ,193770,7273,William Hurt,0.0,creature|pact|plot twist|village|woods,http://www.imdb.com/title/tt0368447/?ref_=fn_tt_tt_1,2003.0,English,USA,PG-13,60000000.0,2004,2000.0,6.5,1.85,0,4,Drama,Mystery,Romance,tt0368447,The Village,2004,PG-13,30 Jul 2004,108 min,"Drama, Mystery, Thriller",M. Night Shyamalan,M. Night Shyamalan,"Sigourney Weaver, William Hurt, Joaquin Phoenix",A series of events tests the beliefs of a small isolated countryside village.,English,United States,Nominated for 1 Oscar. 4 wins & 24 nominations total,https://m.media-amazon.com/images/M/MV5BZWI1MjE4YmYtMjJhMS00YmJhLTg1NjMtYjM5ZWE0YjM2MGFiXkEyXkFqcGc@._V1_SX300.jpg,44,6.6,"290,036","$114,197,520"
Color,Joe Wright,177.0,135,456.0,241.0,Brenda Blethyn,422.0,38372662.0,Drama|Romance,Talulah Riley,Pride & Prejudice ,193455,1083,Simon Woods,2.0,bachelor|england|gentleman|georgian|love,http://www.imdb.com/title/tt0414387/?ref_=fn_tt_tt_1,1058.0,English,France,PG,28000000.0,2005,286.0,7.8,2.35,17000,2,Drama,Romance,,tt0414387,Pride & Prejudice,2005,PG,23 Nov 2005,129 min,"Drama, Romance",Joe Wright,"Deborah Moggach, Jane Austen, Emma Thompson","Keira Knightley, Matthew Macfadyen, Brenda Blethyn","When Elizabeth Bennet meets the handsome Mr. Darcy, she believes he is the last man she could ever marry, but as their lives become intertwined, she finds herself captivated by the man she has sworn to hate forever.",English,"United Kingdom, France, United States",Nominated for 4 Oscars. 13 wins & 59 nominations total,https://m.media-amazon.com/images/M/MV5BMTA1NDQ3NTcyOTNeQTJeQWpwZ15BbWU3MDA0MzA4MzE@._V1_SX300.jpg,82,7.8,"368,401","$44,785,261"
Color,Woody Allen,154.0,93,11000.0,629.0,Carol Kane,11000.0,39200000.0,Comedy|Romance,Woody Allen,Annie Hall ,192940,12691,Shelley Duvall,0.0,breaking the fourth wall|comedian|jewish|neurosis|singer,http://www.imdb.com/title/tt0075686/?ref_=fn_tt_tt_1,491.0,English,USA,PG,4000000.0,1977,636.0,8.1,1.37,0,2,Comedy,Romance,,tt0075686,Annie Hall,1977,PG,20 Apr 1977,93 min,"Comedy, Romance",Woody Allen,"Woody Allen, Marshall Brickman","Woody Allen, Diane Keaton, Tony Roberts","Alvy Singer, a divorced Jewish comedian, reflects on his relationship with ex-lover Annie Hall, an aspiring nightclub singer, which ended abruptly just like his previous marriages.","English, German",United States,Won 4 Oscars. 32 wins & 9 nominations total,https://m.media-amazon.com/images/M/MV5BNjZlOWE5N2UtMTdhZC00NjU5LTg2MjYtOGU4NDhhNWNlMmRlXkEyXkFqcGc@._V1_SX300.jpg,92,7.9,"289,401","$38,251,425"
Color,Joe Wright,316.0,123,456.0,286.0,Alfie Allen,19000.0,50921738.0,Drama|Mystery|Romance|War,Benedict Cumberbatch,Atonement ,192930,20499,Brenda Blethyn,1.0,death of sister|dying|loss of virginity|septicemia|sex,http://www.imdb.com/title/tt0783233/?ref_=fn_tt_tt_1,581.0,English,UK,R,30000000.0,2007,1000.0,7.8,1.85,12000,4,Drama,Mystery,Romance,tt0783233,Atonement,2007,R,11 Jan 2008,123 min,"Drama, Mystery, Romance",Joe Wright,"Ian McEwan, Christopher Hampton","Keira Knightley, James McAvoy, Brenda Blethyn",Thirteen-year-old fledgling writer Briony Tallis irrevocably changes the course of several lives when she accuses her older sister's lover of a crime he did not commit.,"English, French","United Kingdom, France, United States",Won 1 Oscar. 52 wins & 150 nominations total,https://m.media-amazon.com/images/M/MV5BZmQ5ZjZlMzMtODA1ZS00NTNiLWIzOTYtOTQyYjQ2YWQxMTA1XkEyXkFqcGc@._V1_SX300.jpg,85,7.8,"320,845","$50,927,067"
Color,David Lean,181.0,227,767.0,87.0,José Ferrer,607.0,6000000.0,Adventure|Biography|Drama|History|War,Claude Rains,Lawrence of Arabia ,192775,1076,Jack Hawkins,8.0,arab|british military|desert|ottoman empire|t.e. lawrence,http://www.imdb.com/title/tt0056172/?ref_=fn_tt_tt_1,559.0,English,UK,PG,15000000.0,1962,202.0,8.4,2.2,11000,5,Adventure,Biography,Drama,tt0056172,Lawrence of Arabia,1962,PG,02 Apr 2013,227 min,"Adventure, Biography, Drama",David Lean,"Robert Bolt, Michael Wilson","Peter O'Toole, Alec Guinness, Anthony Quinn","The story of T.E. Lawrence, the English officer who successfully united and led the diverse, often warring, Arab tribes during World War I in order to fight the Turks.","English, Arabic, Turkish","United Kingdom, United States",Won 7 Oscars. 31 wins & 14 nominations total,https://m.media-amazon.com/images/M/MV5BYjY0YTQ1OTAtYjEyNy00NTQ4LThlMTQtM2QwYTVhYWFhNjU5XkEyXkFqcGc@._V1_SX300.jpg,100,8.3,"334,419","$45,306,425"
Color,Greg Mottola,342.0,109,99.0,57.0,Nelson Ascencio,176.0,37371385.0,Adventure|Comedy|Sci-Fi,Bobby Lee,Paul ,192462,390,Jeremy Owen,0.0,alien|geek|nerd|road trip|ufo,http://www.imdb.com/title/tt1092026/?ref_=fn_tt_tt_1,334.0,English,USA,R,40000000.0,2011,61.0,7.0,2.35,42000,3,Adventure,Comedy,Sci-Fi,tt1092026,Paul,2011,R,18 Mar 2011,104 min,"Adventure, Comedy, Sci-Fi",Greg Mottola,"Simon Pegg, Nick Frost","Simon Pegg, Nick Frost, Seth Rogen",Two English comic book geeks traveling across the U.S. encounter an alien outside Area 51.,"English, Klingon","United Kingdom, United States",2 wins & 9 nominations total,https://m.media-amazon.com/images/M/MV5BOGIyZDNhODctYzg3ZS00YjVmLWE4NGEtYjM5OGM0MmQxYThmXkEyXkFqcGc@._V1_SX300.jpg,57,6.9,"278,809","$37,412,945"
Color,Jason Reitman,239.0,92,655.0,88.0,Cameron Bright,24000.0,24792061.0,Comedy|Drama,J.K. Simmons,Thank You for Smoking ,191998,25092,Todd Louiso,0.0,cigarette smoking|lobbyist|political satire|reporter|tobacco industry,http://www.imdb.com/title/tt0427944/?ref_=fn_tt_tt_1,323.0,English,USA,R,6500000.0,2005,829.0,7.6,2.35,0,2,Comedy,Drama,,tt0427944,Thank You for Smoking,2005,R,14 Apr 2006,92 min,"Comedy, Drama",Jason Reitman,"Jason Reitman, Christopher Buckley","Aaron Eckhart, Cameron Bright, Maria Bello",The chief spokesman of a tobacco lobby wants to excel at his job while trying to remain a role model for his young son.,English,United States,13 wins & 32 nominations total,https://m.media-amazon.com/images/M/MV5BMTI2MDk5MjE4NV5BMl5BanBnXkFtZTYwMjkwNTU3._V1_SX300.jpg,71,7.5,"235,123","$24,793,509"
Color,John Singleton,150.0,107,309.0,771.0,Cole Hauser,23000.0,127083765.0,Action|Crime|Thriller,Paul Walker,2 Fast 2 Furious ,191912,25296,Mo Gallini,5.0,bust|racing|shotgun|street racing|undercover agent,http://www.imdb.com/title/tt0322259/?ref_=fn_tt_tt_1,370.0,English,USA,PG-13,76000000.0,2003,787.0,5.9,2.35,0,3,Action,Crime,Thriller,tt0322259,2 Fast 2 Furious,2003,PG-13,06 Jun 2003,107 min,"Action, Crime, Thriller",John Singleton,"Gary Scott Thompson, Michael Brandt, Derek Haas","Paul Walker, Tyrese Gibson, Cole Hauser",Former cop Brian O'Conner is called upon to bust a dangerous criminal and he recruits the help of a former childhood friend and street racer who has a chance to redeem himself.,"English, Spanish","United States, Germany",4 wins & 13 nominations total,https://m.media-amazon.com/images/M/MV5BOTQzYzEwNWMtOTAwYy00YWYwLWE1NTEtZTkxOGQxZTM0M2VhXkEyXkFqcGc@._V1_SX300.jpg,38,5.9,"321,217","$127,154,901"
Color,Robert Luketic,144.0,123,126.0,1000.0,Jim Sturgess,18000.0,81159365.0,Crime|Drama|Thriller,Kevin Spacey,21 ,191470,25661,Josh Gad,2.0,based on true story|blackjack|card counting|gambling|massachusetts institute of technology,http://www.imdb.com/title/tt0478087/?ref_=fn_tt_tt_1,278.0,English,USA,PG-13,35000000.0,2008,5000.0,6.8,2.35,0,3,Crime,Drama,Thriller,tt0478087,21,2008,PG-13,28 Mar 2008,123 min,"Crime, Drama, Thriller",Robert Luketic,"Peter Steinfeld, Allan Loeb, Ben Mezrich","Jim Sturgess, Kate Bosworth, Kevin Spacey","Inspired by real events and people, 21 is about six MIT students who become trained to be experts in card counting in blackjack and subsequently took Vegas casinos for millions in winnings.",English,United States,1 win & 5 nominations total,https://m.media-amazon.com/images/M/MV5BMjAyNTU5OTcxOV5BMl5BanBnXkFtZTcwMDEyNjM2MQ@@._V1_SX300.jpg,48,6.8,"279,934","$81,159,365"
Color,Stephen Norrington,184.0,110,45.0,595.0,Traci Lords,886.0,70001065.0,Action|Horror,Sanaa Lathan,Blade ,191437,3174,Udo Kier,1.0,1990s|blade|blood|vampire|vampire hunter,http://www.imdb.com/title/tt0120611/?ref_=fn_tt_tt_1,582.0,English,USA,R,45000000.0,1998,650.0,7.1,2.35,0,2,Action,Horror,,tt0120611,Blade,1998,R,21 Aug 1998,120 min,"Action, Horror, Sci-Fi",Stephen Norrington,David S. Goyer,"Wesley Snipes, Stephen Dorff, Kris Kristofferson","A half-vampire, half-mortal man becomes a protector of the mortal race, while slaying evil vampires.","English, Russian, Serbian",United States,5 wins & 11 nominations total,https://m.media-amazon.com/images/M/MV5BNzAzMmY3OWMtNDgyMS00Y2U4LTlmM2UtY2YwMmM0MDI5ODJmXkEyXkFqcGc@._V1_SX300.jpg,47,7.1,"327,850","$70,087,718"
Color,Darren Aronofsky,274.0,96,0.0,1000.0,Ellen Burstyn,20000.0,10139254.0,Drama|Sci-Fi,Hugh Jackman,The Fountain ,190990,24640,Mark Margolis,0.0,eternity|love|mayan|tree|tree of life,http://www.imdb.com/title/tt0414993/?ref_=fn_tt_tt_1,915.0,English,USA,PG-13,35000000.0,2006,1000.0,7.3,1.85,23000,2,Drama,Sci-Fi,,tt0414993,The Fountain,2006,PG-13,22 Nov 2006,97 min,"Drama, Mystery, Romance",Darren Aronofsky,"Darren Aronofsky, Ari Handel","Hugh Jackman, Rachel Weisz, Sean Patrick Thomas","As a modern-day scientist, Tommy is struggling with mortality, desperately searching for the medical breakthrough that will save the life of his cancer-stricken wife, Izzi.","English, Maya","United States, Canada",9 wins & 38 nominations total,https://m.media-amazon.com/images/M/MV5BMTU5OTczMTcxMV5BMl5BanBnXkFtZTcwNDg3MTEzMw@@._V1_SX300.jpg,51,7.1,"255,646","$10,144,010"
Color,Joel Schumacher,144.0,121,541.0,680.0,Rene Auberjonois,920.0,184031112.0,Action|Adventure|Fantasy,Michael Gough,Batman Forever ,190786,2880,Debi Mazar,4.0,love|necktie|partner|rock music|tuxedo,http://www.imdb.com/title/tt0112462/?ref_=fn_tt_tt_1,539.0,English,USA,PG-13,100000000.0,1995,710.0,5.4,1.85,0,3,Action,Adventure,Fantasy,tt0112462,Batman Forever,1995,PG-13,16 Jun 1995,121 min,"Action, Adventure",Joel Schumacher,"Bob Kane, Lee Batchler, Janet Scott Batchler","Val Kilmer, Tommy Lee Jones, Jim Carrey","Batman must battle former district attorney Harvey Dent, who is now Two-Face and Edward Nygma, The Riddler with help from an amorous psychologist and a young circus acrobat who becomes his sidekick, Robin.",English,"United States, United Kingdom",Nominated for 3 Oscars. 10 wins & 26 nominations total,https://m.media-amazon.com/images/M/MV5BMTUyNjJhZWItMTZkNS00NDc4LTllNjUtYTg3NjczMzA5ZTViXkEyXkFqcGc@._V1_SX300.jpg,54,5.5,"279,237","$184,069,126"
Color,Joseph Gordon-Levitt,364.0,90,23000.0,694.0,Scarlett Johansson,23000.0,24475193.0,Comedy|Drama|Romance,Joseph Gordon-Levitt,Don Jon ,190494,44265,Tony Danza,1.0,camera focus on female butt|cunnilingus|new jersey|oral sex|reference to facebook,http://www.imdb.com/title/tt2229499/?ref_=fn_tt_tt_1,314.0,English,USA,R,3000000.0,2013,19000.0,6.6,2.35,33000,3,Comedy,Drama,Romance,tt2229499,Don Jon,2013,R,27 Sep 2013,90 min,"Comedy, Drama, Romance",Joseph Gordon-Levitt,Joseph Gordon-Levitt,"Joseph Gordon-Levitt, Scarlett Johansson, Julianne Moore","A New Jersey guy dedicated to his family, friends, and church, develops unrealistic expectations from watching porn and works to find happiness and intimacy with his potential true love.",English,United States,2 wins & 28 nominations total,https://m.media-amazon.com/images/M/MV5BNDgwMTU2NDctODI0YS00ZmIxLWFiNjEtZDI2ZGE3NWFlZDY2XkEyXkFqcGc@._V1_SX300.jpg,66,6.5,"253,868","$24,477,704"
Color,Tom Tykwer,226.0,147,670.0,16.0,David Calder,177.0,2208939.0,Crime|Drama|Fantasy,Michael Smiley,Perfume: The Story of a Murderer ,190490,253,Simon Chandler,0.0,18th century|perfume|scent|sense of smell|smell,http://www.imdb.com/title/tt0396171/?ref_=fn_tt_tt_1,482.0,English,Germany,R,50000000.0,2006,27.0,7.5,2.35,26000,3,Crime,Drama,Fantasy,tt0396171,Perfume: The Story of a Murderer,2006,R,05 Jan 2007,147 min,"Crime, Drama, Fantasy",Tom Tykwer,"Andrew Birkin, Bernd Eichinger, Tom Tykwer","Ben Whishaw, Dustin Hoffman, Alan Rickman","Jean-Baptiste Grenouille, born with a superior olfactory sense, creates the world's finest perfume. His work, however, takes a dark turn as he searches for the ultimate scent.","English, Italian, Latin","Germany, France, Spain, Belgium, United States",15 wins & 20 nominations total,https://m.media-amazon.com/images/M/MV5BMTg2Mzk2NjkzNl5BMl5BanBnXkFtZTYwMzIzOTc2._V1_SX300.jpg,56,7.5,"277,726","$2,223,293"
Color,James Cameron,94.0,141,0.0,618.0,Tia Carrere,2000.0,146282411.0,Action|Comedy|Thriller,Jamie Lee Curtis,True Lies ,190439,4528,Tom Arnold,0.0,espionage|secret agent|secret mission|spy|spy film,http://www.imdb.com/title/tt0111503/?ref_=fn_tt_tt_1,351.0,English,USA,R,115000000.0,1994,1000.0,7.2,2.35,0,3,Action,Comedy,Thriller,tt0111503,True Lies,1994,R,15 Jul 1994,141 min,"Action, Comedy, Thriller",James Cameron,"James Cameron, Claude Zidi, Simon Michaël","Arnold Schwarzenegger, Jamie Lee Curtis, Tom Arnold","A fearless, globe-trotting, terrorist-battling secret agent has his life turned upside down when he discovers his wife might be having an affair with a used-car salesman while terrorists smuggle nuclear war heads into the United S...","English, French, Arabic, German",United States,Nominated for 1 Oscar. 8 wins & 23 nominations total,https://m.media-amazon.com/images/M/MV5BYjU1ZjNhMjMtOTMxZS00MDc1LTlkNzQtZTdjNGQyYjQ4YTA4XkEyXkFqcGc@._V1_SX300.jpg,63,7.3,"298,420","$146,282,411"
Color,Danny Boyle,308.0,107,0.0,167.0,Benedict Wong,11000.0,3675072.0,Adventure|Sci-Fi|Thriller,Chris Evans,Sunshine ,190132,11623,Troy Garity,0.0,astronaut|earth|future|icarus|sun,http://www.imdb.com/title/tt0448134/?ref_=fn_tt_tt_1,801.0,English,UK,R,26000000.0,2007,372.0,7.3,2.35,15000,3,Adventure,Sci-Fi,Thriller,tt0448134,Sunshine,2007,R,27 Jul 2007,107 min,"Sci-Fi, Thriller",Danny Boyle,Alex Garland,"Cillian Murphy, Rose Byrne, Chris Evans",A team of international astronauts is sent on a dangerous mission to reignite the dying Sun with a nuclear fission bomb in 2057.,English,"United Kingdom, United States",1 win & 22 nominations total,https://m.media-amazon.com/images/M/MV5BNmExYTA4MGYtNWUwNC00YTZhLWE0YzUtMjI0OGYyMmQ4YTVkXkEyXkFqcGc@._V1_SX300.jpg,64,7.2,"284,835","$3,675,753"
 Black and White,Michel Hazanavicius,576.0,100,405.0,628.0,Ed Lauter,996.0,44667095.0,Comedy|Drama|Romance,Bérénice Bejo,The Artist ,190030,4606,Beth Grant,0.0,1920s|jack russell terrier|modern silent movie|movie star|movie studio,http://www.imdb.com/title/tt1655442/?ref_=fn_tt_tt_1,583.0,English,France,PG-13,15000000.0,2011,897.0,8.0,1.33,30000,3,Comedy,Drama,Romance,tt1655442,The Artist,2011,PG-13,20 Jan 2012,100 min,"Comedy, Drama, Romance",Michel Hazanavicius,Michel Hazanavicius,"Jean Dujardin, Bérénice Bejo, John Goodman","When George, a silent movie superstar, meets Peppy Miller, a dancer, sparks fly between the two. However, after the introduction of talking pictures, their fortunes change, affecting their dynamic.","English, French","France, Belgium, United States",Won 5 Oscars. 162 wins & 204 nominations total,https://m.media-amazon.com/images/M/MV5BYjEwOGZmM2QtNjY4Mi00NjI0LTkyZjItZDEzZGI1YTEzMDg1XkEyXkFqcGc@._V1_SX300.jpg,89,7.8,"254,736","$44,671,682"
Color,Cameron Crowe,109.0,139,488.0,597.0,Kelly Preston,10000.0,153620822.0,Comedy|Drama|Romance|Sport,Tom Cruise,Jerry Maguire ,189923,12182,Bonnie Hunt,0.0,agent|career|client|fiance|sports agent,http://www.imdb.com/title/tt0116695/?ref_=fn_tt_tt_1,318.0,English,USA,R,50000000.0,1996,743.0,7.3,1.85,0,4,Comedy,Drama,Romance,tt0116695,Jerry Maguire,1996,R,13 Dec 1996,139 min,"Comedy, Drama, Romance",Cameron Crowe,Cameron Crowe,"Tom Cruise, Cuba Gooding Jr., Renée Zellweger","When a sports agent has a moral epiphany and is fired for expressing it, he decides to put his new philosophy to the test as an independent agent with the only athlete who stays with him and his former colleague.","English, American Sign ",United States,Won 1 Oscar. 26 wins & 41 nominations total,https://m.media-amazon.com/images/M/MV5BM2E1ZjU1MjctZjU2Yi00MGE1LWI1MDEtYzBlMWJlNDc1NTQxXkEyXkFqcGc@._V1_SX300.jpg,77,7.3,"308,588","$153,952,592"
Color,Joel Schumacher,183.0,125,541.0,409.0,Vivica A. Fox,920.0,107285004.0,Action,Michael Gough,Batman & Robin ,189855,2699,John Glover,3.0,butler|critically bashed|cure|freeze|gotham,http://www.imdb.com/title/tt0118688/?ref_=fn_tt_tt_1,1018.0,English,USA,PG-13,125000000.0,1997,890.0,3.7,1.85,0,1,Action,,,tt0118688,Batman & Robin,1997,PG-13,20 Jun 1997,125 min,"Action, Sci-Fi",Joel Schumacher,"Bob Kane, Akiva Goldsman","Arnold Schwarzenegger, George Clooney, Chris O'Donnell",Batman and Robin try to keep their relationship together even as they must stop Mr. Freeze and Poison Ivy from freezing Gotham City.,English,"United States, United Kingdom",10 wins & 22 nominations total,https://m.media-amazon.com/images/M/MV5BYzU3ZjE3M2UtM2E4Ni00MDI5LTkyZGUtOTFkMGIyYjNjZGU3XkEyXkFqcGc@._V1_SX300.jpg,29,3.8,"281,257","$107,353,792"
Color,Stephen Daldry,299.0,124,335.0,50.0,David Kross,14000.0,34180954.0,Drama|Romance,Kate Winslet,The Reader ,189812,14504,Susanne Lothar,0.0,love|reading|teaching oneself to read|trial|war crime,http://www.imdb.com/title/tt0976051/?ref_=fn_tt_tt_1,370.0,English,USA,R,32000000.0,2008,388.0,7.6,1.85,15000,2,Drama,Romance,,tt0976051,The Reader,2008,R,30 Jan 2009,124 min,"Drama, Mystery, Romance",Stephen Daldry,"David Hare, Bernhard Schlink","Ralph Fiennes, Jeanette Hain, David Kross","Post-WWII Germany: Nearly a decade after his affair with an older woman came to a mysterious end, law student Michael Berg re-encounters his former lover as she defends herself in a war-crime trial.","English, German, Greek, Latin","Germany, United States, Poland",Won 1 Oscar. 26 wins & 48 nominations total,https://m.media-amazon.com/images/M/MV5BMTM0NDQxNjA0N15BMl5BanBnXkFtZTcwNDUwMzcwMg@@._V1_SX300.jpg,58,7.6,"271,485","$34,194,407"
Color,Adam McKay,265.0,116,285.0,107.0,Will Ferrell,12000.0,119219978.0,Action|Comedy|Crime,Dwayne Johnson,The Other Guys ,189806,20233,Derek Jeter,2.0,capitalist|detective|investigation|new york city|police,http://www.imdb.com/title/tt1386588/?ref_=fn_tt_tt_1,316.0,English,USA,PG-13,100000000.0,2010,8000.0,6.7,2.35,16000,3,Action,Comedy,Crime,tt1386588,The Other Guys,2010,PG-13,06 Aug 2010,107 min,"Action, Comedy, Crime",Adam McKay,"Adam McKay, Chris Henchy","Will Ferrell, Mark Wahlberg, Derek Jeter","Two mismatched New York City detectives seize an opportunity to step up like the city's top cops, whom they idolize, only things don't quite go as planned.","English, Ukrainian",United States,3 wins & 15 nominations total,https://m.media-amazon.com/images/M/MV5BODU1OTY5ZTYtNWQ0MC00ZWE1LTkyYjEtZTI2ODM1ZGE2MjBkXkEyXkFqcGc@._V1_SX300.jpg,64,6.7,"307,921","$119,219,978"
Color,Alejandro G. Iñárritu,192.0,124,0.0,430.0,Eddie Marsan,6000.0,16248701.0,Drama,Naomi Watts,21 Grams ,189683,7567,Danny Huston,0.0,accident|faith|love|mathematician|nonlinear timeline,http://www.imdb.com/title/tt0315733/?ref_=fn_tt_tt_1,559.0,English,USA,R,20000000.0,2003,979.0,7.7,1.85,0,1,Drama,,,tt0315733,21 Grams,2003,R,16 Jan 2004,124 min,"Crime, Drama, Thriller",Alejandro G. Iñárritu,Guillermo Arriaga,"Sean Penn, Benicio Del Toro, Naomi Watts","A freak accident brings together a critically ill mathematician, a grieving mother, and a born-again ex-con.",English,United States,Nominated for 2 Oscars. 30 wins & 79 nominations total,https://m.media-amazon.com/images/M/MV5BMjA4MjI2OTM5N15BMl5BanBnXkFtZTcwNDA1NjUzMw@@._V1_SX300.jpg,70,7.6,"252,892","$16,290,476"
Color,Tim Burton,109.0,92,13000.0,217.0,Jeffrey Jones,925.0,73326666.0,Comedy|Fantasy,Catherine O'Hara,Beetlejuice ,189413,1953,Glenn Shadix,3.0,attic|ghost|surrealism|teenage girl|yuppie,http://www.imdb.com/title/tt0094721/?ref_=fn_tt_tt_1,306.0,English,USA,PG,15000000.0,1988,692.0,7.5,1.85,15000,2,Comedy,Fantasy,,tt0094721,Beetlejuice,1988,PG,30 Mar 1988,92 min,"Comedy, Fantasy",Tim Burton,"Michael McDowell, Warren Skaaren, Larry Wilson","Alec Baldwin, Geena Davis, Michael Keaton","The spirits of a deceased couple are harassed by an unbearable family that has moved into their home, and hire a malicious spirit to drive them out.",English,United States,Won 1 Oscar. 7 wins & 11 nominations total,"https://m.media-amazon.com/images/M/MV5BYjkwNzVlNDEtMTJlNy00OTdlLTljYWItM2RkZmZkYzY3YjM2XkEyXkFqcGc@._V1_QL75_UX380_CR0,2,380,562_.jpg",71,7.4,"417,656","$74,664,632"
Color,David Cronenberg,356.0,96,0.0,509.0,Naomi Watts,10000.0,17114882.0,Crime|Mystery|Thriller,Viggo Mortensen,Eastern Promises ,189249,17211,Raza Jaffrey,1.0,male pubic hair|pubic hair|russian|sex scene|turkish bath,http://www.imdb.com/title/tt0765443/?ref_=fn_tt_tt_1,398.0,English,USA,R,25000000.0,2007,6000.0,7.7,1.85,0,3,Crime,Mystery,Thriller,tt0765443,Eastern Promises,2007,R,21 Sep 2007,100 min,"Crime, Drama, Thriller",David Cronenberg,Steven Knight,"Josef Altin, Mina E. Mina, Aleksandar Mikic",A teenager who dies during childbirth leaves clues in her journal that could tie her child to a rape involving a violent Russian mob family.,"English, Russian, Turkish, Urdu","United Kingdom, Canada, United States",Nominated for 1 Oscar. 28 wins & 74 nominations total,https://m.media-amazon.com/images/M/MV5BMTcwMzU0OTY3NF5BMl5BanBnXkFtZTYwNzkwNjg2._V1_SX300.jpg,83,7.6,"274,179","$17,266,000"
Color,Paul Thomas Anderson,153.0,155,0.0,170.0,Nicole Ari Parker,3000.0,26384919.0,Drama,Don Cheadle,Boogie Nights ,189032,3677,Nina Hartley,15.0,1970s|adult entertainment industry|nightclub|porn industry|san fernando valley california,http://www.imdb.com/title/tt0118749/?ref_=fn_tt_tt_1,560.0,English,USA,R,15000000.0,1997,360.0,7.9,2.35,0,1,Drama,,,tt0118749,Boogie Nights,1997,R,31 Oct 1997,155 min,Drama,Paul Thomas Anderson,Paul Thomas Anderson,"Mark Wahlberg, Julianne Moore, Burt Reynolds",An idealistic porn producer aspires to elevate his craft to an art when he discovers a hot young talent.,English,United States,Nominated for 3 Oscars. 36 wins & 64 nominations total,https://m.media-amazon.com/images/M/MV5BOTFmZmE4OTMtNDYxNi00MmZmLThlYjktMmExMzMwY2YzOTFiXkEyXkFqcGc@._V1_SX300.jpg,86,7.9,"294,236","$26,416,349"
Color,Jean-Jacques Annaud,187.0,131,218.0,29.0,Gabriel Thomson,5000.0,51396781.0,Drama|History|War,Bob Hoskins,Enemy at the Gates ,188887,5103,Clemens Schick,1.0,battle|german|russian|sniper|stalingrad,http://www.imdb.com/title/tt0215750/?ref_=fn_tt_tt_1,662.0,English,USA,R,68000000.0,2001,35.0,7.6,2.35,0,3,Drama,History,War,tt0215750,Enemy at the Gates,2001,R,16 Mar 2001,131 min,"Action, Drama, War",Jean-Jacques Annaud,"Jean-Jacques Annaud, Alain Godard","Jude Law, Ed Harris, Joseph Fiennes",A Russian and a German sniper play a game of cat-and-mouse during the Battle of Stalingrad.,"English, German, Russian","Ireland, United Kingdom, France, Germany, United States",7 nominations total,https://m.media-amazon.com/images/M/MV5BODM5MmQyYjktMzg5Ny00Y2Y1LThlNWQtNjQ5OGMwNmY2YjcyXkEyXkFqcGc@._V1_SX300.jpg,53,7.5,"291,849","$51,401,758"
Color,Tim Burton,267.0,77,13000.0,973.0,Christopher Lee,40000.0,53337608.0,Animation|Drama|Family|Fantasy|Musical|Romance,Johnny Depp,Corpse Bride ,188785,60683,Joanna Lumley,1.0,arranged marriage|bride|corpse|groom|woods,http://www.imdb.com/title/tt0121164/?ref_=fn_tt_tt_1,467.0,English,USA,PG,40000000.0,2005,16000.0,7.4,1.85,0,6,Animation,Drama,Family,tt0121164,Corpse Bride,2005,PG,23 Sep 2005,77 min,"Animation, Comedy, Drama","Tim Burton, Mike Johnson","Tim Burton, Carlos Grangel, John August","Johnny Depp, Helena Bonham Carter, Emily Watson","When a shy groom practices his wedding vows in the inadvertent presence of a deceased young woman, she rises from the grave assuming he has married her.",English,"United States, United Kingdom",Nominated for 1 Oscar. 9 wins & 30 nominations total,https://m.media-amazon.com/images/M/MV5BMTk1MTY1NjU4MF5BMl5BanBnXkFtZTcwNjIzMTEzMw@@._V1_SX300.jpg,83,7.4,"324,184","$53,401,527"
Color,Darren Lynn Bousman,250.0,95,163.0,651.0,Tony Nappo,1000.0,87025093.0,Horror|Mystery,Emmanuelle Vaugier,Saw II ,188679,4134,Shawnee Smith,0.0,death|detective|nerve gas|serial killer|trap,http://www.imdb.com/title/tt0432348/?ref_=fn_tt_tt_1,864.0,English,USA,R,4000000.0,2005,654.0,6.6,1.85,0,2,Horror,Mystery,,tt0432348,Saw II,2005,R,28 Oct 2005,93 min,"Horror, Mystery",Darren Lynn Bousman,"Leigh Whannell, Darren Lynn Bousman","Donnie Wahlberg, Beverley Mitchell, Franky G",A detective and his team must rescue eight people trapped in a factory by a man known as Jigsaw.,English,"Canada, United States",4 wins & 11 nominations total,https://m.media-amazon.com/images/M/MV5BZGVlNjk3MmItZmUzNy00MzcyLWIzOTktZjllYWU5MDAyMjM1XkEyXkFqcGc@._V1_SX300.jpg,40,6.6,"294,183","$87,039,965"
Color,George Clooney,421.0,101,0.0,1000.0,Philip Seymour Hoffman,33000.0,40962534.0,Drama,Ryan Gosling,The Ides of March ,188652,57077,Jennifer Ehle,1.0,governor|intern|manager|ohio|politics,http://www.imdb.com/title/tt1124035/?ref_=fn_tt_tt_1,288.0,English,USA,R,12500000.0,2011,22000.0,7.1,2.35,22000,1,Drama,,,tt1124035,The Ides of March,2011,R,07 Oct 2011,101 min,"Drama, Thriller",George Clooney,"George Clooney, Grant Heslov, Beau Willimon","Paul Giamatti, George Clooney, Philip Seymour Hoffman",A campaign press secretary becomes involved in a scandal that threatens his candidate's election chances.,English,United States,Nominated for 1 Oscar. 9 wins & 36 nominations total,https://m.media-amazon.com/images/M/MV5BNTU4MjkzNTY0OF5BMl5BanBnXkFtZTcwNDI5ODIxNg@@._V1_SX300.jpg,67,7.1,"236,546","$40,962,534"
Color,James Mangold,291.0,153,446.0,154.0,Dallas Roberts,523.0,119518352.0,Biography|Drama|Music|Romance,Sandra Ellis Lafferty,Walk the Line ,188637,1383,Tyler Hilton,0.0,1960s|accident|concert|guitar|prison,http://www.imdb.com/title/tt0358273/?ref_=fn_tt_tt_1,815.0,English,USA,PG-13,28000000.0,2005,405.0,7.9,2.39,11000,4,Biography,Drama,Music,tt0358273,Walk the Line,2005,PG-13,18 Nov 2005,136 min,"Biography, Drama, Music",James Mangold,"Johnny Cash, Gill Dennis, James Mangold","Joaquin Phoenix, Reese Witherspoon, Ginnifer Goodwin","A chronicle of country music legend Johnny Cash's life, from his early days on an Arkansas cotton farm to his rise to fame with Sun Records in Memphis, where he recorded alongside Elvis Presley, Jerry Lee Lewis, and Carl Perkins.","English, Russian","Germany, United States",Won 1 Oscar. 45 wins & 48 nominations total,https://m.media-amazon.com/images/M/MV5BMjIyOTU3MjUxOF5BMl5BanBnXkFtZTcwMTQ0NjYzMw@@._V1_SX300.jpg,72,7.8,"279,067","$119,519,402"
Color,Alan Taylor,474.0,126,230.0,2000.0,Emilia Clarke,24000.0,89732035.0,Action|Adventure|Sci-Fi,J.K. Simmons,Terminator Genisys ,188457,38873,Matt Smith,2.0,alternate timeline|cyborg|future|robot|time machine,http://www.imdb.com/title/tt1340138/?ref_=fn_tt_tt_1,867.0,English,USA,PG-13,155000000.0,2015,10000.0,6.6,2.35,82000,3,Action,Adventure,Sci-Fi,tt1340138,Terminator Genisys,2015,PG-13,01 Jul 2015,126 min,"Action, Adventure, Sci-Fi",Alan Taylor,"Laeta Kalogridis, Patrick Lussier, James Cameron","Arnold Schwarzenegger, Jason Clarke, Emilia Clarke","When John Connor, leader of the human resistance, sends Sgt. Kyle Reese back to 1984 to protect Sarah Connor and safeguard the future, an unexpected turn of events creates a fractured timeline.",English,"United States, Canada",9 nominations total,https://m.media-amazon.com/images/M/MV5BMjM1NTc0NzE4OF5BMl5BanBnXkFtZTgwNDkyNjQ1NTE@._V1_SX300.jpg,38,6.3,"305,926","$89,760,956"
Color,Tony Scott,81.0,140,12000.0,619.0,Jake Busey,10000.0,111544445.0,Action|Crime|Drama|Mystery|Thriller,Will Smith,Enemy of the State ,188116,11951,Lisa Bonet,4.0,congressman|lawyer|nsa|on the run|surveillance,http://www.imdb.com/title/tt0120660/?ref_=fn_tt_tt_1,415.0,English,USA,R,90000000.0,1998,660.0,7.3,2.35,0,5,Action,Crime,Drama,tt0120660,Enemy of the State,1998,R,20 Nov 1998,132 min,"Action, Thriller",Tony Scott,David Marconi,"Will Smith, Gene Hackman, Jon Voight",A lawyer becomes targeted by a corrupt politician and his N.S.A. goons when he accidentally receives key evidence to a politically motivated crime.,"English, Spanish",United States,5 wins & 16 nominations total,https://m.media-amazon.com/images/M/MV5BOWVhZmRiODktNzM0Zi00YmVlLWI3MGQtY2M0NmYzN2Q4Yzg4XkEyXkFqcGc@._V1_SX300.jpg,67,7.3,"272,421","$111,549,836"
Color,Zach Braff,205.0,102,0.0,294.0,Michael Weston,625.0,26781723.0,Comedy|Drama|Romance,Armando Riesco,Garden State ,187595,1655,Jill Flint,3.0,actor|doctor|drugs|home|pain,http://www.imdb.com/title/tt0333766/?ref_=fn_tt_tt_1,978.0,English,USA,R,2500000.0,2004,379.0,7.6,2.35,0,3,Comedy,Drama,Romance,tt0333766,Garden State,2004,R,20 Aug 2004,102 min,"Comedy, Drama, Romance",Zach Braff,Zach Braff,"Zach Braff, Peter Sarsgaard, Natalie Portman",A quietly troubled young man returns home for his mother's funeral after being estranged from his family for a decade.,"English, Klingon",United States,13 wins & 39 nominations total,https://m.media-amazon.com/images/M/MV5BMjc5MDE0NjkxOF5BMl5BanBnXkFtZTcwNzA0NTkyMw@@._V1_SX300.jpg,67,7.4,"227,462","$26,782,316"
Color,Curtis Hanson,119.0,110,161.0,196.0,Omar Benson Miller,1000.0,116724075.0,Drama|Music,Mekhi Phifer,8 Mile ,187181,1954,Evan Jones,0.0,competition|contest|friend|self expression|white rapper,http://www.imdb.com/title/tt0298203/?ref_=fn_tt_tt_1,564.0,English,USA,R,41000000.0,2002,418.0,7.0,2.35,0,2,Drama,Music,,tt0298203,8 Mile,2002,R,08 Nov 2002,110 min,"Drama, Music",Curtis Hanson,Scott Silver,"Eminem, Brittany Murphy, Kim Basinger","Follows a young rapper in the Detroit area, struggling with every aspect of his life; he wants to make it big but his friends and foes make this odyssey of rap harder than it may seem.",English,United States,Won 1 Oscar. 17 wins & 21 nominations total,https://m.media-amazon.com/images/M/MV5BMzFhZDhjMDAtZWJlZS00ZWUyLWFlZGMtYTcwZjFlODcyMGE2XkEyXkFqcGc@._V1_SX300.jpg,77,7.2,"347,308","$116,750,901"
Color,Derek Cianfrance,417.0,140,310.0,619.0,Ben Mendelsohn,33000.0,21383298.0,Crime|Drama|Thriller,Ryan Gosling,The Place Beyond the Pines ,187170,34413,Angelo Anthony Pizza,3.0,bank|carnival|motorcycle|police|rookie cop,http://www.imdb.com/title/tt1817273/?ref_=fn_tt_tt_1,376.0,English,USA,R,15000000.0,2012,748.0,7.3,2.35,47000,3,Crime,Drama,Thriller,tt1817273,The Place Beyond the Pines,2012,R,19 Apr 2013,140 min,"Crime, Drama, Thriller",Derek Cianfrance,"Derek Cianfrance, Ben Coccio, Darius Marder","Ryan Gosling, Bradley Cooper, Eva Mendes",A stunt rider turns into a robber in order to lead a happy life with his child and lover and grabs the attention of a police officer. They both get on a collision course that affects their families.,"English, Spanish",United States,5 wins & 22 nominations total,https://m.media-amazon.com/images/M/MV5BMjc1OTEwNjU4N15BMl5BanBnXkFtZTcwNzUzNDIwOQ@@._V1_SX300.jpg,68,7.3,"307,174","$21,403,519"
Color,D.J. Caruso,253.0,105,154.0,502.0,Aaron Yoo,884.0,80050171.0,Drama|Mystery|Thriller,Sarah Roemer,Disturbia ,186982,2288,Jose Pablo Cantillo,0.0,binoculars|electronic tag|house arrest|neighbor|watching someone,http://www.imdb.com/title/tt0486822/?ref_=fn_tt_tt_1,491.0,English,USA,PG-13,20000000.0,2007,617.0,6.9,1.85,0,3,Drama,Mystery,Thriller,tt0486822,Disturbia,2007,PG-13,13 Apr 2007,105 min,"Crime, Drama, Mystery",D.J. Caruso,"Christopher Landon, Carl Ellsworth","Shia LaBeouf, David Morse, Carrie-Anne Moss",A bored teenager under house arrest starts spying on his neighbors and discovers one of them might be a serial killer.,"English, Spanish",United States,5 wins & 7 nominations total,https://m.media-amazon.com/images/M/MV5BMTMyNTIxOTQ3M15BMl5BanBnXkFtZTcwMjU2NzAzMw@@._V1_SX300.jpg,62,6.8,"270,299","$80,209,692"
Color,Marc Forster,253.0,113,395.0,77.0,Christian Stolte,8000.0,40137776.0,Comedy|Drama|Fantasy|Romance,Will Ferrell,Stranger Than Fiction ,186977,8362,Danny Rhodes,1.0,author|fate|novelist|professor|writer,http://www.imdb.com/title/tt0420223/?ref_=fn_tt_tt_1,529.0,English,USA,PG-13,38000000.0,2006,189.0,7.6,1.85,13000,4,Comedy,Drama,Fantasy,tt0420223,Stranger Than Fiction,2006,PG-13,10 Nov 2006,113 min,"Comedy, Drama, Fantasy",Marc Forster,Zach Helm,"Will Ferrell, Emma Thompson, Dustin Hoffman","I.R.S. auditor Harold Crick suddenly finds his mundane Chicago life to be the subject of narration only he can hear: narration that begins to affect his entire existence, from his work to his love life to his death.",English,"United States, United Kingdom",3 wins & 15 nominations total,https://m.media-amazon.com/images/M/MV5BNzFmZjZhOTktYWIxZS00YzM1LWEzNmQtMDM2YjlhYmI2MDVlXkEyXkFqcGc@._V1_SX300.jpg,67,7.5,"243,394","$40,660,952"
Color,Alex Proyas,279.0,121,295.0,329.0,Ben Mendelsohn,12000.0,79948113.0,Drama|Mystery|Sci-Fi|Thriller,Nicolas Cage,Knowing ,186879,13421,Chandler Canterbury,0.0,disaster|end of the world|number|student|time capsule,http://www.imdb.com/title/tt0448011/?ref_=fn_tt_tt_1,791.0,English,USA,PG-13,50000000.0,2009,748.0,6.2,2.35,0,4,Drama,Mystery,Sci-Fi,tt0448011,Knowing,2009,PG-13,20 Mar 2009,121 min,"Mystery, Sci-Fi, Thriller",Alex Proyas,"Ryne Douglas Pearson, Juliet Snowden, Stiles White","Nicolas Cage, Chandler Canterbury, Rose Byrne",M.I.T. professor John Koestler links a mysterious list of numbers from a time capsule to past and future disasters and sets out to prevent the ultimate catastrophe.,English,"United States, United Kingdom, Australia",1 win & 6 nominations total,https://m.media-amazon.com/images/M/MV5BMTMyMjgyMDIyM15BMl5BanBnXkFtZTcwNjg3MjAyMg@@._V1_SX300.jpg,41,6.2,"257,521","$79,957,634"
 Black and White,Daniel Myrick,360.0,81,19.0,39.0,Joshua Leonard,170.0,140530114.0,Horror,Heather Donahue,The Blair Witch Project ,186786,399,Michael C. Williams,0.0,found footage|looking at the camera|lost in the woods|maryland|screaming in horror,http://www.imdb.com/title/tt0185937/?ref_=fn_tt_tt_1,3400.0,English,USA,R,60000.0,1999,170.0,6.4,1.33,0,1,Horror,,,tt0185937,The Blair Witch Project,1999,R,30 Jul 1999,81 min,"Horror, Mystery","Daniel Myrick, Eduardo Sánchez","Daniel Myrick, Eduardo Sánchez, Heather Donahue","Heather Donahue, Joshua Leonard, Michael C. Williams","Three film students vanish after traveling into a Maryland forest to film a documentary on the local Blair Witch legend, leaving only their footage behind.",English,United States,23 wins & 27 nominations total,https://m.media-amazon.com/images/M/MV5BNGFmYzA5NzktOTc1Ni00YTIxLWJiZTEtNmEyZjBjNDM2MjRlXkEyXkFqcGc@._V1_SX300.jpg,80,6.5,"309,752","$140,539,099"
Color,David Cronenberg,441.0,96,0.0,882.0,Kyle Schmid,10000.0,31493782.0,Crime|Drama|Thriller,Viggo Mortensen,A History of Violence ,186606,12754,William Hurt,1.0,bar|crotch shot|female full frontal nudity|female pubic hair|robbery,http://www.imdb.com/title/tt0399146/?ref_=fn_tt_tt_1,1125.0,English,USA,R,32000000.0,2005,917.0,7.5,1.85,0,3,Crime,Drama,Thriller,tt0399146,A History of Violence,2005,R,30 Sep 2005,96 min,"Action, Crime, Drama",David Cronenberg,"John Wagner, Vince Locke, Josh Olson","Viggo Mortensen, Maria Bello, Ed Harris","A mild-mannered man becomes a local hero through an act of violence, which sets off repercussions that will shake his family to its very core.",English,"United States, Canada, United Kingdom, Germany",Nominated for 2 Oscars. 37 wins & 84 nominations total,https://m.media-amazon.com/images/M/MV5BMTczMzIzMTQ1OV5BMl5BanBnXkFtZTYwMDQwNjk2._V1_SX300.jpg,82,7.4,"271,336","$31,504,633"
Color,Kevin Costner,92.0,236,0.0,232.0,Michael Spears,933.0,184208848.0,Adventure|Drama|Western,Mary McDonnell,Dances with Wolves ,186485,2398,Maury Chaykin,1.0,friendship|frontier|honor|outpost|soldier,http://www.imdb.com/title/tt0099348/?ref_=fn_tt_tt_1,382.0,English,USA,PG-13,22000000.0,1990,839.0,8.0,2.35,0,3,Adventure,Drama,Western,tt0099348,Dances with Wolves,1990,PG-13,21 Nov 1990,181 min,"Adventure, Drama, Western",Kevin Costner,Michael Blake,"Kevin Costner, Mary McDonnell, Graham Greene",A lieutenant assigned to a remote Civil War outpost starts questioning his purpose after making contact with a neighboring Sioux settlement.,"English, Sioux, Pawnee","United States, United Kingdom",Won 7 Oscars. 55 wins & 40 nominations total,https://m.media-amazon.com/images/M/MV5BMTY3OTI5NDczN15BMl5BanBnXkFtZTcwNDA0NDY3Mw@@._V1_SX300.jpg,72,8.0,"307,747","$184,208,848"
Color,Bobby Farrelly,155.0,116,101.0,79.0,Tony Cox,889.0,90567722.0,Comedy,Robert Forster,"Me, Myself & Irene ",185878,1711,Rob Moran,1.0,dissociative identity disorder|limousine|multiple personality|police|rhode island,http://www.imdb.com/title/tt0183505/?ref_=fn_tt_tt_1,481.0,English,USA,R,51000000.0,2000,624.0,6.5,1.85,0,1,Comedy,,,tt0183505,"Me, Myself & Irene",2000,R,23 Jun 2000,116 min,Comedy,"Bobby Farrelly, Peter Farrelly","Peter Farrelly, Mike Cerrone, Bobby Farrelly","Jim Carrey, Renée Zellweger, Anthony Anderson",A nice-guy cop with Dissociative Identity Disorder must protect a woman on the run from a corrupt ex-boyfriend and his associates.,"English, German",United States,2 wins & 4 nominations total,https://m.media-amazon.com/images/M/MV5BZjEzYTdkMmUtN2Y3Mi00Mzc5LWJkYTUtYTY4NzUxZTU2NzExXkEyXkFqcGc@._V1_SX300.jpg,49,6.6,"263,976","$90,570,999"
Color,Martin McDonagh,401.0,110,454.0,816.0,Gabourey Sidibe,2000.0,14989761.0,Comedy|Crime,Abbie Cornish,Seven Psychopaths ,185845,4757,Michael Stuhlbarg,7.0,dognapping|gangster|misfiring gun|screenwriter|shih tzu,http://www.imdb.com/title/tt1931533/?ref_=fn_tt_tt_1,284.0,English,UK,R,15000000.0,2012,906.0,7.2,2.35,52000,2,Comedy,Crime,,tt1931533,Seven Psychopaths,2012,R,12 Oct 2012,110 min,"Comedy, Crime",Martin McDonagh,Martin McDonagh,"Colin Farrell, Woody Harrelson, Sam Rockwell",A struggling screenwriter inadvertently becomes entangled in the Los Angeles criminal underworld after his oddball friends kidnap a gangster's beloved Shih Tzu.,"English, Vietnamese","United Kingdom, United States",Nominated for 1 BAFTA Award3 wins & 21 nominations total,https://m.media-amazon.com/images/M/MV5BMTgwMzUxMjc0M15BMl5BanBnXkFtZTcwMzQ2MjYyOA@@._V1_SX300.jpg,66,7.1,"286,448","$15,024,049"
Color,Edgar Wright,427.0,109,1000.0,24.0,Thomas Law,177.0,26003149.0,Action|Comedy|Sci-Fi,Michael Smiley,The World's End ,185587,278,Jasper Levine,6.0,alcoholic|doppelganger|group therapy|self mutilation|twin actresses for twin sisters,http://www.imdb.com/title/tt1213663/?ref_=fn_tt_tt_1,401.0,English,UK,R,20000000.0,2013,55.0,7.0,2.35,49000,3,Action,Comedy,Sci-Fi,tt1213663,The World's End,2013,R,23 Aug 2013,109 min,"Action, Comedy, Sci-Fi",Edgar Wright,"Simon Pegg, Edgar Wright","Simon Pegg, Nick Frost, Martin Freeman",Five friends who reunite in an attempt to top their epic pub crawl from twenty years earlier unwittingly become humanity's only hope for survival.,English,"United Kingdom, Japan, United States",4 wins & 28 nominations total,https://m.media-amazon.com/images/M/MV5BNzA1MTk1MzY0OV5BMl5BanBnXkFtZTgwNjkzNTUwMDE@._V1_SX300.jpg,81,6.9,"309,994","$26,004,851"
Color,Bill Condon,322.0,115,386.0,12000.0,Kristen Stewart,21000.0,292298923.0,Adventure|Drama|Fantasy|Romance,Robert Pattinson,The Twilight Saga: Breaking Dawn - Part 2 ,185394,59177,Taylor Lautner,3.0,battle|friend|super strength|vampire|vision,http://www.imdb.com/title/tt1673434/?ref_=fn_tt_tt_1,329.0,English,USA,PG-13,120000000.0,2012,17000.0,5.5,2.35,65000,4,Adventure,Drama,Fantasy,tt1673434,The Twilight Saga: Breaking Dawn - Part 2,2012,PG-13,16 Nov 2012,115 min,"Adventure, Drama, Fantasy",Bill Condon,"Stephenie Meyer, Melissa Rosenberg","Kristen Stewart, Robert Pattinson, Taylor Lautner","After the birth of Bella and Edward's daughter, Renesmee, the Cullens gather werewolves, vampire clans, and other allies from around the world to protect her after a false allegation puts her life in danger.",English,United States,Nominated for 1 BAFTA Award22 wins & 17 nominations total,https://m.media-amazon.com/images/M/MV5BMTcyMzUyMzY1OF5BMl5BanBnXkFtZTcwNDQ4ODk1OA@@._V1_SX300.jpg,52,5.6,"279,805","$293,144,686"
 Black and White,Rawson Marshall Thurber,191.0,92,43.0,936.0,Stephen Root,989.0,114324072.0,Comedy|Sport,Gary Cole,Dodgeball: A True Underdog Story ,185338,4730,Joel David Moore,0.0,dodgeball|gym|las vegas|pirate|ups,http://www.imdb.com/title/tt0364725/?ref_=fn_tt_tt_1,392.0,English,USA,PG-13,20000000.0,2004,939.0,6.7,2.35,0,2,Comedy,Sport,,tt0364725,Dodgeball: A True Underdog Story,2004,PG-13,18 Jun 2004,92 min,"Comedy, Sport",Rawson Marshall Thurber,Rawson Marshall Thurber,"Ben Stiller, Christine Taylor, Vince Vaughn",A group of misfits enter a Las Vegas dodgeball tournament in order to save their cherished local gym from the onslaught of a corporate health fitness chain.,"English, German","Germany, United States",2 wins & 9 nominations total,https://m.media-amazon.com/images/M/MV5BMTIwMzE2MjM4MV5BMl5BanBnXkFtZTYwNjA1OTY3._V1_SX300.jpg,55,6.7,"280,557","$114,326,736"
Color,Todd Phillips,123.0,88,480.0,497.0,Leah Remini,8000.0,74608545.0,Comedy,Will Ferrell,Old School ,185258,10325,Patrick Fischler,4.0,college|fraternity|friend|house|party,http://www.imdb.com/title/tt0302886/?ref_=fn_tt_tt_1,404.0,English,USA,R,24000000.0,2003,909.0,7.2,2.35,0,1,Comedy,,,tt0302886,Old School,2003,R,21 Feb 2003,88 min,Comedy,Todd Phillips,"Court Crandall, Todd Phillips, Scot Armstrong","Luke Wilson, Vince Vaughn, Will Ferrell",Three friends attempt to recapture their glory days by opening up a fraternity near their alma mater.,English,United States,5 nominations total,https://m.media-amazon.com/images/M/MV5BZGZiNGEwNjQtNTMzOS00NDI3LWI2ZWQtMGQwMjEzNjExZjNlXkEyXkFqcGc@._V1_SX300.jpg,54,7.0,"255,772","$75,585,093"
Color,Oren Peli,409.0,84,110.0,21.0,Ashley Palmer,189.0,107917283.0,Horror,Micah Sloat,Paranormal Activity ,184824,330,Amber Armstrong,0.0,dark force|entity|evil force|found footage|paranormal phenomenon,http://www.imdb.com/title/tt1179904/?ref_=fn_tt_tt_1,1189.0,English,USA,R,15000.0,2007,109.0,6.3,1.85,12000,1,Horror,,,tt1179904,Paranormal Activity,2007,R,16 Oct 2009,86 min,"Horror, Mystery",Oren Peli,Oren Peli,"Katie Featherston, Micah Sloat, Mark Fredrichs","After moving into a suburban home, a couple becomes increasingly disturbed by a nightly demonic presence.",English,United States,3 wins & 12 nominations total,https://m.media-amazon.com/images/M/MV5BMjY1NjcxODQ4MV5BMl5BanBnXkFtZTcwMzUxNjM4Mg@@._V1_SX300.jpg,68,6.3,"268,129","$107,918,810"
Color,Rob Reiner,207.0,97,0.0,760.0,Noel Gugliemi,11000.0,93452056.0,Adventure|Comedy|Drama,Morgan Freeman,The Bucket List ,184795,14868,Sean Hayes,1.0,billionaire|friend|hospital|list|mechanic,http://www.imdb.com/title/tt0825232/?ref_=fn_tt_tt_1,310.0,English,USA,PG-13,45000000.0,2007,2000.0,7.4,1.85,22000,3,Adventure,Comedy,Drama,tt0825232,The Bucket List,2007,PG-13,11 Jan 2008,97 min,"Adventure, Comedy, Drama",Rob Reiner,Justin Zackham,"Jack Nicholson, Morgan Freeman, Sean Hayes",Two terminally ill men escape from a cancer ward and head off on a road trip with a wish list of to-dos before they die.,English,United States,3 wins & 4 nominations total,https://m.media-amazon.com/images/M/MV5BMTY2NTUyMjIyNF5BMl5BanBnXkFtZTYwNzYwMDM4._V1_SX300.jpg,42,7.3,"270,811","$93,466,502"
Color,Jonathan Levine,452.0,98,129.0,7.0,Vincent Leclerc,303.0,66359959.0,Comedy|Horror|Romance,Cory Hardrict,Warm Bodies ,184641,337,Daniel Rindress-Kay,0.0,fight|memory|teenager|undead|zombie,http://www.imdb.com/title/tt1588173/?ref_=fn_tt_tt_1,326.0,English,USA,PG-13,35000000.0,2013,18.0,6.9,2.35,81000,3,Comedy,Horror,Romance,tt1588173,Warm Bodies,2013,PG-13,01 Feb 2013,98 min,"Action, Comedy, Horror",Jonathan Levine,"Isaac Marion, Jonathan Levine","Nicholas Hoult, Teresa Palmer, John Malkovich","After a highly unusual zombie saves a still-living girl from an attack, the two form a relationship that sets in motion events that might transform the entire lifeless world.",English,"United States, Canada",2 wins & 10 nominations total,https://m.media-amazon.com/images/M/MV5BNTM2YWZhMDUtMzEzMi00YzUzLWI0ZjYtNzgzNTA4YWEzOTdkXkEyXkFqcGc@._V1_SX300.jpg,60,6.8,"254,179","$66,380,662"
Color,David Slade,293.0,124,171.0,10000.0,Kristen Stewart,21000.0,300523113.0,Adventure|Drama|Fantasy|Romance,Robert Pattinson,The Twilight Saga: Eclipse ,184637,52547,Anna Kendrick,3.0,friendship|graduation|revenge|vampire|werewolf,http://www.imdb.com/title/tt1325004/?ref_=fn_tt_tt_1,498.0,English,USA,PG-13,68000000.0,2010,17000.0,4.9,2.35,29000,4,Adventure,Drama,Fantasy,tt1325004,The Twilight Saga: Eclipse,2010,PG-13,30 Jun 2010,124 min,"Action, Adventure, Drama",David Slade,"Melissa Rosenberg, Stephenie Meyer","Kristen Stewart, Robert Pattinson, Taylor Lautner","Danger once again lurks for Bella, with a malicious vampire seeking revenge. Amidst the turmoil, Bella must choose between her love for Edward and her friendship with Jacob, knowing the decision could trigger a battle between them.",English,United States,23 wins & 35 nominations total,https://m.media-amazon.com/images/M/MV5BNDMwNjAzNzYwOF5BMl5BanBnXkFtZTcwMDY5NzcyMw@@._V1_SX300.jpg,58,5.1,"279,535","$300,840,764"
Color,Gavin Hood,326.0,114,151.0,430.0,Moises Arias,11000.0,61656849.0,Action|Sci-Fi,Harrison Ford,Ender's Game ,184561,12908,Aramis Knight,4.0,alien|future|manipulation|simulation|training,http://www.imdb.com/title/tt1731141/?ref_=fn_tt_tt_1,554.0,English,USA,PG-13,110000000.0,2013,635.0,6.7,2.35,123000,2,Action,Sci-Fi,,tt1731141,Ender's Game,2013,PG-13,01 Nov 2013,114 min,"Action, Adventure, Sci-Fi",Gavin Hood,"Gavin Hood, Orson Scott Card","Harrison Ford, Asa Butterfield, Hailee Steinfeld","Young Ender Wiggin is recruited by the International Military to lead the fight against the Formics, an insectoid alien race who had previously tried to invade Earth and had inflicted heavy losses on humankind.","English, Arabic, Spanish",United States,1 win & 6 nominations total,https://m.media-amazon.com/images/M/MV5BMjAzMzI5OTgzMl5BMl5BanBnXkFtZTgwMTU5MTAwMDE@._V1_SX300.jpg,51,6.6,"263,151","$61,737,191"
Color,David Twohy,207.0,134,123.0,567.0,Alexa Davalos,14000.0,57637485.0,Action|Adventure|Sci-Fi|Thriller,Vin Diesel,The Chronicles of Riddick ,183909,17159,Christina Cox,0.0,bounty hunter|escape|necromonger|planet|warrior,http://www.imdb.com/title/tt0296572/?ref_=fn_tt_tt_1,666.0,English,USA,PG-13,105000000.0,2004,850.0,6.7,2.35,0,4,Action,Adventure,Sci-Fi,tt0296572,The Chronicles of Riddick,2004,R,11 Jun 2004,119 min,"Action, Adventure, Sci-Fi",David Twohy,"Jim Wheat, Ken Wheat, David Twohy","Vin Diesel, Judi Dench, Colm Feore","The wanted criminal Richard Bruno Riddick arrives on a planet called Helion Prime and finds himself up against an invading empire called the Necromongers, an army that plans to convert or kill all humans in the universe.",English,United States,5 nominations total,https://m.media-amazon.com/images/M/MV5BNjJkZGI1MTktNmNiMS00NTE5LTkyY2EtZjkyMDZjMzdhZTJjXkEyXkFqcGc@._V1_SX300.jpg,38,6.6,"249,300","$57,761,012"
Color,Jay Roach,129.0,68,116.0,481.0,Charles Napier,8000.0,53868030.0,Comedy|Crime,Will Ferrell,Austin Powers: International Man of Mystery ,183425,10557,Robert Wagner,2.0,cartoon on tv|reference to frankenstein|reference to jimi hendrix|scene during end credits|surrealism,http://www.imdb.com/title/tt0118655/?ref_=fn_tt_tt_1,425.0,English,USA,PG-13,17000000.0,1997,503.0,7.0,2.35,0,2,Comedy,Crime,,tt0118655,Austin Powers: International Man of Mystery,1997,PG-13,02 May 1997,89 min,"Adventure, Comedy",Jay Roach,Mike Myers,"Mike Myers, Elizabeth Hurley, Michael York",A world-class playboy and part-time secret agent from the 1960s emerges after thirty years in a cryogenic state to battle with his nemesis Dr. Evil.,English,"Germany, United States",3 wins & 8 nominations total,https://m.media-amazon.com/images/M/MV5BODQzM2UwODQtMzg1ZC00MTk4LTlkOTEtYzU4NDFhYmM1MWJkXkEyXkFqcGc@._V1_SX300.jpg,51,7.0,"271,968","$53,911,748"
Color,Richard Linklater,121.0,105,0.0,4.0,Hans Weingartner,15.0,5400000.0,Drama|Romance,Hanno Pöschl,Before Sunrise ,183288,36,Dominik Castell,1.0,american|conversations|kiss|love|train,http://www.imdb.com/title/tt0112471/?ref_=fn_tt_tt_1,395.0,English,USA,R,2500000.0,1995,12.0,8.1,1.85,22000,2,Drama,Romance,,tt0112471,Before Sunrise,1995,R,27 Jan 1995,101 min,"Comedy, Drama, Romance",Richard Linklater,"Richard Linklater, Kim Krizan","Ethan Hawke, Julie Delpy, Andrea Eckert","A young man and woman meet on a train in Europe, and wind up spending one evening together in Vienna. Unfortunately, both know that this will probably be their only night together.","English, German, French","United States, Austria",2 wins & 7 nominations total,https://m.media-amazon.com/images/M/MV5BZDZhZmI1ZTUtYWI3NC00NTMwLTk3NWMtNDc0OGNjM2I0ZjlmXkEyXkFqcGc@._V1_SX300.jpg,79,8.1,"373,558","$5,535,405"
Color,Bryan Singer,269.0,121,0.0,919.0,Tom Wilkinson,10000.0,83077470.0,Drama|History|Thriller|War,Tom Cruise,Valkyrie ,183247,14165,Thomas Kretschmann,0.0,american actor playing foreigner|assassination|conspiracy|military|nazis,http://www.imdb.com/title/tt0985699/?ref_=fn_tt_tt_1,440.0,English,USA,PG-13,75000000.0,2008,1000.0,7.1,1.85,0,4,Drama,History,Thriller,tt0985699,Valkyrie,2008,PG-13,25 Dec 2008,121 min,"Drama, History, Thriller",Bryan Singer,"Christopher McQuarrie, Nathan Alexander","Tom Cruise, Bill Nighy, Carice van Houten","A dramatization of the July 20, 1944 assassination and political coup plot by desperate renegade German Army officers against Adolf Hitler during World War II.","English, German","United Kingdom, France, Germany, Italy, Spain, Japan, United States",3 wins & 11 nominations total,https://m.media-amazon.com/images/M/MV5BMTg3Njc2ODEyN15BMl5BanBnXkFtZTcwNTAwMzc3NA@@._V1_SX300.jpg,56,7.1,"272,480","$83,077,833"
Color,Gore Verbinski,362.0,107,563.0,939.0,Ray Winstone,40000.0,123207194.0,Adventure|Animation|Comedy|Family|Western,Johnny Depp,Rango ,183208,43291,Stephen Root,0.0,chameleon|lizard|sheriff|water|western town,http://www.imdb.com/title/tt1192628/?ref_=fn_tt_tt_1,337.0,English,USA,PG,135000000.0,2011,1000.0,7.2,2.35,26000,5,Adventure,Animation,Comedy,tt1192628,Rango,2011,PG,04 Mar 2011,107 min,"Animation, Action, Adventure",Gore Verbinski,"John Logan, Gore Verbinski, James Ward Byrkit","Johnny Depp, Isla Fisher, Timothy Olyphant","Rango is an ordinary chameleon who accidentally winds up in the town of Dirt, a lawless outpost in the Wild West in desperate need of a new sheriff.",English,"United States, United Kingdom",Won 1 Oscar. 46 wins & 25 nominations total,https://m.media-amazon.com/images/M/MV5BMTc4NjEyODE1OV5BMl5BanBnXkFtZTcwMjYzNTkxNA@@._V1_SX300.jpg,75,7.3,"314,167","$123,477,607"
Color,Adam McKay,426.0,130,285.0,767.0,Christian Bale,33000.0,70235322.0,Biography|Comedy|Drama|History,Ryan Gosling,The Big Short ,182983,57308,Charlie Talbert,4.0,bank|banking|finance|fraud|mortgage,http://www.imdb.com/title/tt1596363/?ref_=fn_tt_tt_1,374.0,English,USA,R,28000000.0,2015,23000.0,7.8,2.35,99000,4,Biography,Comedy,Drama,tt1596363,The Big Short,2015,R,23 Dec 2015,130 min,"Biography, Comedy, Drama",Adam McKay,"Charles Randolph, Adam McKay, Michael Lewis","Christian Bale, Steve Carell, Ryan Gosling","In 2006-2007 a group of investors bet against the United States mortgage market. In their research, they discover how flawed and corrupt the market is.",English,United States,Won 1 Oscar. 37 wins & 81 nominations total,https://m.media-amazon.com/images/M/MV5BZDZkNDQ3YjktYjBlZC00YTY1LTgxOGYtY2RhMWFhZmNkZGY3XkEyXkFqcGc@._V1_SX300.jpg,81,7.8,"532,875","$70,259,870"
Color,José Padilha,492.0,117,294.0,1000.0,Abbie Cornish,10000.0,58607007.0,Action|Crime|Sci-Fi|Thriller,Gary Oldman,RoboCop ,182899,14161,Jennifer Ehle,0.0,law enforcement|police|robocop|robot|technology,http://www.imdb.com/title/tt1234721/?ref_=fn_tt_tt_1,630.0,English,USA,PG-13,100000000.0,2014,2000.0,6.2,2.35,60000,4,Action,Crime,Sci-Fi,tt1234721,RoboCop,2014,PG-13,12 Feb 2014,117 min,"Action, Crime, Sci-Fi",José Padilha,"Joshua Zetumer, Edward Neumeier, Michael Miner","Joel Kinnaman, Gary Oldman, Michael Keaton","In 2028 Detroit, when Alex Murphy, a loving husband, father and good cop, is critically injured in the line of duty, the multinational conglomerate OmniCorp sees their chance for a part-man, part-robot police officer.","English, Persian, Ukrainian","United States, Canada",4 wins & 1 nomination total,https://m.media-amazon.com/images/M/MV5BMjAyOTUzMTcxN15BMl5BanBnXkFtZTgwMjkyOTc1MDE@._V1_SX300.jpg,52,6.1,"248,029","$58,607,007"
Color,Steven Spielberg,75.0,142,14000.0,5000.0,Julia Roberts,49000.0,119654900.0,Adventure|Comedy|Family|Fantasy,Robin Williams,Hook ,182802,64259,Bob Hoskins,1.0,1990s|caught in a net|children|duel|hero,http://www.imdb.com/title/tt0102057/?ref_=fn_tt_tt_1,363.0,English,USA,PG,70000000.0,1991,8000.0,6.7,2.35,13000,4,Adventure,Comedy,Family,tt0102057,Hook,1991,PG,11 Dec 1991,142 min,"Adventure, Comedy, Family",Steven Spielberg,"J.M. Barrie, James V. Hart, Nick Castle","Dustin Hoffman, Robin Williams, Julia Roberts","When Captain James Hook kidnaps his children, an adult Peter Pan must return to Neverland and reclaim his youthful spirit in order to challenge his old enemy.",English,United States,Nominated for 5 Oscars. 6 wins & 24 nominations total,https://m.media-amazon.com/images/M/MV5BOTU0ZTU3MGUtOTQwNi00N2QzLWFmMDUtZDgxMGJlNGI5NDllXkEyXkFqcGc@._V1_SX300.jpg,52,6.8,"289,849","$119,654,823"
Color,Nancy Meyers,157.0,138,278.0,213.0,Rufus Sewell,14000.0,63224849.0,Comedy|Romance,Kate Winslet,The Holiday ,182757,17423,Sarah Parish,3.0,book|composer|house|love|self esteem,http://www.imdb.com/title/tt0457939/?ref_=fn_tt_tt_1,483.0,English,USA,PG-13,85000000.0,2006,3000.0,6.9,1.85,19000,2,Comedy,Romance,,tt0457939,The Holiday,2006,PG-13,08 Dec 2006,136 min,"Comedy, Romance",Nancy Meyers,Nancy Meyers,"Kate Winslet, Cameron Diaz, Jude Law","Amanda lives in LA and is a movie trailer editor. Iris lives in Surrey and is a journalist. The two decide to swap houses for two weeks at Christmas - both trying to forget their troubled love lives, until love finds them anyways.",English,United States,2 wins & 12 nominations total,https://m.media-amazon.com/images/M/MV5BZmEwNDg0M2QtMDdiNy00YTliLTk4ZjctOThjZjczODVmMTdkXkEyXkFqcGc@._V1_SX300.jpg,52,7.0,"365,357","$63,224,849"
Color,Jennifer Yuh Nelson,284.0,90,90.0,15.0,Gary Oldman,11000.0,165230261.0,Action|Adventure|Animation|Comedy|Family,Angelina Jolie Pitt,Kung Fu Panda 2 ,182718,21015,Mike Bell,0.0,china|kung fu|panda|peacock|tigress,http://www.imdb.com/title/tt1302011/?ref_=fn_tt_tt_1,209.0,English,USA,PG,150000000.0,2011,10000.0,7.3,2.35,20000,5,Action,Adventure,Animation,tt1302011,Kung Fu Panda 2,2011,PG,26 May 2011,90 min,"Animation, Action, Adventure",Jennifer Yuh Nelson,"Jonathan Aibel, Glenn Berger, Ethan Reiff","Jack Black, Angelina Jolie, Jackie Chan","Po and his friends fight to stop a peacock villain from conquering China with a deadly new weapon, but first the Dragon Warrior must come to terms with his past.",English,United States,Nominated for 1 Oscar. 5 wins & 47 nominations total,https://m.media-amazon.com/images/M/MV5BYmIxMGYzMTUtZDQzYy00ODc4LWE1YzQtZGMwYTc0YTYyYTE0XkEyXkFqcGc@._V1_SX300.jpg,67,7.3,"349,971","$165,249,063"
Color,Mark Steven Johnson,276.0,123,160.0,402.0,Matt Long,12000.0,115802596.0,Action|Fantasy|Thriller,Nicolas Cage,Ghost Rider ,182661,14017,Peter Fonda,1.0,blackheart|devil|father|ghost|mephistopheles,http://www.imdb.com/title/tt0259324/?ref_=fn_tt_tt_1,681.0,English,USA,PG-13,110000000.0,2007,701.0,5.2,2.35,0,3,Action,Fantasy,Thriller,tt0259324,Ghost Rider,2007,PG-13,16 Feb 2007,110 min,"Action, Fantasy, Thriller",Mark Steven Johnson,Mark Steven Johnson,"Nicolas Cage, Eva Mendes, Sam Elliott",A motorcycle stuntman who sold his soul becomes a supernatural agent of vengeance.,English,"United States, Australia",1 win & 11 nominations total,https://m.media-amazon.com/images/M/MV5BMzIyNDE5ODI1OV5BMl5BanBnXkFtZTcwNTIyNDE0MQ@@._V1_SX300.jpg,35,5.3,"267,165","$115,802,596"
Color,Rob Reiner,81.0,138,0.0,574.0,Demi Moore,10000.0,141340178.0,Drama|Thriller,Tom Cruise,A Few Good Men ,181879,14619,Kevin Pollak,0.0,cuba|guantanamo|lance corporal|lawyer|murder,http://www.imdb.com/title/tt0104257/?ref_=fn_tt_tt_1,319.0,English,USA,R,40000000.0,1992,2000.0,7.6,2.35,0,2,Drama,Thriller,,tt0104257,A Few Good Men,1992,R,11 Dec 1992,138 min,"Drama, Thriller",Rob Reiner,Aaron Sorkin,"Tom Cruise, Jack Nicholson, Demi Moore",A military lawyer intends to prove that two US Marines charged with murdering a fellow Marine were only following their base commander's orders.,"English, French",United States,Nominated for 4 Oscars. 11 wins & 30 nominations total,https://m.media-amazon.com/images/M/MV5BOGVhMTUwYzEtZGQ1ZC00Nzg1LTk0OGUtMDk0NDM0ZmZlN2E0XkEyXkFqcGc@._V1_SX300.jpg,62,7.7,"314,572","$141,340,178"
Color,Gore Verbinski,450.0,150,563.0,1000.0,Ruth Wilson,40000.0,89289910.0,Action|Adventure|Western,Johnny Depp,The Lone Ranger ,181792,45757,Tom Wilkinson,1.0,horse|outlaw|texas|texas ranger|train,http://www.imdb.com/title/tt1210819/?ref_=fn_tt_tt_1,711.0,English,USA,PG-13,215000000.0,2013,2000.0,6.5,2.35,48000,3,Action,Adventure,Western,tt1210819,The Lone Ranger,2013,PG-13,03 Jul 2013,150 min,"Action, Adventure, Drama",Gore Verbinski,"Justin Haythe, Ted Elliott, Terry Rossio","Johnny Depp, Armie Hammer, William Fichtner","Native American warrior Tonto recounts the untold tales that transformed John Reid, a man of the law, into a legend of justice.","English, North American Indian",United States,Nominated for 2 Oscars. 6 wins & 23 nominations total,https://m.media-amazon.com/images/M/MV5BYjQ1YWE5NzktOWYyYS00MTBmLWE1NDUtMTU5Mzc2YWQyNzhjXkEyXkFqcGc@._V1_SX300.jpg,37,6.4,"252,056","$89,302,115"
 Black and White,Kevin Smith,136.0,102,0.0,216.0,Brian O'Halloran,898.0,3151130.0,Comedy,Jason Mewes,Clerks ,181749,2103,Jeff Anderson,4.0,clerk|friend|hockey|video|video store,http://www.imdb.com/title/tt0109445/?ref_=fn_tt_tt_1,615.0,English,USA,R,230000.0,1994,657.0,7.8,1.37,0,1,Comedy,,,tt0109445,Clerks,1994,R,09 Nov 1994,92 min,Comedy,Kevin Smith,Kevin Smith,"Brian O'Halloran, Jeff Anderson, Marilyn Ghigliotti","A day in the lives of two convenience clerks named Dante and Randal as they annoy customers, discuss movies, and play hockey on the store roof.",English,United States,7 wins & 10 nominations total,https://m.media-amazon.com/images/M/MV5BYzcwZTU5NzMtMGIxYi00NjRhLThkYTItNjhlYWQ0MjdhYWFmXkEyXkFqcGc@._V1_SX300.jpg,70,7.7,"238,383","$3,151,130"
Color,Kevin Smith,206.0,130,0.0,769.0,Janeane Garofalo,13000.0,30651422.0,Adventure|Comedy|Drama|Fantasy,Matt Damon,Dogma ,181737,16693,George Carlin,8.0,abortion|abortion clinic|angel|church|clinic,http://www.imdb.com/title/tt0120655/?ref_=fn_tt_tt_1,1015.0,English,USA,R,10000000.0,1999,1000.0,7.4,2.35,10000,4,Adventure,Comedy,Drama,tt0120655,Dogma,1999,R,12 Nov 1999,130 min,"Adventure, Comedy, Drama",Kevin Smith,Kevin Smith,"Ben Affleck, Matt Damon, Linda Fiorentino",An abortion clinic worker with a special heritage is called upon to save the existence of humanity from being negated by two renegade angels trying to exploit a loop-hole and reenter Heaven.,"English, Spanish",United States,8 nominations total,https://m.media-amazon.com/images/M/MV5BNDE1Yjc3N2UtZmYwNi00YTA3LTllNGEtZTIwODg2MmMwNjBjXkEyXkFqcGc@._V1_SX300.jpg,62,7.3,"239,103","$32,846,695"
Color,Joon-ho Bong,488.0,126,584.0,398.0,Ewen Bremner,11000.0,4563029.0,Action|Drama|Sci-Fi|Thriller,Chris Evans,Snowpiercer ,181472,12286,Kang-ho Song,5.0,closed ecological system|perpetual winter|population control|revolt|train,http://www.imdb.com/title/tt1706620/?ref_=fn_tt_tt_1,514.0,English,South Korea,R,39200000.0,2013,557.0,7.0,1.85,58000,4,Action,Drama,Sci-Fi,tt1706620,Snowpiercer,2013,R,11 Jul 2014,126 min,"Action, Sci-Fi, Thriller",Bong Joon Ho,"Jacques Lob, Benjamin Legrand, Jean-Marc Rochette","Chris Evans, Jamie Bell, Tilda Swinton","In a future where a failed climate change experiment has killed all life except for the survivors who boarded the Snowpiercer (a train that travels around the globe), a new class system emerges.","English, Korean, French, Japanese, Czech, German","South Korea, Czech Republic",36 wins & 109 nominations total,https://m.media-amazon.com/images/M/MV5BMTQ3NzA1MTY3MV5BMl5BanBnXkFtZTgwNzE2Mzg5MTE@._V1_SX300.jpg,84,7.1,"417,858","$4,563,650"
Color,Dennis Dugan,179.0,102,221.0,4000.0,Adam Sandler,12000.0,162001186.0,Comedy,Steve Buscemi,Grown Ups ,181443,28497,Salma Hayek,4.0,basketball|coach|daughter|high school|high school basketball,http://www.imdb.com/title/tt1375670/?ref_=fn_tt_tt_1,311.0,English,USA,PG-13,80000000.0,2010,11000.0,6.0,1.85,12000,1,Comedy,,,tt1375670,Grown Ups,2010,PG-13,25 Jun 2010,102 min,Comedy,Dennis Dugan,"Adam Sandler, Fred Wolf","Adam Sandler, Salma Hayek, Kevin James","After their high school basketball coach passes away, five good friends and former teammates reunite for a Fourth of July holiday weekend.","English, Spanish",United States,3 wins & 4 nominations total,https://m.media-amazon.com/images/M/MV5BMjA0ODYwNzU5Nl5BMl5BanBnXkFtZTcwNTI1MTgxMw@@._V1_SX300.jpg,30,6.0,"309,387","$162,001,186"
Color,Chris Columbus,57.0,125,0.0,711.0,Mara Wilson,49000.0,219200000.0,Comedy|Drama|Family|Romance,Robin Williams,Mrs. Doubtfire ,181380,52201,Matthew Lawrence,5.0,actor|based on novel|fancy restaurant|male actor playing a female character|party,http://www.imdb.com/title/tt0107614/?ref_=fn_tt_tt_1,223.0,English,USA,PG-13,25000000.0,1993,1000.0,6.9,2.35,0,4,Comedy,Drama,Family,tt0107614,Mrs. Doubtfire,1993,PG-13,24 Nov 1993,125 min,"Comedy, Drama, Family",Chris Columbus,"Anne Fine, Randi Mayem Singer, Leslie Dixon","Robin Williams, Sally Field, Pierce Brosnan","After a bitter divorce, an actor disguises himself as a female housekeeper to spend time with his children held in custody by his former wife.",English,United States,Won 1 Oscar. 11 wins & 10 nominations total,https://m.media-amazon.com/images/M/MV5BY2E2MDc5ZGEtOTNlZS00Mjg4LThlNzUtMDY2Zjc4ZTViNWY0XkEyXkFqcGc@._V1_SX300.jpg,54,7.1,"312,013","$219,195,243"
Color,Jay Roach,199.0,95,116.0,481.0,Verne Troyer,45000.0,205399422.0,Action|Adventure|Comedy|Crime,Muse Watson,Austin Powers: The Spy Who Shagged Me ,181225,47203,Robert Wagner,1.0,penis joke|phallic image|sexy agent|spy|volcano hideout,http://www.imdb.com/title/tt0145660/?ref_=fn_tt_tt_1,784.0,English,USA,PG-13,33000000.0,1999,645.0,6.6,2.35,0,4,Action,Adventure,Comedy,tt0145660,Austin Powers: The Spy Who Shagged Me,1999,PG-13,11 Jun 1999,95 min,"Action, Adventure, Comedy",Jay Roach,"Mike Myers, Michael McCullers","Mike Myers, Heather Graham, Michael York","Dr. Evil is back and has invented a new time machine that allows him to go back to the 1960s and steal Austin Powers' mojo, inadvertently leaving him ""shagless"".","English, German",United States,Nominated for 1 Oscar. 18 wins & 31 nominations total,https://m.media-amazon.com/images/M/MV5BY2I3ZTBjOGQtYjQ3My00M2RlLTk3MjgtOTVmMWExNmU3ZjBkXkEyXkFqcGc@._V1_SX300.jpg,59,6.7,"261,446","$206,040,086"
Color,James Wong,211.0,98,70.0,591.0,Brendan Fehr,1000.0,53302314.0,Horror|Thriller,Daniel Roebuck,Final Destination ,181058,3345,Kerr Smith,1.0,dead teenager|death|explosion|premonition|teenager,http://www.imdb.com/title/tt0195714/?ref_=fn_tt_tt_1,674.0,English,USA,R,23000000.0,2000,847.0,6.7,1.85,0,2,Horror,Thriller,,tt0195714,Final Destination,2000,R,17 Mar 2000,98 min,"Horror, Thriller",James Wong,"Glen Morgan, James Wong, Jeffrey Reddick","Devon Sawa, Ali Larter, Kerr Smith","After getting a premonition about a plane crash on his school trip, Alex, a student, saves a few of his classmates. However, their situation gets complicated when death starts chasing them.","English, French","United States, Canada",3 wins & 5 nominations total,https://m.media-amazon.com/images/M/MV5BMjE1MjlmOWYtYzdjMS00OTgwLThjMDctZWU4N2FkZjgyNTJiXkEyXkFqcGc@._V1_SX300.jpg,39,6.7,"331,260","$53,331,147"
Color,David Ayer,355.0,109,453.0,953.0,Anna Kendrick,15000.0,40983001.0,Crime|Drama|Thriller,Jake Gyllenhaal,End of Watch ,181025,27788,America Ferrera,2.0,lapd|police|police officer|south central los angeles|street gang,http://www.imdb.com/title/tt1855199/?ref_=fn_tt_tt_1,336.0,English,USA,R,7000000.0,2012,10000.0,7.7,1.85,38000,3,Crime,Drama,Thriller,tt1855199,End of Watch,2012,R,21 Sep 2012,109 min,"Action, Crime, Drama",David Ayer,David Ayer,"Jake Gyllenhaal, Michael Peña, Anna Kendrick","Shot documentary-style, this film follows the daily grind of two young police officers in LA who are partners and close friends.","English, Spanish","United States, United Kingdom",3 wins & 10 nominations total,https://m.media-amazon.com/images/M/MV5BMjMxNjU0ODU5Ml5BMl5BanBnXkFtZTcwNjI4MzAyOA@@._V1_SX300.jpg,68,7.6,"283,662","$41,003,371"
Color,Steven Soderbergh,436.0,106,0.0,175.0,Monique Gabriela Curnen,13000.0,75638743.0,Drama|Thriller,Matt Damon,Contagion ,180479,13634,Griffin Kane,4.0,contagion|cure|infection|panic|virus,http://www.imdb.com/title/tt1598778/?ref_=fn_tt_tt_1,411.0,English,USA,PG-13,60000000.0,2011,240.0,6.6,1.85,42000,2,Drama,Thriller,,tt1598778,Contagion,2011,PG-13,09 Sep 2011,106 min,"Drama, Thriller",Steven Soderbergh,Scott Z. Burns,"Matt Damon, Kate Winslet, Jude Law","Healthcare professionals, government officials and everyday people find themselves in the midst of a pandemic as the CDC works to find a cure.","English, Mandarin, Cantonese","United Arab Emirates, United States",2 wins & 14 nominations total,https://m.media-amazon.com/images/M/MV5BMTY3MDk5MDc3OV5BMl5BanBnXkFtZTcwNzAyNTg0Ng@@._V1_SX300.jpg,70,6.8,"329,542","$75,658,097"
Color,Justin Lin,158.0,104,681.0,159.0,Zachery Ty Bryan,584.0,62494975.0,Action|Crime|Thriller,Amber Stevens West,The Fast and the Furious: Tokyo Drift ,179500,1235,Nikki Griffin,5.0,car|challenge|drift racing|drifting|tokyo japan,http://www.imdb.com/title/tt0463985/?ref_=fn_tt_tt_1,378.0,English,USA,PG-13,85000000.0,2006,227.0,6.0,2.35,0,3,Action,Crime,Thriller,tt0463985,The Fast and the Furious: Tokyo Drift,2006,PG-13,16 Jun 2006,104 min,"Action, Crime, Thriller",Justin Lin,Chris Morgan,"Lucas Black, Zachery Ty Bryan, Shad Moss",A teenager becomes a major competitor in the world of drift racing after moving in with his father in Tokyo to avoid a jail sentence in America.,"English, Japanese, Portuguese","Germany, United States",1 win & 4 nominations total,https://m.media-amazon.com/images/M/MV5BMTQ2NTMxODEyNV5BMl5BanBnXkFtZTcwMDgxMjA0MQ@@._V1_SX300.jpg,45,6.1,"328,412","$62,514,415"
Color,Mel Gibson,406.0,120,0.0,113.0,Maia Morgenstern,260.0,499263.0,Drama,Christo Jivkov,The Passion of the Christ ,179235,705,Hristo Shopov,0.0,anti semitism|cult film|grindhouse|suffering|torture,http://www.imdb.com/title/tt0335345/?ref_=fn_tt_tt_1,2814.0,Aramaic,USA,R,30000000.0,2004,252.0,7.1,2.35,13000,1,Drama,,,tt0335345,The Passion of the Christ,2004,R,25 Feb 2004,127 min,Drama,Mel Gibson,"Benedict Fitzgerald, Mel Gibson","Jim Caviezel, Monica Bellucci, Maia Morgenstern","Depicts the final twelve hours in the life of Jesus of Nazareth, on the day of his crucifixion in Jerusalem.","Aramaic, Latin, Hebrew, English",United States,Nominated for 3 Oscars. 30 wins & 24 nominations total,"https://m.media-amazon.com/images/M/MV5BNzMxY2Y4MzktMGNkNC00ODFjLWI3MGMtMzM2M2ExNmQxMGFmXkEyXkFqcGc@._V1_QL75_UX380_CR0,3,380,562_.jpg",47,7.3,"273,731","$370,782,930"
Color,Jonathan Demme,68.0,125,438.0,372.0,Tom Hanks,18000.0,77324422.0,Drama,Denzel Washington,Philadelphia ,178731,33865,Jason Robards,2.0,aids|city name in title|gay|homophobia|lawyer,http://www.imdb.com/title/tt0107818/?ref_=fn_tt_tt_1,261.0,English,USA,PG-13,26000000.0,1993,15000.0,7.7,1.85,0,1,Drama,,,tt0107818,Philadelphia,1993,PG-13,14 Jan 1994,125 min,Drama,Jonathan Demme,Ron Nyswaner,"Tom Hanks, Denzel Washington, Roberta Maxwell","When a man with HIV is fired by his law firm because of his condition, he hires a homophobic small-time lawyer as the only willing advocate for a wrongful dismissal suit.",English,United States,Won 2 Oscars. 21 wins & 23 nominations total,https://m.media-amazon.com/images/M/MV5BYzEzZmMwMmMtNDgxYi00YTAwLWFkMjQtOGQzNmUxMGU1YWYwXkEyXkFqcGc@._V1_SX300.jpg,66,7.7,"272,691","$77,446,440"
Color,Michael Bay,94.0,147,0.0,877.0,Henry Rollins,10000.0,138396624.0,Action|Comedy|Crime|Thriller,Will Smith,Bad Boys II ,178126,12954,Jordi Mollà,1.0,cuba|dea|drugs|money|undercover,http://www.imdb.com/title/tt0172156/?ref_=fn_tt_tt_1,511.0,English,USA,R,130000000.0,2003,898.0,6.6,2.35,0,4,Action,Comedy,Crime,tt0172156,Bad Boys II,2003,R,18 Jul 2003,147 min,"Action, Comedy, Crime",Michael Bay,"George Gallo, Marianne Wibberley, Cormac Wibberley","Will Smith, Martin Lawrence, Gabrielle Union",Miami narcotics cops Mike Lowrey and Marcus Burnett investigate the flow of Ecstasy into Florida from a Cuban drug cartel.,"English, Spanish, Russian",United States,5 wins & 13 nominations total,"https://m.media-amazon.com/images/M/MV5BMTVkM2YxODItOGNlMy00NWExLWI2NTgtODEzMmM5NThiM2E2XkEyXkFqcGc@._V1_QL75_UX380_CR0,1,380,562_.jpg",38,6.6,"288,014","$138,608,444"
Color,Steven Spielberg,459.0,142,14000.0,423.0,Mark Rylance,15000.0,72306065.0,Drama|History|Thriller,Tom Hanks,Bridge of Spies ,178118,16944,Amy Ryan,0.0,cia|cold war|lawyer|negotiation|spy,http://www.imdb.com/title/tt3682448/?ref_=fn_tt_tt_1,355.0,English,USA,PG-13,40000000.0,2015,535.0,7.6,2.35,55000,3,Drama,History,Thriller,tt3682448,Bridge of Spies,2015,PG-13,16 Oct 2015,142 min,"Drama, History, Thriller",Steven Spielberg,"Matt Charman, Ethan Coen, Joel Coen","Tom Hanks, Mark Rylance, Alan Alda","During the Cold War, an American lawyer is recruited to defend an arrested Soviet spy in court, and then help the CIA facilitate an exchange of the spy for the Soviet captured American U2 spy plane pilot, Francis Gary Powers.","English, German, Russian","United States, India, Germany",Won 1 Oscar. 30 wins & 105 nominations total,https://m.media-amazon.com/images/M/MV5BMjIxOTI0MjU5NV5BMl5BanBnXkFtZTgwNzM4OTk4NTE@._V1_SX300.jpg,81,7.6,"343,045","$72,313,754"
Color,James Mangold,136.0,91,446.0,660.0,Rebecca De Mornay,1000.0,51475962.0,Mystery|Thriller,Clea DuVall,Identity ,177828,3969,Jake Busey,0.0,dissociative identity disorder|motel room key|murder|storm|stranded,http://www.imdb.com/title/tt0309698/?ref_=fn_tt_tt_1,714.0,English,USA,R,30000000.0,2003,872.0,7.3,2.35,11000,2,Mystery,Thriller,,tt0309698,Identity,2003,R,25 Apr 2003,90 min,"Mystery, Thriller",James Mangold,Michael Cooney,"John Cusack, Ray Liotta, Amanda Peet","Stranded at a desolate Nevada motel during a nasty rain storm, ten strangers become acquainted with each other when they realize that they're being killed off one by one.",English,United States,1 win & 11 nominations total,https://m.media-amazon.com/images/M/MV5BZTg1YWUyODktMWY5MC00ZjliLTg3YmUtZDliMGZhZDZmMzU5XkEyXkFqcGc@._V1_SX300.jpg,64,7.3,"285,988","$52,159,536"
Color,Tim Burton,230.0,119,13000.0,567.0,Estella Warren,1000.0,180011740.0,Action|Adventure|Sci-Fi|Thriller,Cary-Hiroyuki Tagawa,Planet of the Apes ,177725,2776,Erick Avari,0.0,astronaut|cage|planet|wilhelm scream|year 2029,http://www.imdb.com/title/tt0133152/?ref_=fn_tt_tt_1,1368.0,English,USA,PG-13,100000000.0,2001,658.0,5.7,2.35,0,4,Action,Adventure,Sci-Fi,tt0133152,Planet of the Apes,2001,PG-13,27 Jul 2001,120 min,"Action, Adventure, Sci-Fi",Tim Burton,"Pierre Boulle, William Broyles Jr., Lawrence Konner","Mark Wahlberg, Helena Bonham Carter, Tim Roth","In 2029, an Air Force astronaut crash-lands on a mysterious planet where evolved, talking apes dominate a race of primitive humans.",English,United States,Nominated for 2 BAFTA 11 wins & 32 nominations total,https://m.media-amazon.com/images/M/MV5BYjczODRhOTQtZjdkYi00MmM2LTg1ZmEtZDQ3YjA5MDJhODNhXkEyXkFqcGc@._V1_SX300.jpg,50,5.7,"241,183","$180,011,740"
Color,Mikael Håfström,286.0,115,101.0,585.0,50 Cent,13000.0,25121291.0,Action|Crime|Mystery|Sci-Fi|Thriller,Sylvester Stallone,Escape Plan ,177653,15708,Matt Gerald,1.0,cia agent|escape|muslim|prison|ship,http://www.imdb.com/title/tt1211956/?ref_=fn_tt_tt_1,279.0,English,USA,R,50000000.0,2013,1000.0,6.7,2.35,34000,5,Action,Crime,Mystery,tt1211956,Escape Plan,2013,R,18 Oct 2013,115 min,"Action, Thriller",Mikael Håfström,"Miles Chapman, Jason Keller","Sylvester Stallone, Arnold Schwarzenegger, 50 Cent","When a structural-security authority finds himself set up and incarcerated in the world's most secret and secure prison, he has to use his skills to escape with help from the inside.","English, German, Arabic, Urdu",United States,2 nominations total,https://m.media-amazon.com/images/M/MV5BMTk3OTcxMTEyNl5BMl5BanBnXkFtZTcwMDQ4MjQ2OQ@@._V1_SX300.jpg,49,6.7,"269,608","$25,135,965"
Color,John Hillcoat,355.0,111,214.0,3000.0,Charlize Theron,10000.0,56692.0,Adventure|Drama,Viggo Mortensen,The Road ,177401,23566,Robert Duvall,2.0,apocalypse|boy|food|pistol|survival,http://www.imdb.com/title/tt0898367/?ref_=fn_tt_tt_1,504.0,English,USA,R,25000000.0,2009,9000.0,7.3,2.35,32000,2,Adventure,Drama,,tt0898367,The Road,2009,R,25 Nov 2009,111 min,"Drama, Thriller",John Hillcoat,"Joe Penhall, Cormac McCarthy","Viggo Mortensen, Charlize Theron, Kodi Smit-McPhee","In a dangerous post-apocalyptic world, an ailing father defends his son as they slowly travel to the sea.",English,United States,Nominated for 1 BAFTA Award5 wins & 34 nominations total,https://m.media-amazon.com/images/M/MV5BMTAwNzk4NTU3NDReQTJeQWpwZ15BbWU3MDg3OTEyODI@._V1_SX300.jpg,64,7.2,"267,805","$8,117,000"
Color,Steven Spielberg,440.0,107,14000.0,845.0,Mackenzie Crook,2000.0,77564037.0,Action|Adventure|Family|Mystery,Toby Jones,The Adventures of Tintin ,177383,4631,Tony Curran,1.0,captain|morocco|ship|tintin|treasure,http://www.imdb.com/title/tt0983193/?ref_=fn_tt_tt_1,447.0,English,USA,PG,135000000.0,2011,871.0,7.4,2.35,44000,4,Action,Adventure,Family,tt0983193,The Adventures of Tintin,2011,PG,21 Dec 2011,107 min,"Animation, Action, Adventure",Steven Spielberg,"Hergé, Steven Moffat, Edgar Wright","Jamie Bell, Andy Serkis, Daniel Craig",Intrepid reporter Tintin and Captain Haddock set off on a treasure hunt for a sunken ship commanded by Haddock's ancestor.,English,"New Zealand, United States",Nominated for 1 Oscar. 22 wins & 63 nominations total,https://m.media-amazon.com/images/M/MV5BNDE5MDExNTQ1OF5BMl5BanBnXkFtZTcwMDIxMTM5Ng@@._V1_SX300.jpg,68,7.3,"253,447","$77,591,831"
Color,Steven Spielberg,298.0,163,14000.0,412.0,Moritz Bleibtreu,745.0,47379090.0,Drama|History|Thriller,Ayelet Zurer,Munich ,176936,2529,Mathieu Amalric,0.0,arab|black september|israel|jew|munich olympics,http://www.imdb.com/title/tt0408306/?ref_=fn_tt_tt_1,824.0,English,France,R,70000000.0,2005,486.0,7.6,2.35,0,3,Drama,History,Thriller,tt0408306,Munich,2005,R,06 Jan 2006,164 min,"Drama, History, Thriller",Steven Spielberg,"Tony Kushner, Eric Roth, George Jonas","Eric Bana, Daniel Craig, Marie-Josée Croze","After the Black September capture and massacre of Israeli athletes at the 1972 Olympics, five men are chosen to eliminate the people responsible for that fateful day.","English, German, French, Hebrew, Arabic, Italian, Greek, Russian, Dutch","France, Canada, United States",Nominated for 5 Oscars. 14 wins & 75 nominations total,https://m.media-amazon.com/images/M/MV5BMTcwNzYzMzMwMF5BMl5BanBnXkFtZTcwMzMzODczMQ@@._V1_SX300.jpg,74,7.5,"251,412","$47,403,685"
Color,Florian Henckel von Donnersmarck,321.0,103,207.0,3000.0,Angelina Jolie Pitt,40000.0,67631157.0,Action|Romance|Thriller,Johnny Depp,The Tourist ,176598,55175,Rufus Sewell,0.0,police surveillance|surveillance van|tailing a suspect|tourist|venice italy,http://www.imdb.com/title/tt1243957/?ref_=fn_tt_tt_1,374.0,English,USA,PG-13,100000000.0,2010,11000.0,6.0,2.35,25000,3,Action,Romance,Thriller,tt1243957,The Tourist,2010,PG-13,10 Dec 2010,103 min,"Action, Romance, Thriller",Florian Henckel von Donnersmarck,"Florian Henckel von Donnersmarck, Christopher McQuarrie, Julian Fellowes","Johnny Depp, Angelina Jolie, Paul Bettany",A tourist on the train to Venice is approached by a mysterious woman for an unusual reason.,"English, French, Italian, Russian, Spanish","United Kingdom, France, Italy, United States",4 wins & 4 nominations total,https://m.media-amazon.com/images/M/MV5BMTMyMzc3OTkwMV5BMl5BanBnXkFtZTcwMjc0MTgwNA@@._V1_SX300.jpg,37,6.0,"266,981","$67,631,157"
Color,Danny Boyle,118.0,119,0.0,39.0,Virginie Ledoyen,29000.0,39778599.0,Adventure|Drama|Thriller,Leonardo DiCaprio,The Beach ,176169,29461,Peter Youngblood Hills,0.0,love|map|paradise|thailand|travel,http://www.imdb.com/title/tt0163978/?ref_=fn_tt_tt_1,548.0,English,USA,R,50000000.0,2000,414.0,6.6,2.35,0,3,Adventure,Drama,Thriller,tt0163978,The Beach,2000,R,11 Feb 2000,119 min,"Adventure, Drama, Romance",Danny Boyle,"John Hodge, Alex Garland","Leonardo DiCaprio, Tilda Swinton, Daniel York Loh","On vacation in Thailand, Richard sets out for an island rumored to be a solitary beach paradise.","English, Mandingo, French, Swedish, Thai, Serbian","United Kingdom, United States",7 nominations total,https://m.media-amazon.com/images/M/MV5BYTljNTg1YjktY2I3MS00MmQwLWJkYTAtYzcwZjRjM2ExNDJjXkEyXkFqcGc@._V1_SX300.jpg,43,6.6,"266,041","$39,785,027"
Color,Shane Black,223.0,103,1000.0,611.0,Corbin Bernsen,21000.0,4235837.0,Comedy|Crime|Mystery,Robert Downey Jr.,Kiss Kiss Bang Bang ,175962,23932,Larry Miller,2.0,actor|detective sergeant|hotel|nightclub|thief,http://www.imdb.com/title/tt0373469/?ref_=fn_tt_tt_1,336.0,English,USA,R,15000000.0,2005,1000.0,7.6,2.35,0,3,Comedy,Crime,Mystery,tt0373469,Kiss Kiss Bang Bang,2005,R,11 Nov 2005,103 min,"Comedy, Crime, Mystery",Shane Black,"Brett Halliday, Shane Black","Robert Downey Jr., Val Kilmer, Michelle Monaghan","After being mistaken for an actor, a New York thief is sent to Hollywood to train under a private eye for a potential movie role, but the duo are thrown together with a struggling actress into a murder mystery.",English,United States,5 wins & 16 nominations total,https://m.media-amazon.com/images/M/MV5BMTY5NDExMDA3M15BMl5BanBnXkFtZTYwNTc2MzA3._V1_SX300.jpg,73,7.4,"248,557","$4,243,756"
Color,Guy Ritchie,362.0,116,0.0,104.0,Elizabeth Debicki,15000.0,45434443.0,Action|Adventure|Comedy,Henry Cavill,The Man from U.N.C.L.E. ,175960,15735,Christian Berkel,2.0,box office flop|cia agent|criminal organization|kgb agent|nuclear bomb,http://www.imdb.com/title/tt1638355/?ref_=fn_tt_tt_1,360.0,English,USA,PG-13,75000000.0,2015,509.0,7.3,2.35,43000,3,Action,Adventure,Comedy,tt1638355,The Man from U.N.C.L.E.,2015,PG-13,14 Aug 2015,116 min,"Action, Adventure, Comedy",Guy Ritchie,"Guy Ritchie, Lionel Wigram, Jeff Kleeman","Henry Cavill, Armie Hammer, Alicia Vikander","In the early 1960s, CIA agent Napoleon Solo and KGB operative Illya Kuryakin participate in a joint mission against a mysterious criminal organization, which is working to proliferate nuclear weapons.","English, Russian, German, Italian","United Kingdom, United States",8 wins & 7 nominations total,https://m.media-amazon.com/images/M/MV5BMDFjN2NlOGItYjZiZi00OThhLTlhYWUtYjgyNWFjMWJlNGU4XkEyXkFqcGc@._V1_SX300.jpg,56,7.2,"354,813","$45,445,109"
Color,George Roy Hill,119.0,129,131.0,417.0,Robert Shaw,1000.0,159600000.0,Comedy|Crime|Drama,Eileen Brennan,The Sting ,175607,2387,Ray Walston,0.0,con|con man|courier|long con|murder,http://www.imdb.com/title/tt0070735/?ref_=fn_tt_tt_1,252.0,English,USA,PG,5500000.0,1973,559.0,8.3,1.85,0,3,Comedy,Crime,Drama,tt0070735,The Sting,1973,PG,25 Dec 1973,129 min,"Comedy, Crime, Drama",George Roy Hill,David S. Ward,"Paul Newman, Robert Redford, Robert Shaw",Two grifters team up to pull off the ultimate con.,English,United States,Won 7 Oscars. 18 wins & 6 nominations total,https://m.media-amazon.com/images/M/MV5BZGI4OTk4MDMtYmQ1Ni00YTUzLTkyYTktZGUwMjMyN2M4NjQ5XkEyXkFqcGc@._V1_SX300.jpg,83,8.2,"298,899","$156,000,000"
Color,John Madden,134.0,123,108.0,239.0,Martin Clunes,1000.0,100241322.0,Comedy|Drama|Romance,Tom Wilkinson,Shakespeare in Love ,175524,1690,Simon Callow,0.0,actor|audition|muse|playwright|theater,http://www.imdb.com/title/tt0138097/?ref_=fn_tt_tt_1,752.0,English,USA,R,25000000.0,1998,264.0,7.2,2.35,0,3,Comedy,Drama,Romance,tt0138097,Shakespeare in Love,1998,R,08 Jan 1999,123 min,"Comedy, Drama, History",John Madden,"Marc Norman, Tom Stoppard","Gwyneth Paltrow, Joseph Fiennes, Geoffrey Rush","History's greatest playwright is young, out of ideas and short of cash, but meets his ideal woman and is inspired to write one of his most famous plays.",English,"United Kingdom, United States",Won 7 Oscars. 65 wins & 87 nominations total,https://m.media-amazon.com/images/M/MV5BYmM3MTllNzYtN2MzNS00NWQwLTk0NTEtNjY1MmMwYjNkNTE5XkEyXkFqcGc@._V1_SX300.jpg,87,7.1,"240,389","$100,317,794"
Color,Sam Raimi,525.0,130,0.0,11000.0,Mila Kunis,44000.0,234903076.0,Adventure|Family|Fantasy,Tim Holmes,Oz the Great and Powerful ,175409,73441,James Franco,4.0,circus|magic|magician|oz|witch,http://www.imdb.com/title/tt1623205/?ref_=fn_tt_tt_1,511.0,English,USA,PG,215000000.0,2013,15000.0,6.4,2.35,60000,3,Adventure,Family,Fantasy,tt1623205,Oz the Great and Powerful,2013,PG,08 Mar 2013,130 min,"Adventure, Family, Fantasy",Sam Raimi,"Mitchell Kapner, David Lindsay-Abaire, L. Frank Baum","James Franco, Michelle Williams, Rachel Weisz",A small-time magician is swept away to an enchanted land and is forced into a power struggle among three witches.,English,United States,6 wins & 31 nominations total,https://m.media-amazon.com/images/M/MV5BNDRlOTNlMWMtM2FlMi00MzNiLTk1NzEtNjc3Njg1M2NkNmY5XkEyXkFqcGc@._V1_SX300.jpg,44,6.3,"220,679","$234,911,825"
 Black and White,Billy Wilder,181.0,120,0.0,102.0,Joe E. Brown,105.0,25000000.0,Comedy|Music|Romance,Nehemiah Persoff,Some Like It Hot ,175196,527,George Raft,2.0,all girl band|band|cross dressing|musician|yacht,http://www.imdb.com/title/tt0053291/?ref_=fn_tt_tt_1,350.0,English,USA,Not Rated,2883848.0,1959,103.0,8.3,1.66,10000,3,Comedy,Music,Romance,tt0053291,Some Like It Hot,1959,Approved,19 Mar 1959,121 min,"Comedy, Music, Romance",Billy Wilder,"Billy Wilder, I.A.L. Diamond, Robert Thoeren","Marilyn Monroe, Tony Curtis, Jack Lemmon","After two male musicians witness a mob hit, they flee the state in an all-female band disguised as women, but further complications set in.","English, French",United States,Won 1 Oscar. 11 wins & 13 nominations total,"https://m.media-amazon.com/images/M/MV5BZTllZDYyNjEtY2RmMS00NmJhLWI4ODAtMTQ0NWFiZTJhZjA0XkEyXkFqcGc@._V1_QL75_UX380_CR0,13,380,562_.jpg",98,8.2,"304,528",N/A
Color,Marc Forster,226.0,101,395.0,2000.0,Kate Winslet,40000.0,51676606.0,Biography|Drama|Family,Johnny Depp,Finding Neverland ,174591,58823,Kelly Macdonald,1.0,boy|inspiration|reference to peter pan|stage play|widow,http://www.imdb.com/title/tt0308644/?ref_=fn_tt_tt_1,632.0,English,USA,PG,25000000.0,2004,14000.0,7.8,2.35,0,3,Biography,Drama,Family,tt0308644,Finding Neverland,2004,PG,17 Dec 2004,106 min,"Biography, Drama, Family",Marc Forster,"Allan Knee, David Magee","Johnny Depp, Kate Winslet, Julie Christie",The story of Sir J.M. Barrie's friendship with a family who inspired him to create Peter Pan.,English,"United States, United Kingdom",Won 1 Oscar. 19 wins & 81 nominations total,https://m.media-amazon.com/images/M/MV5BZWIyODcyYzYtNTNhMy00MThjLTkxZDgtMTBiOWY3ODkxNzQ1XkEyXkFqcGc@._V1_SX300.jpg,67,7.6,"216,194","$51,680,613"
Color,Stephen Sommers,250.0,118,208.0,570.0,Dennis Quaid,23000.0,150167630.0,Action|Adventure|Sci-Fi|Thriller,Joseph Gordon-Levitt,G.I. Joe: The Rise of Cobra ,174578,26683,Leo Howard,4.0,cobra|gi joe|snake|train|warhead,http://www.imdb.com/title/tt1046173/?ref_=fn_tt_tt_1,534.0,English,USA,PG-13,175000000.0,2009,2000.0,5.8,2.35,0,4,Action,Adventure,Sci-Fi,tt1046173,G.I. Joe: The Rise of Cobra,2009,PG-13,07 Aug 2009,118 min,"Action, Adventure, Sci-Fi",Stephen Sommers,"Stuart Beattie, David Elliot, Paul Lovett","Dennis Quaid, Channing Tatum, Marlon Wayans","An elite military unit comprised of special operatives known as G.I. Joe, operating out of The Pit, takes on an evil organization led by a notorious arms dealer.","English, French, Gaelic",United States,4 wins & 16 nominations total,https://m.media-amazon.com/images/M/MV5BMTQzMTU1NzQwNl5BMl5BanBnXkFtZTcwNDg4NzMzMw@@._V1_SX300.jpg,32,5.7,"220,928","$150,201,498"
Color,Ridley Scott,238.0,128,0.0,135.0,Simon McBurney,29000.0,39380442.0,Action|Drama|Thriller,Leonardo DiCaprio,Body of Lies ,174248,29824,Michael Gaston,1.0,cia|jordan|middle east|spy|terrorist,http://www.imdb.com/title/tt0758774/?ref_=fn_tt_tt_1,263.0,English,USA,R,70000000.0,2008,149.0,7.1,2.35,0,3,Action,Drama,Thriller,tt0758774,Body of Lies,2008,R,10 Oct 2008,128 min,"Action, Drama, Thriller",Ridley Scott,"William Monahan, David Ignatius","Leonardo DiCaprio, Russell Crowe, Mark Strong",A CIA agent on the ground in Jordan hunts down a powerful terrorist leader while being caught between the unclear intentions of his American supervisors and Jordan Intelligence.,"English, Arabic",United States,2 nominations total,https://m.media-amazon.com/images/M/MV5BMTgzOTY3MTM0OV5BMl5BanBnXkFtZTcwNjc5MTI5MQ@@._V1_SX300.jpg,57,7.0,"248,783","$39,394,666"
Color,Brad Furman,274.0,118,65.0,638.0,Margarita Levieva,11000.0,57981889.0,Crime|Drama|Thriller,Matthew McConaughey,The Lincoln Lawyer ,173848,13943,Frances Fisher,1.0,defense attorney|defense lawyer|lawyer|plot twist|prostitute,http://www.imdb.com/title/tt1189340/?ref_=fn_tt_tt_1,203.0,English,USA,R,40000000.0,2011,980.0,7.3,2.35,25000,3,Crime,Drama,Thriller,tt1189340,The Lincoln Lawyer,2011,R,18 Mar 2011,118 min,"Crime, Drama, Mystery",Brad Furman,"John Romano, Michael Connelly","Matthew McConaughey, Marisa Tomei, Ryan Phillippe","Defence lawyer Mick Haller lands a case defending a wealthy realtor's son who is accused of raping a prostitute. Believing his client to be innocent, Haller soon finds evidence that proves otherwise.",English,United States,1 nomination total,https://m.media-amazon.com/images/M/MV5BMTQ4NDE4NTY5MV5BMl5BanBnXkFtZTcwODQyMTkxNA@@._V1_SX300.jpg,63,7.3,"266,302","$58,009,200"
Color,Alejandro G. Iñárritu,157.0,115,0.0,35.0,Jorge Salinas,85.0,5383834.0,Drama|Thriller,Adriana Barraza,Amores Perros ,173551,318,Goya Toledo,0.0,animal in title|dog fight|mexico city|multiple perspectives|nonlinear timeline,http://www.imdb.com/title/tt0245712/?ref_=fn_tt_tt_1,361.0,Spanish,Mexico,R,2000000.0,2000,79.0,8.1,1.85,11000,2,Drama,Thriller,,tt0245712,Amores Perros,2000,R,13 Apr 2001,154 min,"Drama, Thriller",Alejandro G. Iñárritu,Guillermo Arriaga,"Emilio Echevarría, Gael García Bernal, Goya Toledo","An amateur dog fighter, a supermodel, and a derelict assassin, all separately struggling to find love, find their lives transformed by a devastating car wreck in Mexico City.",Spanish,Mexico,Nominated for 1 Oscar. 56 wins & 24 nominations total,https://m.media-amazon.com/images/M/MV5BMmUzNDI1MDYtNmIxNC00NjczLTk0ZDEtYWFkZDcxMWVhYTEwXkEyXkFqcGc@._V1_SX300.jpg,83,8.0,"271,447","$5,408,467"
Color,Ruben Fleischer,415.0,113,181.0,300.0,Brandon Molale,33000.0,45996718.0,Action|Crime|Drama|Thriller,Ryan Gosling,Gangster Squad ,173530,34738,Wade Williams,3.0,good versus evil|machine gun|mobster|police vigilantism|year 1949,http://www.imdb.com/title/tt1321870/?ref_=fn_tt_tt_1,264.0,English,USA,R,60000000.0,2013,301.0,6.7,2.35,40000,4,Action,Crime,Drama,tt1321870,Gangster Squad,2013,R,11 Jan 2013,113 min,"Action, Crime, Drama",Ruben Fleischer,"Will Beall, Paul Lieberman","Sean Penn, Ryan Gosling, Emma Stone","It's 1949 Los Angeles, the city is run by gangsters and a malicious mobster, Mickey Cohen. Determined to end the corruption, John O'Mara assembles a team of cops, ready to take down the ruthless leader and restore peace to the city.",English,United States,5 nominations total,https://m.media-amazon.com/images/M/MV5BMTcwMjAyMTUzMl5BMl5BanBnXkFtZTcwODgxNzk1OA@@._V1_SX300.jpg,40,6.7,"228,278","$46,000,903"
Color,Neill Blomkamp,371.0,120,662.0,502.0,Sharlto Copley,20000.0,31569268.0,Action|Crime|Drama|Sci-Fi|Thriller,Hugh Jackman,Chappie ,172965,23051,Jose Pablo Cantillo,0.0,artificial intelligence|consciousness|future|mind uploading|robot,http://www.imdb.com/title/tt1823672/?ref_=fn_tt_tt_1,627.0,English,USA,R,49000000.0,2015,2000.0,6.9,2.35,67000,5,Action,Crime,Drama,tt1823672,Chappie,2015,R,06 Mar 2015,120 min,"Action, Crime, Drama",Neill Blomkamp,"Neill Blomkamp, Terri Tatchell","Sharlto Copley, Dev Patel, Hugh Jackman","In the near future, crime is patrolled by a mechanized police force. When one police droid, Chappie, is stolen and given new programming, he becomes the first robot with the ability to think and feel for himself.",English,"United States, South Africa, Mexico",3 nominations total,https://m.media-amazon.com/images/M/MV5BMTUyNTI4NTIwNl5BMl5BanBnXkFtZTgwMjQ4MTI0NDE@._V1_SX300.jpg,41,6.8,"282,686","$31,569,268"
Color,Dennis Dugan,204.0,117,221.0,503.0,Bailee Madison,11000.0,103028109.0,Comedy|Romance,Adam Sandler,Just Go with It ,172878,16325,Kevin Nealon,1.0,chick flick|hawaii|love|plastic surgeon|woman wearing a string bikini,http://www.imdb.com/title/tt1564367/?ref_=fn_tt_tt_1,203.0,English,USA,PG-13,80000000.0,2011,3000.0,6.4,1.85,19000,2,Comedy,Romance,,tt1564367,Just Go with It,2011,PG-13,11 Feb 2011,117 min,"Comedy, Romance",Dennis Dugan,"Allan Loeb, Timothy Dowling, I.A.L. Diamond","Adam Sandler, Jennifer Aniston, Brooklyn Decker","On a weekend trip to Hawaii, a plastic surgeon convinces his loyal assistant to pose as his soon-to-be-divorced wife in order to cover up a careless lie he told to his much-younger girlfriend.",English,United States,5 wins & 13 nominations total,"https://m.media-amazon.com/images/M/MV5BMTM3MzM3NDE5MV5BMl5BanBnXkFtZTcwNDE5MTUxNA@@._V1_QL75_UX380_CR0,0,380,562_.jpg",33,6.4,"289,427","$103,028,109"
Color,Christophe Gans,267.0,132,50.0,368.0,Deborah Kara Unger,992.0,46982632.0,Adventure|Horror|Mystery,Radha Mitchell,Silent Hill ,172792,1933,Alice Krige,0.0,gothic|police|police officer|silent hill|sleepwalking,http://www.imdb.com/title/tt0384537/?ref_=fn_tt_tt_1,1740.0,English,Canada,R,50000000.0,2006,495.0,6.6,2.35,0,3,Adventure,Horror,Mystery,tt0384537,Silent Hill,2006,R,21 Apr 2006,125 min,"Horror, Mystery",Christophe Gans,Roger Avary,"Radha Mitchell, Laurie Holden, Sean Bean","Rose Da Silva takes her adopted daughter, Sharon, to the town of Silent Hill in an attempt to cure her of her ailment. After a violent car crash, Sharon disappears and Rose begins a horrific journey to get her back.",English,"Canada, France, Japan, United States",8 nominations total,"https://m.media-amazon.com/images/M/MV5BYTczZmZlZmEtODU4ZS00YzgzLThiMDUtMGE0ZmJhYzdhZGY5XkEyXkFqcGc@._V1_QL75_UY562_CR0,0,380,562_.jpg",31,6.5,"262,353","$46,982,632"
Color,Tom McGrath,233.0,95,96.0,8000.0,Brad Pitt,24000.0,148337537.0,Action|Animation|Comedy|Family|Sci-Fi,J.K. Simmons,Megamind ,172754,46120,Will Ferrell,3.0,battle|city|planet|prison|superhero,http://www.imdb.com/title/tt1001526/?ref_=fn_tt_tt_1,187.0,English,USA,PG,130000000.0,2010,11000.0,7.3,2.35,13000,5,Action,Animation,Comedy,tt1001526,Megamind,2010,PG,05 Nov 2010,95 min,"Animation, Action, Adventure",Tom McGrath,"Alan Schoolcraft, Brent Simons","Will Ferrell, Jonah Hill, Brad Pitt","Evil genius Megamind finally defeats his do-gooder nemesis, Metro Man, but is left without a purpose in a superhero-free world.",English,United States,2 wins & 16 nominations total,https://m.media-amazon.com/images/M/MV5BMTAzMzI0NTMzNDBeQTJeQWpwZ15BbWU3MDM3NTAyOTM@._V1_SX300.jpg,63,7.3,"322,951","$148,415,853"
Color,Wally Pfister,355.0,119,0.0,968.0,Morgan Freeman,40000.0,23014504.0,Drama|Mystery|Romance|Sci-Fi|Thriller,Johnny Depp,Transcendence ,172707,54031,Clifton Collins Jr.,1.0,artificial intelligence|consciousness|power outage|scientist|technology,http://www.imdb.com/title/tt2209764/?ref_=fn_tt_tt_1,462.0,English,UK,PG-13,100000000.0,2014,11000.0,6.3,2.35,37000,5,Drama,Mystery,Romance,tt2209764,Transcendence,2014,PG-13,18 Apr 2014,119 min,"Drama, Sci-Fi, Thriller",Wally Pfister,Jack Paglen,"Johnny Depp, Rebecca Hall, Morgan Freeman",A scientist's drive for artificial intelligence takes on dangerous implications when his own consciousness is uploaded into one such program.,English,"United Kingdom, United States",3 wins & 5 nominations total,https://m.media-amazon.com/images/M/MV5BMTc1MjQ3ODAyOV5BMl5BanBnXkFtZTgwNjI1NDQ0MTE@._V1_SX300.jpg,42,6.2,"244,737","$23,022,309"
Color,Ted Kotcheff,145.0,93,270.0,535.0,Brian Dennehy,13000.0,,Action|Adventure|Drama,Sylvester Stallone,First Blood ,172489,15192,Chris Mulkey,1.0,1980s|colonel|deputy|rambo|sheriff,http://www.imdb.com/title/tt0083944/?ref_=fn_tt_tt_1,376.0,English,USA,R,14000000.0,1982,954.0,7.7,2.35,0,3,Action,Adventure,Drama,tt0083944,First Blood,1982,R,22 Oct 1982,93 min,"Action, Adventure, Thriller",Ted Kotcheff,"David Morrell, Michael Kozoll, William Sackheim","Sylvester Stallone, Brian Dennehy, Richard Crenna",Green Beret veteran Rambo takes on a Pacific Northwest sheriff and the National Guard.,English,"United States, Netherlands",1 win & 4 nominations total,https://m.media-amazon.com/images/M/MV5BYzc4ZmQ5YzEtYTQzYy00ZDdiLWI2NmQtZTA3MzM1ZGIyYmUzXkEyXkFqcGc@._V1_SX300.jpg,61,7.7,"299,053","$47,212,904"
Color,Michael Bay,63.0,119,0.0,244.0,Tchéky Karyo,10000.0,65807024.0,Action|Comedy|Crime|Drama|Thriller,Will Smith,Bad Boys ,172405,11013,Theresa Randle,0.0,drugs|heroin|murder|police|witness,http://www.imdb.com/title/tt0112442/?ref_=fn_tt_tt_1,203.0,English,USA,R,19000000.0,1995,345.0,6.8,1.85,0,5,Action,Comedy,Crime,tt0112442,Bad Boys,1995,R,07 Apr 1995,119 min,"Action, Comedy, Crime",Michael Bay,"George Gallo, Michael Barrie, Jim Mulholland","Will Smith, Martin Lawrence, Lisa Boyle",Two hip detectives protect a witness to a murder while investigating a case of stolen heroin from the evidence storage room from their police precinct.,"English, Persian",United States,1 win & 3 nominations total,"https://m.media-amazon.com/images/M/MV5BMWNjZWEwNDMtMWE1ZC00MTgwLTk2YzAtYmE0NTkwOWVhMDI0XkEyXkFqcGc@._V1_QL75_UX380_CR0,0,380,562_.jpg",41,6.8,"314,980","$65,807,024"
Color,Tim Burton,132.0,106,13000.0,733.0,Martin Short,20000.0,37754208.0,Action|Comedy|Sci-Fi,Natalie Portman,Mars Attacks! ,172217,22590,Lukas Haas,3.0,alien|general|martian|president|weapon,http://www.imdb.com/title/tt0116996/?ref_=fn_tt_tt_1,405.0,English,USA,PG-13,70000000.0,1996,770.0,6.3,2.35,0,3,Action,Comedy,Sci-Fi,tt0116996,Mars Attacks!,1996,PG-13,13 Dec 1996,106 min,"Comedy, Sci-Fi",Tim Burton,"Len Brown, Woody Gelman, Wally Wood","Jack Nicholson, Pierce Brosnan, Sarah Jessica Parker",Earth is invaded by Martians with unbeatable weapons and a cruel sense of humor.,"English, French","United States, Japan, United Kingdom",3 wins & 19 nominations total,https://m.media-amazon.com/images/M/MV5BZjJhNTIxZmQtZjQ3ZC00MTZkLWI2YTItY2Y0ZTdiMmNiNGIyXkEyXkFqcGc@._V1_SX300.jpg,52,6.4,"255,116","$37,781,197"
Color,Jon Hurwitz,291.0,113,22.0,1000.0,Dania Ramirez,3000.0,56724080.0,Comedy,Alyson Hannigan,American Reunion ,172112,8398,Natasha Lyonne,7.0,bikini|female female kiss|high school reunion|outdoor sex|upskirt,http://www.imdb.com/title/tt1605630/?ref_=fn_tt_tt_1,181.0,English,USA,R,50000000.0,2012,1000.0,6.7,1.85,39000,1,Comedy,,,tt1605630,American Reunion,2012,R,06 Apr 2012,113 min,Comedy,"Jon Hurwitz, Hayden Schlossberg","Jon Hurwitz, Hayden Schlossberg, Adam Herz","Jason Biggs, Alyson Hannigan, Seann William Scott","Jim, Michelle, Stifler, and their friends reunite in East Great Falls, Michigan for their high school reunion.",English,United States,1 win & 4 nominations total,https://m.media-amazon.com/images/M/MV5BMTY4MTEyMzU1N15BMl5BanBnXkFtZTcwNDQ0NTc1Nw@@._V1_SX300.jpg,49,6.7,"233,104","$57,011,521"
 Black and White,Rob Marshall,223.0,113,252.0,90.0,Chita Rivera,539.0,170684505.0,Comedy|Crime|Musical,Colm Feore,Chicago ,172080,813,Jayne Eastwood,0.0,fame|jail|jazz age|murder|vaudeville,http://www.imdb.com/title/tt0299658/?ref_=fn_tt_tt_1,1017.0,English,USA,PG-13,45000000.0,2002,151.0,7.2,1.85,0,3,Comedy,Crime,Musical,tt0299658,Chicago,2002,PG-13,24 Jan 2003,113 min,"Comedy, Crime, Musical",Rob Marshall,"Bill Condon, Bob Fosse, Fred Ebb","Renée Zellweger, Catherine Zeta-Jones, Richard Gere","Two death-row murderesses develop a fierce rivalry while competing for publicity, celebrity, and a sleazy lawyer's attention.","English, Hungarian","United States, Germany, Canada",Won 6 Oscars. 60 wins & 129 nominations total,https://m.media-amazon.com/images/M/MV5BNmJmZDEyNTctOTM1MS00NWEwLWFkMjctMjhhODEzMjU1MjA0XkEyXkFqcGc@._V1_SX300.jpg,81,7.2,"255,013","$170,687,518"
Color,Lasse Hallström,80.0,118,529.0,472.0,Leonardo DiCaprio,40000.0,9170214.0,Drama|Romance,Johnny Depp,What's Eating Gilbert Grape ,171882,69746,Kevin Tighe,1.0,apostrophe in title|face slap|four word title|grocery store|police,http://www.imdb.com/title/tt0108550/?ref_=fn_tt_tt_1,292.0,English,USA,PG-13,11000000.0,1993,29000.0,7.8,1.85,14000,2,Drama,Romance,,tt0108550,What's Eating Gilbert Grape,1993,PG-13,04 Mar 1994,118 min,Drama,Lasse Hallström,Peter Hedges,"Johnny Depp, Leonardo DiCaprio, Juliette Lewis",A young man in a small Midwestern town struggles to care for his mentally-disabled younger brother and morbidly obese mother while attempting to pursue his own happiness.,English,United States,Nominated for 1 Oscar. 8 wins & 7 nominations total,https://m.media-amazon.com/images/M/MV5BNWM5NWI1OTQtMTJiOS00ZDMxLWE1ODQtZjQ4MDc4OGE4ZjQyXkEyXkFqcGc@._V1_SX300.jpg,73,7.7,"266,059","$10,032,765"
Color,Tony Bancroft,143.0,88,7.0,484.0,Harvey Fierstein,2000.0,120618403.0,Adventure|Animation|Family|Fantasy|Musical|War,Ming-Na Wen,Mulan ,171792,4478,June Foray,0.0,based on poem|based on true story|china|one word title|the huns,http://www.imdb.com/title/tt0120762/?ref_=fn_tt_tt_1,222.0,English,USA,G,90000000.0,1998,500.0,7.5,1.66,12000,6,Adventure,Animation,Family,tt0120762,Mulan,1998,G,19 Jun 1998,87 min,"Animation, Adventure, Comedy","Tony Bancroft, Barry Cook","Robert D. San Souci, Rita Hsiao, Chris Sanders","Ming-Na Wen, Eddie Murphy, BD Wong","To save her father from death in the army, a young maiden secretly goes in his place and becomes one of China's greatest heroines in the process.","English, Mandarin",United States,Nominated for 1 Oscar. 17 wins & 21 nominations total,https://m.media-amazon.com/images/M/MV5BYzU0ZTQxZDktOGY0Yy00NjdiLTllNDItMTMzMjI1YjMyYjRhXkEyXkFqcGc@._V1_SX300.jpg,72,7.7,"343,199","$120,620,254"
 Black and White,Richard Attenborough,95.0,240,0.0,249.0,Amrish Puri,545.0,,Biography|Drama|History,Candice Bergen,Gandhi ,171726,1943,John Gielgud,0.0,british|india|indian|muslim|pakistan,http://www.imdb.com/title/tt0083987/?ref_=fn_tt_tt_1,256.0,English,UK,PG,22000000.0,1982,429.0,8.1,2.35,12000,3,Biography,Drama,History,tt0083987,Gandhi,1982,PG,25 Feb 1983,191 min,"Biography, Drama, History",Richard Attenborough,John Briley,"Ben Kingsley, John Gielgud, Rohini Hattangadi",The life of the lawyer who became the famed leader of the Indian revolts against the British rule through his philosophy of nonviolent protest.,"English, Hindi","United Kingdom, India",Won 8 Oscars. 35 wins & 23 nominations total,https://m.media-amazon.com/images/M/MV5BNTg3ODhlZTEtM2Q3MC00YzMxLWJjN2YtOWUyMDIyYTlhYzM3XkEyXkFqcGc@._V1_SX300.jpg,79,8.0,"245,835","$52,767,889"
Color,Sharon Maguire,168.0,97,11.0,887.0,Jim Broadbent,14000.0,71500556.0,Comedy|Drama|Romance,Colin Firth,Bridget Jones's Diary ,171568,16999,Shirley Henderson,3.0,american actress playing british character|book publishing|calorie counting|employer employee relationship|rabbit costume,http://www.imdb.com/title/tt0243155/?ref_=fn_tt_tt_1,571.0,English,UK,R,26000000.0,2001,1000.0,6.7,2.35,0,3,Comedy,Drama,Romance,tt0243155,Bridget Jones's Diary,2001,R,13 Apr 2001,97 min,"Comedy, Drama, Romance",Sharon Maguire,"Helen Fielding, Andrew Davies, Richard Curtis","Renée Zellweger, Colin Firth, Hugh Grant",Bridget Jones is determined to improve herself while she looks for love in a year in which she keeps a personal diary.,English,"Ireland, United Kingdom, France, United States",Nominated for 1 Oscar. 8 wins & 32 nominations total,https://m.media-amazon.com/images/M/MV5BNTM1MTFiNDEtMGYzZC00MjM5LWEwMWMtN2VhNjg1MTEzOTg3XkEyXkFqcGc@._V1_SX300.jpg,66,6.8,"284,343","$71,543,427"
Color,Nimród Antal,351.0,107,190.0,520.0,Alice Braga,2000.0,52000688.0,Action|Adventure|Sci-Fi|Thriller,Topher Grace,Predators ,171418,4243,Derek Mears,0.0,kicked in the face|martial arts|punched in the face|strong female character|woman punching a man,http://www.imdb.com/title/tt1424381/?ref_=fn_tt_tt_1,619.0,English,USA,R,40000000.0,2010,1000.0,6.4,2.35,17000,4,Action,Adventure,Sci-Fi,tt1424381,Predators,2010,R,09 Jul 2010,107 min,"Action, Adventure, Sci-Fi",Nimród Antal,"Alex Litvak, Michael Finch, Jim Thomas","Adrien Brody, Laurence Fishburne, Topher Grace",A group of elite warriors parachute into an unfamiliar jungle and are hunted by members of a merciless alien race.,"English, Spanish, Russian",United States,2 wins & 4 nominations total,https://m.media-amazon.com/images/M/MV5BODNhMWY0MDQtNjgwZC00YjM3LWEwMDItMWM3MTg4ZjA5ODgwXkEyXkFqcGc@._V1_SX300.jpg,51,6.4,"260,920","$52,000,688"
Color,Luke Greenfield,126.0,110,42.0,111.0,Timothy Bottoms,355.0,14589444.0,Comedy|Drama|Romance,Chris Marquette,The Girl Next Door ,171151,911,Jacob Young,2.0,forced to strip|male rear nudity|porn actress|scantily clad female|teenager,http://www.imdb.com/title/tt0265208/?ref_=fn_tt_tt_1,513.0,English,USA,R,25000000.0,2004,155.0,6.8,1.85,0,3,Comedy,Drama,Romance,tt0265208,The Girl Next Door,2004,R,09 Apr 2004,109 min,"Comedy, Drama, Romance",Luke Greenfield,"David Wagner, Brent Goldberg, Stuart Blumberg","Emile Hirsch, Elisha Cuthbert, Timothy Olyphant",A teenager's dreams come true when a former porn star moves in next door and they fall in love.,English,United States,2 wins & 4 nominations total,https://m.media-amazon.com/images/M/MV5BMTQ0ODIyMzE1N15BMl5BanBnXkFtZTcwODEwODczMw@@._V1_SX300.jpg,47,6.7,"257,258","$14,589,444"
Color,Steven Soderbergh,223.0,190,0.0,215.0,Jacob Vargas,599.0,124107476.0,Crime|Drama|Thriller,Michael O'Neill,Traffic ,170684,1418,James Lew,0.0,cocaine|drug smuggling|interlinked stories|judge|mexico,http://www.imdb.com/title/tt0181865/?ref_=fn_tt_tt_1,867.0,English,USA,R,48000000.0,2000,399.0,7.6,1.85,0,3,Crime,Drama,Thriller,tt0181865,Traffic,2000,R,05 Jan 2001,147 min,"Crime, Drama, Thriller",Steven Soderbergh,"Simon Moore, Stephen Gaghan","Michael Douglas, Benicio Del Toro, Catherine Zeta-Jones","A conservative judge is appointed by the President to spearhead America's escalating war against drugs, only to discover that his teenage daughter is a crack addict. Two DEA agents protect an informant. A jailed drug baron's wife ...","English, Spanish","Germany, United States",Won 4 Oscars. 73 wins & 86 nominations total,https://m.media-amazon.com/images/M/MV5BOWM3OWEzZGMtNThmZS00ZGFmLTk4ZDctMGQ4NmRhZGM4ZjUxXkEyXkFqcGc@._V1_SX300.jpg,86,7.5,"228,102","$124,115,725"
Color,Jean-Pierre Jeunet,223.0,116,0.0,672.0,Michael Wincott,1000.0,47748610.0,Action|Horror|Sci-Fi,Gary Dourdan,Alien: Resurrection ,170179,3090,Raymond Cruz,0.0,alien|blood|breeding|clone|scientist,http://www.imdb.com/title/tt0118583/?ref_=fn_tt_tt_1,656.0,English,USA,R,75000000.0,1997,720.0,6.3,2.35,0,3,Action,Horror,Sci-Fi,tt0118583,Alien: Resurrection,1997,R,26 Nov 1997,109 min,"Action, Horror, Sci-Fi",Jean-Pierre Jeunet,"Dan O'Bannon, Ronald Shusett, Joss Whedon","Sigourney Weaver, Winona Ryder, Dominique Pinon","Two centuries after her death, a powerful human/alien hybrid clone of Ellen Ripley aids a crew of space pirates in stopping the aliens from reaching Earth.","English, Spanish",United States,7 wins & 21 nominations total,"https://m.media-amazon.com/images/M/MV5BNDMyNmU5ZGQtNzhiZi00NjRjLTk3NGUtMmQ5YWU4ODlkNTBhXkEyXkFqcGc@._V1_QL75_UY562_CR4,0,380,562_.jpg",62,6.2,"291,722","$47,795,658"
Color,Thomas Vinterberg,349.0,115,346.0,26.0,Alexandra Rapaport,74.0,610968.0,Drama,Thomas Bo Larsen,The Hunt ,170155,216,Hana Shuan,1.0,deer|gun|gunshot|hunt|kindergarten teacher,http://www.imdb.com/title/tt2106476/?ref_=fn_tt_tt_1,249.0,Danish,Denmark,R,3800000.0,2012,69.0,8.3,2.35,60000,1,Drama,,,tt2106476,The Hunt,2012,R,14 Nov 2012,115 min,Drama,Thomas Vinterberg,"Thomas Vinterberg, Tobias Lindholm","Mads Mikkelsen, Thomas Bo Larsen, Annika Wedderkopp","A teacher lives a lonely life, all the while struggling over his son's custody. His life slowly gets better as he finds love and receives good news from his son, but his new luck is about to be brutally shattered by an innocent li...","Danish, English, Polish","Denmark, Sweden, Belgium, France",Nominated for 1 Oscar. 38 wins & 74 nominations total,https://m.media-amazon.com/images/M/MV5BMTg2NDg3ODg4NF5BMl5BanBnXkFtZTcwNzk3NTc3Nw@@._V1_SX300.jpg,77,8.3,"397,079","$613,308"
Color,Randal Kleiser,124.0,110,116.0,898.0,Stockard Channing,1000.0,181360000.0,Musical|Romance,Olivia Newton-John,Grease ,170027,5127,Sid Caesar,2.0,automobile racing|boyfriend girlfriend relationship|high school|wrestling|year 1959,http://www.imdb.com/title/tt0077631/?ref_=fn_tt_tt_1,350.0,English,USA,PG-13,6000000.0,1978,944.0,7.2,2.35,13000,2,Musical,Romance,,tt0077631,Grease,1978,PG,16 Jun 1978,110 min,"Comedy, Musical, Romance",Randal Kleiser,"Jim Jacobs, Warren Casey, Bronte Woodard","John Travolta, Olivia Newton-John, Stockard Channing","Good girl Sandy Olsson and greaser Danny Zuko fell in love over the summer. When they unexpectedly discover they're now in the same high school, will they be able to rekindle their romance?",English,United States,Nominated for 1 Oscar. 8 wins & 10 nominations total,https://m.media-amazon.com/images/M/MV5BNGY0NzE0ZTctN2YzNC00M2IwLWI0OWYtMTAwZWU2NjZhMTQwXkEyXkFqcGc@._V1_SX300.jpg,70,7.2,"323,963","$190,071,103"
 Black and White,Lee Tamahori,264.0,133,93.0,746.0,Colin Salmon,769.0,160201106.0,Action|Adventure|Thriller,Toby Stephens,Die Another Day ,169914,2538,Rick Yune,0.0,catfight|clinic|colonel|diamond|patricide,http://www.imdb.com/title/tt0246460/?ref_=fn_tt_tt_1,1185.0,English,UK,PG-13,142000000.0,2002,766.0,6.1,2.35,0,3,Action,Adventure,Thriller,tt0246460,Die Another Day,2002,PG-13,22 Nov 2002,133 min,"Action, Adventure, Thriller",Lee Tamahori,"Ian Fleming, Neal Purvis, Robert Wade","Pierce Brosnan, Halle Berry, Rosamund Pike","James Bond is sent to investigate the connection between a North Korean terrorist and a diamond mogul, who is funding the development of an international space weapon.","English, Korean, Cantonese, Spanish, German, Icelandic, Italian, Arabic","United Kingdom, United States",6 wins & 36 nominations total,https://m.media-amazon.com/images/M/MV5BNDZiYWFmOTQtMTQ5Yy00MzA3LWFlNzktZTVmMGQ1MDA4MjEyXkEyXkFqcGc@._V1_SX300.jpg,56,6.1,"236,957","$160,942,139"
Color,Martin Brest,98.0,178,102.0,551.0,Brad Pitt,12000.0,44606335.0,Drama|Fantasy|Romance,Anthony Hopkins,Meet Joe Black ,169023,23950,Jake Weber,0.0,birthday|death|death personified|fear of death|wealth,http://www.imdb.com/title/tt0119643/?ref_=fn_tt_tt_1,703.0,English,USA,PG-13,90000000.0,1998,11000.0,7.1,1.85,10000,3,Drama,Fantasy,Romance,tt0119643,Meet Joe Black,1998,PG-13,13 Nov 1998,178 min,"Drama, Fantasy, Romance",Martin Brest,"Ron Osborn, Jeff Reno, Kevin Wade","Brad Pitt, Anthony Hopkins, Claire Forlani",Death makes a deal with a principled widower.,"English, Dutch",United States,3 wins & 6 nominations total,https://m.media-amazon.com/images/M/MV5BMjVjNjAwYWItMDc0ZC00MTEwLWJiN2MtM2U4YThjNWE5YTZmXkEyXkFqcGc@._V1_SX300.jpg,43,7.2,"293,274","$44,619,100"
Color,Ivan Reitman,245.0,108,425.0,766.0,Greta Gerwig,20000.0,70625986.0,Comedy|Romance,Natalie Portman,No Strings Attached ,168717,22739,Mindy Kaling,1.0,ex girlfriend|funeral|hospital|male objectification|summer camp,http://www.imdb.com/title/tt1411238/?ref_=fn_tt_tt_1,178.0,English,USA,R,25000000.0,2011,962.0,6.2,2.35,24000,2,Comedy,Romance,,tt1411238,No Strings Attached,2011,R,21 Jan 2011,108 min,"Comedy, Romance",Ivan Reitman,"Elizabeth Meriwether, Michael Samonek","Natalie Portman, Ashton Kutcher, Kevin Kline","A guy and girl try to keep their relationship strictly physical, but it's not long before they learn that they want something more.","English, Ukrainian",United States,2 wins & 7 nominations total,https://m.media-amazon.com/images/M/MV5BMTg2MDQ1NTEzNl5BMl5BanBnXkFtZTcwOTgxNTMyNA@@._V1_SX300.jpg,50,6.2,"252,790","$70,662,220"
Color,Richard Linklater,211.0,80,0.0,3.0,Albert Delpy,50.0,5792822.0,Drama|Romance,Vernon Dobtcheff,Before Sunset ,168398,65,Marie Pillet,0.0,book|bookstore|love|simultaneity|train,http://www.imdb.com/title/tt0381681/?ref_=fn_tt_tt_1,492.0,English,USA,R,2700000.0,2004,8.0,8.0,1.85,13000,2,Drama,Romance,,tt0381681,Before Sunset,2004,R,30 Jul 2004,80 min,"Drama, Romance",Richard Linklater,"Richard Linklater, Julie Delpy, Ethan Hawke","Ethan Hawke, Julie Delpy, Vernon Dobtcheff","Nine years after Jesse and Celine first met, they encounter each other again on the French leg of Jesse's book tour.","English, French",United States,Nominated for 1 Oscar. 10 wins & 32 nominations total,https://m.media-amazon.com/images/M/MV5BMTQ1MjAwNTM5Ml5BMl5BanBnXkFtZTYwNDM0MTc3._V1_SX300.jpg,91,8.1,"309,299","$5,820,649"
Color,Mike Nichols,212.0,98,0.0,23.0,Julia Roberts,20000.0,33987757.0,Drama|Romance,Natalie Portman,Closer ,168314,28027,Colin Stinton,2.0,cheating wife|film camera|hasselblad camera|leica camera|medium format camera,http://www.imdb.com/title/tt0376541/?ref_=fn_tt_tt_1,903.0,English,USA,R,27000000.0,2004,8000.0,7.3,1.85,12000,2,Drama,Romance,,tt0376541,Closer,2004,R,03 Dec 2004,104 min,"Drama, Romance",Mike Nichols,Patrick Marber,"Natalie Portman, Jude Law, Clive Owen",The relationships of two couples become complicated and deceitful when the man from one couple meets the woman of the other.,English,"United Kingdom, United States",Nominated for 2 Oscars. 22 wins & 50 nominations total,https://m.media-amazon.com/images/M/MV5BZDIxYWIyZGMtNTAxZC00NDQxLThkOGQtZTUxNmZiMjFhYTEzXkEyXkFqcGc@._V1_SX300.jpg,65,7.1,"248,733","$33,987,757"
Color,Peter Weir,244.0,138,608.0,168.0,Lee Ingleby,613.0,93926386.0,Action|Adventure|Drama|History|War,James D'Arcy,Master and Commander: The Far Side of the World ,168207,1205,David Threlfall,1.0,1800s|napoleonic wars|pursuit|royal navy|ship,http://www.imdb.com/title/tt0311113/?ref_=fn_tt_tt_1,684.0,English,USA,PG-13,150000000.0,2003,172.0,7.4,2.35,0,5,Action,Adventure,Drama,tt0311113,Master and Commander: The Far Side of the World,2003,PG-13,14 Nov 2003,138 min,"Action, Adventure, Drama",Peter Weir,"Patrick O'Brian, Peter Weir, John Collee","Russell Crowe, Paul Bettany, Billy Boyd","During the Napoleonic Wars, a brash British captain pushes his ship and crew to their limits in pursuit of a formidable French war vessel around South America.","English, French, Portuguese",United States,Won 2 Oscars. 23 wins & 90 nominations total,https://m.media-amazon.com/images/M/MV5BZDEzYmZmOTYtMzdlYS00MWNjLWE2YjEtMzkyZTMyOWZjMjkyXkEyXkFqcGc@._V1_SX300.jpg,81,7.5,"253,886","$93,927,920"
Color,Wolfgang Petersen,96.0,293,249.0,18.0,Martin Semmelrogge,362.0,11433134.0,Adventure|Drama|Thriller|War,Jürgen Prochnow,Das Boot ,168203,469,Herbert Grönemeyer,0.0,duty|submarine|submarine movie|tension|u boat,http://www.imdb.com/title/tt0082096/?ref_=fn_tt_tt_1,426.0,German,West Germany,R,14000000.0,1981,21.0,8.4,1.85,11000,4,Adventure,Drama,Thriller,tt0082096,Das Boot,1981,R,10 Feb 1982,149 min,"Drama, War",Wolfgang Petersen,"Lothar G. Buchheim, Wolfgang Petersen","Jürgen Prochnow, Herbert Grönemeyer, Klaus Wennemann",A German U-boat stalks the frigid waters of the North Atlantic as its young crew experience the sheer terror and claustrophobic life of a submariner in World War II.,"German, English, French",West Germany,Nominated for 6 Oscars. 15 wins & 12 nominations total,https://m.media-amazon.com/images/M/MV5BNGU0MWZlMTUtM2Y3Ny00NGNmLWE5NmEtN2YxOWQzMGM3ZWYzXkEyXkFqcGc@._V1_SX300.jpg,85,8.4,"285,572","$11,487,676"
Color,Peter Segal,265.0,110,88.0,11000.0,Dwayne Johnson,13000.0,130313314.0,Action|Adventure|Comedy,Bill Murray,Get Smart ,168172,44798,Anne Hathaway,1.0,airplane|misunderstanding|obese woman|overweight woman|spy,http://www.imdb.com/title/tt0425061/?ref_=fn_tt_tt_1,380.0,English,USA,PG-13,80000000.0,2008,12000.0,6.5,1.85,0,3,Action,Adventure,Comedy,tt0425061,Get Smart,2008,PG-13,20 Jun 2008,110 min,"Action, Adventure, Comedy",Peter Segal,"Tom J. Astle, Matt Ember, Mel Brooks","Steve Carell, Anne Hathaway, Alan Arkin","Maxwell Smart, a highly intellectual but bumbling spy working for the CONTROL agency, is tasked with preventing a terrorist attack from rival spy agency KAOS.","English, Punjabi, Arabic, Russian",United States,3 wins & 6 nominations total,https://m.media-amazon.com/images/M/MV5BMTY0NzQ4MDU0NV5BMl5BanBnXkFtZTcwMzA2NzQ2MQ@@._V1_SX300.jpg,54,6.5,"236,066","$130,319,208"
Color,Richard LaGravenese,131.0,126,98.0,37.0,Harry Connick Jr.,18000.0,53680848.0,Drama|Romance,Gerard Butler,P.S. I Love You ,167967,18726,Nellie McKay,1.0,birthday|friendship|hairy chest|letter|widow,http://www.imdb.com/title/tt0431308/?ref_=fn_tt_tt_1,243.0,English,USA,PG-13,30000000.0,2007,631.0,7.1,1.85,20000,2,Drama,Romance,,tt0431308,P.S. I Love You,2007,PG-13,21 Dec 2007,126 min,"Comedy, Drama, Romance",Richard LaGravenese,"Richard LaGravenese, Steven Rogers, Cecelia Ahern","Hilary Swank, Gerard Butler, Harry Connick Jr.",A young widow discovers that her late husband has left her 10 messages intended to help ease her pain and start a new life.,English,"United States, United Kingdom",2 wins & 4 nominations total,https://m.media-amazon.com/images/M/MV5BNTg2MDg4MjI5NV5BMl5BanBnXkFtZTcwMzQ0MDczMw@@._V1_SX300.jpg,39,7.0,"224,656","$53,706,790"
Color,Baz Luhrmann,106.0,120,1000.0,954.0,Harold Perrineau,29000.0,46338728.0,Drama|Romance,Leonardo DiCaprio,Romeo + Juliet ,167750,33791,Brian Dennehy,2.0,hawaiian shirt|love|shakespeare adaptation|shakespeare play|star crossed lovers,http://www.imdb.com/title/tt0117509/?ref_=fn_tt_tt_1,506.0,English,USA,PG-13,14500000.0,1996,1000.0,6.8,2.35,10000,2,Drama,Romance,,tt0117509,Romeo + Juliet,1996,PG-13,01 Nov 1996,120 min,"Drama, Romance",Baz Luhrmann,"William Shakespeare, Craig Pearce, Baz Luhrmann","Leonardo DiCaprio, Claire Danes, John Leguizamo",Shakespeare's famous play is updated to the hip modern suburb of Verona still retaining its original dialogue.,English,"United States, Mexico, Australia, Canada",Nominated for 1 Oscar. 15 wins & 30 nominations total,https://m.media-amazon.com/images/M/MV5BZjBhYjkxN2EtNDc1Yy00NTViLTkxMjQtMDYxMzM0MzA3NGQ4XkEyXkFqcGc@._V1_SX300.jpg,60,6.7,"257,554","$46,351,345"
Color,Jonathan Liebesman,348.0,101,473.0,429.0,Danny Woodburn,833.0,190871240.0,Action|Adventure|Comedy|Sci-Fi,Noel Fisher,Teenage Mutant Ninja Turtles ,167085,2690,Jeremy Howard,0.0,18 wheeler|mutant|ninja|sewer|turtle,http://www.imdb.com/title/tt1291150/?ref_=fn_tt_tt_1,491.0,English,USA,PG-13,125000000.0,2014,809.0,5.9,2.35,62000,4,Action,Adventure,Comedy,tt1291150,Teenage Mutant Ninja Turtles,2014,PG-13,08 Aug 2014,101 min,"Animation, Action, Adventure",Jonathan Liebesman,"Josh Appelbaum, André Nemec, Evan Daugherty","Megan Fox, Will Arnett, William Fichtner","When a kingpin threatens New York City, a group of mutated turtle warriors must emerge from the shadows to protect their home.","English, Japanese",United States,1 win & 11 nominations total,https://m.media-amazon.com/images/M/MV5BNjUzODQ5MDY5NV5BMl5BanBnXkFtZTgwOTc1NzcyMjE@._V1_SX300.jpg,31,5.8,"229,104","$191,204,754"
Color,Carlos Saldanha,188.0,94,107.0,117.0,Maile Flanagan,835.0,196573705.0,Action|Adventure|Animation|Comedy|Family,Denis Leary,Ice Age: Dawn of the Dinosaurs ,166791,1258,Kelly Keaton,0.0,egg|lost world|rescue|squirrel|weasel,http://www.imdb.com/title/tt1080016/?ref_=fn_tt_tt_1,132.0,English,USA,PG,90000000.0,2009,256.0,7.0,1.85,0,5,Action,Adventure,Animation,tt1080016,Ice Age: Dawn of the Dinosaurs,2009,PG,01 Jul 2009,94 min,"Animation, Adventure, Comedy","Carlos Saldanha, Michael Thurmeier","Michael Berg, Peter Ackerman, Mike Reiss","Ray Romano, John Leguizamo, Denis Leary","When Sid's attempt to adopt three dinosaur eggs gets him abducted by their real mother to an underground lost world, his friends attempt to rescue him.",English,"United States, United Kingdom, Canada",3 wins & 13 nominations total,https://m.media-amazon.com/images/M/MV5BZWJjZDYwMjgtZDZiMy00YzcyLThjN2YtYjI1ZDQ2ZDJkOTVmXkEyXkFqcGc@._V1_SX300.jpg,50,6.9,"283,955","$196,573,705"
Color,Daniel Espinosa,298.0,115,79.0,820.0,Ryan Reynolds,18000.0,126149655.0,Action|Crime|Mystery|Thriller,Denzel Washington,Safe House ,166693,36237,Sam Shepard,1.0,cia|cia agent|consulate|on the run|safe house,http://www.imdb.com/title/tt1599348/?ref_=fn_tt_tt_1,276.0,English,USA,R,85000000.0,2012,16000.0,6.8,2.35,19000,4,Action,Crime,Mystery,tt1599348,Safe House,2012,R,10 Feb 2012,115 min,"Action, Thriller",Daniel Espinosa,David Guggenheim,"Denzel Washington, Ryan Reynolds, Robert Patrick","A young CIA agent is tasked with looking after a fugitive in a safe house. But when the safe house is attacked, he finds himself on the run with his charge.","English, Afrikaans","Japan, United States, South Africa",1 win & 7 nominations total,https://m.media-amazon.com/images/M/MV5BMjI5ODkyMjA2Nl5BMl5BanBnXkFtZTcwNTcyNTgzNw@@._V1_SX300.jpg,52,6.7,"248,951","$126,373,434"
Color,Paul W.S. Anderson,230.0,111,545.0,805.0,Max Ryan,26000.0,36064910.0,Action|Sci-Fi|Thriller,Jason Statham,Death Race ,166610,28643,Joan Allen,4.0,armored car|car|murder|prison|warden,http://www.imdb.com/title/tt0452608/?ref_=fn_tt_tt_1,211.0,English,USA,R,45000000.0,2008,872.0,6.4,2.35,0,3,Action,Sci-Fi,Thriller,tt0452608,Death Race,2008,R,22 Aug 2008,105 min,"Action, Sci-Fi, Thriller",Paul W.S. Anderson,"Paul W.S. Anderson, Robert Thom, Charles B. Griffith","Jason Statham, Joan Allen, Tyrese Gibson",Ex-con Jensen Ames is forced by the warden of a notorious prison to compete in our post-industrial world's most popular sport: a car race in which inmates must brutalize and kill one another on the road to victory.,English,"United Kingdom, Germany, United States",1 win & 5 nominations total,"https://m.media-amazon.com/images/M/MV5BZjdlNmJjM2ItYjkwOS00NDMxLWFjM2QtNzcyZjJkYzEzYzQ5XkEyXkFqcGc@._V1_QL75_UY562_CR3,0,380,562_.jpg",43,6.4,"228,299","$36,316,032"
Color,Woody Allen,278.0,119,11000.0,400.0,Mark Gatiss,19000.0,23089926.0,Drama|Romance|Thriller,Scarlett Johansson,Match Point ,166269,20391,Penelope Wilton,3.0,extramarital affair|infidelity|irony of fate|surprise ending|tennis,http://www.imdb.com/title/tt0416320/?ref_=fn_tt_tt_1,735.0,English,UK,R,15000000.0,2005,567.0,7.7,1.85,0,3,Drama,Romance,Thriller,tt0416320,Match Point,2005,R,20 Jan 2006,124 min,"Drama, Romance, Thriller",Woody Allen,Woody Allen,"Scarlett Johansson, Jonathan Rhys Meyers, Emily Mortimer","At a turning point in his life, a former tennis pro falls for an actress who happens to be dating his friend and soon-to-be brother-in-law.",English,"United Kingdom, Luxembourg, United States",Nominated for 1 Oscar. 12 wins & 32 nominations total,https://m.media-amazon.com/images/M/MV5BMTQ1NzQ4OTM4MV5BMl5BanBnXkFtZTcwNzY2OTQzMw@@._V1_SX300.jpg,72,7.6,"237,455","$23,151,529"
Color,John Hamburg,215.0,105,29.0,257.0,Jon Favreau,24000.0,71347010.0,Comedy|Romance,J.K. Simmons,"I Love You, Man ",166194,28928,Jane Curtin,2.0,bromance|friend|gay brother|homosexual subtext|wedding,http://www.imdb.com/title/tt1155056/?ref_=fn_tt_tt_1,215.0,English,USA,R,40000000.0,2009,4000.0,7.1,1.85,0,2,Comedy,Romance,,tt1155056,"I Love You, Man",2009,R,20 Mar 2009,105 min,"Comedy, Romance",John Hamburg,"John Hamburg, Larry Levin","Paul Rudd, Jason Segel, Rashida Jones","Friendless Peter Klaven goes on a series of man-dates to find a Best Man for his wedding. But, when his insta-bond with his new B.F.F. puts a strain on his relationship with his fiancée, can the trio learn to live happily ever after?",English,United States,1 win & 8 nominations total,https://m.media-amazon.com/images/M/MV5BMTU4MjI5NTEyNV5BMl5BanBnXkFtZTcwNjQ1NTMzMg@@._V1_SX300.jpg,70,7.0,"224,926","$71,440,011"
Color,Francis Lawrence,389.0,137,508.0,14000.0,Philip Seymour Hoffman,34000.0,281666058.0,Adventure|Sci-Fi,Jennifer Lawrence,The Hunger Games: Mockingjay - Part 2 ,166137,81385,Josh Hutcherson,1.0,death of sister|dystopia|execution|rebellion|revolution,http://www.imdb.com/title/tt1951266/?ref_=fn_tt_tt_1,383.0,English,USA,PG-13,160000000.0,2015,22000.0,6.6,2.35,38000,2,Adventure,Sci-Fi,,tt1951266,The Hunger Games: Mockingjay - Part 2,2015,PG-13,20 Nov 2015,137 min,"Action, Adventure, Sci-Fi",Francis Lawrence,"Peter Craig, Danny Strong, Suzanne Collins","Jennifer Lawrence, Josh Hutcherson, Liam Hemsworth",Katniss and a team of rebels from District 13 prepare for the final battle that will decide the fate of Panem.,English,"United States, Germany, Canada, France",15 wins & 34 nominations total,https://m.media-amazon.com/images/M/MV5BNjQzNDI2NTU1Ml5BMl5BanBnXkFtZTgwNTAyMDQ5NjE@._V1_SX300.jpg,65,6.6,"410,756","$281,723,902"
Color,Ethan Maniquis,391.0,105,20.0,844.0,Don Johnson,22000.0,26589953.0,Action|Crime|Thriller,Robert De Niro,Machete ,165792,26233,Cheech Marin,1.0,machete|mexican|mexico|priest|texas,http://www.imdb.com/title/tt0985694/?ref_=fn_tt_tt_1,392.0,English,USA,R,10500000.0,2010,982.0,6.7,1.85,44000,3,Action,Crime,Thriller,tt0985694,Machete,2010,R,03 Sep 2010,105 min,"Action, Crime, Thriller","Ethan Maniquis, Robert Rodriguez","Robert Rodriguez, Álvaro Rodríguez","Danny Trejo, Michelle Rodriguez, Robert De Niro","After being set-up and betrayed by the man who hired him to assassinate a Texas Senator, an ex-Federale launches a brutal rampage of revenge against his former boss.","English, Spanish, Hungarian","United States, Germany, United Kingdom",2 wins & 6 nominations total,https://m.media-amazon.com/images/M/MV5BZTY0OTZmYTMtMjhmOC00NzM3LTk2Y2MtMDg1ODNlOTkyNTcwXkEyXkFqcGc@._V1_SX300.jpg,60,6.6,"208,928","$26,593,646"
Color,John Sturges,111.0,172,120.0,145.0,Donald Pleasence,773.0,,Adventure|Drama|History|Thriller|War,James Coburn,The Great Escape ,165638,1785,Gordon Jackson,0.0,digging|escape|escape attempt|prisoner|tunnel,http://www.imdb.com/title/tt0057115/?ref_=fn_tt_tt_1,301.0,English,USA,Approved,4000000.0,1963,742.0,8.3,2.35,8000,5,Adventure,Drama,History,tt0057115,The Great Escape,1963,Approved,04 Jul 1963,172 min,"Adventure, Drama, Thriller",John Sturges,"Paul Brickhill, James Clavell, W.R. Burnett","Steve McQueen, James Garner, Richard Attenborough",Allied officers in a German prisoner of war camp during World War II make a daring plan for a mass escape by hundreds of POWs hoping to draw German personnel and resources away from combat operations.,"English, German, French, Russian, Spanish",United States,Nominated for 1 Oscar. 3 wins & 12 nominations total,https://m.media-amazon.com/images/M/MV5BMDRhNmJjMzEtMWU5MC00YmEyLTg3ZmYtNzYxZTI1ZGU4ZjI1XkEyXkFqcGc@._V1_SX300.jpg,86,8.2,"276,075",N/A
Color,John Moore,412.0,101,212.0,476.0,Cole Hauser,13000.0,67344392.0,Action|Thriller,Bruce Willis,A Good Day to Die Hard ,165618,15481,Megalyn Echikunwoke,2.0,bomb|cia|courthouse|escape|russian,http://www.imdb.com/title/tt1606378/?ref_=fn_tt_tt_1,503.0,English,USA,R,92000000.0,2013,787.0,5.3,1.85,66000,2,Action,Thriller,,tt1606378,A Good Day to Die Hard,2013,R,14 Feb 2013,98 min,"Action, Thriller",John Moore,"Skip Woods, Roderick Thorp","Bruce Willis, Jai Courtney, Sebastian Koch","John McClane travels to Russia to help out his seemingly wayward son, Jack, only to discover that Jack is a CIA operative working undercover, causing the father and son to team up against underworld forces.",English,"United States, United Kingdom, Hungary",5 wins & 8 nominations total,https://m.media-amazon.com/images/M/MV5BMTcwNzgyNzUzOV5BMl5BanBnXkFtZTcwMzAwOTA5OA@@._V1_SX300.jpg,28,5.2,"222,360","$67,349,198"
Color,Carlos Saldanha,240.0,96,107.0,350.0,Wanda Sykes,11000.0,143618384.0,Adventure|Animation|Comedy|Family|Musical,Anne Hathaway,Rio ,165333,12071,Will.i.am,0.0,bird|brazilian|cockatoo|macaw|minnesota,http://www.imdb.com/title/tt1436562/?ref_=fn_tt_tt_1,186.0,English,USA,G,90000000.0,2011,560.0,7.0,2.35,19000,5,Adventure,Animation,Comedy,tt1436562,Rio,2011,G,15 Apr 2011,96 min,"Animation, Adventure, Comedy",Carlos Saldanha,"Carlos Saldanha, Earl Richey Jones, Todd R. Jones","Jesse Eisenberg, Anne Hathaway, George Lopez","When Blu, a domesticated macaw from small-town Minnesota, meets the fiercely independent Jewel, he takes off on an adventure to Rio de Janeiro with the bird of his dreams.","English, Portuguese, Arabic, Spanish, Brazilian Sign ",United States,Nominated for 1 Oscar. 3 wins & 31 nominations total,https://m.media-amazon.com/images/M/MV5BMTU2MDY3MzAzMl5BMl5BanBnXkFtZTcwMTg0NjM5NA@@._V1_SX300.jpg,63,6.9,"270,787","$143,619,809"
Color,Joel Schumacher,224.0,98,541.0,897.0,Virginia Madsen,8000.0,35063732.0,Mystery|Thriller,Logan Lerman,The Number 23 ,164608,10938,Ed Lauter,1.0,destiny|detective|imagination|murder|sex scene,http://www.imdb.com/title/tt0481369/?ref_=fn_tt_tt_1,383.0,English,USA,R,32000000.0,2007,912.0,6.4,2.35,10000,2,Mystery,Thriller,,tt0481369,The Number 23,2007,R,23 Feb 2007,98 min,"Crime, Mystery, Thriller",Joel Schumacher,Fernley Phillips,"Jim Carrey, Virginia Madsen, Logan Lerman","Walter Sparrow becomes obsessed with a novel that he believes was written about him, as more and more similarities between himself and his literary alter ego seem to arise.","English, Mandarin",United States,5 nominations total,https://m.media-amazon.com/images/M/MV5BYWYwNmZlZWEtZmVmYy00NTU2LTk5MjUtY2I3ZmY4OGQ0OGVkXkEyXkFqcGc@._V1_SX300.jpg,N/A,6.4,"220,533","$35,193,167"
Color,Roland Emmerich,339.0,131,776.0,256.0,Jake Weber,17000.0,73103784.0,Action|Drama|Thriller,Channing Tatum,White House Down ,164238,18204,Matt Craven,2.0,black u.s. president|president|secret service|tour|white house,http://www.imdb.com/title/tt2334879/?ref_=fn_tt_tt_1,434.0,English,USA,PG-13,150000000.0,2013,551.0,6.4,2.35,33000,3,Action,Drama,Thriller,tt2334879,White House Down,2013,PG-13,28 Jun 2013,131 min,"Action, Drama, Thriller",Roland Emmerich,James Vanderbilt,"Channing Tatum, Jamie Foxx, Maggie Gyllenhaal","While on a tour of the White House with his young daughter, a Capitol policeman springs into action to save his child and protect the president from a heavily armed group of dangerous terrorists.",English,"United States, Canada",3 wins & 9 nominations total,https://m.media-amazon.com/images/M/MV5BNTZkMmRiY2EtOTljZS00MjJjLWFiNDQtNjEwYWE0NWNkYjI4XkEyXkFqcGc@._V1_SX300.jpg,52,6.3,"247,710","$73,103,784"
Color,Genndy Tartakovsky,256.0,91,266.0,11000.0,Adam Sandler,12000.0,148313048.0,Animation|Comedy|Family|Fantasy,Steve Buscemi,Hotel Transylvania ,164148,37142,Jon Lovitz,2.0,dracula|hotel|invisible man|monster|transylvania,http://www.imdb.com/title/tt0837562/?ref_=fn_tt_tt_1,168.0,English,USA,PG,85000000.0,2012,11000.0,7.1,1.85,28000,4,Animation,Comedy,Family,tt0837562,Hotel Transylvania,2012,PG,28 Sep 2012,91 min,"Animation, Comedy, Family",Genndy Tartakovsky,"Peter Baynham, Robert Smigel, Todd Durham","Adam Sandler, Kevin James, Andy Samberg","Dracula, who operates a high-end resort away from the human world, goes into overprotective mode when a boy discovers the resort and falls for the count's teenaged daughter.",English,"United States, Canada",2 wins & 15 nominations total,https://m.media-amazon.com/images/M/MV5BMTM3NjQyODI3M15BMl5BanBnXkFtZTcwMDM4NjM0OA@@._V1_SX300.jpg,47,7.0,"309,621","$148,426,305"
Color,Robert Luketic,174.0,96,126.0,954.0,John Michael Higgins,18000.0,88915214.0,Comedy|Romance,Gerard Butler,The Ugly Truth ,163665,22436,Eric Winter,2.0,call in|chick flick|date|hot air balloon|show producer,http://www.imdb.com/title/tt1142988/?ref_=fn_tt_tt_1,169.0,English,USA,R,38000000.0,2009,957.0,6.5,2.35,9000,2,Comedy,Romance,,tt1142988,The Ugly Truth,2009,R,24 Jul 2009,96 min,"Comedy, Romance",Robert Luketic,"Nicole Eastman, Karen McCullah, Kirsten Smith","Katherine Heigl, Gerard Butler, Bree Turner",An uptight television producer takes control of a morning show segment on modern relationships hosted by a misogynistic man.,English,United States,3 wins & 5 nominations total,https://m.media-amazon.com/images/M/MV5BMTM2MTM2OTUwNl5BMl5BanBnXkFtZTcwNTgwNTE0Mg@@._V1_SX300.jpg,28,6.4,"240,925","$88,915,214"
Color,Tony Scott,122.0,121,12000.0,975.0,Gary Oldman,11000.0,12281500.0,Action|Crime|Drama|Romance|Thriller,Brad Pitt,True Romance ,163492,23602,Michael Rapaport,3.0,aspiring actor|cocaine|drugs|pimp|suitcase full of money,http://www.imdb.com/title/tt0108399/?ref_=fn_tt_tt_1,460.0,English,USA,R,13000000.0,1993,10000.0,8.0,2.35,15000,5,Action,Crime,Drama,tt0108399,True Romance,1993,R,10 Sep 1993,119 min,"Crime, Drama, Romance",Tony Scott,"Quentin Tarantino, Roger Avary","Christian Slater, Patricia Arquette, Dennis Hopper","In Detroit, a pop-culture enthusiast steals cocaine from his new wife's pimp and tries to sell it in Hollywood, prompting the mobsters who own the drugs to pursue the couple.","English, Italian","United States, France",1 win & 10 nominations total,https://m.media-amazon.com/images/M/MV5BYzQ5OGMwMDAtMzcyOS00YTA4LWEwM2MtOTA1MDZjZGEyYmI1XkEyXkFqcGc@._V1_SX300.jpg,59,7.9,"259,434","$12,281,551"
Color,M. Night Shyamalan,323.0,91,0.0,751.0,Alan Ruck,11000.0,64505912.0,Sci-Fi|Thriller,Zooey Deschanel,The Happening ,163130,13654,Kristen Connolly,0.0,bee|nature|park|school|teacher,http://www.imdb.com/title/tt0949731/?ref_=fn_tt_tt_1,1264.0,English,USA,R,48000000.0,2008,946.0,5.0,1.85,6000,2,Sci-Fi,Thriller,,tt0949731,The Happening,2008,R,13 Jun 2008,91 min,"Adventure, Drama, Sci-Fi",M. Night Shyamalan,M. Night Shyamalan,"Mark Wahlberg, Zooey Deschanel, John Leguizamo","A science teacher, his wife, and a young girl struggle to survive a plague that causes those infected to commit suicide.","English, French","United States, India",3 wins & 10 nominations total,https://m.media-amazon.com/images/M/MV5BMTc2MjcwNjI0MF5BMl5BanBnXkFtZTcwMjM4NjM3MQ@@._V1_SX300.jpg,34,5.0,"225,925","$64,506,874"
Color,Jay Roach,194.0,94,116.0,481.0,Josh Zuckerman,645.0,213079163.0,Action|Comedy|Crime,Verne Troyer,Austin Powers in Goldmember ,162909,2725,Robert Wagner,2.0,fem bot|prison|seductive fembot|spy|time travel,http://www.imdb.com/title/tt0295178/?ref_=fn_tt_tt_1,795.0,English,USA,PG-13,63000000.0,2002,522.0,6.2,2.35,0,3,Action,Comedy,Crime,tt0295178,Austin Powers in Goldmember,2002,PG-13,26 Jul 2002,94 min,"Action, Adventure, Comedy",Jay Roach,"Mike Myers, Michael McCullers","Mike Myers, Beyoncé, Seth Green","Upon learning that his father has been kidnapped, Austin Powers must travel to 1975 and defeat the aptly named villain Goldmember, who is working with Dr. Evil.","English, Japanese, German, French",United States,5 wins & 23 nominations total,https://m.media-amazon.com/images/M/MV5BYTUwYjI0YzctMGI5Yy00NGU5LTgwMGUtMzE1OWZhYmRlMjMyXkEyXkFqcGc@._V1_SX300.jpg,62,6.3,"233,424","$213,307,889"
Color,Adam Shankman,80.0,101,163.0,488.0,Peter Coyote,683.0,41227069.0,Drama|Romance,Lauren German,A Walk to Remember ,162701,2436,Paz de la Huerta,1.0,community service|love|punishment|school|student,http://www.imdb.com/title/tt0281358/?ref_=fn_tt_tt_1,962.0,English,USA,PG,11000000.0,2002,548.0,7.4,2.35,19000,2,Drama,Romance,,tt0281358,A Walk to Remember,2002,PG,25 Jan 2002,101 min,"Drama, Romance",Adam Shankman,"Nicholas Sparks, Karen Janszen","Mandy Moore, Shane West, Peter Coyote","Two North Carolina teens, Landon Carter and Jamie Sullivan, are thrown together after Landon gets into trouble and is sentenced to perform community service.",English,United States,4 wins & 2 nominations total,https://m.media-amazon.com/images/M/MV5BYjkxZWE0YjMtYTk2OS00ZmFjLTk2YjEtY2M3MGY4MzE4MGNkXkEyXkFqcGc@._V1_SX300.jpg,35,7.3,"229,610","$41,281,092"
Color,Jesse Dylan,153.0,74,58.0,729.0,Thomas Ian Nicholas,3000.0,104354205.0,Comedy|Romance,Alyson Hannigan,American Wedding ,162331,5713,Fred Willard,3.0,bachelor party|blow job|breasts|friend|wedding,http://www.imdb.com/title/tt0328828/?ref_=fn_tt_tt_1,332.0,English,USA,R,55000000.0,2003,864.0,6.3,2.35,0,2,Comedy,Romance,,tt0328828,American Wedding,2003,R,01 Aug 2003,96 min,Comedy,Jesse Dylan,Adam Herz,"Jason Biggs, Alyson Hannigan, Seann William Scott","It's the wedding of Jim and Michelle and the gathering of their families and friends, including Jim's old friends from high school and Michelle's little sister.",English,"United States, Germany",3 wins & 6 nominations total,https://m.media-amazon.com/images/M/MV5BOWZjMjdhODAtMzc3NS00ZWRiLThjMDEtMzUwMTY2MTI4ZjNmXkEyXkFqcGc@._V1_SX300.jpg,43,6.3,"227,772","$104,565,114"
Color,Sylvester Stallone,285.0,139,13000.0,461.0,Burt Young,13000.0,70269171.0,Drama|Sport,Sylvester Stallone,Rocky Balboa ,162130,15111,Mike Tyson,0.0,boxing|fight|heavyweight champion|restaurant|retired boxer,http://www.imdb.com/title/tt0479143/?ref_=fn_tt_tt_1,962.0,English,USA,PG,24000000.0,2006,683.0,7.2,1.85,0,2,Drama,Sport,,tt0479143,Rocky Balboa,2006,PG,20 Dec 2006,102 min,"Drama, Sport",Sylvester Stallone,Sylvester Stallone,"Sylvester Stallone, Antonio Tarver, Milo Ventimiglia","Thirty years after the ring of the first bell, Rocky Balboa comes out of retirement and dons his gloves for his final fight against the reigning heavyweight champ Mason 'The Line' Dixon.","English, Spanish",United States,4 nominations total,https://m.media-amazon.com/images/M/MV5BMTM2OTUzNDE3NV5BMl5BanBnXkFtZTcwODczMzkzMQ@@._V1_SX300.jpg,63,7.1,"241,717","$70,270,943"
Color,Jeff Schaffer,92.0,93,17.0,360.0,Scott Mechlowicz,13000.0,17718223.0,Comedy,Matt Damon,EuroTrip ,162067,14180,Jacob Pitts,5.0,female frontal nudity|male frontal nudity|nudist|nudity|public nudity,http://www.imdb.com/title/tt0356150/?ref_=fn_tt_tt_1,316.0,English,USA,R,25000000.0,2004,634.0,6.6,1.85,0,1,Comedy,,,tt0356150,EuroTrip,2004,R,20 Feb 2004,92 min,Comedy,"Jeff Schaffer, Alec Berg, David Mandel","Alec Berg, David Mandel, Jeff Schaffer","Scott Mechlowicz, Jacob Pitts, Michelle Trachtenberg","Dumped by his girlfriend, a high school grad decides to embark on an overseas adventure in Europe with his friends.","English, French, German, Italian, Japanese",United States,2 nominations total,https://m.media-amazon.com/images/M/MV5BYzgzNWMyYjgtYjFmNi00MDdmLTk4MjAtYzMxMjI3MWU2MzcxXkEyXkFqcGc@._V1_SX300.jpg,45,6.6,"236,956","$17,771,387"
Color,Trey Parker,163.0,81,406.0,406.0,Eric Idle,893.0,52008288.0,Animation|Comedy|Fantasy|Musical,Minnie Driver,South Park: Bigger Longer & Uncut ,162037,3003,Trey Parker,1.0,boy|canada|hell|misunderstanding|refrence to liza minnelli,http://www.imdb.com/title/tt0158983/?ref_=fn_tt_tt_1,928.0,English,USA,R,21000000.0,1999,795.0,7.8,1.85,0,4,Animation,Comedy,Fantasy,tt0158983,"South Park: Bigger, Longer & Uncut",1999,R,30 Jun 1999,81 min,"Animation, Comedy, Fantasy",Trey Parker,"Trey Parker, Matt Stone, Pam Brady","Trey Parker, Matt Stone, Mary Kay Bergman","When Eric Cartman and his friends go see an R-rated movie, they start cursing and their parents think that Canada is to blame.",English,United States,Nominated for 1 Oscar. 7 wins & 11 nominations total,https://m.media-amazon.com/images/M/MV5BMDcyNDE4OWEtMjIzNi00OTdmLWIwMWEtNWU2ZjM4ZjA4YzNkXkEyXkFqcGc@._V1_SX300.jpg,73,7.7,"223,777","$52,037,603"
 Black and White,David Lynch,117.0,124,0.0,452.0,Anne Bancroft,12000.0,,Biography|Drama,Anthony Hopkins,The Elephant Man ,161972,13864,Dexter Fletcher,1.0,curiosity|exploitation|freak|hospital|physical deformity,http://www.imdb.com/title/tt0080678/?ref_=fn_tt_tt_1,356.0,English,USA,PG,5000000.0,1980,754.0,8.2,2.35,9000,2,Biography,Drama,,tt0080678,The Elephant Man,1980,PG,10 Oct 1980,124 min,"Biography, Drama",David Lynch,"Christopher De Vore, Eric Bergren, David Lynch","Anthony Hopkins, John Hurt, Anne Bancroft","A Victorian surgeon rescues a heavily-disfigured and mistreated young man working as a sideshow freak, who gradually reveals his capacity for kindness, intelligence and sophistication.","English, French","United States, United Kingdom",Nominated for 8 Oscars. 11 wins & 22 nominations total,https://m.media-amazon.com/images/M/MV5BMGE3MDZhNmMtMmUxZS00MDJmLTgxYmQtOGU4ODU0Y2JmNDI1XkEyXkFqcGc@._V1_SX300.jpg,78,8.2,"279,177","$26,010,864"
Color,Dennis Dugan,112.0,93,221.0,781.0,Adam Sandler,12000.0,163479795.0,Comedy|Drama,Steve Buscemi,Big Daddy ,161858,26760,Joey Lauren Adams,0.0,homosexual|law|law school|responsibility|vomiting,http://www.imdb.com/title/tt0142342/?ref_=fn_tt_tt_1,289.0,English,USA,PG-13,34200000.0,1999,11000.0,6.4,1.85,0,2,Comedy,Drama,,tt0142342,Big Daddy,1999,PG-13,25 Jun 1999,93 min,"Comedy, Drama",Dennis Dugan,"Steve Franks, Tim Herlihy, Adam Sandler","Adam Sandler, Joey Lauren Adams, Jon Stewart","A lazy law school graduate adopts a kid to impress his girlfriend, but everything doesn't go as planned.","English, Italian",United States,8 wins & 14 nominations total,"https://m.media-amazon.com/images/M/MV5BZGQwMzAyMjEtYjNiNi00NWQwLThiNjQtY2Q2ZWQ5ZGIzMDI4XkEyXkFqcGc@._V1_QL75_UX380_CR0,10,380,562_.jpg",42,6.5,"251,388","$163,479,795"
 Black and White,Tom Tykwer,181.0,81,670.0,34.0,Ludger Pistor,486.0,7267324.0,Crime|Drama,Moritz Bleibtreu,Run Lola Run ,161471,623,Armin Rohde,1.0,bechdel test failed|money|multiple outcomes|repeated event|subway,http://www.imdb.com/title/tt0130827/?ref_=fn_tt_tt_1,709.0,German,Germany,R,3500000.0,1998,37.0,7.8,1.85,0,2,Crime,Drama,,tt0130827,Run Lola Run,1998,R,18 Jun 1999,80 min,"Action, Crime, Thriller",Tom Tykwer,Tom Tykwer,"Franka Potente, Moritz Bleibtreu, Herbert Knaup","After a botched money delivery, Lola has 20 minutes to come up with 100,000 Deutschmarks.","German, English, Japanese",Germany,Nominated for 1 BAFTA Award28 wins & 21 nominations total,https://m.media-amazon.com/images/M/MV5BMzA0NDdiNDgtNjI4Ny00OTc0LTg3NGMtZDBlNmI1ZGUxYTg2XkEyXkFqcGc@._V1_SX300.jpg,79,7.6,"215,251","$7,647,184"
Color,Jared Hess,220.0,92,100.0,482.0,Diedrich Bader,970.0,44540956.0,Comedy,Jon Heder,Napoleon Dynamite ,161448,3950,Jon Gries,0.0,class president|family relationships|friend|high school|jock,http://www.imdb.com/title/tt0374900/?ref_=fn_tt_tt_1,1473.0,English,USA,PG,400000.0,2004,759.0,6.9,1.85,0,1,Comedy,,,tt0374900,Napoleon Dynamite,2004,PG,27 Aug 2004,96 min,Comedy,Jared Hess,"Jared Hess, Jerusha Hess","Jon Heder, Efren Ramirez, Jon Gries","A listless and alienated teenager helps his new friend win the class presidency in their small western high school, while dealing with his bizarre family life back home.",English,United States,10 wins & 23 nominations total,https://m.media-amazon.com/images/M/MV5BNjYwNTA3MDIyMl5BMl5BanBnXkFtZTYwMjIxNjA3._V1_SX300.jpg,64,7.0,"252,681","$44,540,956"
Color,Lenny Abrahamson,421.0,118,412.0,491.0,Jacob Tremblay,805.0,14677654.0,Drama,Joan Allen,Room ,161288,2499,Cas Anvar,0.0,based on novel|escape|imprisonment|kidnapping|mother son relationship,http://www.imdb.com/title/tt3170832/?ref_=fn_tt_tt_1,351.0,English,Ireland,R,13000000.0,2015,681.0,8.3,2.35,72000,1,Drama,,,tt3170832,Room,2015,R,22 Jan 2016,118 min,"Drama, Thriller",Lenny Abrahamson,Emma Donoghue,"Brie Larson, Jacob Tremblay, Sean Bridgers","A little boy is held captive in a room with his mother since his birth, so he has never known the world outside.",English,"Ireland, Canada, United Kingdom, United States",Won 1 Oscar. 108 wins & 143 nominations total,https://m.media-amazon.com/images/M/MV5BMjE4NzgzNzEwMl5BMl5BanBnXkFtZTgwMTMzMDE0NjE@._V1_SX300.jpg,86,8.1,"477,769","$14,677,654"
Color,Michael Bay,335.0,129,0.0,385.0,Larry Hankin,12000.0,49874933.0,Comedy|Crime|Drama,Dwayne Johnson,Pain & Gain ,161168,13573,Michael Rispoli,4.0,american dream|bodybuilder|money|punch into the camera|reference to julia roberts,http://www.imdb.com/title/tt1980209/?ref_=fn_tt_tt_1,287.0,English,USA,R,26000000.0,2013,412.0,6.5,2.35,43000,3,Comedy,Crime,Drama,tt1980209,Pain & Gain,2013,R,26 Apr 2013,129 min,"Action, Biography, Comedy",Michael Bay,"Christopher Markus, Stephen McFeely, Pete Collins","Mark Wahlberg, Dwayne Johnson, Anthony Mackie",A trio of bodybuilders in Florida get caught up in an extortion ring and a kidnapping scheme that goes terribly wrong.,English,United States,4 nominations total,https://m.media-amazon.com/images/M/MV5BMTU0NDE5NTU0OV5BMl5BanBnXkFtZTcwMzI1OTMzOQ@@._V1_SX300.jpg,45,6.4,"240,412","$49,875,291"
Color,Boaz Yakin,157.0,120,132.0,1000.0,Denzel Washington,33000.0,115648585.0,Biography|Drama|Sport,Ryan Gosling,Remember the Titans ,160776,54877,Ethan Suplee,1.0,american football|based on true story|head coach|high school|school,http://www.imdb.com/title/tt0210945/?ref_=fn_tt_tt_1,402.0,English,USA,PG,30000000.0,2000,18000.0,7.8,2.35,0,3,Biography,Drama,Sport,tt0210945,Remember the Titans,2000,PG,29 Sep 2000,113 min,"Biography, Comedy, Drama",Boaz Yakin,Gregory Allen Howard,"Denzel Washington, Will Patton, Wood Harris","In 1971, Virginia high-school football was everything to the people of Alexandria, but when the school board was forced to integrate an all-Black school with an all-white one, the foundation of football's tradition was put to the ...",English,United States,8 wins & 17 nominations total,https://m.media-amazon.com/images/M/MV5BZWY0NzgxMWQtMjM4NC00MjRiLWE0YjctYTFiNjA2NTNkZGY1XkEyXkFqcGc@._V1_SX300.jpg,48,7.8,"246,651","$115,719,751"
Color,Vincenzo Natali,99.0,90,165.0,319.0,Julian Richings,686.0,489220.0,Mystery|Sci-Fi|Thriller,David Hewlett,Cube ,160511,1743,Nicole de Boer,0.0,escape|labyrinth|maze|red light|trap,http://www.imdb.com/title/tt0123755/?ref_=fn_tt_tt_1,696.0,English,Canada,R,365000.0,1997,648.0,7.3,1.85,11000,3,Mystery,Sci-Fi,Thriller,tt0123755,Cube,1997,R,10 Dec 1997,90 min,"Horror, Mystery, Sci-Fi",Vincenzo Natali,"André Bijelic, Vincenzo Natali, Graeme Manson","Nicole de Boer, Maurice Dean Wint, David Hewlett",A group of strangers awaken to find themselves placed in a giant cube. Each one of them is gifted with a special skill and they must work together to escape an endless maze of deadly traps.,"English, German, French",Canada,13 wins & 9 nominations total,https://m.media-amazon.com/images/M/MV5BMzcyOTE5YTItM2I4OC00MTc0LTkyNWUtMWZmYmY1MWVhNmZiXkEyXkFqcGc@._V1_SX300.jpg,61,7.1,"260,280","$501,818"
Color,Brett Ratner,127.0,90,420.0,141.0,John Lone,191.0,226138454.0,Action|Comedy|Crime|Thriller,Mei Melançon,Rush Hour 2 ,160440,664,Harris Yulin,2.0,boat|gang|hong kong|triad|vacation,http://www.imdb.com/title/tt0266915/?ref_=fn_tt_tt_1,394.0,English,USA,PG-13,90000000.0,2001,165.0,6.6,2.35,0,4,Action,Comedy,Crime,tt0266915,Rush Hour 2,2001,PG-13,03 Aug 2001,90 min,"Action, Comedy, Crime",Brett Ratner,"Ross LaManna, Jeff Nathanson","Jackie Chan, Chris Tucker, John Lone","Carter and Lee head to Hong Kong for a vacation, but become embroiled in a counterfeit money scam.","English, Mandarin, Cantonese","United States, Hong Kong",10 wins & 22 nominations total,https://m.media-amazon.com/images/M/MV5BMGM0OTM4NGYtYzkzMC00OGZmLWEwZTItOTg4ZTdkYTIxOTc0XkEyXkFqcGc@._V1_SX300.jpg,48,6.7,"256,979","$226,164,286"
Color,Jake Kasdan,286.0,97,52.0,384.0,John Michael Higgins,3000.0,100292856.0,Comedy,Justin Timberlake,Bad Teacher ,160418,5547,Phyllis Smith,0.0,boob job|breast enlargement|breast surgery|cheating on a test|ejaculation,http://www.imdb.com/title/tt1284575/?ref_=fn_tt_tt_1,296.0,English,USA,R,20000000.0,2011,957.0,5.7,1.85,16000,1,Comedy,,,tt1284575,Bad Teacher,2011,R,24 Jun 2011,92 min,"Comedy, Romance",Jake Kasdan,"Gene Stupnitsky, Lee Eisenberg","Cameron Diaz, Jason Segel, Justin Timberlake","A lazy, incompetent middle school teacher who hates her job, her students, and her co-workers is forced to return to teaching to make enough money for breast implants after her wealthy fiancé dumps her.",English,United States,6 wins & 4 nominations total,https://m.media-amazon.com/images/M/MV5BMTQ5NDI4MDM0Nl5BMl5BanBnXkFtZTcwNDYwODU2NA@@._V1_SX300.jpg,47,5.7,"222,069","$100,292,856"
Color,Steve Oedekerk,59.0,90,176.0,460.0,Bob Gunton,531.0,108360000.0,Adventure|Comedy,Bruce Spence,Ace Ventura: When Nature Calls ,160321,2203,Sophie Okonedo,0.0,africa|bat|hawaiian shirt|pregnancy|pregnant,http://www.imdb.com/title/tt0112281/?ref_=fn_tt_tt_1,178.0,English,USA,PG-13,30000000.0,1995,461.0,6.3,2.35,0,2,Adventure,Comedy,,tt0112281,Ace Ventura: When Nature Calls,1995,PG-13,10 Nov 1995,90 min,"Adventure, Comedy, Crime",Steve Oedekerk,"Jack Bernstein, Steve Oedekerk","Jim Carrey, Ian McNeice, Simon Callow","Ace Ventura, Pet Detective, returns from a spiritual quest to investigate the disappearance of a rare white bat, the sacred animal of a tribe in Africa.",English,United States,7 wins & 6 nominations total,https://m.media-amazon.com/images/M/MV5BMjk3ZDUwYTMtYmQyYy00NTg1LWExOTItNTcxODM3NDZiNjMyXkEyXkFqcGc@._V1_SX300.jpg,43,6.4,"247,519","$108,385,533"
Color,Jim Abrahams,134.0,88,104.0,318.0,Lloyd Bridges,628.0,83400000.0,Comedy,Peter Graves,Airplane! ,160281,2726,Barbara Billingsley,0.0,air traffic controller|airplane|airport|pilot|spoof,http://www.imdb.com/title/tt0080339/?ref_=fn_tt_tt_1,427.0,English,USA,PG,3500000.0,1980,575.0,7.8,1.85,16000,1,Comedy,,,tt0080339,Airplane!,1980,PG,02 Jul 1980,88 min,Comedy,"Jim Abrahams, David Zucker, Jerry Zucker","Jim Abrahams, David Zucker, Jerry Zucker","Robert Hays, Julie Hagerty, Leslie Nielsen","After the crew becomes sick with food poisoning, a neurotic ex-fighter pilot must safely land a commercial airplane full of passengers.",English,United States,Nominated for 1 BAFTA Award3 wins & 7 nominations total,https://m.media-amazon.com/images/M/MV5BNGMxMDRhMjItMDNlZi00MDIzLWE5MDQtODljMDQ3MWM1Y2E4XkEyXkFqcGc@._V1_SX300.jpg,78,7.7,"284,843","$83,453,539"
Color,Shawn Levy,246.0,125,189.0,839.0,Jessica Szohr,1000.0,44665963.0,Comedy,Josh Gad,The Internship ,159931,5081,Rob Riggle,2.0,actor's picture shown in credits|animated credits|google|internship|still images in end credits,http://www.imdb.com/title/tt2234155/?ref_=fn_tt_tt_1,281.0,English,USA,PG-13,58000000.0,2013,847.0,6.3,2.35,22000,1,Comedy,,,tt2234155,The Internship,2013,PG-13,07 Jun 2013,119 min,Comedy,Shawn Levy,"Vince Vaughn, Jared Stern","Vince Vaughn, Owen Wilson, Rose Byrne","Two salesmen whose careers have been torpedoed by the digital age find their way into a coveted internship at Google, where they must compete with a group of young, tech-savvy geniuses for a shot at employment.","English, Tagalog, Cantonese, Mandarin, Spanish",United States,2 nominations total,https://m.media-amazon.com/images/M/MV5BMjM1MzczMDgwOV5BMl5BanBnXkFtZTcwMDM4NjM2OQ@@._V1_SX300.jpg,42,6.3,"226,022","$44,672,764"
Color,Tommy Wirkola,349.0,98,75.0,467.0,Derek Mears,10000.0,55682070.0,Action|Fantasy|Horror,Jeremy Renner,Hansel & Gretel: Witch Hunters ,159868,11946,Ingrid Bolsø Berdal,2.0,bounty hunter|brother sister team|death of loved one|hansel and gretel|supernatural power,http://www.imdb.com/title/tt1428538/?ref_=fn_tt_tt_1,304.0,English,Germany,R,50000000.0,2013,520.0,6.1,2.35,45000,3,Action,Fantasy,Horror,tt1428538,Hansel & Gretel: Witch Hunters,2013,R,25 Jan 2013,88 min,"Action, Fantasy, Horror",Tommy Wirkola,"Tommy Wirkola, Jacob Grimm, Wilhelm Grimm","Jeremy Renner, Gemma Arterton, Peter Stormare",Brother/sister duo Hansel and Gretel are professional witch-hunters who help innocent villagers. One day they stumble upon a case that could hold the key to their past.,English,"Germany, United States",3 wins & 4 nominations total,https://m.media-amazon.com/images/M/MV5BMjA4MDQwODg2NV5BMl5BanBnXkFtZTcwNTc5ODc2OA@@._V1_SX300.jpg,23,6.1,"224,516","$55,703,475"
Color,Joe Wright,417.0,111,456.0,21.0,Vicky Krieps,157.0,40247512.0,Action|Drama|Thriller,Jessica Barden,Hanna ,159198,257,John Macmillan,0.0,assassin|female warrior|martial arts|playground|training,http://www.imdb.com/title/tt0993842/?ref_=fn_tt_tt_1,438.0,English,USA,PG-13,30000000.0,2011,33.0,6.8,2.35,38000,3,Action,Drama,Thriller,tt0993842,Hanna,2011,PG-13,08 Apr 2011,111 min,"Action, Adventure, Drama",Joe Wright,"Seth Lochhead, David Farr","Saoirse Ronan, Cate Blanchett, Eric Bana","A sixteen-year-old girl who was raised by her father to be the perfect assassin is dispatched on a mission across Europe, tracked by a ruthless intelligence agent and her operatives.","English, French, German, Italian, Arabic, Spanish","United States, United Kingdom, Germany, Finland",8 wins & 26 nominations total,https://m.media-amazon.com/images/M/MV5BNTAzMTg1NjY0NF5BMl5BanBnXkFtZTcwODc3MTgzNA@@._V1_SX300.jpg,65,6.7,"214,249","$40,259,119"
Color,Nancy Meyers,149.0,127,278.0,912.0,Lisa Edelstein,2000.0,182805123.0,Comedy|Fantasy|Romance,Judy Greer,What Women Want ,158864,5838,Loretta Devine,1.0,advertising|battle of the sexes|ex husband ex wife relationship|pantyhose|telepathy,http://www.imdb.com/title/tt0207201/?ref_=fn_tt_tt_1,395.0,English,USA,PG-13,70000000.0,2000,955.0,6.4,1.37,0,3,Comedy,Fantasy,Romance,tt0207201,What Women Want,2000,PG-13,15 Dec 2000,127 min,"Comedy, Fantasy, Romance",Nancy Meyers,"Josh Goldsmith, Cathy Yuspa, Diane Drake","Mel Gibson, Helen Hunt, Marisa Tomei","A cocky, chauvinistic advertising executive magically acquires the ability to hear what women are thinking.",English,United States,5 wins & 9 nominations total,https://m.media-amazon.com/images/M/MV5BZjA3ZDkzNGEtZmU1OS00YzNiLWJiMzItNTk0ZTZhOWM5ZTUxXkEyXkFqcGc@._V1_SX300.jpg,47,6.5,"236,520","$182,811,707"
Color,M. Night Shyamalan,349.0,100,0.0,894.0,Zoë Kravitz,10000.0,60522097.0,Action|Adventure|Sci-Fi,Will Smith,After Earth ,158720,14168,Glenn Morshower,0.0,box office flop|father son team|fear|race against time|real life father and son playing father and son,http://www.imdb.com/title/tt1815862/?ref_=fn_tt_tt_1,744.0,English,USA,PG-13,130000000.0,2013,943.0,4.9,2.35,37000,3,Action,Adventure,Sci-Fi,tt1815862,After Earth,2013,PG-13,31 May 2013,100 min,"Action, Adventure, Drama",M. Night Shyamalan,"Gary Whitta, M. Night Shyamalan, Will Smith","Jaden Smith, David Denman, Will Smith","A crash landing leaves Kitai Raige and his father Cypher stranded on Earth, a millennium after events forced humanity's escape. With Cypher injured, Kitai must embark on a perilous journey to signal for help.",English,United States,3 wins & 8 nominations total,https://m.media-amazon.com/images/M/MV5BMTY3MzQyMjkwMl5BMl5BanBnXkFtZTcwMDk2OTE0OQ@@._V1_SX300.jpg,33,4.8,"216,012","$60,522,097"
Color,Sam Raimi,397.0,99,0.0,828.0,Alison Lohman,2000.0,42057340.0,Horror|Thriller,Bojana Novakovic,Drag Me to Hell ,158354,5642,Reggie Lee,0.0,evil|fight|hell|psychic|psychologist,http://www.imdb.com/title/tt1127180/?ref_=fn_tt_tt_1,691.0,English,USA,PG-13,30000000.0,2009,1000.0,6.6,2.35,11000,2,Horror,Thriller,,tt1127180,Drag Me to Hell,2009,PG-13,29 May 2009,99 min,Horror,Sam Raimi,"Sam Raimi, Ivan Raimi","Alison Lohman, Justin Long, Ruth Livier",An ambitious loan officer must find a way to shatter a curse that threatens her soul with damnation.,"English, Spanish, Hungarian, Czech","United States, India",7 wins & 24 nominations total,https://m.media-amazon.com/images/M/MV5BMTQwNTMyNjc5Ml5BMl5BanBnXkFtZTcwOTI2MTQ0Mg@@._V1_SX300.jpg,83,6.6,"229,962","$42,100,625"
Color,Guillermo del Toro,224.0,117,0.0,845.0,Thomas Kretschmann,12000.0,81645152.0,Action|Horror|Sci-Fi|Thriller,Norman Reedus,Blade II ,158267,15371,Tony Curran,1.0,blade the character|cult film|mutation|vampire|warrior,http://www.imdb.com/title/tt0187738/?ref_=fn_tt_tt_1,559.0,English,USA,R,54000000.0,2002,919.0,6.7,1.85,0,4,Action,Horror,Sci-Fi,tt0187738,Blade II,2002,R,22 Mar 2002,117 min,"Action, Horror, Sci-Fi",Guillermo del Toro,"Marv Wolfman, Gene Colan, David S. Goyer","Wesley Snipes, Kris Kristofferson, Ron Perlman","Blade forms an uneasy alliance with the vampire council in order to combat the Reapers, who are feeding on vampires.","English, Romanian, Czech","United States, Germany",6 wins & 10 nominations total,https://m.media-amazon.com/images/M/MV5BMGE5ZmY2NzEtZTEyMi00MWIyLThmOWYtYzJkOTQ0Y2U3ZWU1XkEyXkFqcGc@._V1_SX300.jpg,52,6.7,"251,178","$82,348,319"
Color,John Carpenter,318.0,101,0.0,598.0,Donald Pleasence,2000.0,47000000.0,Horror|Thriller,Jamie Lee Curtis,Halloween ,157857,4400,P.J. Soles,0.0,halloween|masked killer|michael myers|slasher|trick or treat,http://www.imdb.com/title/tt0077651/?ref_=fn_tt_tt_1,1191.0,English,USA,R,300000.0,1978,742.0,7.9,2.35,12000,2,Horror,Thriller,,tt0077651,Halloween,1978,R,27 Oct 1978,91 min,"Horror, Thriller",John Carpenter,"John Carpenter, Debra Hill","Donald Pleasence, Jamie Lee Curtis, Tony Moran","Fifteen years after murdering his sister on Halloween night 1963, Michael Myers escapes from a mental hospital and returns to the small town of Haddonfield, Illinois, to kill again.",English,United States,9 wins & 3 nominations total,"https://m.media-amazon.com/images/M/MV5BMzZiNTdiYTgtYjNkMS00MmJmLWEwZGQtNmY0NGJkMGE0YmYzXkEyXkFqcGc@._V1_QL75_UX380_CR0,9,380,562_.jpg",91,7.7,"338,351","$47,160,000"
Color,Michael Apted,197.0,128,150.0,244.0,Maria Grazia Cucinotta,766.0,126930660.0,Action|Adventure|Thriller,Colin Salmon,The World Is Not Enough ,157519,2037,Desmond Llewelyn,2.0,british|oil|scientist|terrorist|tycoon,http://www.imdb.com/title/tt0143145/?ref_=fn_tt_tt_1,683.0,English,UK,PG-13,135000000.0,1999,536.0,6.4,2.35,2000,3,Action,Adventure,Thriller,tt0143145,The World Is Not Enough,1999,PG-13,19 Nov 1999,128 min,"Action, Adventure, Thriller",Michael Apted,"Neal Purvis, Robert Wade, Bruce Feirstein","Pierce Brosnan, Sophie Marceau, Robert Carlyle","James Bond uncovers a nuclear plot while protecting an oil heiress from her former kidnapper, an international terrorist who can't feel pain.","English, Russian, Spanish","United Kingdom, United States, Spain",7 wins & 12 nominations total,https://m.media-amazon.com/images/M/MV5BMDlmNTA0YmMtODJmMi00NTZhLTk4MzUtY2FiYjNhMmY4OTI1XkEyXkFqcGc@._V1_SX300.jpg,57,6.4,"218,190","$126,943,684"
Color,Nima Nourizadeh,229.0,93,166.0,281.0,Kirby Bliss Blanton,971.0,54724272.0,Comedy|Crime,Dax Flame,Project X ,157051,2043,Oliver Cooper,0.0,birthday party|high school|high school senior|millennial generation|party,http://www.imdb.com/title/tt1636826/?ref_=fn_tt_tt_1,261.0,English,USA,R,12000000.0,2012,329.0,6.7,1.85,29000,2,Comedy,Crime,,tt1636826,Project X,2012,R,02 Mar 2012,88 min,"Comedy, Thriller",Nima Nourizadeh,"Matt Drake, Michael Bacall","Thomas Mann, Oliver Cooper, Jonathan Daniel Brown","Three high-school seniors throw a birthday party to make a name for themselves. As the night progresses, things spiral out of control as word of the party spreads.",English,United States,5 nominations total,https://m.media-amazon.com/images/M/MV5BMTc1MTk0Njg4OF5BMl5BanBnXkFtZTcwODc0ODkyNw@@._V1_SX300.jpg,46,6.7,"255,328","$54,731,865"
Color,Simon West,199.0,100,165.0,240.0,Noah Taylor,11000.0,131144183.0,Action|Adventure|Fantasy|Thriller,Angelina Jolie Pitt,Lara Croft: Tomb Raider ,157016,12150,Chris Barrie,1.0,illuminati|planetary alignment|time|tomb|tomb raider,http://www.imdb.com/title/tt0146316/?ref_=fn_tt_tt_1,824.0,English,USA,PG-13,115000000.0,2001,509.0,5.7,2.35,0,4,Action,Adventure,Fantasy,tt0146316,Lara Croft: Tomb Raider,2001,PG-13,15 Jun 2001,100 min,"Action, Adventure, Fantasy",Simon West,"Sara B Cooper, Mike Werb, Michael Colleary","Angelina Jolie, Jon Voight, Iain Glen","Adventurer Lara Croft explores lost empires and discovers immeasurable treasures in her daily life, but a secret from the past of her father, a missing archaeologist, will lead her to one of her greatest challenges.","English, Central Khmer, Russian, Italian","United Kingdom, Germany, Japan, United States",4 wins & 21 nominations total,https://m.media-amazon.com/images/M/MV5BNjcxYzIyZWItZWRiOS00ODliLWI3ZTEtZTA4NTg4OGQwZDY1XkEyXkFqcGc@._V1_SX300.jpg,33,5.8,"229,645","$131,168,070"
Color,Alex Proyas,222.0,111,295.0,531.0,William Hurt,3000.0,14337579.0,Action|Drama|Fantasy|Mystery|Sci-Fi|Thriller,Rufus Sewell,Dark City ,156929,4696,Bruce Spence,1.0,memory|murder|neo noir|retrofuturism|tech noir,http://www.imdb.com/title/tt0118929/?ref_=fn_tt_tt_1,624.0,English,Australia,R,27000000.0,1998,882.0,7.7,2.35,14000,6,Action,Drama,Fantasy,tt0118929,Dark City,1998,R,27 Feb 1998,100 min,"Fantasy, Mystery, Sci-Fi",Alex Proyas,"Alex Proyas, Lem Dobbs, David S. Goyer","Rufus Sewell, William Hurt, Kiefer Sutherland","A man struggles with memories of his past, which include a wife he cannot remember and a nightmarish world no one else ever seems to wake up from.",English,"Australia, United States",12 wins & 19 nominations total,https://m.media-amazon.com/images/M/MV5BMTFhMmE1YzgtNTFhYS00MTRlLWI3ZDMtMWJkMTBmOWMzOTk5XkEyXkFqcGc@._V1_SX300.jpg,66,7.6,"223,194","$14,378,331"
Color,Baltasar Kormákur,265.0,109,175.0,459.0,Patrick Fischler,18000.0,75573300.0,Action|Comedy|Crime|Drama|Thriller,Denzel Washington,2 Guns ,156898,20148,Fred Ward,1.0,close up of breasts|female nudity|fugitive|money|undercover,http://www.imdb.com/title/tt1272878/?ref_=fn_tt_tt_1,172.0,English,USA,R,61000000.0,2013,497.0,6.7,2.35,22000,5,Action,Comedy,Crime,tt1272878,2 Guns,2013,R,02 Aug 2013,109 min,"Action, Comedy, Crime",Baltasar Kormákur,"Blake Masters, Steven Grant","Denzel Washington, Mark Wahlberg, Paula Patton","Two hardened criminals get into trouble with the US border patrol after meeting with a Mexican drug lord, and then revelations start to unfold.","English, Spanish",United States,3 wins total,https://m.media-amazon.com/images/M/MV5BNTQ5MTgzNDg4OF5BMl5BanBnXkFtZTcwMjAyODEzOQ@@._V1_SX300.jpg,55,6.7,"236,574","$75,612,460"
Color,Donald Petrie,140.0,116,80.0,651.0,Adam Goldberg,11000.0,105807520.0,Comedy|Romance,Matthew McConaughey,How to Lose a Guy in 10 Days ,156717,14087,Thomas Lennon,2.0,advertising executive|diamond|magazine|party|wager,http://www.imdb.com/title/tt0251127/?ref_=fn_tt_tt_1,357.0,English,USA,PG-13,50000000.0,2003,1000.0,6.4,1.85,0,2,Comedy,Romance,,tt0251127,How to Lose a Guy in 10 Days,2003,PG-13,07 Feb 2003,116 min,"Comedy, Romance",Donald Petrie,"Michele Alexander, Jeannie Long, Kristen Buckley","Kate Hudson, Matthew McConaughey, Adam Goldberg","An advertising executive and ladies' man, to win a big campaign, bets that he can make a woman fall in love with him in 10 days.",English,"United States, Germany",1 win & 8 nominations total,"https://m.media-amazon.com/images/M/MV5BMjE4NTA1NzExN15BMl5BanBnXkFtZTYwNjc3MjM3._V1_QL75_UY562_CR0,0,380,562_.jpg",45,6.5,"320,607","$105,813,373"
Color,Dennis Dugan,198.0,113,221.0,503.0,Sayed Badreya,11000.0,100018837.0,Action|Comedy,Adam Sandler,You Don't Mess with the Zohan ,156348,13446,Kevin Nealon,0.0,hair stylist|jew|landlord|muslim|palestinian,http://www.imdb.com/title/tt0960144/?ref_=fn_tt_tt_1,380.0,English,USA,PG-13,90000000.0,2008,600.0,5.5,1.85,0,2,Action,Comedy,,tt0960144,You Don't Mess with the Zohan,2008,PG-13,06 Jun 2008,113 min,"Action, Comedy",Dennis Dugan,"Adam Sandler, Robert Smigel, Judd Apatow","Adam Sandler, John Turturro, Emmanuelle Chriqui",An Israeli Special Forces Soldier fakes his death so he can re-emerge in New York City as a hair stylist.,"English, Hebrew",United States,2 wins & 2 nominations total,"https://m.media-amazon.com/images/M/MV5BMzE2MzEzNDc5M15BMl5BanBnXkFtZTcwMzYxOTA3MQ@@._V1_QL75_UX380_CR0,1,380,562_.jpg",54,5.6,"227,284","$100,018,837"
Color,Louis Leterrier,163.0,87,255.0,810.0,Jason Flemyng,26000.0,43095600.0,Action|Crime|Thriller,Jason Statham,Transporter 2 ,156267,29050,Matthew Modine,1.0,driver|french|kidnapping|police|sequel,http://www.imdb.com/title/tt0388482/?ref_=fn_tt_tt_1,340.0,English,France,PG-13,32000000.0,2005,1000.0,6.3,2.35,0,3,Action,Crime,Thriller,tt0388482,Transporter 2,2005,R,02 Sep 2005,87 min,"Action, Thriller",Louis Leterrier,"Luc Besson, Robert Mark Kamen","Jason Statham, Amber Valletta, Kate Nauta","Transporter Frank Martin, surfaces in Miami, Florida and is implicated in the kidnapping of the young son of a powerful USA official.","English, French, Italian","France, Germany, United States",N/A,https://m.media-amazon.com/images/M/MV5BMTQ5MDM0MTI2N15BMl5BanBnXkFtZTcwNTM5NDczMw@@._V1_SX300.jpg,56,6.3,"224,388","$43,095,856"
Color,Len Wiseman,206.0,102,235.0,520.0,Tony Curran,956.0,62318875.0,Action|Adventure|Fantasy|Sci-Fi|Thriller,Sophia Myles,Underworld: Evolution ,156225,2998,Derek Jacobi,1.0,death|feud|forbidden love|vampire|werewolf,http://www.imdb.com/title/tt0401855/?ref_=fn_tt_tt_1,502.0,English,USA,R,50000000.0,2006,845.0,6.8,2.35,0,5,Action,Adventure,Fantasy,tt0401855,Underworld: Evolution,2006,R,20 Jan 2006,106 min,"Action, Fantasy, Thriller",Len Wiseman,"Danny McBride, Len Wiseman, Kevin Grevioux","Kate Beckinsale, Scott Speedman, Bill Nighy","Picking up directly from the previous movie, vampire warrior Selene and the half werewolf Michael hunt for clues to reveal the history of their races and the war between them.","English, French, Hungarian","United States, Canada",2 wins & 6 nominations total,https://m.media-amazon.com/images/M/MV5BMjEzNDY1OTQwOV5BMl5BanBnXkFtZTcwNjcxMTIzMw@@._V1_SX300.jpg,36,6.7,"217,151","$62,318,875"
Color,Dennis Dugan,77.0,92,221.0,491.0,Kevin Nealon,11000.0,38624000.0,Comedy|Sport,Adam Sandler,Happy Gilmore ,156143,13162,Frances Bay,1.0,golf|golf ball|golfer|grandmother's house|tournament,http://www.imdb.com/title/tt0116483/?ref_=fn_tt_tt_1,289.0,English,USA,PG-13,12000000.0,1996,503.0,7.0,1.85,0,2,Comedy,Sport,,tt0116483,Happy Gilmore,1996,PG-13,16 Feb 1996,92 min,"Comedy, Sport",Dennis Dugan,"Tim Herlihy, Adam Sandler","Adam Sandler, Christopher McDonald, Julie Bowen","After his grandmother's house is repossessed by the IRS, a bad tempered hockey player takes his talents to golf to earn the big bucks and get his grandmothers house back.",English,United States,1 win & 4 nominations total,"https://m.media-amazon.com/images/M/MV5BMzMyZTM1MTMtNDdjOS00NzIzLTkxY2QtZTU4OGYxOTUwNDMxXkEyXkFqcGc@._V1_QL75_UX380_CR0,1,380,562_.jpg",31,7.0,"306,390","$39,041,354"
Color,Garth Jennings,276.0,109,37.0,651.0,Kelly Macdonald,11000.0,51019112.0,Adventure|Comedy|Sci-Fi,Zooey Deschanel,The Hitchhiker's Guide to the Galaxy ,155745,14073,Thomas Lennon,0.0,alien|friend|galaxy|hyperspace|spaceship,http://www.imdb.com/title/tt0371724/?ref_=fn_tt_tt_1,1053.0,English,USA,PG,50000000.0,2005,2000.0,6.8,2.35,10000,3,Adventure,Comedy,Sci-Fi,tt0371724,The Hitchhiker's Guide to the Galaxy,2005,PG,29 Apr 2005,109 min,"Adventure, Comedy, Sci-Fi",Garth Jennings,"Douglas Adams, Karey Kirkpatrick","Martin Freeman, Yasiin Bey, Sam Rockwell","Mere seconds before the Earth is to be demolished by an alien construction crew, journeyman Arthur Dent is swept off the planet by his friend Ford Prefect, a researcher penning a new edition of ""The Hitchhiker's Guide to the Galaxy.""",English,"United Kingdom, United States",1 win & 10 nominations total,https://m.media-amazon.com/images/M/MV5BMTg4OWYwZjgtZDU0ZS00NjU4LTkxNjItYmYyYmUwNDU5YmM3XkEyXkFqcGc@._V1_SX300.jpg,63,6.7,"215,254","$51,085,416"
Color,Dominic Sena,166.0,99,57.0,820.0,Don Cheadle,20000.0,69772969.0,Action|Crime|Thriller,Hugh Jackman,Swordfish ,155532,25942,Sam Shepard,4.0,computer|secret agent|terrorism|told in flashback|wearing a sound wire,http://www.imdb.com/title/tt0244244/?ref_=fn_tt_tt_1,543.0,English,USA,R,80000000.0,2001,3000.0,6.5,2.35,0,3,Action,Crime,Thriller,tt0244244,Swordfish,2001,R,08 Jun 2001,99 min,"Action, Crime, Thriller",Dominic Sena,Skip Woods,"John Travolta, Hugh Jackman, Halle Berry","A covert counter-terrorist unit called Black Cell led by Gabriel Shear wants the money to help finance their war against international terrorism, but it's all locked away. Gabriel brings in convicted hacker Stanley Jobson to help ...","English, German",United States,5 wins & 10 nominations total,https://m.media-amazon.com/images/M/MV5BMmVlOGM1YjQtNzMzYS00ZmY5LTlkMDQtN2EyZTQ4NTExNjNjXkEyXkFqcGc@._V1_SX300.jpg,32,6.5,"202,348","$69,772,969"
Color,Robert Rodriguez,250.0,189,0.0,1000.0,Rosario Dawson,16000.0,25031037.0,Action|Horror|Thriller,Quentin Tarantino,Grindhouse ,155496,22186,Zoë Bell,0.0,anthropophagus|blood and gore|double feature|real twins playing twins|zombie,http://www.imdb.com/title/tt0462322/?ref_=fn_tt_tt_1,532.0,English,USA,R,53000000.0,2007,3000.0,7.6,2.35,0,3,Action,Horror,Thriller,tt0462322,Grindhouse,2007,R,06 Apr 2007,191 min,"Horror, Thriller","Robert Rodriguez, Eli Roth, Quentin Tarantino","Robert Rodriguez, Rob Zombie, Edgar Wright","Kurt Russell, Rose McGowan, Danny Trejo",Quentin Tarantino and Robert Rodriguez's homage to exploitation double features in the '60s and '70s with two back-to-back cult films that include previews of coming attractions between them.,"English, Spanish","United States, Canada",10 wins & 22 nominations total,https://m.media-amazon.com/images/M/MV5BMjA0MzExNzc3MV5BMl5BanBnXkFtZTcwODAxMzM0MQ@@._V1_SX300.jpg,77,7.5,"195,755","$25,037,897"
Color,Danny Leiner,150.0,88,8.0,587.0,Fred Willard,982.0,18225165.0,Adventure|Comedy,Ethan Embry,Harold & Kumar Go to White Castle ,155262,3114,Paula Garcés,2.0,marijuana|police|road trip|stoner|white castle,http://www.imdb.com/title/tt0366551/?ref_=fn_tt_tt_1,316.0,English,USA,R,9000000.0,2004,729.0,7.1,1.85,0,2,Adventure,Comedy,,tt0366551,Harold & Kumar Go to White Castle,2004,R,30 Jul 2004,88 min,"Adventure, Comedy",Danny Leiner,"Jon Hurwitz, Hayden Schlossberg","John Cho, Kal Penn, Ethan Embry",A Korean-American office worker and his Indian-American stoner friend embark on a quest to satisfy their desire for White Castle burgers.,"English, Hindi","United States, Canada, Germany",3 nominations total,https://m.media-amazon.com/images/M/MV5BNjk2MGI0M2YtZmIwOS00NGVjLWFlNDAtMDYzM2Y1MWM2OWNkXkEyXkFqcGc@._V1_SX300.jpg,64,7.0,"215,149","$18,250,550"
Color,Lasse Hallström,84.0,93,529.0,805.0,Sarah Roemer,1000.0,,Drama|Family,Cary-Hiroyuki Tagawa,Hachi: A Dog's Tale ,155249,4453,Joan Allen,0.0,dog|human animal relationship|japanese|loyalty|waiting,http://www.imdb.com/title/tt1028532/?ref_=fn_tt_tt_1,304.0,English,USA,G,16000000.0,2009,884.0,8.1,1.85,115000,2,Drama,Family,,tt1028532,Hachi: A Dog's Tale,2009,G,12 Mar 2010,93 min,"Biography, Drama, Family",Lasse Hallström,"Stephen P. Lindsey, Kaneto Shindô","Richard Gere, Joan Allen, Cary-Hiroyuki Tagawa","Professor Wilson discovers a lost Akita puppy on his way home. Despite objections from his wife, Hachi endears himself to the family and grows to be Parker's loyal companion. As their bond grows deeper, a beautiful relationship un...","English, Japanese","United Kingdom, United States",1 nomination total,https://m.media-amazon.com/images/M/MV5BNTU5NjYyYTgtZGQ3My00MzRhLThjNGYtZmVjN2JjYjhkMjhhXkEyXkFqcGc@._V1_SX300.jpg,N/A,8.1,"336,321",N/A
Color,Scott Derrickson,411.0,110,301.0,412.0,Victoria Leigh,1000.0,48056940.0,Horror|Mystery,Danielle Kotch,Sinister ,155153,2239,James Ransone,0.0,book|found footage|research|snuff film|writer,http://www.imdb.com/title/tt1922777/?ref_=fn_tt_tt_1,524.0,English,USA,R,3000000.0,2012,419.0,6.8,2.35,58000,2,Horror,Mystery,,tt1922777,Sinister,2012,R,12 Oct 2012,110 min,"Horror, Mystery, Thriller",Scott Derrickson,"Scott Derrickson, C. Robert Cargill","Ethan Hawke, Juliet Rylance, James Ransone","A controversial true-crime writer finds a box of Super 8 home movies in his new home, revealing that the murder case he is currently researching could be the work of an unknown serial killer whose legacy dates back to the 1960s.",English,"United States, United Kingdom, Canada",3 wins & 14 nominations total,https://m.media-amazon.com/images/M/MV5BMjI5MTg1Njg0Ml5BMl5BanBnXkFtZTcwNzg2Mjc4Nw@@._V1_SX300.jpg,53,6.8,"313,734","$48,086,903"
Color,Jonathan Liebesman,355.0,116,473.0,464.0,Jim Parrack,833.0,83552429.0,Action|Sci-Fi,Noel Fisher,Battle Los Angeles ,154955,4001,Ramon Rodriguez,0.0,alien|extraterrestrial|invasion|marine|mission,http://www.imdb.com/title/tt1217613/?ref_=fn_tt_tt_1,800.0,English,USA,PG-13,70000000.0,2011,697.0,5.8,2.35,25000,2,Action,Sci-Fi,,tt1217613,Battle Los Angeles,2011,PG-13,11 Mar 2011,116 min,"Action, Adventure, Sci-Fi",Jonathan Liebesman,Christopher Bertolini,"Aaron Eckhart, Michelle Rodriguez, Bridget Moynahan",A squad of U.S. Marines becomes the last line of defense against a global invasion.,"English, Ukrainian",United States,1 win & 4 nominations total,https://m.media-amazon.com/images/M/MV5BOGI1MzU4MGMtYjY5MC00MDNjLWI3OTMtYjM5YzcwOTg5NWNmXkEyXkFqcGc@._V1_SX300.jpg,37,5.7,"188,290","$83,552,429"
Color,Neil Marshall,342.0,100,197.0,159.0,Shauna Macdonald,513.0,26005908.0,Adventure|Horror|Thriller,MyAnna Buring,The Descent ,154938,1379,Craig Conway,0.0,cave|expedition|friendship between women|group of friends|survival horror,http://www.imdb.com/title/tt0435625/?ref_=fn_tt_tt_1,1100.0,English,UK,R,3500000.0,2005,239.0,7.2,2.35,10000,3,Adventure,Horror,Thriller,tt0435625,The Descent,2005,R,04 Aug 2006,99 min,"Adventure, Horror, Thriller",Neil Marshall,Neil Marshall,"Shauna Macdonald, Natalie Mendoza, Alex Reid",A caving expedition goes horribly wrong when six explorers become trapped and ultimately pursued by a strange breed of predators.,"English, Swedish",United Kingdom,8 wins & 22 nominations total,https://m.media-amazon.com/images/M/MV5BMjA5NzQ1NTgwNV5BMl5BanBnXkFtZTcwNjUxMzUzMw@@._V1_SX300.jpg,71,7.2,"270,097","$26,024,456"
Color,Robert Schwentke,263.0,119,124.0,1000.0,Theo James,14000.0,129995817.0,Adventure|Sci-Fi|Thriller,Kate Winslet,Insurgent ,154621,22622,Mekhi Phifer,0.0,action heroine|falling from height|mind control|trainhopping|truth serum,http://www.imdb.com/title/tt2908446/?ref_=fn_tt_tt_1,258.0,English,USA,PG-13,110000000.0,2015,5000.0,6.3,2.35,27000,3,Adventure,Sci-Fi,Thriller,tt2908446,The Divergent Series: Insurgent,2015,PG-13,20 Mar 2015,119 min,"Action, Adventure, Romance",Robert Schwentke,"Brian Duffield, Akiva Goldsman, Mark Bomback","Shailene Woodley, Ansel Elgort, Theo James","Tris Prior must confront her inner demons, and with help from those closest to her, continue the fight against a powerful alliance that threatens to tear her society apart.",English,United States,4 wins & 18 nominations total,https://m.media-amazon.com/images/M/MV5BMTgxOTYxMTg3OF5BMl5BanBnXkFtZTgwMDgyMzA2NDE@._V1_SX300.jpg,42,6.2,"269,895","$130,179,072"
 Black and White,Barry Levinson,73.0,147,272.0,893.0,Brad Pitt,22000.0,53300852.0,Crime|Drama|Thriller,Robert De Niro,Sleepers ,154487,37076,Minnie Driver,3.0,boy|guard|kicked in the crotch|prank|sexual abuse,http://www.imdb.com/title/tt0117665/?ref_=fn_tt_tt_1,259.0,English,USA,R,44000000.0,1996,11000.0,7.5,2.35,0,3,Crime,Drama,Thriller,tt0117665,Sleepers,1996,R,18 Oct 1996,147 min,"Crime, Drama, Thriller",Barry Levinson,"Lorenzo Carcaterra, Barry Levinson","Robert De Niro, Kevin Bacon, Brad Pitt",A reporter and a District Attorney help childhood friends who killed a sadistic guard.,English,United States,Nominated for 1 Oscar. 1 win & 5 nominations total,https://m.media-amazon.com/images/M/MV5BMjBhMWRmZTAtOGRlNC00YWYxLTlmZWUtYTY4YThlZGNhYmM2XkEyXkFqcGc@._V1_SX300.jpg,49,7.5,"249,395","$53,315,285"
Color,Jerry Zucker,77.0,127,109.0,71.0,Tony Goldwyn,2000.0,217631306.0,Drama|Fantasy|Romance|Thriller,Demi Moore,Ghost ,154199,3100,Phil Leeds,0.0,death|film blanc|invisibility|love|unrequited love,http://www.imdb.com/title/tt0099653/?ref_=fn_tt_tt_1,252.0,English,USA,PG-13,22000000.0,1990,956.0,7.0,1.85,0,4,Drama,Fantasy,Romance,tt0099653,Ghost,1990,PG-13,13 Jul 1990,126 min,"Drama, Fantasy, Romance",Jerry Zucker,Bruce Joel Rubin,"Patrick Swayze, Demi Moore, Tony Goldwyn","After a young man is murdered, his spirit stays behind to warn his lover of impending danger, with the help of a reluctant psychic.",English,United States,Won 2 Oscars. 18 wins & 24 nominations total,https://m.media-amazon.com/images/M/MV5BZjkwOWM2MWMtMWE1YS00MTBlLTg1ODctYTI3M2I0NGIxMGYyXkEyXkFqcGc@._V1_SX300.jpg,52,7.1,"251,803","$217,631,306"
Color,Penny Marshall,99.0,130,545.0,697.0,Jon Lovitz,15000.0,114968774.0,Comedy|Drama|Family|Fantasy|Romance,Tom Hanks,Big ,153468,28018,John Heard,1.0,friend|job|new york city|toy|wish,http://www.imdb.com/title/tt0094737/?ref_=fn_tt_tt_1,204.0,English,USA,PG,18000000.0,1988,11000.0,7.3,1.85,0,5,Comedy,Drama,Family,tt0094737,Big,1988,PG,03 Jun 1988,104 min,"Comedy, Drama, Fantasy",Penny Marshall,"Gary Ross, Anne Spielberg","Tom Hanks, Elizabeth Perkins, Robert Loggia","After wishing to be made big, a teenage boy wakes the next morning to find himself mysteriously in the body of an adult.","English, Spanish",United States,Nominated for 2 Oscars. 11 wins & 14 nominations total,https://m.media-amazon.com/images/M/MV5BNzE3ZTc2ZDgtMzQ4MS00NjEyLWJkMDYtZmMzZmY5ODJhMDdmXkEyXkFqcGc@._V1_SX300.jpg,73,7.3,"258,404","$115,227,281"
Color,Jonathan Liebesman,310.0,99,473.0,502.0,Edgar Ramírez,14000.0,83640426.0,Action|Adventure|Fantasy,Liam Neeson,Wrath of the Titans ,152826,16184,Lily James,0.0,ares|hades|titan|underworld|zeus,http://www.imdb.com/title/tt1646987/?ref_=fn_tt_tt_1,253.0,English,USA,PG-13,150000000.0,2012,897.0,5.8,1.85,19000,3,Action,Adventure,Fantasy,tt1646987,Wrath of the Titans,2012,PG-13,30 Mar 2012,99 min,"Action, Adventure, Fantasy",Jonathan Liebesman,"Dan Mazeau, David Leslie Johnson-McGoldrick, Greg Berlanti","Sam Worthington, Liam Neeson, Rosamund Pike","Perseus braves the treacherous underworld to rescue his father, Zeus, captured by his son, Ares, and brother Hades who unleash the ancient Titans upon the world.",English,"United States, Spain",2 wins & 3 nominations total,https://m.media-amazon.com/images/M/MV5BMjMyMzk1Nzg3OF5BMl5BanBnXkFtZTcwOTQ2NjcxNw@@._V1_SX300.jpg,37,5.7,"201,440","$83,670,083"
Color,Phil Lord,191.0,90,97.0,56.0,Bobb'e J. Thompson,622.0,124870275.0,Animation|Comedy|Family|Sci-Fi,Will Forte,Cloudy with a Chance of Meatballs ,152601,1227,Al Roker,1.0,food|giant food|mayor|sardine|weather,http://www.imdb.com/title/tt0844471/?ref_=fn_tt_tt_1,156.0,English,USA,PG,100000000.0,2009,526.0,7.0,2.35,0,4,Animation,Comedy,Family,tt0844471,Cloudy with a Chance of Meatballs,2009,PG,18 Sep 2009,90 min,"Animation, Adventure, Comedy","Phil Lord, Christopher Miller","Phil Lord, Christopher Miller, Judi Barrett","Anna Faris, Bill Hader, Bruce Campbell",A local scientist is often regarded as a failure until he invents a machine that can make food fall from the sky. But little does he know that things are about to take a turn for the worst.,"English, French, Spanish, German",United States,1 win & 14 nominations total,https://m.media-amazon.com/images/M/MV5BMTg0MjAwNDI5MV5BMl5BanBnXkFtZTcwODkyMzg2Mg@@._V1_SX300.jpg,66,6.9,"282,964","$124,870,275"
Color,Sam Mendes,323.0,119,0.0,10000.0,Kate Winslet,29000.0,22877808.0,Drama|Romance,Leonardo DiCaprio,Revolutionary Road ,152591,53895,Joe Komara,0.0,based on novel|children|connecticut|suburb|work,http://www.imdb.com/title/tt0959337/?ref_=fn_tt_tt_1,414.0,English,USA,R,35000000.0,2008,14000.0,7.3,2.35,0,2,Drama,Romance,,tt0959337,Revolutionary Road,2008,R,23 Jan 2009,119 min,"Drama, Romance",Sam Mendes,"Justin Haythe, Richard Yates","Leonardo DiCaprio, Kate Winslet, Christopher Fitzgerald",A young couple living in a Connecticut suburb during the mid-1950s struggle to come to terms with their personal problems while trying to raise their two children.,English,"United Kingdom, United States",Nominated for 3 Oscars. 20 wins & 73 nominations total,https://m.media-amazon.com/images/M/MV5BMTczNDgzMjczOV5BMl5BanBnXkFtZTcwOTU3MzMwMg@@._V1_SX300.jpg,69,7.3,"234,616","$22,911,480"
Color,Terry Gilliam,230.0,142,0.0,1000.0,Bob Hoskins,22000.0,9929000.0,Drama|Sci-Fi,Robert De Niro,Brazil ,152306,29475,Jim Broadbent,0.0,black comedy|bureaucracy|dream|terrorist|wrongful arrest,http://www.imdb.com/title/tt0088846/?ref_=fn_tt_tt_1,513.0,English,UK,R,15000000.0,1985,5000.0,8.0,1.85,16000,2,Drama,Sci-Fi,,tt0088846,Brazil,1985,R,18 Dec 1985,132 min,"Drama, Sci-Fi, Thriller",Terry Gilliam,"Terry Gilliam, Tom Stoppard, Charles McKeown","Jonathan Pryce, Kim Greist, Robert De Niro",A bureaucrat in a dystopic society becomes an enemy of the state as he pursues the woman of his dreams.,English,"United Kingdom, United States",Nominated for 2 Oscars. 9 wins & 6 nominations total,"https://m.media-amazon.com/images/M/MV5BNjI1MTAzNmYtYzQ3Zi00ZWE0LWJiZmQtY2UwZWU3ZTE4OGQ3XkEyXkFqcGc@._V1_QL75_UY562_CR3,0,380,562_.jpg",84,7.8,"222,497","$9,929,135"
Color,Roger Donaldson,222.0,111,79.0,287.0,Saffron Burrows,26000.0,30028592.0,Crime|Drama|Romance|Thriller,Jason Statham,The Bank Job ,152247,27755,Daniel Mays,0.0,chase|heist|london england|mobster|safe deposit,http://www.imdb.com/title/tt0200465/?ref_=fn_tt_tt_1,189.0,English,UK,R,20000000.0,2008,811.0,7.3,2.35,0,4,Crime,Drama,Romance,tt0200465,The Bank Job,2008,R,07 Mar 2008,111 min,"Crime, Thriller",Roger Donaldson,"Dick Clement, Ian La Frenais","Jason Statham, Saffron Burrows, Stephen Campbell Moore",Martine offers Terry a lead on a foolproof bank hit on London's Baker Street. She targets a roomful of safe deposit boxes worth millions in cash and jewelry along with a treasure trove of dirty secrets.,"English, Latin","United Kingdom, United States, Australia",3 nominations total,https://m.media-amazon.com/images/M/MV5BZmQ5OTkxZDMtYTAxYS00OWE1LThhMWItYjdlYjJmNWZlNWU5XkEyXkFqcGc@._V1_SX300.jpg,69,7.2,"196,382","$30,060,660"
Color,George Miller,208.0,93,750.0,28.0,Steve Bisley,728.0,,Action|Adventure|Sci-Fi|Thriller,Hugh Keays-Byrne,Mad Max ,152232,928,Joanne Samuel,0.0,biker|motorcycle|motorcycle gang|post apocalypse|woman wearing only a man's shirt,http://www.imdb.com/title/tt0079501/?ref_=fn_tt_tt_1,303.0,English,Australia,R,200000.0,1979,76.0,7.0,2.35,10000,4,Action,Adventure,Sci-Fi,tt0079501,Mad Max,1979,R,21 Mar 1980,88 min,"Action, Adventure, Sci-Fi",George Miller,"James McCausland, George Miller, Byron Kennedy","Mel Gibson, Joanne Samuel, Hugh Keays-Byrne","In a self-destructing world, a vengeful Australian policeman sets out to stop a violent motorcycle gang.",English,Australia,6 wins & 8 nominations total,https://m.media-amazon.com/images/M/MV5BMTM4Mjg5ODEzMV5BMl5BanBnXkFtZTcwMDc3NDk0NA@@._V1_SX300.jpg,73,6.8,"243,512","$8,750,000"
Color,George Roy Hill,130.0,110,131.0,399.0,Ted Cassidy,640.0,102308900.0,Biography|Crime|Drama|Western,Katharine Ross,Butch Cassidy and the Sundance Kid ,152089,2169,Kenneth Mars,1.0,bolivia|gang|outlaw|posse|train,http://www.imdb.com/title/tt0064115/?ref_=fn_tt_tt_1,309.0,English,USA,M,6000000.0,1969,566.0,8.1,2.35,0,4,Biography,Crime,Drama,tt0064115,Butch Cassidy and the Sundance Kid,1969,PG,24 Sep 1969,110 min,"Adventure, Biography, Crime",George Roy Hill,William Goldman,"Paul Newman, Robert Redford, Katharine Ross","In 1890s Wyoming, Butch Cassidy and The Sundance Kid lead a band of outlaws. When a train robbery goes wrong, they find themselves on the run with a posse hard on their heels..","English, Spanish","United States, Mexico",Won 4 Oscars. 22 wins & 15 nominations total,https://m.media-amazon.com/images/M/MV5BMTkyMTM2NDk5Nl5BMl5BanBnXkFtZTgwNzY1NzEyMDE@._V1_SX300.jpg,66,8.0,"237,821","$102,308,889"
Color,Nora Ephron,153.0,119,0.0,744.0,Jean Stapleton,15000.0,115731542.0,Comedy|Drama|Romance,Tom Hanks,You've Got Mail ,151812,17768,Dave Chappelle,2.0,bookstore|competing businesses|instant messaging|new york city|shop owner,http://www.imdb.com/title/tt0128853/?ref_=fn_tt_tt_1,556.0,English,USA,PG,65000000.0,1998,793.0,6.5,1.85,0,3,Comedy,Drama,Romance,tt0128853,You've Got Mail,1998,PG,18 Dec 1998,119 min,"Comedy, Drama, Romance",Nora Ephron,"Miklós László, Nora Ephron, Delia Ephron","Tom Hanks, Meg Ryan, Greg Kinnear","Book superstore magnate Joe Fox and independent book shop owner Kathleen Kelly fall in love in the anonymity of the Internet, both blissfully unaware that he's trying to put her out of business.",English,United States,6 wins & 8 nominations total,https://m.media-amazon.com/images/M/MV5BN2FhMWRiODYtMTQwMy00OTE2LTlhZjMtNWRmYmIyZjYwYTk1XkEyXkFqcGc@._V1_SX300.jpg,58,6.7,"244,152","$115,821,495"
Color,Asghar Farhadi,354.0,123,0.0,620.0,Leila Hatami,786.0,7098492.0,Drama|Mystery,Shahab Hosseini,A Separation ,151812,2501,Peyman Moaadi,2.0,alzheimer's disease|caregiver|divorce|iran|iranian,http://www.imdb.com/title/tt1832382/?ref_=fn_tt_tt_1,264.0,Persian,Iran,PG-13,500000.0,2011,712.0,8.4,1.85,48000,2,Drama,Mystery,,tt1832382,A Separation,2011,PG-13,16 Mar 2011,123 min,Drama,Asghar Farhadi,Asghar Farhadi,"Payman Maadi, Leila Hatami, Sareh Bayat",A married couple are faced with a difficult decision - to improve the life of their child by moving to another country or to stay in Iran and look after a deteriorating parent who has Alzheimer's disease.,Persian,"Iran, France, Australia",Won 1 Oscar. 89 wins & 52 nominations total,https://m.media-amazon.com/images/M/MV5BMDM0ZWRmMzctM2M5ZS00ZjU0LWIxN2MtNWNlNGY1ZDhjMDVhXkEyXkFqcGc@._V1_SX300.jpg,95,8.3,"276,307","$7,099,055"
Color,Alexander Witt,191.0,98,38.0,706.0,Thomas Kretschmann,14000.0,50740078.0,Action|Horror|Sci-Fi|Thriller,Milla Jovovich,Resident Evil: Apocalypse ,151580,16791,Mike Epps,1.0,cover up|monster|strong female character|strong female lead|zombie apocalypse,http://www.imdb.com/title/tt0318627/?ref_=fn_tt_tt_1,672.0,English,Germany,R,45000000.0,2004,919.0,6.2,2.35,0,4,Action,Horror,Sci-Fi,tt0318627,Resident Evil: Apocalypse,2004,R,10 Sep 2004,94 min,"Action, Horror, Sci-Fi",Alexander Witt,Paul W.S. Anderson,"Milla Jovovich, Sienna Guillory, Eric Mabius","Alice wakes up in the Raccoon City hospital after the area has been overrun by zombies, and must now make it out of the city before a nuclear bomb is dropped.",English,"Germany, United Kingdom, France, Canada, United States",6 wins & 3 nominations total,"https://m.media-amazon.com/images/M/MV5BMTc1NTUxMzk0Nl5BMl5BanBnXkFtZTcwNDQ1MDIzMw@@._V1_QL75_UX380_CR0,1,380,562_.jpg",36,6.1,"221,064","$51,201,453"
Color,Jonathan Mostow,258.0,89,84.0,1000.0,Devin Ratray,13000.0,38542418.0,Action|Sci-Fi|Thriller,Bruce Willis,Surrogates ,151424,18132,Boris Kodjoe,5.0,android|fbi agent|future|murder|robot,http://www.imdb.com/title/tt0986263/?ref_=fn_tt_tt_1,252.0,English,USA,PG-13,80000000.0,2009,1000.0,6.3,2.35,0,3,Action,Sci-Fi,Thriller,tt0986263,Surrogates,2009,PG-13,25 Sep 2009,89 min,"Action, Sci-Fi, Thriller",Jonathan Mostow,"Michael Ferris, John Brancato, Robert Venditti","Bruce Willis, Radha Mitchell, Ving Rhames","Set in a futuristic world where humans live in isolation and interact through surrogate robots, a cop is forced to leave his home for the first time in years in order to investigate the murders of others' surrogates.",English,United States,N/A,https://m.media-amazon.com/images/M/MV5BMjEzMTU5OTY0Ml5BMl5BanBnXkFtZTcwMDA0NjA3Mg@@._V1_SX300.jpg,45,6.3,"183,342","$38,577,772"
Color,D.J. Caruso,215.0,118,154.0,915.0,Ethan Embry,3000.0,101111837.0,Action|Mystery|Thriller,Rosario Dawson,Eagle Eye ,150764,5637,Cameron Boyce,3.0,audio surveillance|death|pentagon|technology|twin brother,http://www.imdb.com/title/tt1059786/?ref_=fn_tt_tt_1,318.0,English,USA,PG-13,80000000.0,2008,982.0,6.6,2.35,0,3,Action,Mystery,Thriller,tt1059786,Eagle Eye,2008,PG-13,26 Sep 2008,118 min,"Action, Mystery, Thriller",D.J. Caruso,"John Glenn, Travis Wright, Hillary Seitz","Shia LaBeouf, Michelle Monaghan, Rosario Dawson",Two strangers become pawns of an unknown woman.,English,"United Kingdom, Germany, United States",3 wins & 8 nominations total,https://m.media-amazon.com/images/M/MV5BMjA5MTMzMDMzNl5BMl5BanBnXkFtZTcwMzUwNDUzMw@@._V1_SX300.jpg,43,6.6,"200,536","$101,440,743"
Color,Kirk De Micco,257.0,98,16.0,12000.0,Emma Stone,16000.0,187165546.0,Adventure|Animation|Comedy|Family|Fantasy,Ryan Reynolds,The Croods ,150618,43286,Nicolas Cage,3.0,cave|caveman|journey|strict father|survival,http://www.imdb.com/title/tt0481499/?ref_=fn_tt_tt_1,195.0,English,USA,PG,135000000.0,2013,15000.0,7.3,2.35,28000,5,Adventure,Animation,Comedy,tt0481499,The Croods,2013,PG,22 Mar 2013,98 min,"Animation, Adventure, Comedy","Kirk DeMicco, Chris Sanders","Kirk DeMicco, Chris Sanders, John Cleese","Nicolas Cage, Ryan Reynolds, Emma Stone","In the primeval era, Grug and his family risk the dangers of their surroundings to find a new dwelling place. Along the way, they meet a modern boy who woos them with his adventurous ways.",English,United States,Nominated for 1 Oscar. 5 wins & 46 nominations total,https://m.media-amazon.com/images/M/MV5BMTcyOTc2OTA1Ml5BMl5BanBnXkFtZTcwOTI1MjkzOQ@@._V1_SX300.jpg,55,7.1,"249,657","$187,168,425"
Color,Lasse Hallström,152.0,121,529.0,163.0,Leslie Caron,541.0,71309760.0,Drama|Romance,Lena Olin,Chocolat ,150308,1323,Hugh O'Conor,1.0,chocolate|chocolate shop|food|france|village,http://www.imdb.com/title/tt0241303/?ref_=fn_tt_tt_1,498.0,English,UK,PG-13,25000000.0,2000,399.0,7.3,1.85,18000,2,Drama,Romance,,tt0241303,Chocolat,2000,PG-13,19 Jan 2001,121 min,"Drama, Romance",Lasse Hallström,"Joanne Harris, Robert Nelson Jacobs","Juliette Binoche, Johnny Depp, Judi Dench","Single mother Vianne Rocher and her young daughter arrive in a rural French town in the winter of 1959, and open an unusual chocolate shop that disrupts the moral fiber of the strictly Catholic townsfolk and mayor.","English, French","United Kingdom, United States",Nominated for 5 Oscars. 7 wins & 35 nominations total,https://m.media-amazon.com/images/M/MV5BNGIwYzczYWItZmI5Yi00M2JiLTg4M2EtNzFhNjUzZTRjNmRhXkEyXkFqcGc@._V1_SX300.jpg,64,7.2,"209,154","$71,509,363"
Color,Woody Allen,415.0,98,11000.0,218.0,Charlie Tahan,594.0,33404871.0,Drama,Sally Hawkins,Blue Jasmine ,150082,1353,Andrew Dice Clay,1.0,congenital liar|mental breakdown|self deception|snob|talking to oneself,http://www.imdb.com/title/tt2334873/?ref_=fn_tt_tt_1,384.0,English,USA,PG-13,18000000.0,2013,268.0,7.3,2.35,36000,1,Drama,,,tt2334873,Blue Jasmine,2013,PG-13,23 Aug 2013,98 min,"Comedy, Drama, Romance",Woody Allen,Woody Allen,"Cate Blanchett, Joy Carlin, Richard Conti","A New York socialite, deeply troubled and in denial, arrives in San Francisco to impose upon her sister. She looks like a million dollars but isn't bringing money, peace or love.",English,United States,Won 1 Oscar. 56 wins & 83 nominations total,https://m.media-amazon.com/images/M/MV5BMTc0ODk5MzEyMV5BMl5BanBnXkFtZTcwMzI0MDY1OQ@@._V1_SX300.jpg,78,7.3,"218,419","$33,405,481"
Color,Stanley Donen,169.0,103,134.0,390.0,Debbie Reynolds,804.0,,Comedy|Musical|Romance,Rita Moreno,Singin' in the Rain ,150020,2510,Cyd Charisse,0.0,actress|chorus girl|fan|friend|love,http://www.imdb.com/title/tt0045152/?ref_=fn_tt_tt_1,568.0,English,USA,Approved,2540800.0,1952,786.0,8.3,1.37,0,3,Comedy,Musical,Romance,tt0045152,Singin' in the Rain,1952,G,10 Apr 1952,103 min,"Comedy, Musical, Romance","Stanley Donen, Gene Kelly","Betty Comden, Adolph Green","Gene Kelly, Donald O&apos;Connor, Debbie Reynolds",A silent film star falls for a chorus girl just as he and his delusionally jealous screen partner are trying to make the difficult transition to talking pictures in 1920s Hollywood.,English,United States,Nominated for 2 Oscars. 11 wins & 11 nominations total,"https://m.media-amazon.com/images/M/MV5BMGQzZDFjZWUtZDU4ZS00ZjM3LTgyYmItYjA3YmIwYzRkZWY3XkEyXkFqcGc@._V1_QL75_UY562_CR3,0,380,562_.jpg",99,8.3,"282,203","$1,884,537"
Color,Tony Scott,267.0,106,12000.0,385.0,Ramon Rodriguez,18000.0,65452312.0,Action|Crime|Thriller,Denzel Washington,The Taking of Pelham 1 2 3 ,149998,19906,Michael Rispoli,1.0,hijack|hostage|ransom|subway|train,http://www.imdb.com/title/tt1111422/?ref_=fn_tt_tt_1,285.0,English,USA,R,100000000.0,2009,464.0,6.4,2.35,0,3,Action,Crime,Thriller,tt1111422,The Taking of Pelham 123,2009,R,12 Jun 2009,106 min,"Action, Crime, Thriller",Tony Scott,"Brian Helgeland, John Godey","Denzel Washington, John Travolta, Luis Guzmán","Armed men hijack a New York City subway train, holding the passengers hostage in return for a ransom, and turning an ordinary day's work for dispatcher Walter Garber into a face-off with the mastermind behind the crime.","English, Ukrainian","United States, United Kingdom",1 win & 7 nominations total,https://m.media-amazon.com/images/M/MV5BMTU3NzA4MDcwNV5BMl5BanBnXkFtZTcwMDAyNzc1Mg@@._V1_SX300.jpg,55,6.4,"216,565","$65,452,312"
Color,Alexander Payne,285.0,126,729.0,284.0,Patrick Gallagher,912.0,71502303.0,Adventure|Comedy|Drama|Romance,Virginia Madsen,Sideways ,149966,2170,M.C. Gainey,0.0,actor|california|teacher|wine|writer,http://www.imdb.com/title/tt0375063/?ref_=fn_tt_tt_1,835.0,English,USA,R,12000000.0,2004,306.0,7.5,1.85,0,4,Adventure,Comedy,Drama,tt0375063,Sideways,2004,R,22 Oct 2004,127 min,"Comedy, Drama, Romance",Alexander Payne,"Rex Pickett, Alexander Payne, Jim Taylor","Paul Giamatti, Thomas Haden Church, Virginia Madsen","Two men reaching middle age with not much to show but disappointment embark on a week-long road trip through California's wine country, just as one is about to take a trip down the aisle.","English, Armenian, French",United States,Won 1 Oscar. 123 wins & 91 nominations total,https://m.media-amazon.com/images/M/MV5BMTU0Mjg3MzkxOV5BMl5BanBnXkFtZTYwNDU1OTY3._V1_SX300.jpg,94,7.5,"216,148","$71,503,593"
Color,Tony Scott,316.0,98,12000.0,1000.0,Rosario Dawson,18000.0,81557479.0,Action|Thriller,Denzel Washington,Unstoppable ,149947,25780,Ethan Suplee,1.0,freight train|race against time|runaway train|train|train engineer,http://www.imdb.com/title/tt0477080/?ref_=fn_tt_tt_1,326.0,English,USA,PG-13,100000000.0,2010,3000.0,6.8,2.35,18000,2,Action,Thriller,,tt0477080,Unstoppable,2010,PG-13,12 Nov 2010,98 min,"Action, Thriller",Tony Scott,Mark Bomback,"Denzel Washington, Chris Pine, Rosario Dawson","With an unmanned, half-mile-long freight train barreling toward a city, a veteran engineer and a young conductor race against the clock to prevent a catastrophe.",English,United States,Nominated for 1 Oscar. 1 win & 14 nominations total,https://m.media-amazon.com/images/M/MV5BMjI4NDQwMDM0N15BMl5BanBnXkFtZTcwMzY1ODMwNA@@._V1_SX300.jpg,69,6.8,"218,128","$81,562,942"
Color,Andrew Adamson,258.0,150,80.0,201.0,Pierfrancesco Favino,22000.0,141614023.0,Action|Adventure|Family|Fantasy,Peter Dinklage,The Chronicles of Narnia: Prince Caspian ,149922,22697,Damián Alcázar,4.0,brother brother relationship|brother sister relationship|good versus evil|king|narnia,http://www.imdb.com/title/tt0499448/?ref_=fn_tt_tt_1,438.0,English,USA,PG,225000000.0,2008,216.0,6.6,2.35,0,4,Action,Adventure,Family,tt0499448,The Chronicles of Narnia: Prince Caspian,2008,PG,16 May 2008,150 min,"Action, Adventure, Family",Andrew Adamson,"Andrew Adamson, Christopher Markus, Stephen McFeely","Ben Barnes, Skandar Keynes, Georgie Henley","The Pevensie siblings return to Narnia, where they are enlisted to help ward off an evil king and restore the rightful heir to the land's throne, Prince Caspian.",English,"United States, Poland, Slovenia, Czech Republic, United Kingdom, Australia, Germany, New Zealand",4 wins & 21 nominations total,https://m.media-amazon.com/images/M/MV5BOTBiYzYyYWYtYTZlMC00OGYyLTg1ZTYtYWU4OGY4NTRhMzg4XkEyXkFqcGc@._V1_SX300.jpg,62,6.5,"238,224","$141,621,490"
Color,Kevin Smith,247.0,101,0.0,92.0,Jeff Anderson,218.0,31452765.0,Comedy|Romance,Gerry Bednob,Zack and Miri Make a Porno ,149835,638,Jennifer Schwalbach Smith,7.0,actor|friend|male frontal nudity|male full frontal nudity|penis,http://www.imdb.com/title/tt1007028/?ref_=fn_tt_tt_1,243.0,English,USA,R,24000000.0,2008,216.0,6.6,1.85,0,2,Comedy,Romance,,tt1007028,Zack and Miri Make a Porno,2008,R,31 Oct 2008,101 min,"Comedy, Romance",Kevin Smith,Kevin Smith,"Seth Rogen, Elizabeth Banks, Craig Robinson","Lifelong platonic friends Zack and Miri look to solve their respective cash-flow problems by making an adult film together. As the cameras roll, however, the duo begin to sense that they may have more feelings for each other than ...",English,United States,2 wins & 4 nominations total,https://m.media-amazon.com/images/M/MV5BMTQ3OWYzMDItOTAzZC00OGVkLTg0MDMtMGNmM2E5MTZkYTY3XkEyXkFqcGc@._V1_SX300.jpg,56,6.5,"186,351","$31,457,946"
Color,Roger Spottiswoode,160.0,119,55.0,387.0,Colin Salmon,811.0,125332007.0,Action|Adventure|Thriller,Vincent Schiavelli,Tomorrow Never Dies ,149680,2958,Joe Don Baker,3.0,ex boyfriend ex girlfriend relationship|media tycoon|megalomaniac|official james bond series|world war three,http://www.imdb.com/title/tt0120347/?ref_=fn_tt_tt_1,328.0,English,UK,PG-13,110000000.0,1997,766.0,6.5,2.35,0,3,Action,Adventure,Thriller,tt0120347,Tomorrow Never Dies,1997,PG-13,19 Dec 1997,119 min,"Action, Adventure, Thriller",Roger Spottiswoode,"Bruce Feirstein, Ian Fleming","Pierce Brosnan, Jonathan Pryce, Michelle Yeoh",James Bond is sent to disrupt a media mogul's plot to foment a war between China and the United Kingdom.,"English, German, Danish, Mandarin, Cantonese","United Kingdom, United States, Spain",6 wins & 10 nominations total,https://m.media-amazon.com/images/M/MV5BMTM1MTk2ODQxNV5BMl5BanBnXkFtZTcwOTY5MDg0NA@@._V1_SX300.jpg,52,6.5,"213,704","$125,304,276"
Color,Russell Mulcahy,216.0,94,85.0,443.0,Mike Epps,14000.0,50648679.0,Action|Horror|Sci-Fi|Thriller,Milla Jovovich,Resident Evil: Extinction ,149549,16225,James Tumminia,1.0,clone|convoy|crow|desert|satellite,http://www.imdb.com/title/tt0432021/?ref_=fn_tt_tt_1,348.0,English,France,R,45000000.0,2007,706.0,6.3,2.35,0,4,Action,Horror,Sci-Fi,tt0432021,Resident Evil: Extinction,2007,R,21 Sep 2007,94 min,"Action, Horror, Sci-Fi",Russell Mulcahy,Paul W.S. Anderson,"Milla Jovovich, Ali Larter, Oded Fehr","Survivors of the Raccoon City catastrophe travel across the Nevada desert, hoping to make it to Alaska. Alice joins the caravan and their fight against the evil Umbrella Corp.",English,"Germany, Japan, Mexico, Canada, United States",2 wins & 2 nominations total,"https://m.media-amazon.com/images/M/MV5BYzk4YjU4ZTItNTYwNi00ZjZkLTlhMzEtODkyMWEwN2JkN2Q4XkEyXkFqcGc@._V1_QL75_UY562_CR1,0,380,562_.jpg",41,6.2,"215,540","$50,648,679"
Color,Spike Lee,202.0,108,0.0,346.0,Rosario Dawson,22000.0,13060843.0,Drama,Philip Seymour Hoffman,25th Hour ,149528,26050,Aaron Stanford,0.0,bar|dream|drug dealing|nightclub|widower,http://www.imdb.com/title/tt0307901/?ref_=fn_tt_tt_1,454.0,English,USA,R,15000000.0,2002,3000.0,7.7,2.35,0,1,Drama,,,tt0307901,25th Hour,2002,R,10 Jan 2003,135 min,Drama,Spike Lee,David Benioff,"Edward Norton, Barry Pepper, Philip Seymour Hoffman","Cornered by the DEA, convicted New York drug dealer Montgomery Brogan reevaluates his life in the 24 remaining hours before facing a seven-year jail term.",English,United States,4 wins & 17 nominations total,https://m.media-amazon.com/images/M/MV5BMjg0OWI0ZjktZTM0My00NmI3LTkzNDEtYzJiODE1ODM0MDk3XkEyXkFqcGc@._V1_SX300.jpg,69,7.6,"187,630","$13,084,595"
Color,David Lean,122.0,161,767.0,87.0,Sessue Hayakawa,682.0,27200000.0,Adventure|Drama|War,William Holden,The Bridge on the River Kwai ,149444,1035,Jack Hawkins,2.0,allies|bridge|construction|jungle|sabotage,http://www.imdb.com/title/tt0050212/?ref_=fn_tt_tt_1,273.0,English,UK,PG,3000000.0,1957,119.0,8.2,2.35,0,3,Adventure,Drama,War,tt0050212,The Bridge on the River Kwai,1957,PG,14 Dec 1957,161 min,"Adventure, Drama, War",David Lean,"Pierre Boulle, Carl Foreman, Michael Wilson","William Holden, Alec Guinness, Jack Hawkins","British POWs are forced to build a railway bridge across the river Kwai for their Japanese captors in occupied Burma, not knowing that the allied forces are planning a daring commando raid through the jungle to destroy it.","English, Japanese, Thai","United Kingdom, United States",Won 7 Oscars. 30 wins & 7 nominations total,https://m.media-amazon.com/images/M/MV5BNzdkYmU2YmItNmZiYy00OWQyLTg0YWYtZmUxM2U3YTRiNTQ1XkEyXkFqcGc@._V1_SX300.jpg,88,8.1,"247,433","$27,200,000"
 Black and White,Yimou Zhang,283.0,80,611.0,576.0,Tony Chiu Wai Leung,5000.0,84961.0,Action|Adventure|History,Jet Li,Hero ,149414,6229,Maggie Cheung,4.0,china|flying|king|palace|sword,http://www.imdb.com/title/tt0299977/?ref_=fn_tt_tt_1,841.0,Mandarin,China,PG-13,31000000.0,2002,643.0,7.9,2.35,0,3,Action,Adventure,History,tt0299977,Hero,2002,PG-13,27 Aug 2004,94 min,"Action, Adventure, Drama",Yimou Zhang,"Feng Li, Yimou Zhang, Bin Wang","Jet Li, Tony Leung Chiu-wai, Maggie Cheung","A defense officer, Nameless, was summoned by the King of Qin regarding his success of terminating three warriors.",Mandarin,"China, Hong Kong",Nominated for 1 Oscar. 46 wins & 48 nominations total,https://m.media-amazon.com/images/M/MV5BYTlkZWVjYzQtZmI1My00MGM2LTlmZjEtNjU1M2Y1MTRkNmZjXkEyXkFqcGc@._V1_SX300.jpg,85,7.9,"193,495","$53,710,019"
Color,Glenn Ficarra,279.0,105,43.0,523.0,Adrian Martinez,10000.0,53846915.0,Comedy|Crime|Drama|Romance,Will Smith,Focus ,149337,11943,Gerald McRaney,0.0,con artist|con man|deception|rivalry|seduction,http://www.imdb.com/title/tt2381941/?ref_=fn_tt_tt_1,221.0,English,USA,R,50100000.0,2015,806.0,6.6,1.85,23000,4,Comedy,Crime,Drama,tt2381941,Focus,2015,R,27 Feb 2015,105 min,"Comedy, Crime, Drama","Glenn Ficarra, John Requa","Glenn Ficarra, John Requa","Will Smith, Margot Robbie, Rodrigo Santoro","In the midst of veteran con man Nicky's latest scheme, a woman from his past - now an accomplished femme fatale - shows up and throws his plans for a loop.","English, Spanish","United States, Argentina",3 nominations total,https://m.media-amazon.com/images/M/MV5BMTUwODg2OTA4OF5BMl5BanBnXkFtZTgwOTE5MTE4MzE@._V1_SX300.jpg,56,6.6,"293,501","$53,862,963"
Color,Wes Craven,256.0,101,0.0,574.0,Lin Shaye,40000.0,26505000.0,Horror,Johnny Depp,A Nightmare on Elm Street ,149285,42918,Amanda Wyss,1.0,freddy krueger|lucid dream|serial killer|slasher|sleep deprivation,http://www.imdb.com/title/tt0087800/?ref_=fn_tt_tt_1,668.0,English,USA,X,1800000.0,1984,852.0,7.5,1.85,10000,1,Horror,,,tt0087800,A Nightmare on Elm Street,1984,R,16 Nov 1984,91 min,Horror,Wes Craven,Wes Craven,"Heather Langenkamp, Johnny Depp, Robert Englund","Teenager Nancy Thompson must uncover the dark truth concealed by her parents after she and her friends become targets of the spirit of a serial killer with a bladed glove in their dreams, in which if they die, it kills them in rea...",English,United States,7 wins & 8 nominations total,"https://m.media-amazon.com/images/M/MV5BNTZmN2VlMWMtMTdlMi00NDBhLWIyODMtODEwMzM0ODMwMWYwXkEyXkFqcGc@._V1_QL75_UX380_CR0,11,380,562_.jpg",76,7.4,"290,356","$25,624,448"
Color,Roger Kumble,101.0,97,16.0,637.0,Sean Patrick Thomas,4000.0,38201895.0,Drama|Romance,Sarah Michelle Gellar,Cruel Intentions ,149222,6223,Eric Mabius,3.0,bet|revenge|seduction|virgin|wager,http://www.imdb.com/title/tt0139134/?ref_=fn_tt_tt_1,749.0,English,USA,R,10500000.0,1999,656.0,6.9,1.85,0,2,Drama,Romance,,tt0139134,Cruel Intentions,1999,R,05 Mar 1999,97 min,"Drama, Romance",Roger Kumble,"Choderlos de Laclos, Roger Kumble","Sarah Michelle Gellar, Ryan Phillippe, Reese Witherspoon",Two vicious step-siblings of an elite Manhattan prep school make a wager: to deflower the new headmaster's daughter before the start of term.,"English, Vietnamese, French",United States,8 wins & 14 nominations total,https://m.media-amazon.com/images/M/MV5BMjgyYmVjNWYtZTNjOS00YjEyLWI0MjEtMDgwYWI2YzZiMTFkXkEyXkFqcGc@._V1_SX300.jpg,56,6.8,"219,004","$38,773,785"
Color,Rob Reiner,114.0,89,0.0,62.0,Gretchen Palmer,227.0,92823600.0,Comedy|Drama|Romance,Bruno Kirby,When Harry Met Sally... ,149108,485,Harley Jane Kozak,0.0,friendship|love|male female friendship|new york|sex,http://www.imdb.com/title/tt0098635/?ref_=fn_tt_tt_1,273.0,English,USA,R,16000000.0,1989,73.0,7.6,1.85,0,3,Comedy,Drama,Romance,tt0098635,When Harry Met Sally...,1989,R,21 Jul 1989,95 min,"Comedy, Drama, Romance",Rob Reiner,Nora Ephron,"Billy Crystal, Meg Ryan, Carrie Fisher","Harry and Sally have known each other for years, and are very good friends, but they fear sex would ruin the friendship.",English,United States,Nominated for 1 Oscar. 6 wins & 19 nominations total,https://m.media-amazon.com/images/M/MV5BMjE0ODEwNjM2NF5BMl5BanBnXkFtZTcwMjU2Mzg3NA@@._V1_SX300.jpg,76,7.7,"269,982","$93,117,425"
Color,Tomas Alfredson,466.0,127,140.0,10000.0,Colin Firth,19000.0,24104113.0,Drama|Mystery|Thriller,Benedict Cumberbatch,Tinker Tailor Soldier Spy ,149066,46241,Gary Oldman,1.0,cold war|hungary|mole|spy|woman on top,http://www.imdb.com/title/tt1340800/?ref_=fn_tt_tt_1,517.0,English,France,R,20000000.0,2011,14000.0,7.1,2.35,24000,3,Drama,Mystery,Thriller,tt1340800,Tinker Tailor Soldier Spy,2011,R,06 Jan 2012,127 min,"Drama, Mystery, Thriller",Tomas Alfredson,"John le Carré, Bridget O'Connor, Peter Straughan","Gary Oldman, Colin Firth, Tom Hardy","In the bleak days of the Cold War, espionage veteran George Smiley is forced from semi-retirement to uncover a Soviet Agent within MI6.","English, Russian, Hungarian, French, Turkish","United Kingdom, France, Germany, United States, Hungary, Turkey",Nominated for 3 Oscars. 35 wins & 100 nominations total,https://m.media-amazon.com/images/M/MV5BMTU2OTkwNzMyM15BMl5BanBnXkFtZTcwOTI4ODg2Ng@@._V1_SX300.jpg,85,7.0,"225,310","$24,149,393"
Color,Chris Weitz,251.0,113,129.0,1000.0,Eva Green,16000.0,70083519.0,Adventure|Family|Fantasy,Christopher Lee,The Golden Compass ,149019,24106,Kristin Scott Thomas,2.0,children|epic|friend|girl|quest,http://www.imdb.com/title/tt0385752/?ref_=fn_tt_tt_1,666.0,English,USA,PG-13,180000000.0,2007,6000.0,6.1,2.35,0,3,Adventure,Family,Fantasy,tt0385752,The Golden Compass,2007,PG-13,07 Dec 2007,113 min,"Adventure, Family, Fantasy",Chris Weitz,"Chris Weitz, Philip Pullman","Nicole Kidman, Daniel Craig, Dakota Blue Richards","In a parallel universe, young Lyra Belacqua journeys to the far North to save her best friend and other kidnapped children from terrible experiments by a mysterious organization.","English, Icelandic, Russian, French","United Kingdom, United States, Canada, France, Australia",Won 1 Oscar. 7 wins & 32 nominations total,https://m.media-amazon.com/images/M/MV5BMTM2NDkxMjQxMV5BMl5BanBnXkFtZTYwNTMxMDM4._V1_SX300.jpg,51,6.1,"199,671","$70,107,728"
Color,Iain Softley,140.0,120,34.0,1000.0,Jeff Bridges,18000.0,50173190.0,Drama|Mystery|Sci-Fi,Kevin Spacey,K-PAX ,148490,33615,Alfre Woodard,1.0,extraterrestrial|hospital|patient|planet|science,http://www.imdb.com/title/tt0272152/?ref_=fn_tt_tt_1,537.0,English,USA,PG-13,48000000.0,2001,12000.0,7.4,2.35,0,3,Drama,Mystery,Sci-Fi,tt0272152,K-PAX,2001,PG-13,26 Oct 2001,120 min,"Drama, Mystery, Sci-Fi",Iain Softley,"Gene Brewer, Charles Leavitt","Kevin Spacey, Jeff Bridges, Mary McCormack",A psychiatrist tries to determine how best to help a patient who convincingly claims to be from a distant galaxy.,English,"Germany, United States",3 nominations total,https://m.media-amazon.com/images/M/MV5BZWU5MTJiNDMtMmI0Yy00MWRjLTgwZjktODEyY2NmZThhM2EwXkEyXkFqcGc@._V1_SX300.jpg,49,7.4,"201,388","$50,338,485"
Color,Bryan Singer,396.0,144,0.0,1000.0,Michael Fassbender,34000.0,154985087.0,Action|Adventure|Sci-Fi,Jennifer Lawrence,X-Men: Apocalypse ,148379,49684,Tye Sheridan,6.0,mutant|superhero|superhero team|x men|year 1983,http://www.imdb.com/title/tt3385516/?ref_=fn_tt_tt_1,622.0,English,USA,PG-13,178000000.0,2016,13000.0,7.3,2.35,54000,3,Action,Adventure,Sci-Fi,tt3385516,X-Men: Apocalypse,2016,PG-13,27 May 2016,144 min,"Action, Adventure, Sci-Fi",Bryan Singer,"Simon Kinberg, Bryan Singer, Michael Dougherty","James McAvoy, Michael Fassbender, Jennifer Lawrence","In the 1980s, the X-Men must defeat an ancient all-powerful mutant, En Sabah Nur, who intends to thrive by bringing destruction to the world.","English, Polish, German, Arabic, Egyptian (Ancient)",United States,1 win & 19 nominations total,"https://m.media-amazon.com/images/M/MV5BNjVhNWY3NjItNmZjOS00NTU3LWFiZTctNzdjNGM5Y2Y0MDUwXkEyXkFqcGc@._V1_QL75_UX380_CR0,0,380,562_.jpg",52,6.8,"491,572","$155,442,489"
Color,Steven Soderbergh,450.0,106,0.0,273.0,David Costabile,17000.0,32154410.0,Crime|Drama|Thriller,Channing Tatum,Side Effects ,148327,18469,Katie Lowes,0.0,clinical trial|female protagonist|neuropharmacology|psychiatrist|side effect,http://www.imdb.com/title/tt2053463/?ref_=fn_tt_tt_1,274.0,English,USA,R,30000000.0,2013,681.0,7.1,1.85,29000,3,Crime,Drama,Thriller,tt2053463,Side Effects,2013,R,08 Feb 2013,106 min,"Crime, Drama, Mystery",Steven Soderbergh,Scott Z. Burns,"Rooney Mara, Channing Tatum, Jude Law",A young woman's world unravels when a drug prescribed by her psychiatrist has unexpected side effects.,"English, French",United States,5 nominations total,https://m.media-amazon.com/images/M/MV5BMTc2MzY0NDAwOF5BMl5BanBnXkFtZTcwMTE1Mzc4OA@@._V1_SX300.jpg,75,7.1,"202,864","$32,172,757"
Color,James Mangold,283.0,117,446.0,877.0,Marc Blucas,10000.0,76418654.0,Action|Comedy|Romance,Tom Cruise,Knight and Day ,148280,12731,Jordi Mollà,0.0,chase|fbi|garage|spy|surveillance,http://www.imdb.com/title/tt1013743/?ref_=fn_tt_tt_1,348.0,English,USA,PG-13,117000000.0,2010,973.0,6.3,2.35,11000,3,Action,Comedy,Romance,tt1013743,Knight and Day,2010,PG-13,23 Jun 2010,109 min,"Action, Adventure, Comedy",James Mangold,Patrick O'Neill,"Tom Cruise, Cameron Diaz, Peter Sarsgaard",A young woman gets mixed up with a disgraced spy who is trying to clear his name.,"English, German, Spanish","United States, Spain, Austria",3 nominations total,https://m.media-amazon.com/images/M/MV5BMTM0Mzg0MzI3Ml5BMl5BanBnXkFtZTcwNjIyNzk1Mw@@._V1_SX300.jpg,46,6.3,"224,032","$76,423,035"
Color,Ron Howard,201.0,144,2000.0,537.0,Bruce McGill,680.0,61644321.0,Biography|Drama|Sport,Paddy Considine,Cinderella Man ,148238,2523,Rosemarie DeWitt,0.0,boxer|boxing|dream|great depression|love,http://www.imdb.com/title/tt0352248/?ref_=fn_tt_tt_1,529.0,English,USA,PG-13,88000000.0,2005,655.0,8.0,2.35,0,3,Biography,Drama,Sport,tt0352248,Cinderella Man,2005,PG-13,03 Jun 2005,144 min,"Biography, Drama, Romance",Ron Howard,"Cliff Hollingsworth, Akiva Goldsman","Russell Crowe, Renée Zellweger, Craig Bierko","The true story of James J. Braddock, a supposedly washed-up boxer, who returned to the spotlight to win the heavyweight championship of the world.",English,United States,Nominated for 3 Oscars. 16 wins & 45 nominations total,https://m.media-amazon.com/images/M/MV5BYjQ3M2ZjMzYtNmQwNC00MjNkLTgzOTgtMjhjMDk0YzIzOWZkXkEyXkFqcGc@._V1_SX300.jpg,69,8.0,"207,429","$61,649,911"
Color,Gareth Evans,481.0,102,338.0,60.0,Yayan Ruhian,1000.0,4105123.0,Action|Crime|Thriller,Iko Uwais,The Raid: Redemption ,148221,1445,Donny Alamsyah,0.0,apartment|drug lord|gangster|police|swat team,http://www.imdb.com/title/tt1899353/?ref_=fn_tt_tt_1,316.0,Indonesian,Indonesia,R,1100000.0,2011,342.0,7.6,1.85,51000,3,Action,Crime,Thriller,tt1899353,The Raid: Redemption,2011,R,13 Apr 2012,101 min,"Action, Crime, Thriller",Gareth Evans,Gareth Evans,"Iko Uwais, Ananda George, Ray Sahetapy",A S.W.A.T. team becomes trapped in a tenement run by a ruthless mobster and his army of killers and thugs.,"Indonesian, English","Indonesia, France, United States",9 wins & 23 nominations total,https://m.media-amazon.com/images/M/MV5BOGUxM2Q0MzItZDRmYy00ZWY1LWFiNzctNmY3Njg2ODJjZWNmXkEyXkFqcGc@._V1_SX300.jpg,73,7.6,"225,910","$4,105,187"
Color,Robert Wise,119.0,174,338.0,195.0,Angela Cartwright,354.0,163214286.0,Biography|Drama|Family|Musical|Romance,Eleanor Parker,The Sound of Music ,148172,1495,Nicholas Hammond,3.0,austria|children|governess|love|orchestral music score,http://www.imdb.com/title/tt0059742/?ref_=fn_tt_tt_1,406.0,English,USA,G,8200000.0,1965,209.0,8.0,2.35,15000,5,Biography,Drama,Family,tt0059742,The Sound of Music,1965,G,01 Apr 1965,174 min,"Biography, Drama, Family",Robert Wise,"Georg Hurdalek, Howard Lindsay, Russel Crouse","Julie Andrews, Christopher Plummer, Eleanor Parker",A young novice is sent by her convent in 1930s Austria to become a governess to the seven children of a widowed naval officer.,"English, German",United States,Won 5 Oscars. 19 wins & 13 nominations total,https://m.media-amazon.com/images/M/MV5BYWJhYmU4MjQtZDJhYi00ZGVjLTlkNTEtNzkzNGVjOWQ3MjcwXkEyXkFqcGc@._V1_SX300.jpg,63,8.1,"289,128","$160,888,776"
Color,McG,241.0,103,368.0,520.0,Abigail Spencer,27000.0,54758461.0,Action|Comedy|Romance,Tom Hardy,This Means War ,147641,29808,Warren Christie,3.0,best friend|cia|cia agent|dating|undercover,http://www.imdb.com/title/tt1596350/?ref_=fn_tt_tt_1,238.0,English,USA,PG-13,65000000.0,2012,1000.0,6.3,2.35,18000,3,Action,Comedy,Romance,tt1596350,This Means War,2012,PG-13,17 Feb 2012,103 min,"Action, Comedy, Romance",McG,"Timothy Dowling, Simon Kinberg, Marcus Gautesen","Reese Witherspoon, Chris Pine, Tom Hardy",CIA agents and best friends Franklin and Tuck discover that they are in love with the same woman. Each of them then decides to win her over by using their own skills.,"English, German, Japanese, Serbian",United States,1 win & 6 nominations total,https://m.media-amazon.com/images/M/MV5BMTYyOTQ4MDE2MV5BMl5BanBnXkFtZTcwOTE0MTgwNw@@._V1_SX300.jpg,31,6.3,"199,055","$54,760,791"
Color,Jon Favreau,152.0,97,4000.0,8000.0,Zooey Deschanel,22000.0,173381405.0,Comedy|Family|Fantasy|Romance,Peter Dinklage,Elf ,147597,43354,Will Ferrell,1.0,baby|christmas spirit|elf|new york city|north pole,http://www.imdb.com/title/tt0319343/?ref_=fn_tt_tt_1,395.0,English,USA,PG,33000000.0,2003,11000.0,6.9,1.85,21000,4,Comedy,Family,Fantasy,tt0319343,Elf,2003,PG,07 Nov 2003,97 min,"Adventure, Comedy, Family",Jon Favreau,David Berenbaum,"Will Ferrell, James Caan, Bob Newhart","A man raised by Santa's elves travels from the North Pole to New York City to meet his biological father, who doesn't know he exists and is in desperate need of some Christmas spirit.",English,United States,2 wins & 9 nominations total,https://m.media-amazon.com/images/M/MV5BNDQ0ZWE2NzgtNGNhMC00MDIwLWI1MjUtYjYxZGRiM2UyYTQzXkEyXkFqcGc@._V1_SX300.jpg,66,7.1,"345,306","$179,757,261"
Color,Sergio Leone,122.0,99,0.0,93.0,Gian Maria Volontè,16000.0,3500000.0,Action|Drama|Western,Clint Eastwood,A Fistful of Dollars ,147566,16534,Aldo Sambrell,1.0,balladeer|bar|drifter|mexican|revenge,http://www.imdb.com/title/tt0058461/?ref_=fn_tt_tt_1,235.0,Italian,Italy,R,200000.0,1964,360.0,8.0,2.35,0,3,Action,Drama,Western,tt0058461,A Fistful of Dollars,1967,R,18 Jan 1967,99 min,"Drama, Western",Sergio Leone,"Adriano Bolzoni, Mark Lowell, Víctor Andrés Catena","Clint Eastwood, Gian Maria Volontè, Marianne Koch","A wandering gunfighter plays two rival families against each other in a town torn apart by greed, pride, and revenge.","English, Italian","Italy, Spain, West Germany",1 win & 5 nominations total,"https://m.media-amazon.com/images/M/MV5BM2ZkYWU1MGQtMzM3MC00ODQ5LWE1ZGQtMDM5YjczZDZhMjg5XkEyXkFqcGc@._V1_QL75_UX380_CR0,4,380,562_.jpg",65,7.9,"253,277","$14,500,000"
Color,David Koepp,195.0,96,192.0,501.0,Charles S. Dutton,40000.0,47781388.0,Mystery|Thriller,Johnny Depp,Secret Window ,147504,41293,Timothy Hutton,1.0,adultery|extramarital affair|infidelity|unfaithfulness|writer,http://www.imdb.com/title/tt0363988/?ref_=fn_tt_tt_1,531.0,English,USA,PG-13,40000000.0,2004,534.0,6.6,2.35,0,2,Mystery,Thriller,,tt0363988,Secret Window,2004,PG-13,12 Mar 2004,96 min,"Drama, Mystery, Thriller",David Koepp,"Stephen King, David Koepp","Johnny Depp, Maria Bello, John Turturro",A successful writer in the midst of a painful divorce is stalked at his remote lake house by a would-be scribe who accuses him of plagiarism.,English,United States,3 nominations total,https://m.media-amazon.com/images/M/MV5BZjI0ZDBiM2MtZDdhMy00ZWQzLWIwNjAtZDAyNmMxZWJhMzA4XkEyXkFqcGc@._V1_SX300.jpg,46,6.5,"219,964","$48,022,900"
Color,Brad Peyton,358.0,114,62.0,884.0,Ioan Gruffudd,12000.0,155181732.0,Action|Adventure|Drama|Thriller,Dwayne Johnson,San Andreas ,147497,16718,Archie Panjabi,0.0,disaster movie|earthquake|journey|natural disaster|san andreas fault,http://www.imdb.com/title/tt2126355/?ref_=fn_tt_tt_1,499.0,English,USA,PG-13,110000000.0,2015,2000.0,6.1,2.35,52000,4,Action,Adventure,Drama,tt2126355,San Andreas,2015,PG-13,29 May 2015,114 min,"Action, Adventure, Thriller",Brad Peyton,"Carlton Cuse, Andre Fabrizio, Jeremy Passmore","Dwayne Johnson, Carla Gugino, Alexandra Daddario","In the aftermath of a massive earthquake in California, a rescue-chopper pilot makes a dangerous journey with his ex-wife across the state in order to rescue his daughter.",English,"United States, Canada",2 wins & 10 nominations total,"https://m.media-amazon.com/images/M/MV5BYmQzNDEzMzMtM2U5OS00YTUzLWI2NDYtYjI2NjAyNWE5YzMzXkEyXkFqcGc@._V1_QL75_UX380_CR0,0,380,562_.jpg",43,6.1,"275,264","$155,190,832"
Color,Nicholas Stoller,222.0,114,89.0,177.0,Mario Lopez,836.0,60923325.0,Comedy|Music,Pink,Get Him to the Greek ,147317,2091,Lino Facioli,2.0,concert|drugs|recession|record company|rock star,http://www.imdb.com/title/tt1226229/?ref_=fn_tt_tt_1,197.0,English,USA,R,,2010,719.0,6.4,1.85,12000,2,Comedy,Music,,tt1226229,Get Him to the Greek,2010,R,04 Jun 2010,109 min,"Comedy, Music",Nicholas Stoller,"Nicholas Stoller, Jason Segel","Jonah Hill, Russell Brand, Elisabeth Moss",A record company intern is hired to accompany out-of-control British rock star Aldous Snow to a concert at L.A.'s Greek Theater.,English,United States,1 win & 14 nominations total,https://m.media-amazon.com/images/M/MV5BMjIyMzQ0MjExNV5BMl5BanBnXkFtZTcwMzkyMzgxMw@@._V1_SX300.jpg,65,6.3,"189,568","$60,974,475"
Color,Antoine Fuqua,305.0,124,845.0,424.0,50 Cent,15000.0,52418902.0,Drama|Sport,Jake Gyllenhaal,Southpaw ,147128,16881,Oona Laurence,0.0,boxer|boxing training|death of wife|male in shower|rage,http://www.imdb.com/title/tt1798684/?ref_=fn_tt_tt_1,277.0,English,USA,R,30000000.0,2015,1000.0,7.5,2.35,44000,2,Drama,Sport,,tt1798684,Southpaw,2015,R,24 Jul 2015,124 min,"Action, Drama, Sport",Antoine Fuqua,Kurt Sutter,"Jake Gyllenhaal, Rachel McAdams, Oona Laurence","After a fatal incident sends him on a rampant path of destruction, a champion boxer fights to get custody of his daughter and revive his professional career.",English,"United States, China, Hong Kong",11 nominations total,https://m.media-amazon.com/images/M/MV5BMjI1MTcwODk0MV5BMl5BanBnXkFtZTgwMTgwMDM5NTE@._V1_SX300.jpg,57,7.3,"276,562","$52,421,953"
Color,Burr Steers,191.0,102,23.0,651.0,Hunter Parrish,2000.0,64149837.0,Comedy|Drama|Family|Fantasy|Romance,Matthew Perry,17 Again ,146899,7009,Thomas Lennon,1.0,adult as child|father son relationship|high school student|janitor|school,http://www.imdb.com/title/tt0974661/?ref_=fn_tt_tt_1,185.0,English,USA,PG-13,20000000.0,2009,2000.0,6.4,2.35,0,5,Comedy,Drama,Family,tt0974661,17 Again,2009,PG-13,17 Apr 2009,102 min,"Comedy, Drama, Fantasy",Burr Steers,Jason Filardi,"Zac Efron, Matthew Perry, Leslie Mann",Mike O'Donnell is ungrateful for how his life turned out. He gets a chance to rewrite his life when he tried to save a janitor near a bridge and jumped after him into a time vortex.,English,United States,3 wins & 5 nominations total,https://m.media-amazon.com/images/M/MV5BMjA2NTI1Mzg3N15BMl5BanBnXkFtZTcwMjYwNjAzMg@@._V1_SX300.jpg,48,6.4,"230,818","$64,167,069"
Color,Byron Howard,225.0,96,59.0,699.0,Diedrich Bader,17000.0,114053579.0,Adventure|Animation|Comedy|Drama|Family,Chloë Grace Moretz,Bolt ,146766,20007,James Lipton,0.0,cat|dog|hamster|new york city|superpower,http://www.imdb.com/title/tt0397892/?ref_=fn_tt_tt_1,178.0,English,USA,PG,150000000.0,2008,759.0,6.9,1.85,0,5,Adventure,Animation,Comedy,tt0397892,Bolt,2008,PG,21 Nov 2008,96 min,"Animation, Adventure, Comedy","Byron Howard, Chris Williams","Dan Fogelman, Chris Williams","John Travolta, Miley Cyrus, Susie Essman",The canine star of a fictional sci-fi/action show that believes his powers are real embarks on a cross country trek to save his co-star from a threat he believes is just as real.,English,"United States, Japan",Nominated for 1 Oscar. 1 win & 32 nominations total,https://m.media-amazon.com/images/M/MV5BMTY3NGVkMmItYWNjMy00MmE0LTlkZmUtNGIxZGJmZTA1YWI0XkEyXkFqcGc@._V1_SX300.jpg,67,6.8,"241,714","$114,053,579"
Color,Ryan Coogler,437.0,133,0.0,531.0,Phylicia Rashad,13000.0,109712885.0,Drama|Sport,Sylvester Stallone,Creed ,146708,15106,Graham McTavish,1.0,boxing|boxing match|fight|montage|philadelphia,http://www.imdb.com/title/tt3076658/?ref_=fn_tt_tt_1,362.0,English,USA,PG-13,35000000.0,2015,597.0,7.7,2.35,70000,2,Drama,Sport,,tt3076658,Creed,2015,PG-13,25 Nov 2015,133 min,"Action, Drama, Sport",Ryan Coogler,"Ryan Coogler, Aaron Covington, Sylvester Stallone","Michael B. Jordan, Sylvester Stallone, Tessa Thompson","The former World Heavyweight Champion Rocky Balboa serves as a trainer and mentor to Adonis Johnson, the son of his late friend and former rival Apollo Creed.","English, Spanish",United States,Nominated for 1 Oscar. 45 wins & 66 nominations total,https://m.media-amazon.com/images/M/MV5BNWM3NjY2ZDctMGZiYy00OGFlLThkMTktOTY2MDM2YjE2OTliXkEyXkFqcGc@._V1_SX300.jpg,82,7.6,"330,457","$109,778,883"
Color,Paul Haggis,239.0,133,549.0,343.0,Daniel Stern,10000.0,21129348.0,Crime|Drama|Romance|Thriller,Olivia Wilde,The Next Three Days ,146364,11799,Aisha Hinds,0.0,argument|evidence|fingerprints|murder|murder weapon,http://www.imdb.com/title/tt1458175/?ref_=fn_tt_tt_1,237.0,English,USA,PG-13,35000000.0,2010,796.0,7.4,2.35,27000,4,Crime,Drama,Romance,tt1458175,The Next Three Days,2010,PG-13,19 Nov 2010,133 min,"Action, Crime, Drama",Paul Haggis,"Paul Haggis, Fred Cavayé, Guillaume Lemans","Russell Crowe, Elizabeth Banks, Liam Neeson",A married couple's life is turned upside down when the wife is accused of a murder.,English,"United States, France",4 nominations total,https://m.media-amazon.com/images/M/MV5BMjA3NTY5ODI4OV5BMl5BanBnXkFtZTcwMjcxNzQ5Mw@@._V1_SX300.jpg,52,7.3,"214,310","$21,148,651"
Color,Jon M. Chu,351.0,122,209.0,934.0,Dwayne Johnson,17000.0,122512052.0,Action|Adventure|Sci-Fi|Thriller,Channing Tatum,G.I. Joe: Retaliation ,146352,31958,Elodie Yung,6.0,general|gi joe|martial arts|ninja|president,http://www.imdb.com/title/tt1583421/?ref_=fn_tt_tt_1,288.0,English,USA,PG-13,130000000.0,2013,12000.0,5.8,2.35,42000,4,Action,Adventure,Sci-Fi,tt1583421,G.I. Joe: Retaliation,2013,PG-13,28 Mar 2013,110 min,"Action, Adventure, Sci-Fi",Jon M. Chu,"Rhett Reese, Paul Wernick","Dwayne Johnson, Channing Tatum, Adrianne Palicki",The G.I. Joes are not only fighting their mortal enemy Cobra; they are forced to contend with threats from within the government that jeopardize their very existence.,English,"United States, Canada",2 wins & 12 nominations total,https://m.media-amazon.com/images/M/MV5BNzk5ODM0OTQ0N15BMl5BanBnXkFtZTcwODg2ODE4OA@@._V1_SX300.jpg,41,5.7,"192,513","$122,523,060"
Color,Wolfgang Petersen,142.0,124,249.0,936.0,Gary Oldman,11000.0,172620724.0,Action|Adventure|Drama|Thriller,Harrison Ford,Air Force One ,146134,23603,Dean Stockwell,1.0,ex soldier|hijacker|hostage|president|terrorist,http://www.imdb.com/title/tt0118571/?ref_=fn_tt_tt_1,393.0,English,USA,R,85000000.0,1997,10000.0,6.4,2.35,0,4,Action,Adventure,Drama,tt0118571,Air Force One,1997,R,25 Jul 1997,124 min,"Action, Crime, Drama",Wolfgang Petersen,Andrew W. Marlowe,"Harrison Ford, Gary Oldman, Glenn Close","Communist radicals led by Ivan Korshunov hijack Air Force One with US President James Marshall and his family on board. Vice President Kathryn Bennett negotiates from Washington D.C., while Marshall fights to rescue the hostages o...","English, Russian",United States,Nominated for 2 Oscars. 7 wins & 13 nominations total,https://m.media-amazon.com/images/M/MV5BOTVlYmFhZjktOTA2ZC00Y2YzLWFmNDMtZGU2YzBkNGZkODY4XkEyXkFqcGc@._V1_SX300.jpg,62,6.5,"221,851","$172,956,409"
Color,Eric Darnell,167.0,89,35.0,436.0,Jada Pinkett Smith,1000.0,179982968.0,Action|Adventure|Animation|Comedy|Family,Bernie Mac,Madagascar: Escape 2 Africa ,146019,3285,Cedric the Entertainer,0.0,africa|madagascar|new york city|sequel|zoo,http://www.imdb.com/title/tt0479952/?ref_=fn_tt_tt_1,119.0,English,USA,PG,150000000.0,2008,851.0,6.7,1.85,0,5,Action,Adventure,Animation,tt0479952,Madagascar: Escape 2 Africa,2008,PG,07 Nov 2008,89 min,"Animation, Adventure, Comedy","Eric Darnell, Tom McGrath","Etan Cohen, Eric Darnell, Tom McGrath","Ben Stiller, Chris Rock, David Schwimmer","The Madagascar animals fly back to New York City, but crash-land on an African nature reserve in Kenya, where they meet others of their own kind, and Alex especially discovers his royal heritage as prince of a lion pride.",English,United States,4 wins & 11 nominations total,https://m.media-amazon.com/images/M/MV5BMjExMDA4NDcwMl5BMl5BanBnXkFtZTcwODAxNTQ3MQ@@._V1_SX300.jpg,61,6.7,"268,534","$180,010,950"
Color,Phyllida Lloyd,238.0,108,58.0,838.0,Meryl Streep,14000.0,143704210.0,Comedy|Family|Musical|Romance,Colin Firth,Mamma Mia! ,145974,26002,Julie Walters,1.0,bride|greece|island|mediterranean|wedding,http://www.imdb.com/title/tt0795421/?ref_=fn_tt_tt_1,611.0,English,USA,PG-13,52000000.0,2008,11000.0,6.3,2.35,10000,4,Comedy,Family,Musical,tt0795421,Mamma Mia!,2008,PG-13,18 Jul 2008,108 min,"Comedy, Musical, Romance",Phyllida Lloyd,"Catherine Johnson, Melvin Frank, Sheldon Keller","Meryl Streep, Pierce Brosnan, Amanda Seyfried","Independent hotelier Donna is preparing for her daughter's wedding with the help of two old friends. Meanwhile, spirited bride-to-be Sophie invites three men from her mother's past in order to discern which is her biological father.","English, Greek","United Kingdom, Germany, United States",Nominated for 3 BAFTA 16 wins & 27 nominations total,https://m.media-amazon.com/images/M/MV5BMTA2MDU0MjM0MzReQTJeQWpwZ15BbWU3MDYwNzgwNzE@._V1_SX300.jpg,51,6.5,"301,873","$144,330,569"
Color,Michael Sucsy,214.0,104,23.0,281.0,Lucas Bryant,17000.0,125014030.0,Drama|Romance,Channing Tatum,The Vow ,145852,18322,Dillon Casey,0.0,car accident|life support|memory loss|trauma|voice recording,http://www.imdb.com/title/tt1606389/?ref_=fn_tt_tt_1,164.0,English,USA,PG-13,30000000.0,2012,359.0,6.8,2.35,32000,2,Drama,Romance,,tt1606389,The Vow,2012,PG-13,10 Feb 2012,104 min,"Drama, Romance",Michael Sucsy,"Abby Kohn, Marc Silverstein, Jason Katims","Rachel McAdams, Channing Tatum, Sam Neill","A car accident puts Paige in a coma, and when she wakes up with severe memory loss, her husband Leo works to win her heart again.",English,"United States, Australia, France, Canada, Germany, Brazil, United Kingdom, China",3 wins & 14 nominations total,https://m.media-amazon.com/images/M/MV5BMjE1OTU5MjU0N15BMl5BanBnXkFtZTcwMzI3OTU5Ng@@._V1_SX300.jpg,43,6.8,"209,734","$125,014,030"
Color,Kevin Macdonald,252.0,121,162.0,25.0,Simon McBurney,1000.0,17605861.0,Biography|Drama|History|Thriller,David Oyelowo,The Last King of Scotland ,145580,1184,Abby Mukiibi Nkaaga,1.0,1970s|assassination|doctor|scottish|ugandan,http://www.imdb.com/title/tt0455590/?ref_=fn_tt_tt_1,351.0,English,UK,R,6000000.0,2006,149.0,7.7,2.35,0,4,Biography,Drama,History,tt0455590,The Last King of Scotland,2006,R,19 Jan 2007,123 min,"Biography, Drama, History",Kevin Macdonald,"Peter Morgan, Jeremy Brock, Giles Foden","James McAvoy, Forest Whitaker, Gillian Anderson",Based on the events of the brutal Ugandan dictator Idi Amin's regime as seen by his personal physician during the 1970s.,"English, French, German, Swahili","United Kingdom, Germany, United States",Won 1 Oscar. 49 wins & 32 nominations total,https://m.media-amazon.com/images/M/MV5BZDg4NjA0YzctNWMzMi00NmY1LTkyMGYtZjI4ZjFmZjMzMGE0XkEyXkFqcGc@._V1_SX300.jpg,74,7.6,"203,023","$17,606,684"
Color,John Frankenheimer,149.0,122,287.0,135.0,Natascha McElhone,22000.0,41609593.0,Action|Adventure|Crime|Thriller,Robert De Niro,Ronin ,145422,24270,Michael Lonsdale,2.0,case|ex kgb|ronin|russian|suitcase,http://www.imdb.com/title/tt0122690/?ref_=fn_tt_tt_1,572.0,English,UK,R,55000000.0,1998,2000.0,7.3,2.35,0,4,Action,Adventure,Crime,tt0122690,Ronin,1998,R,25 Sep 1998,122 min,"Action, Crime, Thriller",John Frankenheimer,"J.D. Zeik, David Mamet","Robert De Niro, Jean Reno, Natascha McElhone",A freelancing former U.S. intelligence agent tries to track down a mysterious package that's wanted by both the Irish and the Russian governments.,"English, French, Russian","United Kingdom, United States",1 win & 4 nominations total,https://m.media-amazon.com/images/M/MV5BYzU0MDEwOGMtZWFlMy00ZjllLWFmMWQtYWIxN2M1YmU5ZWQwXkEyXkFqcGc@._V1_SX300.jpg,67,7.2,"204,446","$41,616,262"
Color,Steve McQueen,486.0,101,0.0,726.0,Nicole Beharie,13000.0,4000304.0,Drama,Michael Fassbender,Shame ,145395,15230,James Badge Dale,0.0,female frontal nudity|female nudity|male nudity|sex addict|sex addiction,http://www.imdb.com/title/tt1723811/?ref_=fn_tt_tt_1,375.0,English,UK,NC-17,6500000.0,2011,898.0,7.3,2.35,23000,1,Drama,,,tt1723811,Shame,2011,NC-17,13 Jan 2012,101 min,Drama,Steve McQueen,"Steve McQueen, Abi Morgan","Michael Fassbender, Carey Mulligan, James Badge Dale",A nymphomaniac's carefully cultivated private life falls apart after his sister arrives for an indefinite stay.,English,"United Kingdom, Canada, United States",Nominated for 2 BAFTA 51 wins & 94 nominations total,https://m.media-amazon.com/images/M/MV5BM2I4YjYzYmQtNGM4Yy00NmYwLWEzYjUtMDBmNjYzZmViZWE3XkEyXkFqcGc@._V1_SX300.jpg,72,7.2,"216,394","$3,909,002"
Color,McG,181.0,94,368.0,466.0,LL Cool J,13000.0,125305545.0,Action|Adventure|Comedy|Crime|Thriller,Bill Murray,Charlie's Angels ,145350,15419,Kelly Lynch,0.0,booty shake|box office hit|duct tape over mouth|first part|martial arts,http://www.imdb.com/title/tt0160127/?ref_=fn_tt_tt_1,643.0,English,USA,PG-13,92000000.0,2000,1000.0,5.5,2.35,0,5,Action,Adventure,Comedy,tt0160127,Charlie's Angels,2000,PG-13,03 Nov 2000,98 min,"Action, Adventure, Comedy",McG,"Ryan Rowe, Ed Solomon, John August","Cameron Diaz, Drew Barrymore, Lucy Liu","Three private investigators are assigned to track down a kidnapped software engineer, but the case isn't as straightforward as it seems.","English, German","Germany, United States",15 wins & 33 nominations total,https://m.media-amazon.com/images/M/MV5BYTkyYjRiZGMtYzA0Mi00N2IyLThhZDAtYWU1OWNhNjIxNzY5XkEyXkFqcGc@._V1_SX300.jpg,52,5.6,"206,779","$125,305,545"
Color,Steve Martino,233.0,88,20.0,916.0,Josh Gad,22000.0,161317423.0,Adventure|Animation|Comedy|Family,Peter Dinklage,Ice Age: Continental Drift ,145321,25354,Drake,0.0,acorn|herd|iceberg|ocean|pirate,http://www.imdb.com/title/tt1667889/?ref_=fn_tt_tt_1,139.0,English,USA,PG,95000000.0,2012,1000.0,6.6,2.35,14000,4,Adventure,Animation,Comedy,tt1667889,Ice Age: Continental Drift,2012,PG,13 Jul 2012,88 min,"Animation, Adventure, Comedy","Steve Martino, Michael Thurmeier","Michael Berg, Jason Fuchs, Lori Forte","Ray Romano, Denis Leary, John Leguizamo","Manny, Diego, and Sid embark upon another adventure after their continent is set adrift. Using an iceberg as a ship, they encounter sea creatures and battle pirates as they explore a new world.",English,"United States, United Kingdom, Canada",2 wins & 11 nominations total,https://m.media-amazon.com/images/M/MV5BMTM3NDM5MzY5Ml5BMl5BanBnXkFtZTcwNjExMDUwOA@@._V1_SX300.jpg,49,6.5,"240,893","$161,321,843"
Color,J.A. Bayona,371.0,114,171.0,284.0,Geraldine Chaplin,6000.0,18996755.0,Drama|Thriller,Naomi Watts,The Impossible ,145270,7099,Oaklee Pendergast,0.0,christmas|resort|thailand|tourist|tsunami,http://www.imdb.com/title/tt1649419/?ref_=fn_tt_tt_1,322.0,English,Spain,PG-13,45000000.0,2012,382.0,7.6,2.35,54000,2,Drama,Thriller,,tt1649419,The Impossible,2012,PG-13,04 Jan 2013,114 min,"Drama, History, Thriller",J.A. Bayona,"Sergio G. Sánchez, María Belón","Naomi Watts, Ewan McGregor, Tom Holland",The story of a tourist family in Thailand caught in the destruction and chaotic aftermath of the 2004 Indian Ocean tsunami.,"English, Thai, German, Swedish, Spanish","Spain, Thailand, United States",Nominated for 1 Oscar. 28 wins & 70 nominations total,https://m.media-amazon.com/images/M/MV5BZjM1ZTJkMjctY2M0ZC00ZTkyLTliYTktNzYxYWIzYTAyOTRjXkEyXkFqcGc@._V1_SX300.jpg,73,7.5,"261,851","$19,019,882"
Color,Kevin Reynolds,67.0,155,58.0,720.0,Morgan Freeman,25000.0,165500000.0,Action|Adventure|Drama|Romance,Alan Rickman,Robin Hood: Prince of Thieves ,145257,38518,Michael Wincott,0.0,balladeer|crusades|england|king|modern minstrel,http://www.imdb.com/title/tt0102798/?ref_=fn_tt_tt_1,322.0,English,USA,PG-13,48000000.0,1991,11000.0,6.9,1.85,0,4,Action,Adventure,Drama,tt0102798,Robin Hood: Prince of Thieves,1991,PG-13,14 Jun 1991,143 min,"Action, Adventure, Drama",Kevin Reynolds,"Pen Densham, John Watson","Kevin Costner, Morgan Freeman, Mary Elizabeth Mastrantonio",Robin Hood decides to fight back as an outlaw when faced with the tyranny of the Sheriff of Nottingham.,"English, Arabic",United States,Nominated for 1 Oscar. 16 wins & 25 nominations total,https://m.media-amazon.com/images/M/MV5BNTUyMjA5NDktNWY5Ny00ZWU4LWE4Y2ItMDYzZTk0NzU3ZWMyXkEyXkFqcGc@._V1_SX300.jpg,51,6.9,"220,927","$165,493,908"
Color,Kevin Reynolds,91.0,176,58.0,60.0,Rick Aviles,711.0,88246220.0,Action|Adventure|Sci-Fi|Thriller,Jeanne Tripplehorn,Waterworld ,144337,1004,Zakes Mokae,0.0,future|sail|sea|smoker|water,http://www.imdb.com/title/tt0114898/?ref_=fn_tt_tt_1,309.0,English,USA,PG-13,175000000.0,1995,60.0,6.1,1.85,0,4,Action,Adventure,Sci-Fi,tt0114898,Waterworld,1995,PG-13,28 Jul 1995,135 min,"Action, Adventure, Sci-Fi",Kevin Reynolds,"Peter Rader, David Twohy","Kevin Costner, Jeanne Tripplehorn, Dennis Hopper","In a future where the polar ice-caps have melted and Earth is almost entirely submerged, a mutated mariner fights starvation and outlaw ""smokers,"" and reluctantly helps a woman and a young girl try to find dry land.",English,United States,Nominated for 1 Oscar. 6 wins & 9 nominations total,https://m.media-amazon.com/images/M/MV5BMjI5ZmQ3NTAtNWVhMi00ZmI2LTg3YTMtN2Q1MmNjYzMwZGI1XkEyXkFqcGc@._V1_SX300.jpg,56,6.3,"222,867","$88,246,220"
Color,Jan de Bont,114.0,113,101.0,848.0,Alan Ruck,22000.0,241688385.0,Action|Adventure|Drama|Thriller,Philip Seymour Hoffman,Twister ,144053,26239,Jami Gertz,0.0,device|disaster|divorce|storm|tornado,http://www.imdb.com/title/tt0117998/?ref_=fn_tt_tt_1,395.0,English,USA,PG-13,92000000.0,1996,946.0,6.3,2.35,0,4,Action,Adventure,Drama,tt0117998,Twister,1996,PG-13,10 May 1996,113 min,"Action, Adventure, Thriller",Jan de Bont,"Michael Crichton, Anne-Marie Martin","Helen Hunt, Bill Paxton, Jami Gertz",Two storm chasers on the brink of divorce must work together to create an advanced weather alert system by putting themselves in the cross-hairs of extremely violent tornadoes.,English,United States,Nominated for 2 Oscars. 11 wins & 17 nominations total,https://m.media-amazon.com/images/M/MV5BNGVhY2JjYzgtYjAyOC00ODg0LTliYWEtMzliZWYzMjA2NjYyXkEyXkFqcGc@._V1_SX300.jpg,68,6.6,"249,196","$241,830,615"
Color,Chris Weitz,158.0,101,129.0,3.0,Christopher Webster,66.0,40566655.0,Comedy|Drama|Romance,Sharon Small,About a Boy ,144021,74,Peter McNicholl,0.0,boy|friend|imaginary son|single father|single mother,http://www.imdb.com/title/tt0276751/?ref_=fn_tt_tt_1,391.0,English,UK,PG-13,30000000.0,2002,5.0,7.1,2.35,0,3,Comedy,Drama,Romance,tt0276751,About a Boy,2002,PG-13,17 May 2002,101 min,"Comedy, Drama, Romance","Chris Weitz, Paul Weitz","Nick Hornby, Peter Hedges, Chris Weitz","Hugh Grant, Nicholas Hoult, Toni Collette","Will, who attends single parent meetings to woo women, meets Marcus, a troubled 12-year-old boy. As they become friends, Will learns to be responsible while he helps Marcus with his studies.",English,"United Kingdom, France, United States, Germany",Nominated for 1 Oscar. 11 wins & 30 nominations total,https://m.media-amazon.com/images/M/MV5BMTQ2Mzg4MDAzNV5BMl5BanBnXkFtZTgwMjcxNTYxMTE@._V1_SX300.jpg,75,7.1,"198,092","$41,385,278"
Color,Francis Ford Coppola,181.0,155,0.0,10000.0,Anthony Hopkins,18000.0,82522790.0,Fantasy|Horror|Romance,Keanu Reeves,Bram Stoker's Dracula ,143835,42220,Gary Oldman,0.0,dracula|horror movie remake|maze|monster sex|vampire,http://www.imdb.com/title/tt0103874/?ref_=fn_tt_tt_1,654.0,English,USA,R,40000000.0,1992,12000.0,7.5,1.85,14000,3,Fantasy,Horror,Romance,tt0103874,Dracula,1992,R,13 Nov 1992,128 min,"Fantasy, Horror, Romance",Francis Ford Coppola,"Bram Stoker, James V. Hart","Gary Oldman, Winona Ryder, Anthony Hopkins",Centuries-old vampire Count Dracula comes to England to seduce his barrister Jonathan Harker's fiancée Mina Murray and wreak havoc in the foreign land.,"English, Romanian, Greek, Bulgarian, Latin","United States, United Kingdom",Won 3 Oscars. 30 wins & 21 nominations total,https://m.media-amazon.com/images/M/MV5BMmVhNzhlMzMtYjJkNy00ODU4LWJmMjUtYzdlMGI3MTQ3YzBhXkEyXkFqcGc@._V1_SX300.jpg,57,7.4,"267,072","$82,522,790"
Color,John McTiernan,104.0,135,323.0,495.0,Jeffrey Jones,826.0,122012643.0,Action|Adventure|Thriller,Scott Glenn,The Hunt for Red October ,143696,2575,Courtney B. Vance,1.0,analyst|defection|navy|soviet submarine|submarine,http://www.imdb.com/title/tt0099810/?ref_=fn_tt_tt_1,241.0,English,USA,PG,30000000.0,1990,692.0,7.6,2.35,0,3,Action,Adventure,Thriller,tt0099810,The Hunt for Red October,1990,PG,02 Mar 1990,135 min,"Action, Adventure, Thriller",John McTiernan,"Tom Clancy, Larry Ferguson, Donald E. Stewart","Sean Connery, Alec Baldwin, Scott Glenn","Moscow, Washington D.C. and a CIA Analyst track a rogue Soviet Captain and his new submarine.","English, Russian",United States,Won 1 Oscar. 3 wins & 9 nominations total,https://m.media-amazon.com/images/M/MV5BMmNhYWJmN2EtZDYwNC00NzE0LWE5N2UtZTUyMDM4YjZmYWE3XkEyXkFqcGc@._V1_SX300.jpg,58,7.5,"228,157","$122,012,643"
Color,Paul W.S. Anderson,247.0,109,545.0,727.0,Colin Salmon,886.0,80281096.0,Action|Horror|Sci-Fi|Thriller,Sanaa Lathan,AVP: Alien vs. Predator ,143628,3222,Raoul Bova,0.0,alien|antarctica|predator|pyramid|satellite,http://www.imdb.com/title/tt0370263/?ref_=fn_tt_tt_1,1283.0,English,USA,PG-13,60000000.0,2004,766.0,5.6,2.35,0,4,Action,Horror,Sci-Fi,tt0370263,Alien vs. Predator,2004,PG-13,13 Aug 2004,101 min,"Action, Adventure, Horror",Paul W.S. Anderson,"Paul W.S. Anderson, Dan O'Bannon, Ronald Shusett","Sanaa Lathan, Lance Henriksen, Raoul Bova","During an archaeological expedition on Bouvetøya Island in Antarctica, a team of archaeologists and other scientists find themselves caught up in a battle between the two legends. Soon, the team realize that only one species can win.","English, Italian","Czech Republic, United Kingdom, Germany, Canada, United States",2 wins & 4 nominations total,https://m.media-amazon.com/images/M/MV5BMTU4MjIwMTcyMl5BMl5BanBnXkFtZTYwMTYwNDA3._V1_SX300.jpg,29,5.7,"231,347","$80,282,231"
Color,Sam Mendes,262.0,125,0.0,210.0,Brian Geraghty,15000.0,62647540.0,Action|Drama|War,Jake Gyllenhaal,Jarhead ,143525,15850,James Morrison,0.0,american abroad|gulf war|u.s. military|u.s. soldier|usmc,http://www.imdb.com/title/tt0418763/?ref_=fn_tt_tt_1,657.0,English,Germany,R,70000000.0,2005,383.0,7.1,2.35,0,3,Action,Drama,War,tt0418763,Jarhead,2005,R,04 Nov 2005,125 min,"Biography, Drama, War",Sam Mendes,"William Broyles Jr., Anthony Swofford","Jake Gyllenhaal, Jamie Foxx, Lucas Black","A psychological study of Marine's state of mind during the Gulf War. Told through the eyes of a U.S. Marine sniper who struggles to cope with boredom, a sense of isolation, and other issues back home.","English, Spanish, Arabic, Latin","United Kingdom, Germany, United States",6 wins & 12 nominations total,https://m.media-amazon.com/images/M/MV5BNmQ1NmYzZDctZjA4ZS00MWNjLWJmNjUtMDI0ZjhmMGM4ZjAyXkEyXkFqcGc@._V1_SX300.jpg,58,7.0,"223,052","$62,658,220"
Color,Edward Zwick,219.0,112,380.0,2000.0,Anne Hathaway,15000.0,32357532.0,Comedy|Drama|Romance,Jake Gyllenhaal,Love & Other Drugs ,143368,31278,Judy Greer,0.0,female nudity|male objectification|pfizer|viagra|zoloft,http://www.imdb.com/title/tt0758752/?ref_=fn_tt_tt_1,215.0,English,USA,R,30000000.0,2010,11000.0,6.7,1.85,24000,3,Comedy,Drama,Romance,tt0758752,Love & Other Drugs,2010,R,24 Nov 2010,112 min,"Comedy, Drama, Romance",Edward Zwick,"Charles Randolph, Edward Zwick, Marshall Herskovitz","Jake Gyllenhaal, Anne Hathaway, Judy Greer","In 1990s Pittsburgh, a medicine peddler starts a relationship with a young woman suffering from Parkinson's disease.",English,United States,1 win & 5 nominations total,https://m.media-amazon.com/images/M/MV5BMTgxOTczODEyMF5BMl5BanBnXkFtZTcwMDc0NDY4Mw@@._V1_SX300.jpg,55,6.7,"241,330","$32,367,005"
Color,Spike Jonze,241.0,81,0.0,836.0,Meryl Streep,12000.0,22245861.0,Comedy|Drama,Nicolas Cage,Adaptation. ,143251,25489,Roger Willie,0.0,book|orchid|screenwriter|thief|twin,http://www.imdb.com/title/tt0268126/?ref_=fn_tt_tt_1,710.0,English,USA,R,19000000.0,2002,11000.0,7.7,1.85,0,2,Comedy,Drama,,tt0268126,Adaptation.,2002,R,14 Feb 2003,115 min,"Comedy, Drama",Spike Jonze,"Susan Orlean, Charlie Kaufman","Nicolas Cage, Meryl Streep, Chris Cooper",A lovelorn screenwriter becomes desperate as he tries and fails to adapt 'The Orchid Thief' by Susan Orlean for the screen.,"English, Latin",United States,Won 1 Oscar. 67 wins & 100 nominations total,https://m.media-amazon.com/images/M/MV5BMmQ1MWMxZjEtNmNmYi00ZGFhLWExZDItODcwNzlmZjg0YzNlXkEyXkFqcGc@._V1_SX300.jpg,83,7.7,"212,615","$22,498,520"
Color,Stephen Frears,174.0,113,350.0,619.0,Lili Taylor,1000.0,27277055.0,Comedy|Drama|Music|Romance,Drake Bell,High Fidelity ,143137,3141,Lisa Bonet,0.0,employer employee relationship|record store|store|thirty something|vinyl,http://www.imdb.com/title/tt0146882/?ref_=fn_tt_tt_1,602.0,English,UK,R,20000000.0,2000,960.0,7.6,1.85,10000,4,Comedy,Drama,Music,tt0146882,High Fidelity,2000,R,31 Mar 2000,113 min,"Comedy, Drama, Music",Stephen Frears,"Nick Hornby, D.V. DeVincentis, Steve Pink","John Cusack, Iben Hjejle, Todd Louiso","Rob, a record store owner and compulsive list maker, recounts his top five breakups, including the one in progress.","English, Danish","United Kingdom, United States",Nominated for 1 BAFTA Award3 wins & 22 nominations total,https://m.media-amazon.com/images/M/MV5BMTgxMTI1ODYyOV5BMl5BanBnXkFtZTYwNjQyOTI3._V1_SX300.jpg,79,7.4,"197,317","$27,287,137"
 Black and White,Henry Selick,310.0,100,253.0,57.0,Dawn French,309.0,75280058.0,Animation|Family|Fantasy,Jennifer Saunders,Coraline ,143121,647,John Hodgman,1.0,dream|new home|parallel worlds|scissors|secret door,http://www.imdb.com/title/tt0327597/?ref_=fn_tt_tt_1,279.0,English,USA,PG,60000000.0,2009,229.0,7.7,1.85,10000,3,Animation,Family,Fantasy,tt0327597,Coraline,2009,PG,06 Feb 2009,100 min,"Animation, Drama, Family",Henry Selick,"Henry Selick, Neil Gaiman","Dakota Fanning, Teri Hatcher, John Hodgman","Wandering her rambling old house in her boring new town, a young girl discovers a hidden door to a strangely idealized version of her life that seems too good to be true.","English, Russian",United States,Nominated for 1 Oscar. 8 wins & 46 nominations total,https://m.media-amazon.com/images/M/MV5BMzQxNjM5NzkxNV5BMl5BanBnXkFtZTcwMzg5NDMwMg@@._V1_SX300.jpg,80,7.8,"297,596","$116,896,576"
 Black and White,Charles Chaplin,120.0,87,0.0,8.0,Stanley Blystone,309.0,163245.0,Comedy|Drama|Family,Paulette Goddard,Modern Times ,143086,352,Fred Malatesta,1.0,actor director writer|invention|machine|music score composed by director|tramp,http://www.imdb.com/title/tt0027977/?ref_=fn_tt_tt_1,211.0,English,USA,G,1500000.0,1936,8.0,8.6,1.37,0,3,Comedy,Drama,Family,tt0027977,Modern Times,1936,G,25 Feb 1936,87 min,"Comedy, Drama, Romance",Charles Chaplin,Charles Chaplin,"Charles Chaplin, Paulette Goddard, Henry Bergman",The Tramp struggles to live in modern industrial society with the help of a young homeless woman.,English,United States,6 wins & 1 nomination total,https://m.media-amazon.com/images/M/MV5BODVkZGFhNGQtYjdiYi00Njc4LWFmYTItNTlmNzJjMTg1ZDc5XkEyXkFqcGc@._V1_SX300.jpg,96,8.5,"276,967","$163,577"
 Black and White,Darren Aronofsky,138.0,84,0.0,194.0,Clint Mansell,1000.0,3216970.0,Drama|Mystery|Thriller,Mark Margolis,Pi ,142619,2065,Stanley B. Herman,0.0,mathematician|nature|numbers|pattern|using a metal detector on a beach,http://www.imdb.com/title/tt0138704/?ref_=fn_tt_tt_1,586.0,English,USA,R,60000.0,1998,512.0,7.5,1.66,24000,3,Drama,Mystery,Thriller,tt0138704,Pi,1998,R,10 Jul 1998,84 min,"Drama, Horror, Mystery",Darren Aronofsky,"Darren Aronofsky, Sean Gullette, Eric Watson","Sean Gullette, Mark Margolis, Ben Shenkman",A paranoid mathematician searches for a key number that will unlock the universal patterns found in nature.,"English, Hebrew",United States,8 wins & 12 nominations total,https://m.media-amazon.com/images/M/MV5BNWExNjZlZGQtYjIxMS00ZTAyLTkzMjktOWVlMDg0NTM2OTUxXkEyXkFqcGc@._V1_SX300.jpg,72,7.3,"191,675","$3,221,152"
Color,Rob Cohen,191.0,132,357.0,212.0,Eve,14000.0,141204016.0,Action|Adventure|Thriller,Vin Diesel,xXx ,142569,14790,Leila Arcieri,0.0,agent|nsa|nsa agent|prague|russian,http://www.imdb.com/title/tt0295701/?ref_=fn_tt_tt_1,737.0,English,USA,PG-13,70000000.0,2002,223.0,5.8,2.35,10000,3,Action,Adventure,Thriller,tt0295701,xXx,2002,PG-13,09 Aug 2002,124 min,"Action, Adventure, Drama",Rob Cohen,Rich Wilkes,"Vin Diesel, Asia Argento, Marton Csokas","The US government recruits extreme sports athlete Xander Cage to infiltrate a Russian criminal ring, which is plotting the destruction of the world.","English, German, Spanish, Russian, Czech",United States,4 wins & 14 nominations total,https://m.media-amazon.com/images/M/MV5BNjY0MTc4ZDEtY2MxYi00ODIxLWJlNzQtZTlmZDVkYTYwM2NhXkEyXkFqcGc@._V1_SX300.jpg,48,5.9,"192,071","$142,109,382"
Color,Kevin Lima,222.0,107,36.0,118.0,Teala Dunn,283.0,127706877.0,Animation|Comedy|Family|Fantasy|Musical|Romance,Jeff Bennett,Enchanted ,142496,662,Fred Tatasciore,2.0,fairy tale|lawyer|love|new york|prince,http://www.imdb.com/title/tt0461770/?ref_=fn_tt_tt_1,399.0,English,USA,PG,85000000.0,2007,142.0,7.1,2.35,0,6,Animation,Comedy,Family,tt0461770,Enchanted,2007,PG,21 Nov 2007,107 min,"Animation, Adventure, Comedy",Kevin Lima,Bill Kelly,"Amy Adams, Susan Sarandon, James Marsden","A young maiden in a land called Andalasia, who is prepared to be wed, is sent away to New York City by an evil Queen, where she falls in love with a lawyer.",English,"United States, Algeria, New Zealand",Nominated for 3 Oscars. 12 wins & 51 nominations total,https://m.media-amazon.com/images/M/MV5BMjE4NDQ2Mjc0OF5BMl5BanBnXkFtZTcwNzQ2NDE1MQ@@._V1_SX300.jpg,75,7.1,"227,480","$127,807,262"
Color,John Landis,125.0,148,644.0,326.0,Aretha Franklin,1000.0,54200000.0,Action|Comedy|Crime|Music,John Belushi,The Blues Brothers ,142448,2566,Ray Charles,1.0,band|catholic|money|parolee|prison,http://www.imdb.com/title/tt0080455/?ref_=fn_tt_tt_1,319.0,English,USA,R,27000000.0,1980,809.0,7.9,1.85,14000,4,Action,Comedy,Crime,tt0080455,The Blues Brothers,1980,R,20 Jun 1980,133 min,"Adventure, Comedy, Crime",John Landis,"Dan Aykroyd, John Landis","John Belushi, Dan Aykroyd, Cab Calloway","Jake Blues rejoins his brother Elwood after being released from prison, but the duo has just days to reunite their old R&amp;B band and save the Catholic home where the two were raised, outrunning the police as they tear through Chicago.",English,United States,2 wins & 1 nomination total,https://m.media-amazon.com/images/M/MV5BNzI2ZDAyNjYtNzgwOS00MTRlLWE3MjUtMTI3M2VmYzQ1ZWJmXkEyXkFqcGc@._V1_SX300.jpg,60,7.9,"228,045","$57,229,890"
Color,Robert Zemeckis,287.0,115,0.0,964.0,Anthony Hopkins,18000.0,82161969.0,Action|Adventure|Animation|Fantasy,Robin Wright,Beowulf ,142440,31523,Sebastian Roché,1.0,creature|demon|king|reward|warrior,http://www.imdb.com/title/tt0442933/?ref_=fn_tt_tt_1,505.0,English,USA,PG-13,150000000.0,2007,12000.0,6.3,2.35,3000,4,Action,Adventure,Animation,tt0442933,Beowulf,2007,PG-13,16 Nov 2007,115 min,"Animation, Action, Adventure",Robert Zemeckis,"Neil Gaiman, Roger Avary, Anonymous","Ray Winstone, Crispin Glover, Angelina Jolie","The warrior Beowulf must fight and defeat the monster Grendel, who is terrorizing Denmark, then Grendel's Mother, who begins killing out of revenge.","English, Old English",United States,4 wins & 19 nominations total,https://m.media-amazon.com/images/M/MV5BMTUzMjM0MTc3MF5BMl5BanBnXkFtZTcwNzU0ODMyMw@@._V1_SX300.jpg,59,6.3,"179,258","$82,280,579"
 Black and White,Tim Burton,148.0,127,13000.0,940.0,Bill Murray,40000.0,5887457.0,Biography|Comedy|Drama,Johnny Depp,Ed Wood ,142416,56585,Martin Landau,1.0,1950s|director|friend|friendship|transvestism,http://www.imdb.com/title/tt0109707/?ref_=fn_tt_tt_1,420.0,English,USA,R,18000000.0,1994,13000.0,7.9,1.85,0,3,Biography,Comedy,Drama,tt0109707,Ed Wood,1994,R,07 Oct 1994,127 min,"Biography, Comedy, Drama",Tim Burton,"Rudolph Grey, Scott Alexander, Larry Karaszewski","Johnny Depp, Martin Landau, Sarah Jessica Parker",Ambitious but troubled movie director Edward D. Wood Jr. tries his best to fulfill his dreams despite his lack of talent.,English,United States,Won 2 Oscars. 27 wins & 33 nominations total,https://m.media-amazon.com/images/M/MV5BOWU4NzlkZGEtODNmYi00YTVhLWJhYjAtZjBkN2Q1Y2U5NjE4XkEyXkFqcGc@._V1_SX300.jpg,71,7.8,"188,531","$5,887,457"
Color,Kyle Balda,308.0,91,22.0,1000.0,Jon Hamm,7000.0,336029560.0,Action|Animation|Comedy|Family|Sci-Fi,Steve Carell,Minions ,142403,13616,Steve Coogan,0.0,antarctica|minion|queen|super villain|villain,http://www.imdb.com/title/tt2293640/?ref_=fn_tt_tt_1,275.0,English,USA,PG,74000000.0,2015,4000.0,6.4,1.85,70000,5,Action,Animation,Comedy,tt2293640,Minions,2015,PG,10 Jul 2015,91 min,"Animation, Adventure, Comedy","Kyle Balda, Pierre Coffin",Brian Lynch,"Sandra Bullock, Jon Hamm, Michael Keaton","Minions Stuart, Kevin, and Bob are recruited by Scarlet Overkill, a supervillain who, alongside her inventor husband Herb, hatches a plot to take over the world.","English, Spanish, Italian","United States, France",Nominated for 1 BAFTA Award4 wins & 29 nominations total,https://m.media-amazon.com/images/M/MV5BODI4NzMyNjE0MF5BMl5BanBnXkFtZTgwMTcwNzI0MzE@._V1_SX300.jpg,56,6.4,"281,964","$336,045,770"
Color,Joe Dante,183.0,106,287.0,233.0,Harry Carey Jr.,767.0,148170000.0,Comedy|Fantasy|Horror,Phoebe Cates,Gremlins ,142293,2053,Zach Galligan,0.0,bright light|midnight|pet|small town|water,http://www.imdb.com/title/tt0087363/?ref_=fn_tt_tt_1,245.0,English,USA,PG,11000000.0,1984,281.0,7.2,2.2,14000,3,Comedy,Fantasy,Horror,tt0087363,Gremlins,1984,PG,08 Jun 1984,106 min,"Comedy, Fantasy, Horror",Joe Dante,Chris Columbus,"Zach Galligan, Phoebe Cates, Hoyt Axton","After receiving an exotic small animal as a Christmas gift, a young man inadvertently breaks three important rules concerning his new pet, which unleashes a horde of malevolently mischievous creatures on a small town.","English, Spanish",United States,8 wins & 7 nominations total,https://m.media-amazon.com/images/M/MV5BYmMzMmIxNzYtYjk3OS00NjBiLTkxNDQtODU3ZDNjN2RiMTIxXkEyXkFqcGc@._V1_SX300.jpg,70,7.3,"272,878","$153,642,180"
Color,Darren Lynn Bousman,210.0,121,163.0,482.0,Shawnee Smith,723.0,80150343.0,Horror|Mystery,Costas Mandylor,Saw III ,142115,3189,Leigh Whannell,0.0,brutality|female full frontal nudity|female nudity|torture|trap,http://www.imdb.com/title/tt0489270/?ref_=fn_tt_tt_1,614.0,English,USA,R,10000000.0,2006,651.0,6.2,1.85,0,2,Horror,Mystery,,tt0489270,Saw III,2006,R,27 Oct 2006,108 min,"Horror, Mystery, Thriller",Darren Lynn Bousman,"Leigh Whannell, James Wan","Tobin Bell, Shawnee Smith, Angus Macfadyen",Jigsaw abducts a doctor in order to keep himself alive while he watches his new apprentice put an unlucky citizen named Jeff through a brutal test.,English,"Canada, United States",1 win & 9 nominations total,https://m.media-amazon.com/images/M/MV5BODQ4YTAwZTItZGFjZi00YjNiLTllYzUtYWY3OWM2OTQzODVkXkEyXkFqcGc@._V1_SX300.jpg,48,6.2,"226,704","$80,238,724"
Color,Anthony Minghella,116.0,162,333.0,362.0,Kristin Scott Thomas,14000.0,78651430.0,Drama|Romance|War,Colin Firth,The English Patient ,142067,15912,Jürgen Prochnow,0.0,church|english|flashback|nurse|patient,http://www.imdb.com/title/tt0116209/?ref_=fn_tt_tt_1,457.0,English,USA,R,27000000.0,1996,1000.0,7.4,1.85,0,3,Drama,Romance,War,tt0116209,The English Patient,1996,R,06 Dec 1996,162 min,"Drama, Romance, War",Anthony Minghella,"Michael Ondaatje, Anthony Minghella","Ralph Fiennes, Juliette Binoche, Willem Dafoe","At the close of World War II, a young nurse tends to a badly burned plane crash victim. His past is shown in flashbacks, revealing an involvement in a fateful love affair.","English, German, Italian, Arabic","United States, United Kingdom",Won 9 Oscars. 62 wins & 78 nominations total,https://m.media-amazon.com/images/M/MV5BODg0NjdiN2UtZWY3MS00M2JmLTg1MDAtY2ZiNzNiMzAzYWFmXkEyXkFqcGc@._V1_SX300.jpg,86,7.4,"212,643","$78,676,425"
Color,Jaume Collet-Serra,265.0,123,174.0,602.0,CCH Pounder,87000.0,41573740.0,Horror|Mystery|Thriller,Jimmy Bennett,Orphan ,141663,88953,Aryana Engineer,1.0,alcoholism|girl|little girl|orphan|troubled marriage,http://www.imdb.com/title/tt1148204/?ref_=fn_tt_tt_1,383.0,English,USA,R,,2009,1000.0,7.0,1.85,20000,3,Horror,Mystery,Thriller,tt1148204,Orphan,2009,R,24 Jul 2009,123 min,"Horror, Mystery, Thriller",Jaume Collet-Serra,"David Leslie Johnson-McGoldrick, Alex Mace","Vera Farmiga, Peter Sarsgaard, Isabelle Fuhrman",A husband and wife who recently lost their baby adopt a 9-year-old girl who is not nearly as innocent as she appears.,"English, American Sign , Estonian","Canada, United States, Germany, France",1 win & 7 nominations total,https://m.media-amazon.com/images/M/MV5BYjc1Y2M4ZmQtMTA2NC00OTUwLTgxZDMtZDJmNTk1OTU4Njk4XkEyXkFqcGc@._V1_SX300.jpg,42,7.0,"275,505","$41,596,251"
 Black and White,Stephen Norrington,202.0,110,45.0,845.0,Max Ryan,1000.0,66462600.0,Action|Adventure|Fantasy|Sci-Fi,Jason Flemyng,The League of Extraordinary Gentlemen ,141533,4714,Tony Curran,3.0,box office flop|captain nemo|dorian gray|invisible man|steampunk,http://www.imdb.com/title/tt0311429/?ref_=fn_tt_tt_1,786.0,English,USA,PG-13,78000000.0,2003,872.0,5.8,2.35,0,4,Action,Adventure,Fantasy,tt0311429,The League of Extraordinary Gentlemen,2003,PG-13,11 Jul 2003,110 min,"Action, Adventure, Fantasy",Stephen Norrington,"Alan Moore, Kevin O'Neill, James Robinson","Sean Connery, Stuart Townsend, Peta Wilson","In an alternate Victorian Age world, a group of famous contemporary fantasy, science fiction, and adventure characters team up on a secret mission.","English, German, Italian","United States, Germany, Czech Republic, United Kingdom",12 nominations total,https://m.media-amazon.com/images/M/MV5BYWY3NjI0ODMtMGEwMy00NzVjLWJlMjYtNTc1YTJkNmY2NGRhXkEyXkFqcGc@._V1_SX300.jpg,30,5.8,"191,139","$66,465,204"
Color,Derek Cianfrance,377.0,112,310.0,616.0,Mike Vogel,33000.0,9701559.0,Drama|Romance,Ryan Gosling,Blue Valentine ,141425,35941,John Doman,0.0,dog hit by a car|dysfunctional family|falling in love|female in shower|unhappily married woman,http://www.imdb.com/title/tt1120985/?ref_=fn_tt_tt_1,283.0,English,USA,R,3500000.0,2010,2000.0,7.4,1.66,25000,2,Drama,Romance,,tt1120985,Blue Valentine,2010,R,28 Jan 2011,112 min,"Drama, Romance",Derek Cianfrance,"Derek Cianfrance, Joey Curtis, Cami Delavigne","Ryan Gosling, Michelle Williams, John Doman",A couple cannot halt the downward spiral of their marriage.,English,United States,Nominated for 1 Oscar. 9 wins & 56 nominations total,https://m.media-amazon.com/images/M/MV5BMTU4MTQ2MzA1Ml5BMl5BanBnXkFtZTcwODE3NTgwNA@@._V1_SX300.jpg,81,7.3,"223,210","$9,706,328"
Color,Ron Howard,175.0,110,2000.0,636.0,T.J. Thyne,1000.0,260031035.0,Comedy|Family|Fantasy,Clint Howard,How the Grinch Stole Christmas ,141414,4146,Molly Shannon,0.0,box office hit|christmas|materialism|public humiliation|snowflake,http://www.imdb.com/title/tt0170016/?ref_=fn_tt_tt_1,482.0,English,USA,PG,123000000.0,2000,722.0,6.0,1.85,0,3,Comedy,Family,Fantasy,tt0170016,How the Grinch Stole Christmas,2000,PG,17 Nov 2000,104 min,"Comedy, Family, Fantasy",Ron Howard,"Dr. Seuss, Jeffrey Price, Peter S. Seaman","Jim Carrey, Taylor Momsen, Kelley","On the outskirts of Whoville lives a green, revenge-seeking Grinch who plans to ruin Christmas for all of the citizens of the town.",English,"Germany, United States",Won 1 Oscar. 18 wins & 37 nominations total,https://m.media-amazon.com/images/M/MV5BNDAwMjFhYTEtNzYyMS00YmY2LTg3MGEtZTRkNWNiMDI4MDRkXkEyXkFqcGc@._V1_SX300.jpg,46,6.4,"331,546","$264,965,545"
Color,Sam Raimi,304.0,96,0.0,58.0,Betsy Baker,634.0,,Fantasy|Horror,Ted Raimi,The Evil Dead ,141219,813,Ellen Sandweiss,0.0,cult director|cult film|evil dead|necronomicon|psychotronic film,http://www.imdb.com/title/tt0083907/?ref_=fn_tt_tt_1,740.0,English,USA,NC-17,375000.0,1981,66.0,7.6,1.37,12000,2,Fantasy,Horror,,tt0083907,The Evil Dead,1981,NC-17,15 Apr 1983,85 min,Horror,Sam Raimi,Sam Raimi,"Bruce Campbell, Ellen Sandweiss, Richard DeManincor","Five friends travel to a cabin in the woods, where they unknowingly release flesh-possessing demons.",English,United States,5 wins & 1 nomination total,https://m.media-amazon.com/images/M/MV5BNWRmZGQyYzgtNjA5OC00NGYzLTlhYWMtNzBhZTFlZGNjYWI2XkEyXkFqcGc@._V1_SX300.jpg,71,7.3,"249,650","$2,400,000"
Color,Chris Columbus,217.0,118,0.0,1000.0,Rosario Dawson,8000.0,88761720.0,Adventure|Family|Fantasy,Logan Lerman,Percy Jackson & the Olympians: The Lightning Thief ,141179,14024,Steve Coogan,0.0,greek|lightning|lightning bolt|poseidon|teenager,http://www.imdb.com/title/tt0814255/?ref_=fn_tt_tt_1,419.0,English,UK,PG,95000000.0,2010,3000.0,5.9,2.35,9000,3,Adventure,Family,Fantasy,tt0814255,Percy Jackson & the Olympians: The Lightning Thief,2010,PG,12 Feb 2010,118 min,"Adventure, Family, Fantasy",Chris Columbus,"Craig Titley, Rick Riordan","Logan Lerman, Kevin McKidd, Steve Coogan",A teenager discovers he's the descendant of a Greek god and sets out on an adventure to settle an on-going battle between the gods.,"English, Greek, Ancient (to 1453)","United Kingdom, Canada, United States",11 nominations total,https://m.media-amazon.com/images/M/MV5BZDE4M2ZiYzEtODJiZC00NmI1LWFlNTgtOGJlNTY3NmExYWNjXkEyXkFqcGc@._V1_SX300.jpg,47,5.9,"210,964","$88,768,303"
Color,Xavier Gens,193.0,94,87.0,280.0,Dougray Scott,866.0,39687528.0,Action|Crime|Drama|Thriller,Henry Ian Cusick,Hitman ,140780,2124,Ulrich Thomsen,1.0,hitman|impersonation|see through dress|topless female nudity|woman on top,http://www.imdb.com/title/tt0465494/?ref_=fn_tt_tt_1,376.0,English,France,R,24000000.0,2007,794.0,6.3,2.35,0,4,Action,Crime,Drama,tt0465494,Hitman,2007,R,21 Nov 2007,89 min,"Action, Crime, Thriller",Xavier Gens,Skip Woods,"Timothy Olyphant, Dougray Scott, Olga Kurylenko","A gun-for-hire known only as Agent 47 hired by a group known only as 'The Organization' is ensnared in a political conspiracy, which finds him pursued by both Interpol and the Russian military as he treks across Russia and Eastern...","English, Russian, Serbo-Croatian","France, United States, Turkey, Russia, Bulgaria, South Africa",2 wins total,"https://m.media-amazon.com/images/M/MV5BZTU4YTUzNGMtZjUyZC00MWU3LWFiZmItMmIwMDA5YmViNGU3XkEyXkFqcGc@._V1_QL75_UX380_CR0,0,380,562_.jpg",35,6.2,"186,255","$39,687,694"
Color,Tom Vaughan,148.0,101,12.0,149.0,Andrew Daly,642.0,80276912.0,Comedy|Romance,Treat Williams,What Happens in Vegas ,140740,1026,Michelle Krusiec,2.0,casino|father son relationship|jackpot|judge|wedding,http://www.imdb.com/title/tt1033643/?ref_=fn_tt_tt_1,151.0,English,USA,PG-13,35000000.0,2008,171.0,6.1,2.35,0,2,Comedy,Romance,,tt1033643,What Happens in Vegas,2008,PG-13,09 May 2008,99 min,"Comedy, Romance",Tom Vaughan,Dana Fox,"Cameron Diaz, Ashton Kutcher, Rob Corddry","A man and a woman are compelled, for legal reasons, to live life as a couple for a limited period of time. At stake is a large amount of money.","English, Serbo-Croatian",United States,2 wins & 3 nominations total,https://m.media-amazon.com/images/M/MV5BNmU3NDdkNDktYWJjNC00ZDAyLWI4ODItZjdhYjg2ZjZhNzM1XkEyXkFqcGc@._V1_SX300.jpg,36,6.1,"191,824","$80,277,646"
Color,Roman Polanski,215.0,136,2000.0,449.0,Mia Farrow,917.0,,Drama|Horror,John Cassavetes,Rosemary's Baby ,140527,2997,Charles Grodin,0.0,devil worship|incubus|paranoia|raped by a demon|satanism,http://www.imdb.com/title/tt0063522/?ref_=fn_tt_tt_1,447.0,English,USA,R,2300000.0,1968,563.0,8.0,1.85,13000,2,Drama,Horror,,tt0063522,Rosemary's Baby,1968,R,12 Jun 1968,137 min,"Drama, Horror",Roman Polanski,"Ira Levin, Roman Polanski","Mia Farrow, John Cassavetes, Ruth Gordon","A young couple trying for a baby moves into an aging, ornate apartment building on Central Park West, where they find themselves surrounded by peculiar neighbors.",English,United States,Won 1 Oscar. 13 wins & 13 nominations total,https://m.media-amazon.com/images/M/MV5BNDlhMDI3OTQtNTBkYy00NWQ5LWJmNWEtZGQwYzZlMTQ4MDI1XkEyXkFqcGc@._V1_SX300.jpg,96,8.0,"250,536",N/A
Color,Peter Lord,187.0,84,91.0,206.0,Miranda Richardson,579.0,106793915.0,Adventure|Animation|Comedy|Drama|Family,Imelda Staunton,Chicken Run ,140499,1817,Julia Sawalha,0.0,chicken|escape|farm|freedom|rooster,http://www.imdb.com/title/tt0120630/?ref_=fn_tt_tt_1,358.0,English,UK,G,45000000.0,2000,530.0,7.0,1.85,0,5,Adventure,Animation,Comedy,tt0120630,Chicken Run,2000,G,23 Jun 2000,84 min,"Animation, Adventure, Comedy","Peter Lord, Nick Park","Peter Lord, Nick Park, Karey Kirkpatrick","Mel Gibson, Julia Sawalha, Phil Daniels","When a cockerel apparently flies into a chicken farm, the chickens see him as an opportunity to escape their evil owners.",English,"United Kingdom, France, United States",Nominated for 2 BAFTA 24 wins & 27 nominations total,https://m.media-amazon.com/images/M/MV5BZGViZmJjMTQtNDk3NC00NjQ4LTg0ODItYWI3MjY3YmUwMjczXkEyXkFqcGc@._V1_SX300.jpg,88,7.1,"223,786","$107,071,709"
Color,James Watkins,462.0,95,43.0,259.0,Roger Allam,11000.0,54322273.0,Drama|Fantasy|Horror|Thriller,Daniel Radcliffe,The Woman in Black ,139749,11946,Jessica Raine,0.0,afterlife|baby boy|bird in a cage|ghost|reunited family,http://www.imdb.com/title/tt1596365/?ref_=fn_tt_tt_1,509.0,English,UK,PG-13,17000000.0,2012,326.0,6.4,2.35,29000,4,Drama,Fantasy,Horror,tt1596365,The Woman in Black,2012,PG-13,03 Feb 2012,95 min,"Drama, Fantasy, Horror",James Watkins,"Susan Hill, Jane Goldman","Daniel Radcliffe, Janet McTeer, Ciarán Hinds",A young solicitor travels to a remote village where he discovers that the vengeful ghost of a scorned woman is terrorizing the locals.,English,"United Kingdom, United States, Sweden",5 wins & 14 nominations total,https://m.media-amazon.com/images/M/MV5BMjEwMzIxOTg3N15BMl5BanBnXkFtZTcwMjI4ODUzNw@@._V1_SX300.jpg,62,6.4,"199,118","$54,333,290"
Color,Lana Wachowski,384.0,127,0.0,13000.0,Mila Kunis,17000.0,47375327.0,Action|Adventure|Sci-Fi,Channing Tatum,Jupiter Ascending ,139593,47334,Eddie Redmayne,1.0,box office flop|critically bashed|planet earth|space opera|woman in bra and panties,http://www.imdb.com/title/tt1617661/?ref_=fn_tt_tt_1,720.0,English,USA,PG-13,176000000.0,2015,15000.0,5.4,2.35,44000,3,Action,Adventure,Sci-Fi,tt1617661,Jupiter Ascending,2015,PG-13,06 Feb 2015,127 min,"Animation, Action, Adventure","Lana Wachowski, Lilly Wachowski","Lilly Wachowski, Lana Wachowski","Channing Tatum, Mila Kunis, Eddie Redmayne",A genetically engineered soldier informs a young woman of her extraordinary destiny.,"English, Russian","United States, Australia",4 wins & 16 nominations total,https://m.media-amazon.com/images/M/MV5BMTQyNzk2MjA2NF5BMl5BanBnXkFtZTgwMjEwNzk3MjE@._V1_SX300.jpg,40,5.3,"200,972","$47,387,723"
Color,Wes Anderson,259.0,119,0.0,639.0,Anjelica Huston,13000.0,24006726.0,Adventure|Comedy|Drama,Bill Murray,The Life Aquatic with Steve Zissou ,139535,15757,Matthew Gray Gubler,8.0,expedition|oceanographer|sea|shark|team,http://www.imdb.com/title/tt0362270/?ref_=fn_tt_tt_1,632.0,English,USA,R,50000000.0,2004,1000.0,7.3,2.35,0,3,Adventure,Comedy,Drama,tt0362270,The Life Aquatic with Steve Zissou,2004,R,25 Dec 2004,119 min,"Action, Adventure, Comedy",Wes Anderson,"Wes Anderson, Noah Baumbach","Bill Murray, Owen Wilson, Anjelica Huston","With a plan to exact revenge on a legendary shark that killed his partner, oceanographer Steve Zissou rallies a crew that includes his estranged wife, a journalist, and a man who may or may not be his son.","English, Icelandic, Filipino, Portuguese, French, Tagalog, German, Italian",United States,3 wins & 10 nominations total,"https://m.media-amazon.com/images/M/MV5BMTYzODYzNzg2MF5BMl5BanBnXkFtZTcwMTkzOTQzMw@@._V1_QL75_UY562_CR2,0,380,562_.jpg",62,7.2,"220,871","$24,020,403"
Color,Guy Hamilton,164.0,110,82.0,177.0,Gert Fröbe,387.0,51100000.0,Action|Adventure|Thriller,Honor Blackman,Goldfinger ,139432,1198,Lois Maxwell,2.0,bikini|covered in melted gold|fort knox|gold|pilot,http://www.imdb.com/title/tt0058150/?ref_=fn_tt_tt_1,418.0,English,UK,Approved,3000000.0,1964,202.0,7.8,1.37,0,3,Action,Adventure,Thriller,tt0058150,Goldfinger,1964,Approved,09 Jan 1965,110 min,"Action, Adventure, Thriller",Guy Hamilton,"Richard Maibaum, Paul Dehn, Ian Fleming","Sean Connery, Gert Fröbe, Honor Blackman","While investigating a gold magnate's smuggling, James Bond uncovers a plot to contaminate the Fort Knox gold reserve.","English, Chinese, Spanish","United Kingdom, United States",Won 1 Oscar. 7 wins & 6 nominations total,https://m.media-amazon.com/images/M/MV5BMTQ2MzE0OTU3NV5BMl5BanBnXkFtZTcwNjQxNTgzNA@@._V1_SX300.jpg,87,7.7,"213,835","$51,081,062"
Color,Scott Derrickson,276.0,104,301.0,71.0,Jon Hamm,18000.0,79363785.0,Drama|Sci-Fi|Thriller,Keanu Reeves,The Day the Earth Stood Still ,139423,22194,Juan Riedinger,0.0,alien|earth|giant robot|military|scientist,http://www.imdb.com/title/tt0970416/?ref_=fn_tt_tt_1,698.0,English,USA,PG-13,80000000.0,2008,4000.0,5.5,2.35,0,3,Drama,Sci-Fi,Thriller,tt0970416,The Day the Earth Stood Still,2008,PG-13,12 Dec 2008,104 min,"Adventure, Drama, Sci-Fi",Scott Derrickson,"David Scarpa, Edmund H. North","Keanu Reeves, Jennifer Connelly, Kathy Bates",A remake of the 1951 classic science fiction film about an alien visitor and his giant robot counterpart who visit Earth.,"English, Mandarin","United States, Canada",2 wins & 5 nominations total,https://m.media-amazon.com/images/M/MV5BMTI5NTg1MzU5Nl5BMl5BanBnXkFtZTcwMDU1ODMwMg@@._V1_SX300.jpg,40,5.5,"185,888","$79,366,978"
Color,James DeMonaco,361.0,85,65.0,535.0,Adelaide Kane,942.0,64423650.0,Horror|Sci-Fi|Thriller,Rhys Wakefield,The Purge ,139329,3708,Chris Mulkey,0.0,class differences|killing spree|one night|suburb|violence,http://www.imdb.com/title/tt2184339/?ref_=fn_tt_tt_1,578.0,English,USA,R,3000000.0,2013,810.0,5.7,2.35,31000,3,Horror,Sci-Fi,Thriller,tt2184339,The Purge,2013,R,07 Jun 2013,85 min,"Horror, Sci-Fi, Thriller",James DeMonaco,James DeMonaco,"Ethan Hawke, Lena Headey, Max Burkholder","A wealthy family is held hostage for harboring the target of a murderous syndicate during the Purge, a 12-hour period in which any and all crime is legal.",English,"France, United States",2 wins & 6 nominations total,https://m.media-amazon.com/images/M/MV5BMTQzNTcwODEyM15BMl5BanBnXkFtZTcwMjM1MDI0OQ@@._V1_SX300.jpg,41,5.8,"258,879","$64,473,115"
Color,Steven Spielberg,171.0,135,14000.0,252.0,Teri Garr,559.0,128300000.0,Drama|Sci-Fi,Bob Balaban,Close Encounters of the Third Kind ,139288,1591,Melinda Dillon,0.0,alien|close encounter of the third kind|mothership|ufo|vision,http://www.imdb.com/title/tt0075860/?ref_=fn_tt_tt_1,339.0,English,USA,PG,19400870.0,1977,481.0,7.7,2.35,0,2,Drama,Sci-Fi,,tt0075860,Close Encounters of the Third Kind,1977,PG,14 Dec 1977,138 min,"Drama, Sci-Fi",Steven Spielberg,"Steven Spielberg, Hal Barwood, Jerry Belson","Richard Dreyfuss, François Truffaut, Teri Garr","An Indiana electric lineman finds his quiet and ordinary daily life turned upside down after a close encounter with a UFO, spurring him to an obsessed cross-country quest for answers as a momentous event approaches.",English,"United States, United Kingdom",Won 1 Oscar. 16 wins & 40 nominations total,https://m.media-amazon.com/images/M/MV5BMjM1NjE5NjQxN15BMl5BanBnXkFtZTgwMjYzMzQxMDE@._V1_SX300.jpg,90,7.6,"229,698","$135,189,114"
Color,Steve Pink,265.0,101,38.0,318.0,Collette Wolfe,496.0,50213619.0,Comedy|Sci-Fi,Charlie McDermott,Hot Tub Time Machine ,139184,1272,Crystal Lowe,8.0,cheating wife|drug reference|maintenance man|male vomiting|promiscuous woman,http://www.imdb.com/title/tt1231587/?ref_=fn_tt_tt_1,243.0,English,USA,R,36000000.0,2010,390.0,6.4,1.85,12000,2,Comedy,Sci-Fi,,tt1231587,Hot Tub Time Machine,2010,R,26 Mar 2010,99 min,"Comedy, Sci-Fi",Steve Pink,"Josh Heald, Sean Anders, John Morris","John Cusack, Rob Corddry, Craig Robinson","A malfunctioning time machine at a ski resort takes a man back to 1986 with his two friends and nephew, where they must relive a fateful night and not change anything to make sure the nephew is born.","English, Russian",United States,5 nominations total,https://m.media-amazon.com/images/M/MV5BMTQwMjExODA4Ml5BMl5BanBnXkFtZTcwNTYwMDYxMw@@._V1_SX300.jpg,63,6.4,"196,213","$50,287,556"
Color,Wes Anderson,335.0,87,0.0,563.0,Meryl Streep,13000.0,20999103.0,Adventure|Animation|Comedy|Crime|Family,Bill Murray,Fantastic Mr. Fox ,139114,24770,Helen McCrory,0.0,cider|farm|farmer|fox|tale,http://www.imdb.com/title/tt0432283/?ref_=fn_tt_tt_1,245.0,English,USA,PG,40000000.0,2009,11000.0,7.8,1.85,15000,5,Adventure,Animation,Comedy,tt0432283,Fantastic Mr. Fox,2009,PG,25 Nov 2009,87 min,"Animation, Adventure, Comedy",Wes Anderson,"Roald Dahl, Wes Anderson, Noah Baumbach","George Clooney, Meryl Streep, Bill Murray",An urbane fox cannot resist returning to his farm raiding ways and then must help his community survive the farmers' retaliation.,"English, French","United States, United Kingdom",Nominated for 2 Oscars. 32 wins & 63 nominations total,https://m.media-amazon.com/images/M/MV5BYTA1ZTIxZDUtNGFjYS00YTc5LTgzNDMtZWNjYjBlMzI2OTk3XkEyXkFqcGc@._V1_SX300.jpg,83,7.9,"296,911","$21,002,919"
Color,Terrence Malick,156.0,215,0.0,463.0,Miranda Otto,648.0,36385763.0,Drama|War,Nick Stahl,The Thin Red Line ,138941,1937,Dash Mihok,0.0,battle|hill|jungle|multiple perspectives|tropical island,http://www.imdb.com/title/tt0120863/?ref_=fn_tt_tt_1,1448.0,English,USA,R,52000000.0,1998,568.0,7.6,2.35,0,2,Drama,War,,tt0120863,The Thin Red Line,1998,R,15 Jan 1999,170 min,"Drama, History, War",Terrence Malick,"James Jones, Terrence Malick","Jim Caviezel, Sean Penn, Nick Nolte","Adaptation of James Jones' autobiographical 1962 novel, focusing on the conflict at Guadalcanal during the second World War.","English, Tok Pisin, Japanese, Greek",United States,Nominated for 7 Oscars. 23 wins & 47 nominations total,https://m.media-amazon.com/images/M/MV5BMzQ5NmViMDUtMjI1NC00ZWJkLTkwNzctMmIxZWY2MzQyZDc2XkEyXkFqcGc@._V1_SX300.jpg,78,7.6,"211,802","$36,400,491"
Color,Oliver Stone,248.0,206,0.0,591.0,Angelina Jolie Pitt,12000.0,34293771.0,Action|Adventure|Biography|Drama|History|Romance|War,Anthony Hopkins,Alexander ,138863,24598,Brian Blessed,3.0,ancient greece|conquest|greek|greek myth|king,http://www.imdb.com/title/tt0346491/?ref_=fn_tt_tt_1,1390.0,English,Germany,R,155000000.0,2004,11000.0,5.5,2.35,0,7,Action,Adventure,Biography,tt0346491,Alexander,2004,R,24 Nov 2004,175 min,"Action, Biography, Drama",Oliver Stone,"Oliver Stone, Christopher Kyle, Laeta Kalogridis","Colin Farrell, Anthony Hopkins, Rosario Dawson","Alexander, the King of Macedonia and one of the greatest army leaders in the history of warfare, conquers much of the known world.",English,"United States, United Kingdom, Germany, Netherlands, France, Italy, Morocco, Thailand",6 wins & 19 nominations total,https://m.media-amazon.com/images/M/MV5BMTA1NDQ3OTY2NDVeQTJeQWpwZ15BbWU3MDI5MDc0MzM@._V1_SX300.jpg,40,5.6,"182,330","$34,297,191"
Color,Eli Roth,303.0,93,0.0,581.0,Takashi Miike,1000.0,47277326.0,Horror,Jay Hernandez,Hostel ,138814,2990,Rick Hoffman,0.0,bratislava|hostel|sadistic horror|torture|travel,http://www.imdb.com/title/tt0450278/?ref_=fn_tt_tt_1,1516.0,English,USA,R,4800000.0,2005,1000.0,5.9,2.35,0,1,Horror,,,tt0450278,Hostel,2005,R,06 Jan 2006,94 min,Horror,Eli Roth,Eli Roth,"Jay Hernandez, Derek Richardson, Eythor Gudjonsson","Three backpackers head to a Slovak city that promises to meet their hedonistic expectations, with no idea of the hell that awaits them.","English, Czech, German, Dutch, Slovak, Japanese, Icelandic, Russian, Spanish","United States, Czech Republic",6 wins & 14 nominations total,https://m.media-amazon.com/images/M/MV5BMTY1NDA3ODM1OV5BMl5BanBnXkFtZTcwMDM5NzEzMQ@@._V1_SX300.jpg,55,5.9,"202,228","$47,326,473"
Color,Robert Rodriguez,93.0,104,0.0,4000.0,Steve Buscemi,16000.0,25625110.0,Action|Crime|Thriller,Quentin Tarantino,Desperado ,138707,33758,Salma Hayek,0.0,crushed by a car|female frontal nudity|female nudity|female rear nudity|one against many,http://www.imdb.com/title/tt0112851/?ref_=fn_tt_tt_1,202.0,English,USA,R,7000000.0,1995,12000.0,7.2,1.85,0,3,Action,Crime,Thriller,tt0112851,Desperado,1995,R,25 Aug 1995,104 min,"Action, Crime, Drama",Robert Rodriguez,Robert Rodriguez,"Antonio Banderas, Salma Hayek, Joaquim de Almeida",Former musician and gunslinger El Mariachi arrives at a small Mexican border town after being away for a long time. His past quickly catches up with him and he soon gets entangled with the local drug kingpin Bucho and his gang.,"English, Spanish","United States, Mexico",1 win & 5 nominations total,https://m.media-amazon.com/images/M/MV5BN2IzOThmNTMtODE4My00NTI1LThkOWMtNTA4MTc4NWI1NTNlXkEyXkFqcGc@._V1_SX300.jpg,55,7.1,"205,163","$25,405,445"
Color,Mike Mitchell,226.0,93,31.0,213.0,Kathy Griffin,4000.0,238371987.0,Adventure|Animation|Comedy|Family|Fantasy,Jon Hamm,Shrek Forever After ,138661,4628,Mary Kay Place,2.0,alternate world|fairy tale parody|female warrior|ogre|true love,http://www.imdb.com/title/tt0892791/?ref_=fn_tt_tt_1,173.0,English,USA,PG,165000000.0,2010,225.0,6.4,2.35,0,5,Adventure,Animation,Comedy,tt0892791,Shrek Forever After,2010,PG,21 May 2010,93 min,"Animation, Adventure, Comedy",Mike Mitchell,"Josh Klausner, Darren Lemke, William Steig","Mike Myers, Cameron Diaz, Eddie Murphy",Rumpelstiltskin tricks a mid-life crisis burdened Shrek into allowing himself to be erased from existence and cast in a dark alternate timeline where Rumpelstiltskin rules supreme.,English,"United States, France",1 win & 13 nominations total,https://m.media-amazon.com/images/M/MV5BMTY0OTU1NzkxMl5BMl5BanBnXkFtZTcwMzI2NDUzMw@@._V1_SX300.jpg,58,6.3,"243,636","$238,736,787"
Color,Gary Shore,261.0,92,28.0,423.0,Sarah Gadon,3000.0,55942830.0,Action|Drama|Fantasy|Horror|War,Dominic Cooper,Dracula Untold ,138582,5178,Zach McGowan,1.0,death of wife|dracula|tarantula|turk|vampire,http://www.imdb.com/title/tt0829150/?ref_=fn_tt_tt_1,423.0,English,USA,PG-13,70000000.0,2014,692.0,6.3,2.35,37000,5,Action,Drama,Fantasy,tt0829150,Dracula Untold,2014,PG-13,10 Oct 2014,92 min,"Action, Drama, Fantasy",Gary Shore,"Matt Sazama, Burk Sharpless, Bram Stoker","Luke Evans, Dominic Cooper, Sarah Gadon","As his kingdom is being threatened by the Turks, young prince Vlad Tepes must become a monster feared by his own people in order to obtain the power needed to protect his own family, and the families of his kingdom.","English, Turkish","United States, Japan",3 wins & 5 nominations total,https://m.media-amazon.com/images/M/MV5BMTkzNzI1OTI4N15BMl5BanBnXkFtZTgwNTQ2NzEwMjE@._V1_SX300.jpg,40,6.2,"221,855","$56,280,355"
Color,David Slade,304.0,113,171.0,63.0,Mark Rendall,430.0,39568996.0,Horror,Danny Huston,30 Days of Night ,138435,814,Megan Franich,0.0,alaska|small town|snow|vampire|winter,http://www.imdb.com/title/tt0389722/?ref_=fn_tt_tt_1,527.0,English,USA,R,32000000.0,2007,72.0,6.6,2.35,0,1,Horror,,,tt0389722,30 Days of Night,2007,R,19 Oct 2007,113 min,"Horror, Thriller",David Slade,"Steve Niles, Stuart Beattie, Brian Nelson","Josh Hartnett, Melissa George, Danny Huston","After an Alaskan town is plunged into darkness for a month, it is attacked by a bloodthirsty gang of vampires.",English,United States,14 nominations total,https://m.media-amazon.com/images/M/MV5BZWVjOTM3NmItZjU1Mi00YTVjLTlkM2YtNTJlYjI2YzUyNmUxXkEyXkFqcGc@._V1_SX300.jpg,53,6.6,"199,270","$39,569,000"
Color,Wes Ball,249.0,132,47.0,240.0,Lili Taylor,988.0,81687587.0,Action|Sci-Fi|Thriller,Ki Hong Lee,The Scorch Trials ,138246,2517,Rosa Salazar,0.0,desert|disease|escape|resistance|virus,http://www.imdb.com/title/tt4046784/?ref_=fn_tt_tt_1,360.0,English,USA,PG-13,61000000.0,2015,960.0,6.4,2.35,24000,3,Action,Sci-Fi,Thriller,tt4046784,Maze Runner: The Scorch Trials,2015,PG-13,18 Sep 2015,131 min,"Action, Adventure, Sci-Fi",Wes Ball,"T.S. Nowlin, James Dashner","Dylan O'Brien, Kaya Scodelario, Thomas Brodie-Sangster","After having escaped the Maze, the Gladers now face a new set of challenges on the open roads of a desolate landscape filled with unimaginable obstacles.",English,United States,2 wins & 5 nominations total,https://m.media-amazon.com/images/M/MV5BMjE3MDU2NzQyMl5BMl5BanBnXkFtZTgwMzQxMDQ3NTE@._V1_SX300.jpg,43,6.3,"301,523","$81,697,192"
Color,Tarsem Singh,284.0,110,763.0,222.0,Daniel Sharman,15000.0,83503161.0,Action|Drama|Fantasy|Romance,Henry Cavill,Immortals ,138190,16691,Steve Byers,1.0,burned alive|castration|olympus|torture|torture device,http://www.imdb.com/title/tt1253864/?ref_=fn_tt_tt_1,405.0,English,USA,R,75000000.0,2011,1000.0,6.1,1.85,30000,4,Action,Drama,Fantasy,tt1253864,Immortals,2011,R,11 Nov 2011,110 min,"Action, Drama, Fantasy",Tarsem Singh,"Charley Parlapanides, Vlas Parlapanides","Henry Cavill, Mickey Rourke, John Hurt","Theseus is a mortal man chosen by Zeus to lead the fight against the ruthless King Hyperion, who is on a rampage across Greece to obtain a weapon that can destroy humanity.","English, Greek","Canada, United States",1 win & 6 nominations total,https://m.media-amazon.com/images/M/MV5BMTMzMjA2MjA2N15BMl5BanBnXkFtZTcwMTkwNTc5Ng@@._V1_SX300.jpg,46,6.0,"182,638","$83,504,017"
Color,Anthony Minghella,203.0,139,333.0,1000.0,Matt Damon,22000.0,81292135.0,Crime|Drama|Thriller,Philip Seymour Hoffman,The Talented Mr. Ripley ,137891,36810,Jack Davenport,1.0,1950s|italy|mistaken identity|nudity|sociopath,http://www.imdb.com/title/tt0134119/?ref_=fn_tt_tt_1,696.0,English,USA,R,40000000.0,1999,13000.0,7.3,1.85,0,3,Crime,Drama,Thriller,tt0134119,The Talented Mr. Ripley,1999,R,25 Dec 1999,139 min,"Crime, Drama, Thriller",Anthony Minghella,"Patricia Highsmith, Anthony Minghella","Matt Damon, Gwyneth Paltrow, Jude Law","In late 1950s New York, a young underachiever named Tom Ripley is sent to Italy to retrieve Dickie Greenleaf, a rich and spoiled millionaire playboy. But when the errand fails, Ripley takes extreme measures.","English, Italian",United States,Nominated for 5 Oscars. 10 wins & 81 nominations total,https://m.media-amazon.com/images/M/MV5BYzI2ZmU3MWMtZmRlMi00ZmVlLTkwMDMtZmI1YTg4YzcwMDE0XkEyXkFqcGc@._V1_SX300.jpg,76,7.4,"264,777","$81,298,265"
Color,David O. Russell,150.0,114,737.0,393.0,Jamie Kennedy,2000.0,60652036.0,Action|Adventure|Comedy|Drama|War,Judy Greer,Three Kings ,137854,3743,Mykelti Williamson,1.0,gold|gulf war|iraq|kuwait|map,http://www.imdb.com/title/tt0120188/?ref_=fn_tt_tt_1,560.0,English,USA,R,48000000.0,1999,490.0,7.1,2.35,3000,5,Action,Adventure,Comedy,tt0120188,Three Kings,1999,R,01 Oct 1999,114 min,"Action, Adventure, Comedy",David O. Russell,"John Ridley, David O. Russell","George Clooney, Mark Wahlberg, Ice Cube","In the aftermath of the Persian Gulf War, four soldiers set out to steal gold that was stolen from Kuwait, but they discover people who desperately need their help.","English, Arabic","United States, Australia",8 wins & 19 nominations total,https://m.media-amazon.com/images/M/MV5BODdlODNiYWUtNDU4Mi00OWY0LTk2MmMtZWMwNzA4Yzc1NTAyXkEyXkFqcGc@._V1_SX300.jpg,82,7.1,"185,340","$60,652,036"
Color,Roman Polanski,172.0,133,2000.0,541.0,Frank Langella,40000.0,18653746.0,Mystery|Thriller,Johnny Depp,The Ninth Gate ,137722,42344,Lena Olin,1.0,bare butt|gnosticism|lucifer|rare book|sex,http://www.imdb.com/title/tt0142688/?ref_=fn_tt_tt_1,638.0,English,Spain,R,38000000.0,1999,903.0,6.7,2.35,0,2,Mystery,Thriller,,tt0142688,The Ninth Gate,1999,R,10 Mar 2000,133 min,"Mystery, Thriller",Roman Polanski,"Arturo Pérez-Reverte, John Brownjohn, Enrique Urbizu","Johnny Depp, Frank Langella, Lena Olin",An unscrupulous dealer of rare books finds himself at the heart of a string of paranormal events when he is hired to find the last two copies of a text capable of summoning the devil.,"English, French, Latin, Portuguese, Spanish","France, Spain, United States",2 wins & 5 nominations total,https://m.media-amazon.com/images/M/MV5BOTQ2ODM2NjktMzJjMC00MWJiLWI2MjMtMzhiOTFmMzc1ZDUyXkEyXkFqcGc@._V1_SX300.jpg,44,6.7,"208,262","$18,661,336"
Color,Donald Petrie,140.0,109,80.0,213.0,Wendy Raquel Robinson,545.0,106807667.0,Action|Comedy|Crime|Romance,Candice Bergen,Miss Congeniality ,137377,1574,Heather Burns,1.0,beauty pageant|fbi|female agent|pageant|undercover,http://www.imdb.com/title/tt0212346/?ref_=fn_tt_tt_1,370.0,English,USA,PG-13,45000000.0,2000,337.0,6.2,1.85,0,4,Action,Comedy,Crime,tt0212346,Miss Congeniality,2000,PG-13,22 Dec 2000,109 min,"Action, Comedy, Crime",Donald Petrie,"Marc Lawrence, Katie Ford, Caryn Lucas","Sandra Bullock, Michael Caine, Benjamin Bratt","Gracie Hart, a tomboyish detective, is forced to infiltrate the Miss United States beauty pageant as a contestant after her department learns that the event is under threat from an anonymous bomber.","English, Russian, Hawaiian",United States,7 wins & 8 nominations total,https://m.media-amazon.com/images/M/MV5BZjMzOWU2MGQtM2Y2Mi00YzgwLTllOGYtNzJlNmU2OTM1MmJjXkEyXkFqcGc@._V1_SX300.jpg,43,6.4,"245,539","$106,807,667"
Color,Brian Helgeland,167.0,144,241.0,996.0,Rufus Sewell,13000.0,56083966.0,Action|Adventure|Romance,Heath Ledger,A Knight's Tale ,137003,18761,Bérénice Bejo,1.0,chaucer|jousting|knight|medieval times|tournament,http://www.imdb.com/title/tt0183790/?ref_=fn_tt_tt_1,658.0,English,USA,PG-13,65000000.0,2001,3000.0,6.9,2.35,0,3,Action,Adventure,Romance,tt0183790,A Knight's Tale,2001,PG-13,11 May 2001,132 min,"Action, Adventure, Drama",Brian Helgeland,Brian Helgeland,"Heath Ledger, Mark Addy, Rufus Sewell","After his master dies, a peasant squire, fueled by his desire for food and glory, creates a new identity for himself as a knight.","English, French, Latin",United States,4 wins & 13 nominations total,https://m.media-amazon.com/images/M/MV5BMTE5OTE4OTE2Nl5BMl5BanBnXkFtZTYwMDkzMTQ3._V1_SX300.jpg,56,7.0,"218,004","$56,569,702"
Color,David Dobkin,276.0,141,71.0,3000.0,Robert Duvall,21000.0,47105085.0,Crime|Drama,Robert Downey Jr.,The Judge ,136973,30183,Leighton Meester,1.0,courtroom|dysfunctional family|indiana|lawyer|trial,http://www.imdb.com/title/tt1872194/?ref_=fn_tt_tt_1,275.0,English,USA,R,50000000.0,2014,3000.0,7.4,2.35,47000,2,Crime,Drama,,tt1872194,The Judge,2014,R,10 Oct 2014,141 min,"Crime, Drama, Mystery",David Dobkin,"Nick Schenk, Bill Dubuque, David Dobkin","Robert Downey Jr., Robert Duvall, Vera Farmiga","Big-city lawyer Hank Palmer returns to his childhood home where his father, the town's judge, is suspected of murder. Hank sets out to discover the truth; along the way he reconnects with his estranged family.",English,United States,Nominated for 1 Oscar. 3 wins & 10 nominations total,https://m.media-amazon.com/images/M/MV5BMTcyNzIxOTIwMV5BMl5BanBnXkFtZTgwMzE0NjQwMjE@._V1_SX300.jpg,48,7.4,"218,174","$47,119,388"
Color,Scott Waugh,327.0,132,76.0,464.0,Dominic Cooper,3000.0,43568507.0,Action|Crime|Drama|Thriller,Rami Malek,Need for Speed ,136954,7081,Ramon Rodriguez,1.0,cross country|custom car|illegal street racing|police officer crushed|street racing,http://www.imdb.com/title/tt2369135/?ref_=fn_tt_tt_1,346.0,English,USA,PG-13,66000000.0,2014,3000.0,6.5,2.35,32000,4,Action,Crime,Drama,tt2369135,Need for Speed,2014,PG-13,14 Mar 2014,132 min,"Action, Crime, Drama",Scott Waugh,"George Gatins, John Gatins","Aaron Paul, Dominic Cooper, Imogen Poots","Fresh from prison, a street racer who was framed by a wealthy business associate joins a cross-country race with revenge in mind. His ex-partner, learning of the plan, places a massive bounty on his head as the race begins.",English,"United States, India",1 win & 6 nominations total,"https://m.media-amazon.com/images/M/MV5BMTQ3ODY4NzYzOF5BMl5BanBnXkFtZTgwNjI3OTE4MDE@._V1_QL75_UX380_CR0,0,380,562_.jpg",39,6.4,"186,587","$43,577,636"
Color,David Dobkin,215.0,118,71.0,634.0,Olivia Wilde,16000.0,37035845.0,Comedy|Fantasy,Ryan Reynolds,The Change-Up ,136680,28045,Mircea Monroe,2.0,best friend|fountain|law firm|lawyer|sex,http://www.imdb.com/title/tt1488555/?ref_=fn_tt_tt_1,149.0,English,USA,R,52000000.0,2011,10000.0,6.4,2.35,13000,2,Comedy,Fantasy,,tt1488555,The Change-Up,2011,R,05 Aug 2011,112 min,"Comedy, Fantasy",David Dobkin,"Jon Lucas, Scott Moore","Jason Bateman, Ryan Reynolds, Olivia Wilde","One fateful morning, family man Dave and bachelor Mitch wake up in each other's bodies as a result of a wish they made the previous evening.","English, Ukrainian",United States,1 nomination total,https://m.media-amazon.com/images/M/MV5BMTk3NTM4NDg3OF5BMl5BanBnXkFtZTcwNDk3MzEwNQ@@._V1_SX300.jpg,39,6.3,"203,894","$37,081,475"
Color,Gus Van Sant,324.0,128,835.0,755.0,Denis O'Hare,11000.0,31838002.0,Biography|Drama|History,James Franco,Milk ,136673,13189,Lucas Grabeel,1.0,california|gay|gay activist|gay pickup|gay rights,http://www.imdb.com/title/tt1013753/?ref_=fn_tt_tt_1,281.0,English,USA,R,20000000.0,2008,896.0,7.6,1.85,10000,3,Biography,Drama,History,tt1013753,Milk,2008,R,30 Jan 2009,128 min,"Biography, Drama, History",Gus Van Sant,Dustin Lance Black,"Sean Penn, Josh Brolin, Emile Hirsch","The story of American gay activist Harvey Milk, who fought for gay rights and was elected as California's first openly gay official.",English,United States,Won 2 Oscars. 66 wins & 146 nominations total,https://m.media-amazon.com/images/M/MV5BOWVmZWYzMDEtN2NkMi00NWM4LThjYzYtNzBjNzIzN2FmM2NlXkEyXkFqcGc@._V1_SX300.jpg,83,7.5,"184,363","$31,841,299"
Color,Mel Brooks,103.0,96,0.0,542.0,Dick Van Patten,1000.0,38119483.0,Adventure|Comedy|Sci-Fi,Joan Rivers,Spaceballs ,136667,2936,Michael Winslow,2.0,parody|planet enclosed within shield|sci fi spoof|self referential|winnebago,http://www.imdb.com/title/tt0094012/?ref_=fn_tt_tt_1,273.0,English,USA,PG,22700000.0,1987,605.0,7.1,1.85,13000,3,Adventure,Comedy,Sci-Fi,tt0094012,Spaceballs,1987,PG,24 Jun 1987,96 min,"Adventure, Comedy, Sci-Fi",Mel Brooks,"Mel Brooks, Thomas Meehan, Ronny Graham","Mel Brooks, John Candy, Rick Moranis",A star-pilot for hire and his trusty sidekick must come to the rescue of a princess and save Planet Druidia from the clutches of the evil Spaceballs.,"English, German",United States,1 win total,https://m.media-amazon.com/images/M/MV5BZWNhNWM3NWQtNTMwNy00NThiLWFkZDYtYzBlZTQyZGU2YzE1XkEyXkFqcGc@._V1_SX300.jpg,46,7.1,"222,250","$38,119,483"
Color,Alex Proyas,118.0,98,295.0,380.0,Bai Ling,720.0,50693162.0,Action|Drama|Fantasy,Michael Wincott,The Crow ,136580,2630,David Patrick Kelly,0.0,back from the dead|crime boss|crow|gothic|vigilante,http://www.imdb.com/title/tt0109506/?ref_=fn_tt_tt_1,545.0,English,USA,R,23000000.0,1994,581.0,7.6,1.85,15000,3,Action,Drama,Fantasy,tt0109506,The Crow,1994,R,13 May 1994,102 min,"Action, Crime, Drama",Alex Proyas,"James O'Barr, David J. Schow, John Shirley","Brandon Lee, Michael Wincott, Rochelle Davis","The night before his wedding, musician Eric Draven and his fiancée are brutally murdered by members of a violent gang. On the anniversary of their death, Eric rises from the grave and assumes the mantle of the Crow, a supernatural...",English,United States,5 wins & 8 nominations total,https://m.media-amazon.com/images/M/MV5BOTBiNzhkZTItZWUwZS00YTJkLTg0YTEtN2I0ZDI5ODI2MWFjXkEyXkFqcGc@._V1_SX300.jpg,72,7.5,"229,611","$50,693,129"
Color,Terrence Malick,584.0,139,0.0,687.0,Tye Sheridan,11000.0,13303319.0,Drama|Fantasy,Brad Pitt,The Tree of Life ,136367,13021,Fiona Shaw,0.0,1950s|children|ice cube|texas|waco texas,http://www.imdb.com/title/tt0478304/?ref_=fn_tt_tt_1,975.0,English,USA,PG-13,32000000.0,2011,1000.0,6.7,1.85,39000,2,Drama,Fantasy,,tt0478304,The Tree of Life,2011,PG-13,17 May 2011,139 min,"Drama, Fantasy",Terrence Malick,Terrence Malick,"Brad Pitt, Sean Penn, Jessica Chastain","The story of a family in Waco, Texas in 1956. The eldest son witnesses the loss of innocence and struggles with his parents' conflicting teachings.",English,United States,Nominated for 3 Oscars. 118 wins & 130 nominations total,https://m.media-amazon.com/images/M/MV5BMTMwNjQ0NjMzN15BMl5BanBnXkFtZTcwNjMxMTkyNA@@._V1_SX300.jpg,85,6.8,"191,616","$13,303,319"
Color,Andrew Dominik,273.0,160,181.0,820.0,Jeremy Renner,11000.0,3904982.0,Biography|Crime|Drama|History|Western,Brad Pitt,The Assassination of Jesse James by the Coward Robert Ford ,136104,22516,Sam Shepard,0.0,long title|outlaw|robbery|train|train robbery,http://www.imdb.com/title/tt0443680/?ref_=fn_tt_tt_1,415.0,English,USA,R,30000000.0,2007,10000.0,7.5,2.35,0,5,Biography,Crime,Drama,tt0443680,The Assassination of Jesse James by the Coward Robert Ford,2007,R,19 Oct 2007,160 min,"Biography, Crime, Drama",Andrew Dominik,"Andrew Dominik, Ron Hansen","Brad Pitt, Casey Affleck, Sam Shepard","Robert Ford, who has idolized Jesse James since childhood, tries hard to join the resurgent gang of the Missouri outlaw, but gradually becomes resentful of the bandit leader.","English, Danish","United States, Canada",Nominated for 2 Oscars. 25 wins & 69 nominations total,https://m.media-amazon.com/images/M/MV5BMTY2NDI2MTc2NV5BMl5BanBnXkFtZTcwNjA2NTQzMw@@._V1_SX300.jpg,68,7.5,"203,116","$3,909,149"
Color,Seth MacFarlane,303.0,136,3000.0,3000.0,Charlize Theron,14000.0,42615685.0,Comedy|Western,Liam Neeson,A Million Ways to Die in the West ,136093,28927,Seth MacFarlane,3.0,dancing sheep|fetish|musical scene|racial humor|snake poison,http://www.imdb.com/title/tt2557490/?ref_=fn_tt_tt_1,416.0,English,USA,R,40000000.0,2014,9000.0,6.1,2.35,24000,2,Comedy,Western,,tt2557490,A Million Ways to Die in the West,2014,R,30 May 2014,116 min,"Comedy, Western",Seth MacFarlane,"Seth MacFarlane, Alec Sulkin, Wellesley Wild","Seth MacFarlane, Charlize Theron, Liam Neeson","As a cowardly farmer begins to fall for the mysterious new woman in town, he must put his newly-found courage to the test when her husband, a notorious gun-slinger, announces his arrival.","English, Navajo, Mandarin",United States,6 nominations total,https://m.media-amazon.com/images/M/MV5BMTQ0NDcyNjg0MV5BMl5BanBnXkFtZTgwMzk4NTA4MTE@._V1_SX300.jpg,44,6.1,"209,196","$43,139,300"
Color,Trey Parker,233.0,98,406.0,406.0,Maurice LaMarche,860.0,32774834.0,Action|Comedy,Jeremy Shada,Team America: World Police ,136048,2609,Trey Parker,5.0,actor|arab stereotype|broadway|terrorist|vomiting,http://www.imdb.com/title/tt0372588/?ref_=fn_tt_tt_1,700.0,English,USA,R,30000000.0,2004,523.0,7.2,2.35,0,2,Action,Comedy,,tt0372588,Team America: World Police,2004,R,15 Oct 2004,98 min,"Action, Comedy",Trey Parker,"Trey Parker, Matt Stone, Pam Brady","Trey Parker, Matt Stone, Kristen Miller","Popular Broadway actor Gary Johnston is recruited by the elite counter-terrorism organization Team America: World Police. As the world begins to crumble around him, he must battle with terrorists, celebrities and falling in love.","English, French, Klingon, Korean, Arabic","Germany, United States",1 win & 11 nominations total,https://m.media-amazon.com/images/M/MV5BMTM2Nzc4NjYxMV5BMl5BanBnXkFtZTcwNTM1MTcyMQ@@._V1_SX300.jpg,64,7.2,"184,476","$32,786,074"
Color,Michel Gondry,447.0,119,1000.0,741.0,Tom Wilkinson,11000.0,98780042.0,Action|Comedy|Crime|Sci-Fi|Thriller,Christoph Waltz,The Green Hornet ,136019,13391,Chad L. Coleman,0.0,heir|kung fu|party|playboy|superhero,http://www.imdb.com/title/tt0990407/?ref_=fn_tt_tt_1,443.0,English,USA,PG-13,120000000.0,2011,1000.0,5.8,2.35,14000,5,Action,Comedy,Crime,tt0990407,The Green Hornet,2011,PG-13,14 Jan 2011,119 min,"Action, Comedy, Crime",Michel Gondry,"Seth Rogen, Evan Goldberg, George W. Trendle","Seth Rogen, Jay Chou, Christoph Waltz","Following the death of his father, Britt Reid, heir to his father's large company, teams up with his late dad's assistant Kato to become a masked crime fighting team.","English, Mandarin",United States,4 wins & 7 nominations total,https://m.media-amazon.com/images/M/MV5BMTcwOTMwMDYyMl5BMl5BanBnXkFtZTcwMzAxMjMyNA@@._V1_SX300.jpg,39,5.8,"168,421","$98,780,042"
Color,Mimi Leder,125.0,120,75.0,3000.0,Jon Favreau,11000.0,140459099.0,Action|Drama|Romance|Sci-Fi|Thriller,Morgan Freeman,Deep Impact ,135601,22750,Robert Duvall,0.0,astronomer|comet|mission|president|secretary,http://www.imdb.com/title/tt0120647/?ref_=fn_tt_tt_1,493.0,English,USA,PG-13,75000000.0,1998,4000.0,6.1,2.35,0,5,Action,Drama,Romance,tt0120647,Deep Impact,1998,PG-13,08 May 1998,120 min,"Action, Drama, Sci-Fi",Mimi Leder,"Bruce Joel Rubin, Michael Tolkin","Robert Duvall, Téa Leoni, Elijah Wood","A comet is discovered to be on a collision course with Earth. As doomsday nears, the human race prepares for the worst.","English, Russian",United States,5 wins & 14 nominations total,https://m.media-amazon.com/images/M/MV5BN2EwNjMxOWYtYWE5Zi00MWEyLWJlMGMtYzA1NDQyZGE5YWZjXkEyXkFqcGc@._V1_SX300.jpg,40,6.3,"199,379","$140,464,664"
Color,Martin Campbell,156.0,136,258.0,94.0,Tony Amendola,12000.0,93771072.0,Action|Adventure|Comedy|Romance|Thriller|Western,Anthony Hopkins,The Mask of Zorro ,135404,12396,Stuart Wilson,0.0,19th century|california|revenge|training|zorro,http://www.imdb.com/title/tt0120746/?ref_=fn_tt_tt_1,318.0,English,USA,PG-13,65000000.0,1998,174.0,6.7,2.35,0,6,Action,Adventure,Comedy,tt0120746,The Mask of Zorro,1998,PG-13,17 Jul 1998,136 min,"Action, Adventure, Comedy",Martin Campbell,"Johnston McCulley, Ted Elliott, Terry Rossio","Antonio Banderas, Anthony Hopkins, Catherine Zeta-Jones","A young thief seeking revenge for his brother's death is trained by the once-great, aging Zorro, who is pursuing his own vengeance.",English,"United States, Mexico, Germany",Nominated for 2 Oscars. 9 wins & 18 nominations total,https://m.media-amazon.com/images/M/MV5BMzA2MDgyYzMtNjc4OC00YjU0LWEzMWEtOTRhMTViODY0Mjk0XkEyXkFqcGc@._V1_SX300.jpg,62,6.8,"209,066","$94,095,523"
Color,Jeff Nichols,368.0,130,337.0,820.0,Tye Sheridan,11000.0,21589307.0,Drama,Matthew McConaughey,Mud ,135286,13960,Sam Shepard,1.0,14 year old|boat|bounty hunter|boy|river,http://www.imdb.com/title/tt1935179/?ref_=fn_tt_tt_1,261.0,English,USA,PG-13,10000000.0,2012,1000.0,7.4,2.35,27000,1,Drama,,,tt1935179,Mud,2012,PG-13,10 May 2013,130 min,"Adventure, Drama",Jeff Nichols,Jeff Nichols,"Matthew McConaughey, Tye Sheridan, Jacob Lofland","On a Mississippi River island, two young boys encounter a stranger who tells wild tales about bounty hunters and a beautiful woman.",English,United States,15 wins & 39 nominations total,https://m.media-amazon.com/images/M/MV5BMTU2MzcyODgyNV5BMl5BanBnXkFtZTcwNTc4MDYwOQ@@._V1_SX300.jpg,76,7.3,"198,842","$21,590,086"
Color,Steven Soderbergh,169.0,131,0.0,658.0,Albert Finney,8000.0,125548685.0,Biography|Drama,Julia Roberts,Erin Brockovich ,135246,10003,Conchata Ferrell,0.0,contamination|corporate crime|environmental issue|female protagonist|working single mother,http://www.imdb.com/title/tt0195685/?ref_=fn_tt_tt_1,498.0,English,USA,R,52000000.0,2000,883.0,7.3,1.85,0,2,Biography,Drama,,tt0195685,Erin Brockovich,2000,R,17 Mar 2000,131 min,"Biography, Drama",Steven Soderbergh,Susannah Grant,"Julia Roberts, Albert Finney, David Brisbin",A flamboyant law firm secretary works tirelessly to gain justice for a small town wrecked by a utility company's pollution.,English,United States,Won 1 Oscar. 33 wins & 59 nominations total,https://m.media-amazon.com/images/M/MV5BZTNkNzkzYTEtYTJkMC00MTNkLWE0YjMtOGYxNGI0ODNiMzIwXkEyXkFqcGc@._V1_SX300.jpg,73,7.5,"243,561","$125,595,205"
Color,Andrés Muschietti,393.0,100,127.0,250.0,Megan Charpentier,1000.0,71588220.0,Fantasy|Horror,Javier Botet,Mama ,134869,1949,Isabelle Nélisse,1.0,aunt|children|death of sister|forest|hiding in a closet,http://www.imdb.com/title/tt2023587/?ref_=fn_tt_tt_1,304.0,English,Canada,PG-13,20000000.0,2013,340.0,6.2,1.85,57000,2,Fantasy,Horror,,tt2023587,Mama,2013,PG-13,18 Jan 2013,100 min,"Fantasy, Horror, Thriller",Andy Muschietti,"Andy Muschietti, Barbara Muschietti, Neil Cross","Jessica Chastain, Nikolaj Coster-Waldau, Megan Charpentier","Two little girls disappear into the woods the day that their parents were killed. When they are found 5 years later and begin a new life, they find that someone or something still wants to tuck them in at night.",English,"Spain, Canada",11 wins & 19 nominations total,https://m.media-amazon.com/images/M/MV5BMTM5MjIwNDAwMl5BMl5BanBnXkFtZTcwNzQyOTY0OA@@._V1_SX300.jpg,57,6.2,"197,699","$71,628,180"
Color,Baltasar Kormákur,361.0,121,175.0,221.0,Martin Henderson,963.0,43247140.0,Adventure|Biography|Drama|History|Sport|Thriller,Michael Kelly,Everest ,134625,2131,Tom Goodman-Hill,0.0,blizzard|mount everest|mountain|mountain climbing|snow,http://www.imdb.com/title/tt2719848/?ref_=fn_tt_tt_1,265.0,English,UK,PG-13,55000000.0,2015,580.0,7.1,2.35,40000,6,Adventure,Biography,Drama,tt2719848,Everest,2015,PG-13,25 Sep 2015,121 min,"Adventure, Biography, Drama",Baltasar Kormákur,"William Nicholson, Simon Beaufoy","Jason Clarke, Ang Phula Sherpa, Thomas M. Wright","On May 10, 1996, mountain guides Rob Hall and Scott Fischer combine their expedition teams for a final ascent to the summit of Mount Everest. With little warning, a storm strikes the mountain and the climbers must now battle to su...","English, Russian","United Kingdom, Iceland, United States",2 wins & 9 nominations total,https://m.media-amazon.com/images/M/MV5BNDAzOTYxMTctY2ViNi00NDI3LTgwMGItY2FhN2JjZWE5MjRkXkEyXkFqcGc@._V1_SX300.jpg,64,7.1,"241,475","$43,482,270"
Color,Wes Anderson,179.0,93,0.0,766.0,Connie Nielsen,13000.0,17096053.0,Comedy|Drama,Bill Murray,Rushmore ,134458,15716,Olivia Williams,2.0,coming of age|friendship|private school|student|teacher,http://www.imdb.com/title/tt0128445/?ref_=fn_tt_tt_1,640.0,English,USA,R,9000000.0,1998,933.0,7.7,2.35,5000,2,Comedy,Drama,,tt0128445,Rushmore,1999,R,19 Feb 1999,93 min,"Comedy, Drama, Romance",Wes Anderson,"Wes Anderson, Owen Wilson","Jason Schwartzman, Bill Murray, Olivia Williams","A teenager at Rushmore Academy falls for a much older teacher and befriends a middle-aged industrialist. Later, he finds out that his love interest and his friend are having an affair, which prompts him to begin a vendetta.","English, Spanish, Latin, French",United States,17 wins & 16 nominations total,"https://m.media-amazon.com/images/M/MV5BZmM2MTNhYWItMDc4Yi00MTM3LWI3YTctYjE1NWRjNTczYjI5XkEyXkFqcGc@._V1_QL75_UY562_CR0,0,380,562_.jpg",87,7.6,"208,163","$17,105,219"
Color,Matthew Vaughn,149.0,105,905.0,466.0,Sally Hawkins,27000.0,2338695.0,Crime|Drama|Thriller,Tom Hardy,Layer Cake ,134070,29277,Jamie Foreman,1.0,cake|cocaine|drugs|pills|serbian,http://www.imdb.com/title/tt0375912/?ref_=fn_tt_tt_1,263.0,English,UK,R,4000000.0,2004,594.0,7.4,2.35,0,3,Crime,Drama,Thriller,tt0375912,Layer Cake,2004,R,03 Jun 2005,105 min,"Crime, Drama, Thriller",Matthew Vaughn,J.J. Connolly,"Daniel Craig, Sienna Miller, Michael Gambon",A successful cocaine dealer gets two tough assignments from his boss on the eve of his planned early retirement.,"English, Romanian","United Kingdom, United States",Nominated for 1 BAFTA Award2 wins & 9 nominations total,https://m.media-amazon.com/images/M/MV5BMTI5MTE1OTAzOV5BMl5BanBnXkFtZTcwNDc2OTgyMQ@@._V1_SX300.jpg,73,7.2,"206,962","$2,339,957"
 Black and White,George Miller,177.0,87,750.0,41.0,Bruce Spence,745.0,9003011.0,Action|Adventure|Sci-Fi|Thriller,Vernon Wells,Mad Max 2: The Road Warrior ,133966,1396,Kjell Nilsson,0.0,australian|gasoline|post apocalypse|refinery|warrior,http://www.imdb.com/title/tt0082694/?ref_=fn_tt_tt_1,294.0,English,Australia,R,2000000.0,1981,531.0,7.6,2.35,0,4,Action,Adventure,Sci-Fi,tt0082694,The Road Warrior,1981,R,21 May 1982,96 min,"Action, Adventure, Sci-Fi",George Miller,"Terry Hayes, George Miller, Brian Hannant","Mel Gibson, Bruce Spence, Michael Preston","In the post-apocalyptic Australian wasteland, a cynical drifter agrees to help a small, gasoline-rich community get rid of a horde of bandits.",English,Australia,8 wins & 12 nominations total,https://m.media-amazon.com/images/M/MV5BYTAyNzBiZWUtMGY4YS00YzkzLWJhNGUtNTU5OThlZjZhZTYyXkEyXkFqcGc@._V1_SX300.jpg,77,7.6,"211,905","$23,667,907"
Color,Michael Mann,209.0,157,0.0,680.0,Rip Torn,14000.0,28965197.0,Biography|Drama|Thriller,Al Pacino,The Insider ,133526,18216,Debi Mazar,1.0,cbs|cbs news|research|tobacco|whistleblower,http://www.imdb.com/title/tt0140352/?ref_=fn_tt_tt_1,521.0,English,USA,R,68000000.0,1999,826.0,7.9,2.35,0,3,Biography,Drama,Thriller,tt0140352,The Insider,1999,R,05 Nov 1999,157 min,"Biography, Drama, History",Michael Mann,"Marie Brenner, Eric Roth, Michael Mann","Russell Crowe, Al Pacino, Christopher Plummer",A research chemist comes under personal and professional attack when he decides to appear in a 60 Minutes exposé on Big Tobacco.,"English, Japanese, Arabic, Persian",United States,Nominated for 7 Oscars. 23 wins & 58 nominations total,https://m.media-amazon.com/images/M/MV5BZGY3ZjEyODAtNjAwMC00ZTEwLTg3NDctYzMzYTZkMjBmZDQwXkEyXkFqcGc@._V1_SX300.jpg,85,7.8,"191,269","$29,089,912"
Color,Olivier Megaton,222.0,115,118.0,482.0,Dougray Scott,14000.0,89253340.0,Action|Thriller,Liam Neeson,Taken 3 ,133436,16967,Jon Gries,0.0,betrayal|death|final showdown|murder|on the run,http://www.imdb.com/title/tt2446042/?ref_=fn_tt_tt_1,323.0,English,France,PG-13,48000000.0,2014,794.0,6.0,2.35,38000,2,Action,Thriller,,tt2446042,Taken 3,2014,PG-13,09 Jan 2015,108 min,"Action, Crime, Thriller",Olivier Megaton,"Luc Besson, Robert Mark Kamen","Liam Neeson, Forest Whitaker, Maggie Grace","Framed for his ex-Wife's murder, Bryan Mills sets out to take revenge on the real killers.","English, Russian","France, Spain, United States",3 wins & 3 nominations total,https://m.media-amazon.com/images/M/MV5BNjM5MDU3NTY0M15BMl5BanBnXkFtZTgwOTk2ODU2MzE@._V1_SX300.jpg,26,6.0,"213,322","$89,256,424"
Color,Tony Gilroy,299.0,119,209.0,521.0,Denis O'Hare,1000.0,49024969.0,Crime|Drama|Mystery|Thriller,Tom Wilkinson,Michael Clayton ,133367,3284,Sydney Pollack,0.0,attorney|debt|fixer|law|law firm,http://www.imdb.com/title/tt0465538/?ref_=fn_tt_tt_1,363.0,English,USA,R,25000000.0,2007,896.0,7.3,2.35,0,4,Crime,Drama,Mystery,tt0465538,Michael Clayton,2007,R,12 Oct 2007,119 min,"Crime, Drama, Mystery",Tony Gilroy,Tony Gilroy,"George Clooney, Tilda Swinton, Tom Wilkinson","A law firm brings in its ""fixer"" to remedy the situation after a lawyer has a breakdown while representing a chemical company that he knows is guilty in a multibillion-dollar class action suit.",English,United States,Won 1 Oscar. 28 wins & 114 nominations total,https://m.media-amazon.com/images/M/MV5BMTc0NTU5MjI2MV5BMl5BanBnXkFtZTcwMTg5NTQzMw@@._V1_SX300.jpg,82,7.2,"180,233","$49,033,882"
Color,William Cottrell,145.0,83,0.0,31.0,Billy Gilbert,82.0,184925485.0,Animation|Family|Fantasy|Musical,Adriana Caselotti,Snow White and the Seven Dwarfs ,133348,229,Lucille La Verne,1.0,dwarf|love|princess|queen|snow white,http://www.imdb.com/title/tt0029583/?ref_=fn_tt_tt_1,204.0,English,USA,Approved,2000000.0,1937,47.0,7.7,1.37,0,4,Animation,Family,Fantasy,tt0029583,Snow White and the Seven Dwarfs,1937,Approved,04 Feb 1938,83 min,"Animation, Adventure, Family","William Cottrell, David Hand, Wilfred Jackson","Jacob Grimm, Wilhelm Grimm, Ted Sears","Adriana Caselotti, Harry Stockwell, Lucille La Verne","Exiled into the dangerous forest by her wicked stepmother, a princess is rescued by seven dwarf miners who make her part of their household.",English,United States,Nominated for 1 Oscar. 13 wins & 6 nominations total,https://m.media-amazon.com/images/M/MV5BMTQwMzE2Mzc4M15BMl5BanBnXkFtZTcwMTE4NTc1Nw@@._V1_SX300.jpg,96,7.6,"236,328","$184,925,486"
Color,Paul Feig,270.0,123,176.0,749.0,William Xifaras,975.0,159578352.0,Action|Comedy|Crime,Michael Rapaport,The Heat ,133177,4825,Demián Bichir,7.0,drug lord|fbi|fbi agent|hospital|shot in the crotch,http://www.imdb.com/title/tt2404463/?ref_=fn_tt_tt_1,380.0,English,USA,R,43000000.0,2013,815.0,6.6,2.35,24000,3,Action,Comedy,Crime,tt2404463,The Heat,2013,R,28 Jun 2013,117 min,"Action, Comedy, Crime",Paul Feig,Katie Dippold,"Sandra Bullock, Michael McDonald, Melissa McCarthy",An uptight FBI Special Agent is paired with a foul-mouthed Boston cop to take down a ruthless drug lord.,"English, Spanish, Bulgarian","United States, United Kingdom",7 wins & 16 nominations total,https://m.media-amazon.com/images/M/MV5BMjA2MDQ2ODM3MV5BMl5BanBnXkFtZTcwNDUzMTQ3OQ@@._V1_SX300.jpg,60,6.6,"185,730","$159,582,188"
Color,Wolfgang Petersen,231.0,130,249.0,461.0,Mary Elizabeth Mastrantonio,784.0,182618434.0,Action|Adventure|Drama|Thriller,Karen Allen,The Perfect Storm ,133076,2684,Bob Gunton,0.0,death|fish|fishing|sea|storm,http://www.imdb.com/title/tt0177971/?ref_=fn_tt_tt_1,779.0,English,USA,PG-13,140000000.0,2000,638.0,6.4,2.35,0,4,Action,Adventure,Drama,tt0177971,The Perfect Storm,2000,PG-13,30 Jun 2000,130 min,"Action, Adventure, Drama",Wolfgang Petersen,"Sebastian Junger, William D. Wittliff","George Clooney, Mark Wahlberg, John C. Reilly",An unusually intense storm pattern catches some commercial fishermen unaware and puts them in mortal danger.,English,United States,Nominated for 2 Oscars. 4 wins & 28 nominations total,https://m.media-amazon.com/images/M/MV5BZmYyZjJiMTQtMzQyNi00ZjBkLTg4MjAtNWYxOWVlNmFlMGNhXkEyXkFqcGc@._V1_SX300.jpg,59,6.5,"186,840","$182,618,434"
Color,Todd Phillips,103.0,94,480.0,486.0,Rachel Blanchard,1000.0,68525609.0,Comedy,Ethan Suplee,Road Trip ,132963,3889,Paulo Costanzo,5.0,blonde|college|friend|highway travel|road trip,http://www.imdb.com/title/tt0215129/?ref_=fn_tt_tt_1,302.0,English,USA,R,15600000.0,2000,490.0,6.5,1.85,0,1,Comedy,,,tt0215129,Road Trip,2000,R,19 May 2000,93 min,Comedy,Todd Phillips,"Todd Phillips, Scot Armstrong","Breckin Meyer, Seann William Scott, Amy Smart",Four college buddies embark on a road trip to retrieve an illicit tape mistakenly mailed to a female friend.,English,United States,4 wins & 9 nominations total,https://m.media-amazon.com/images/M/MV5BZmZhM2U0YTItYTdjOS00OTY5LTg5OTMtMjU2ZTcwMTU0MDdhXkEyXkFqcGc@._V1_SX300.jpg,55,6.5,"187,795","$68,540,777"
Color,David S. Goyer,185.0,122,687.0,957.0,Natasha Lyonne,16000.0,52397389.0,Action|Adventure|Fantasy|Horror|Sci-Fi|Thriller,Ryan Reynolds,Blade: Trinity ,132954,19764,John Michael Higgins,0.0,blade|blood|dracula|vampire hunter|vampire slayer,http://www.imdb.com/title/tt0359013/?ref_=fn_tt_tt_1,514.0,English,USA,R,65000000.0,2004,1000.0,5.9,2.35,0,6,Action,Adventure,Fantasy,tt0359013,Blade: Trinity,2004,R,08 Dec 2004,113 min,"Action, Horror, Sci-Fi",David S. Goyer,"David S. Goyer, Marv Wolfman, Gene Colan","Wesley Snipes, Kris Kristofferson, Parker Posey","Blade, now a wanted man by the FBI, must join forces with the Nightstalkers to face his most challenging enemy yet: Dracula.","English, Esperanto",United States,1 nomination total,https://m.media-amazon.com/images/M/MV5BMjE0Nzg2MzI3MF5BMl5BanBnXkFtZTYwMjExODQ3._V1_SX300.jpg,38,5.8,"200,173","$52,411,906"
Color,George Miller,206.0,108,750.0,971.0,Hugh Jackman,49000.0,197992827.0,Animation|Comedy|Family|Music|Romance,Robin Williams,Happy Feet ,132501,70996,Elizabeth Daily,0.0,dance|emperor penguin|friend|penguin|song,http://www.imdb.com/title/tt0366548/?ref_=fn_tt_tt_1,548.0,English,USA,PG,100000000.0,2006,20000.0,6.5,2.35,0,5,Animation,Comedy,Family,tt0366548,Happy Feet,2006,PG,17 Nov 2006,108 min,"Animation, Adventure, Comedy","George Miller, Warren Coleman, Judy Morris","George Miller, John Collee, Judy Morris","Elijah Wood, Brittany Murphy, Hugh Jackman","Into the world of the Emperor Penguins, who find their soul mates through song, a penguin is born who cannot sing. But he can tap dance something fierce!",English,"United States, Australia",Won 1 Oscar. 20 wins & 26 nominations total,https://m.media-amazon.com/images/M/MV5BNjViZDZhNjctM2MwOS00MDdhLWIwMTYtNjNmNGY2OGMzZWZhXkEyXkFqcGc@._V1_SX300.jpg,77,6.4,"212,746","$198,000,317"
Color,Roman Polanski,343.0,128,2000.0,501.0,Olivia Williams,854.0,15523168.0,Mystery|Thriller,Jim Belushi,The Ghost Writer ,132423,2507,Timothy Hutton,2.0,british prime minister|death|island|memoir|writer,http://www.imdb.com/title/tt1139328/?ref_=fn_tt_tt_1,349.0,English,France,PG-13,45000000.0,2010,766.0,7.2,2.35,15000,2,Mystery,Thriller,,tt1139328,The Ghost Writer,2010,PG-13,19 Mar 2010,128 min,"Crime, Drama, Mystery",Roman Polanski,"Robert Harris, Roman Polanski","Ewan McGregor, Pierce Brosnan, Olivia Williams",A ghostwriter uncovers a dark secret while working on the memoirs of England's former Prime Minister.,English,"France, Germany, United Kingdom, Belgium, United States",34 wins & 57 nominations total,https://m.media-amazon.com/images/M/MV5BMTI3NzMwMzkyNV5BMl5BanBnXkFtZTcwODk4NjQxMw@@._V1_SX300.jpg,77,7.2,"174,335","$15,541,549"
Color,Bibo Bergeron,143.0,90,10.0,11000.0,Martin Scorsese,22000.0,160762022.0,Adventure|Animation|Comedy|Family,Robert De Niro,Shark Tale ,132415,63165,Angelina Jolie Pitt,0.0,anchor|fish|mobster|shark|vegetarian,http://www.imdb.com/title/tt0307453/?ref_=fn_tt_tt_1,288.0,English,USA,PG,75000000.0,2004,17000.0,6.0,1.85,0,4,Adventure,Animation,Comedy,tt0307453,Shark Tale,2004,PG,01 Oct 2004,90 min,"Animation, Adventure, Comedy","Bibo Bergeron, Vicky Jenson, Rob Letterman","Michael J. Wilson, Rob Letterman, Scott Aukerman","Will Smith, Robert De Niro, Renée Zellweger","When a son of a gangster shark boss is accidentally killed while on the hunt, his would-be prey and his vegetarian brother decide to use the incident to their own advantage.",English,United States,Nominated for 1 Oscar. 3 wins & 16 nominations total,https://m.media-amazon.com/images/M/MV5BMTMxMjY0NzE2M15BMl5BanBnXkFtZTcwNTc3ODcyMw@@._V1_SX300.jpg,48,6.0,"211,362","$160,861,908"
Color,Mark Herman,185.0,94,39.0,18.0,Sheila Hancock,77.0,9030581.0,Drama|War,Richard Johnson,The Boy in the Striped Pajamas ,132386,156,Cara Horgan,0.0,boy|fence|jew|nazis|poison gas,http://www.imdb.com/title/tt0914798/?ref_=fn_tt_tt_1,398.0,English,UK,PG-13,12500000.0,2008,32.0,7.8,1.85,38000,2,Drama,War,,tt0914798,The Boy in the Striped Pajamas,2008,PG-13,26 Nov 2008,94 min,"Drama, War",Mark Herman,"John Boyne, Mark Herman","Asa Butterfield, David Thewlis, Rupert Friend","Through the innocent eyes of Bruno, the eight-year-old son of the commandant at a German concentration camp, a forbidden friendship with a Jewish boy on the other side of the camp fence has startling and unexpected consequences.",English,"United Kingdom, United States",7 wins & 7 nominations total,https://m.media-amazon.com/images/M/MV5BMTMzMTc3MjA5NF5BMl5BanBnXkFtZTcwOTk3MDE5MQ@@._V1_SX300.jpg,55,7.7,"271,521","$9,046,156"
Color,Clint Eastwood,251.0,141,16000.0,78.0,Kazunari Ninomiya,378.0,13753931.0,Drama|History|War,Yuki Matsuzaki,Letters from Iwo Jima ,132149,751,Shidô Nakamura,0.0,blood splatter|general|island|japan|world war two,http://www.imdb.com/title/tt0498380/?ref_=fn_tt_tt_1,316.0,Japanese,USA,R,19000000.0,2006,85.0,7.9,2.35,5000,3,Drama,History,War,tt0498380,Letters from Iwo Jima,2006,R,02 Feb 2007,141 min,"Action, Adventure, Drama",Clint Eastwood,"Iris Yamashita, Paul Haggis, Tadamichi Kuribayashi","Ken Watanabe, Kazunari Ninomiya, Tsuyoshi Ihara","The story of the battle of Iwo Jima between the United States and Imperial Japan during World War II, as told from the perspective of the Japanese who fought it.","Japanese, English",United States,Won 1 Oscar. 25 wins & 39 nominations total,https://m.media-amazon.com/images/M/MV5BMjE0NzgwODI4M15BMl5BanBnXkFtZTcwNjg3OTA0MQ@@._V1_SX300.jpg,89,7.8,"175,999","$13,756,082"
Color,Ken Kwapis,161.0,129,42.0,49.0,Sabrina Revelle,97.0,93952276.0,Comedy|Drama|Romance,Carmen Perez,He's Just Not That Into You ,132048,318,Sachiko Ishida,7.0,advertising|bar|dating|lingerie slip|six word title,http://www.imdb.com/title/tt1001508/?ref_=fn_tt_tt_1,203.0,English,USA,PG-13,40000000.0,2009,50.0,6.4,2.35,12000,3,Comedy,Drama,Romance,tt1001508,He's Just Not That Into You,2009,PG-13,06 Feb 2009,129 min,"Comedy, Drama, Romance",Ken Kwapis,"Abby Kohn, Marc Silverstein, Greg Behrendt","Ginnifer Goodwin, Jennifer Aniston, Jennifer Connelly",This Baltimore-set movie of interconnecting story arcs deals with the challenges of reading or misreading human behavior.,English,"Germany, United States",1 win & 4 nominations total,https://m.media-amazon.com/images/M/MV5BMTY5MTUyNDgwMF5BMl5BanBnXkFtZTcwNzYzMDQyMg@@._V1_SX300.jpg,47,6.4,"193,345","$93,953,653"
Color,David Slade,231.0,104,171.0,0.0,G.J. Echternkamp,109.0,1007962.0,Crime|Drama|Thriller,Odessa Rae,Hard Candy ,131969,117,Patrick Wilson,0.0,chatting|missing person poster|online dating|photographer|sexual predator,http://www.imdb.com/title/tt0424136/?ref_=fn_tt_tt_1,651.0,English,USA,R,950000.0,2005,8.0,7.1,2.35,12000,3,Crime,Drama,Thriller,tt0424136,Hard Candy,2005,R,28 Apr 2006,104 min,"Drama, Thriller",David Slade,Brian Nelson,"Patrick Wilson, Elliot Page, Sandra Oh","Hayley's a smart, charming teenage girl. Jeff's a handsome, smooth fashion photographer. An Internet chat, a coffee shop meet-up, an impromptu fashion shoot back at Jeff's place. Jeff thinks it's his lucky night. He's in for a sur...",English,United States,10 wins & 13 nominations total,https://m.media-amazon.com/images/M/MV5BMTc0MzgzNTI3N15BMl5BanBnXkFtZTcwNDk3MDIzMQ@@._V1_SX300.jpg,58,7.0,"172,852","$1,024,640"
Color,Juan José Campanella,262.0,129,195.0,50.0,Soledad Villamil,827.0,20167424.0,Drama|Mystery|Thriller,Ricardo Darín,The Secret in Their Eyes ,131831,1044,Guillermo Francella,0.0,investigation|justice|murder|suspect|tension,http://www.imdb.com/title/tt1305806/?ref_=fn_tt_tt_1,231.0,Spanish,Argentina,R,2000000.0,2009,88.0,8.2,2.35,33000,3,Drama,Mystery,Thriller,tt1305806,The Secret in Their Eyes,2009,R,21 May 2010,129 min,"Drama, Mystery, Romance",Juan José Campanella,"Eduardo Sacheri, Juan José Campanella","Ricardo Darín, Soledad Villamil, Pablo Rago",A retired legal counselor writes a novel hoping to find closure for one of his past unresolved homicide cases and for his unreciprocated love with his superior--both of which still haunt him decades later.,Spanish,"Argentina, Spain",Won 1 Oscar. 53 wins & 43 nominations total,https://m.media-amazon.com/images/M/MV5BMTgwNTI3OTczOV5BMl5BanBnXkFtZTcwMTM3MTUyMw@@._V1_SX300.jpg,80,8.2,"240,743","$6,391,436"
Color,Robert Luketic,163.0,96,126.0,584.0,Raquel Welch,2000.0,95001351.0,Comedy|Romance,Linda Cardellini,Legally Blonde ,131801,4380,Alanna Ubach,1.0,blonde|harvard|law|law school|sorority,http://www.imdb.com/title/tt0250494/?ref_=fn_tt_tt_1,548.0,English,USA,PG-13,18000000.0,2001,788.0,6.2,2.35,0,2,Comedy,Romance,,tt0250494,Legally Blonde,2001,PG-13,13 Jul 2001,96 min,"Comedy, Romance",Robert Luketic,"Amanda Brown, Karen McCullah, Kirsten Smith","Reese Witherspoon, Luke Wilson, Selma Blair","Fashionable sorority queen Elle Woods follows her ex-boyfriend to law school, where she discovers that there is more to her than just looks.","English, Vietnamese",United States,6 wins & 14 nominations total,https://m.media-amazon.com/images/M/MV5BNTEyNjUwMTkxMV5BMl5BanBnXkFtZTcwNjk0NDk0NA@@._V1_SX300.jpg,59,6.5,"277,674","$96,520,674"
Color,Jaume Balagueró,252.0,78,57.0,7.0,Pablo Rosso,120.0,,Horror,Manuela Velasco,[Rec] ,131462,145,Carlos Lasarte,0.0,apartment building|character's point of view camera shot|fire station|subjective camera|television reporter,http://www.imdb.com/title/tt1038988/?ref_=fn_tt_tt_1,374.0,Spanish,Spain,R,1500000.0,2007,9.0,7.5,1.85,15000,1,Horror,,,tt1038988,REC,2007,R,23 Nov 2007,78 min,"Horror, Mystery, Thriller","Jaume Balagueró, Paco Plaza","Jaume Balagueró, Luiso Berdejo, Paco Plaza","Manuela Velasco, Ferran Terraza, Jorge-Yamam Serrano",A television reporter and cameraman follow emergency workers into a dark apartment building and are quickly locked inside with something terrifying.,"Spanish, Japanese",Spain,16 wins & 12 nominations total,https://m.media-amazon.com/images/M/MV5BMDEzNDc5ODMtZTAyNi00MTNkLThkNGUtZGE2MDY0MjBiYjMzXkEyXkFqcGc@._V1_SX300.jpg,71,7.4,"211,224",N/A
Color,Paul W.S. Anderson,253.0,97,545.0,529.0,Boris Kodjoe,14000.0,60128566.0,Action|Adventure|Horror|Sci-Fi,Milla Jovovich,Resident Evil: Afterlife ,131447,16098,Shawn Roberts,1.0,alaska|female gunfighter|mutation|ship|siege,http://www.imdb.com/title/tt1220634/?ref_=fn_tt_tt_1,410.0,English,Germany,R,60000000.0,2010,1000.0,5.9,2.35,19000,4,Action,Adventure,Horror,tt1220634,Resident Evil: Afterlife,2010,R,10 Sep 2010,96 min,"Action, Horror, Sci-Fi",Paul W.S. Anderson,Paul W.S. Anderson,"Milla Jovovich, Ali Larter, Wentworth Miller","While still out to destroy the evil Umbrella Corporation, Alice joins a group of survivors living in a prison surrounded by the infected who also want to relocate to the mysterious but supposedly unharmed safe haven known only as ...","English, Japanese, Spanish","Germany, Canada, United States",2 wins & 8 nominations total,https://m.media-amazon.com/images/M/MV5BNTgyZmNmNjctMTdlNC00NjEzLWIwZjAtYzRmNGQzYWIzOGFmXkEyXkFqcGc@._V1_SX300.jpg,37,5.8,"186,704","$60,128,566"
Color,Adam McKay,272.0,143,285.0,7000.0,Will Ferrell,11000.0,2175312.0,Comedy,Harrison Ford,Anchorman 2: The Legend Continues ,131227,28176,Steve Carell,2.0,fame|father son relationship|interracial kiss|interracial relationship|interracial sex,http://www.imdb.com/title/tt1229340/?ref_=fn_tt_tt_1,346.0,English,USA,PG-13,50000000.0,2013,8000.0,6.3,2.35,41000,1,Comedy,,,tt1229340,Anchorman 2: The Legend Continues,2013,PG-13,18 Dec 2013,119 min,Comedy,Adam McKay,"Will Ferrell, Adam McKay","Will Ferrell, Christina Applegate, Paul Rudd","With the 1970s behind him, Ron Burgundy, San Diego's former top-rated newsreader, returns to take New York City's first twenty-four-hour news channel by storm.",English,United States,1 win & 23 nominations total,https://m.media-amazon.com/images/M/MV5BMjE5ODk0NjQzNV5BMl5BanBnXkFtZTgwODk4MDA1MDE@._V1_SX300.jpg,61,6.3,"200,591","$127,352,707"
Color,James Cameron,82.0,171,0.0,638.0,Todd Graff,2000.0,54222000.0,Adventure|Drama|Sci-Fi|Thriller,Michael Biehn,The Abyss ,131217,4074,Mary Elizabeth Mastrantonio,0.0,alien|estranged couple|ocean|submarine|underwater,http://www.imdb.com/title/tt0096754/?ref_=fn_tt_tt_1,380.0,English,USA,PG-13,69500000.0,1989,650.0,7.6,2.35,0,4,Adventure,Drama,Sci-Fi,tt0096754,The Abyss,1989,PG-13,09 Aug 1989,140 min,"Adventure, Drama, Mystery",James Cameron,James Cameron,"Ed Harris, Mary Elizabeth Mastrantonio, Michael Biehn",A civilian diving team is enlisted to search for a lost nuclear submarine and faces danger while encountering an alien aquatic species.,English,United States,Won 1 Oscar. 9 wins & 16 nominations total,https://m.media-amazon.com/images/M/MV5BMGRkNzJlNjgtZmUwYS00Y2U3LTljZDctMTQxYWIxOWVjMzNjXkEyXkFqcGc@._V1_SX300.jpg,62,7.5,"205,697","$54,981,151"
Color,Greg Mottola,248.0,107,99.0,452.0,Martin Starr,17000.0,16025394.0,Comedy|Drama|Romance,Kristen Stewart,Adventureland ,131180,18983,Wendie Malick,6.0,amusement park|strong female character|summer job|teen movie|teenager,http://www.imdb.com/title/tt1091722/?ref_=fn_tt_tt_1,220.0,English,USA,R,,2009,985.0,6.8,1.85,0,3,Comedy,Drama,Romance,tt1091722,Adventureland,2009,R,03 Apr 2009,107 min,"Comedy, Drama, Romance",Greg Mottola,Greg Mottola,"Jesse Eisenberg, Kristen Stewart, Ryan Reynolds","In the summer of 1987, a college graduate takes a 'nowhere' job at his local amusement park, only to find it's the perfect course to get him prepared for the real world.",English,United States,1 win & 4 nominations total,https://m.media-amazon.com/images/M/MV5BMTI1NTYyMjA2N15BMl5BanBnXkFtZTcwNjU1OTA0Mg@@._V1_SX300.jpg,76,6.8,"174,167","$16,044,025"
Color,Adam McKay,164.0,122,285.0,989.0,Leslie Bibb,8000.0,148213377.0,Action|Comedy|Sport,Will Ferrell,Talladega Nights: The Ballad of Ricky Bobby ,130776,12410,Gary Cole,5.0,car racing|french|friend|nascar|racing,http://www.imdb.com/title/tt0415306/?ref_=fn_tt_tt_1,437.0,English,USA,PG-13,73000000.0,2006,1000.0,6.6,2.35,0,3,Action,Comedy,Sport,tt0415306,Talladega Nights: The Ballad of Ricky Bobby,2006,PG-13,04 Aug 2006,108 min,"Comedy, Sport",Adam McKay,"Will Ferrell, Adam McKay","Will Ferrell, John C. Reilly, Sacha Baron Cohen","Number one NASCAR driver Ricky Bobby stays atop the heap thanks to a pact with his best friend and teammate, Cal Naughton, Jr. But when a French Formula One driver, makes his way up the ladder, Ricky Bobby's talent and devotion ar...","English, French",United States,8 wins & 9 nominations total,https://m.media-amazon.com/images/M/MV5BNzAzOTk1OTIyM15BMl5BanBnXkFtZTcwNDIzNTQzMQ@@._V1_SX300.jpg,66,6.6,"211,339","$148,213,377"
Color,Nancy Meyers,241.0,121,278.0,808.0,Anne Hathaway,22000.0,75274748.0,Comedy|Drama,Robert De Niro,The Intern ,130661,36010,Rene Russo,2.0,reference to ben affleck|reference to brad pitt|reference to george clooney|reference to jack nicholson|website,http://www.imdb.com/title/tt2361509/?ref_=fn_tt_tt_1,304.0,English,USA,PG-13,35000000.0,2015,11000.0,7.2,1.85,54000,2,Comedy,Drama,,tt2361509,The Intern,2015,PG-13,25 Sep 2015,121 min,"Comedy, Drama",Nancy Meyers,Nancy Meyers,"Robert De Niro, Anne Hathaway, Rene Russo","Seventy-year-old widower Ben Whittaker has discovered that retirement isn't all it's cracked up to be. Seizing an opportunity to get back in the game, he becomes a senior intern at an online fashion site, founded and run by Jules ...","English, Japanese",United States,1 win & 9 nominations total,https://m.media-amazon.com/images/M/MV5BMTUyNjE5NjI5OF5BMl5BanBnXkFtZTgwNzYzMzU3NjE@._V1_SX300.jpg,51,7.1,"304,419","$75,764,672"
Color,Shawn Levy,185.0,105,189.0,1000.0,Rami Malek,49000.0,177243721.0,Adventure|Comedy|Family|Fantasy,Robin Williams,Night at the Museum: Battle of the Smithsonian ,130272,54039,Steve Coogan,2.0,hdtv|motorcycle|museum|security guard|tyrannosaurus rex,http://www.imdb.com/title/tt1078912/?ref_=fn_tt_tt_1,209.0,English,USA,PG,150000000.0,2009,3000.0,5.9,2.35,2000,4,Adventure,Comedy,Family,tt1078912,Night at the Museum: Battle of the Smithsonian,2009,PG,22 May 2009,105 min,"Adventure, Comedy, Family",Shawn Levy,"Robert Ben Garant, Thomas Lennon","Ben Stiller, Owen Wilson, Amy Adams","Security guard Larry Daley infiltrates the Smithsonian Institution in order to rescue Jedediah and Octavius, who have been shipped to the museum by mistake.",English,"United States, Canada",2 wins & 9 nominations total,https://m.media-amazon.com/images/M/MV5BY2E0NTRjMDEtMWI3NS00YTRmLTg4NmEtNzIxZjQ3YWM2NDQxXkEyXkFqcGc@._V1_SX300.jpg,42,6.0,"226,638","$177,243,721"
Color,Robert Rodriguez,178.0,102,0.0,876.0,Salma Hayek,40000.0,55845943.0,Action|Crime|Thriller,Johnny Depp,Once Upon a Time in Mexico ,130094,46186,Enrique Iglesias,1.0,agent|cia|mariachi|mexican|president,http://www.imdb.com/title/tt0285823/?ref_=fn_tt_tt_1,471.0,English,USA,R,29000000.0,2003,4000.0,6.4,1.78,0,3,Action,Crime,Thriller,tt0285823,Once Upon a Time in Mexico,2003,R,12 Sep 2003,102 min,"Action, Crime, Thriller",Robert Rodriguez,Robert Rodriguez,"Antonio Banderas, Salma Hayek, Johnny Depp","Hitman ""El Mariachi"" becomes involved in international espionage involving a psychotic CIA agent and a corrupt Mexican general.","English, Spanish",United States,3 wins & 6 nominations total,https://m.media-amazon.com/images/M/MV5BMTU5MDg5OTcwOV5BMl5BanBnXkFtZTcwMjI1MTIzMw@@._V1_SX300.jpg,56,6.3,"175,835","$56,359,780"
Color,Peter Segal,134.0,113,88.0,421.0,Steve Reevis,11000.0,158115031.0,Comedy|Crime|Sport,Adam Sandler,The Longest Yard ,130070,13693,Dalip Singh,11.0,coach|convict|football|prison|warden,http://www.imdb.com/title/tt0398165/?ref_=fn_tt_tt_1,316.0,English,USA,PG-13,82000000.0,2005,437.0,6.4,2.35,0,3,Comedy,Crime,Sport,tt0398165,The Longest Yard,2005,PG-13,27 May 2005,113 min,"Comedy, Crime, Sport",Peter Segal,"Albert S. Ruddy, Tracy Keenan Wynn, Sheldon Turner","Adam Sandler, Burt Reynolds, Chris Rock",Prison inmates form a football team to challenge the prison guards.,English,United States,3 wins & 17 nominations total,https://m.media-amazon.com/images/M/MV5BMTc1NTQyNDk2NV5BMl5BanBnXkFtZTcwOTE2OTQzMw@@._V1_SX300.jpg,48,6.4,"209,884","$158,119,460"
Color,Josh Gordon,191.0,93,8.0,970.0,Amy Poehler,8000.0,118153533.0,Comedy|Sport,Will Ferrell,Blades of Glory ,129995,13232,Jon Heder,2.0,competition|fight|ice|jock strap|nintendo game boy advance,http://www.imdb.com/title/tt0445934/?ref_=fn_tt_tt_1,246.0,English,USA,PG-13,61000000.0,2007,1000.0,6.3,1.85,0,2,Comedy,Sport,,tt0445934,Blades of Glory,2007,PG-13,30 Mar 2007,93 min,"Comedy, Sport","Josh Gordon, Will Speck","Craig Cox, Jeff Cox, Busy Philipps","Will Ferrell, Jon Heder, Amy Poehler","Two rival Olympic ice skaters, who have been permanently banned from the men's singles competition due to a feud, exploit a loophole that will allow them to qualify as a pairs team.","English, Japanese",United States,3 wins & 10 nominations total,https://m.media-amazon.com/images/M/MV5BMTY3MDMyMTYxMl5BMl5BanBnXkFtZTcwMjk0NzI0MQ@@._V1_SX300.jpg,64,6.3,"185,333","$118,594,548"
Color,Richard Schenkman,66.0,87,29.0,131.0,John Billingsley,505.0,,Drama|Romance|Sci-Fi,William Katt,The Man from Earth ,129799,1181,David Lee Smith,0.0,cro magnon|dialogue driven storyline|single set production|single setting|storytelling,http://www.imdb.com/title/tt0756683/?ref_=fn_tt_tt_1,638.0,English,USA,Not Rated,200000.0,2007,323.0,8.0,1.78,46000,3,Drama,Romance,Sci-Fi,tt0756683,The Man from Earth,2007,Not Rated,13 Nov 2007,87 min,"Drama, Fantasy, Mystery",Richard Schenkman,Jerome Bixby,"David Lee Smith, Tony Todd, John Billingsley",An impromptu goodbye party for Professor John Oldman becomes a mysterious interrogation after the retiring scholar reveals to his colleagues he has a longer and stranger past than they can imagine.,English,United States,5 wins & 1 nomination total,https://m.media-amazon.com/images/M/MV5BOTE1NGYxNjgtYmVlMS00ODEwLTg2NjAtMTdjODMzY2I1ZjZmXkEyXkFqcGc@._V1_SX300.jpg,N/A,7.8,"214,697",N/A
Color,Alexandre Aja,265.0,108,192.0,580.0,Greg Nicotero,1000.0,41777564.0,Horror,Dan Byrd,The Hills Have Eyes ,129719,4500,Vinessa Shaw,0.0,desert|horror movie remake|murder of family|rape|slasher,http://www.imdb.com/title/tt0454841/?ref_=fn_tt_tt_1,855.0,English,USA,R,15000000.0,2006,1000.0,6.4,2.35,0,1,Horror,,,tt0454841,The Hills Have Eyes,2006,R,10 Mar 2006,107 min,"Horror, Thriller",Alexandre Aja,"Wes Craven, Alexandre Aja, Grégory Levasseur","Ted Levine, Kathleen Quinlan, Dan Byrd",A traveling family falls victim to a group of mutated cannibals in a desert far away from civilization.,English,"United States, France, Morocco",2 wins & 13 nominations total,https://m.media-amazon.com/images/M/MV5BMzk0MTg5MzEyOF5BMl5BanBnXkFtZTcwNDUyMzIzMQ@@._V1_SX300.jpg,52,6.4,"191,132","$41,778,863"
Color,Barry Sonnenfeld,85.0,106,188.0,582.0,Salma Hayek,10000.0,113745408.0,Action|Comedy|Sci-Fi|Western,Will Smith,Wild Wild West ,129601,15870,Bai Ling,2.0,buddy movie|general|inventor|steampunk|utah,http://www.imdb.com/title/tt0120891/?ref_=fn_tt_tt_1,648.0,English,USA,PG-13,170000000.0,1999,4000.0,4.8,1.85,0,4,Action,Comedy,Sci-Fi,tt0120891,Wild Wild West,1999,PG-13,30 Jun 1999,106 min,"Action, Comedy, Sci-Fi",Barry Sonnenfeld,"Jim Thomas, John Thomas, S.S. Wilson","Will Smith, Kevin Kline, Kenneth Branagh","The two best special agents in the Wild West must save President Grant from the clutches of a diabolical, wheelchair-bound, steampunk-savvy, Confederate scientist bent on revenge for losing the Civil War.",English,United States,16 wins & 17 nominations total,https://m.media-amazon.com/images/M/MV5BOGI1OWJjMWUtOTNiNC00N2RlLWE3OTYtM2FmOGUzNTQxNzk2XkEyXkFqcGc@._V1_SX300.jpg,40,4.9,"171,971","$113,804,681"
Color,Sam Raimi,221.0,88,0.0,795.0,Bridget Fonda,901.0,11501093.0,Comedy|Fantasy|Horror,Patricia Tallman,Army of Darkness ,128850,3913,Embeth Davidtz,0.0,army of the dead|battle|necronomicon|reluctant hero|skeleton soldier,http://www.imdb.com/title/tt0106308/?ref_=fn_tt_tt_1,604.0,English,USA,R,13000000.0,1992,888.0,7.6,1.85,10000,3,Comedy,Fantasy,Horror,tt0106308,Army of Darkness,1992,R,19 Feb 1993,81 min,"Comedy, Horror",Sam Raimi,"Sam Raimi, Ivan Raimi","Bruce Campbell, Embeth Davidtz, Marcus Gilbert","When Ash Williams is accidentally transported to 1300 A.D., he must retrieve the Necronomicon and battle an army of the dead in order to return home.",English,United States,12 wins & 6 nominations total,https://m.media-amazon.com/images/M/MV5BYzU4ZDFmNzEtNmE2Ny00OTA1LWEyMmMtZjFiOWM0MGM3YTQ1XkEyXkFqcGc@._V1_SX300.jpg,59,7.4,"206,363","$11,502,976"
Color,Lars von Trier,439.0,130,3000.0,844.0,Kirsten Dunst,10000.0,3029870.0,Drama|Sci-Fi,Alexander Skarsgård,Melancholia ,128729,15835,Charlotte Rampling,1.0,art director|breasts|depression|outdoor sex|riding a horse,http://www.imdb.com/title/tt1527186/?ref_=fn_tt_tt_1,551.0,English,Denmark,R,7400000.0,2011,4000.0,7.1,2.35,50000,2,Drama,Sci-Fi,,tt1527186,Melancholia,2011,R,26 May 2011,135 min,"Drama, Sci-Fi",Lars von Trier,Lars von Trier,"Kirsten Dunst, Charlotte Gainsbourg, Kiefer Sutherland",Two sisters find their already strained relationship challenged as a mysterious new planet threatens to collide with Earth.,English,"Denmark, Sweden, France, Germany, Italy",36 wins & 95 nominations total,https://m.media-amazon.com/images/M/MV5BMTk4NjM0MjI3MV5BMl5BanBnXkFtZTcwNjcxMDYzNg@@._V1_SX300.jpg,81,7.1,"206,360","$3,030,848"
Color,Ridley Scott,314.0,150,0.0,748.0,María Valverde,23000.0,65007045.0,Action|Adventure|Drama,Christian Bale,Exodus: Gods and Kings ,128682,26490,Ben Mendelsohn,0.0,egypt|exodus|moses|pharaoh|plague,http://www.imdb.com/title/tt1528100/?ref_=fn_tt_tt_1,657.0,English,UK,PG-13,140000000.0,2014,893.0,6.1,2.35,51000,3,Action,Adventure,Drama,tt1528100,Exodus: Gods and Kings,2014,PG-13,12 Dec 2014,150 min,"Action, Adventure, Drama",Ridley Scott,"Adam Cooper, Bill Collage, Jeffrey Caine","Christian Bale, Joel Edgerton, Ben Kingsley","The defiant leader Moses rises up against Egyptian Pharaoh Ramses II, setting six hundred thousand slaves on a monumental journey of escape from Egypt and its terrifying cycle of deadly plagues.",English,"United Kingdom, Spain, United States",6 nominations total,https://m.media-amazon.com/images/M/MV5BMjI3MDY0NjkxNl5BMl5BanBnXkFtZTgwNTM3NTA0MzE@._V1_SX300.jpg,52,6.0,"186,124","$65,014,513"
Color,Timur Bekmambetov,393.0,105,335.0,911.0,Dominic Cooper,3000.0,37516013.0,Action|Fantasy|Horror,Rufus Sewell,Abraham Lincoln: Vampire Hunter ,128629,8281,Benjamin Walker,0.0,chopping down a tree|hanging upside down|shopkeeper|vampire|vampire hunter,http://www.imdb.com/title/tt1611224/?ref_=fn_tt_tt_1,348.0,English,USA,R,69000000.0,2012,3000.0,5.9,2.35,98000,3,Action,Fantasy,Horror,tt1611224,Abraham Lincoln: Vampire Hunter,2012,R,22 Jun 2012,105 min,"Action, Fantasy, Horror",Timur Bekmambetov,Seth Grahame-Smith,"Benjamin Walker, Rufus Sewell, Dominic Cooper","Abraham Lincoln, the 16th President of the United States, discovers vampires are planning to take over the United States. He makes it his mission to eliminate them.",English,"United States, Russia",1 nomination total,https://m.media-amazon.com/images/M/MV5BNjY2Mzc0MDA4NV5BMl5BanBnXkFtZTcwOTg5OTcxNw@@._V1_SX300.jpg,42,5.9,"167,329","$37,519,139"
Color,Kevin Smith,181.0,104,0.0,898.0,Shannon Elizabeth,8000.0,30059386.0,Comedy,Will Ferrell,Jay and Silent Bob Strike Back ,128593,11632,Jason Mewes,5.0,internet|jay and silent bob|new jersey|orangutan|police,http://www.imdb.com/title/tt0261392/?ref_=fn_tt_tt_1,867.0,English,USA,R,22000000.0,2001,1000.0,6.9,2.35,0,1,Comedy,,,tt0261392,Jay and Silent Bob Strike Back,2001,R,24 Aug 2001,104 min,Comedy,Kevin Smith,Kevin Smith,"Jason Mewes, Kevin Smith, Amy Noble","The comic ""Bluntman and Chronic"" is based on real-life stoners Jay and Silent Bob, so when they get no profit from a big-screen adaptation, they set out to wreck the movie.",English,United States,1 win & 3 nominations total,https://m.media-amazon.com/images/M/MV5BZjAxZDU1YjYtOGJjZC00NjQ2LWFhNjEtZGVhZDZhYTlhMzUyXkEyXkFqcGc@._V1_SX300.jpg,51,6.8,"165,970","$30,085,147"
Color,Brad Bird,162.0,90,663.0,521.0,Harry Connick Jr.,14000.0,23159305.0,Action|Adventure|Animation|Comedy|Drama|Family|Sci-Fi,Vin Diesel,The Iron Giant ,128455,16358,M. Emmet Walsh,1.0,boy|friend|government agent|maine|robot,http://www.imdb.com/title/tt0129167/?ref_=fn_tt_tt_1,514.0,English,USA,PG,70000000.0,1999,631.0,8.0,2.35,0,7,Action,Adventure,Animation,tt0129167,The Iron Giant,1999,PG,06 Aug 1999,86 min,"Animation, Action, Adventure",Brad Bird,"Tim McCanlies, Brad Bird, Ted Hughes","Eli Marienthal, Harry Connick Jr., Jennifer Aniston",A young boy befriends a giant robot from outer space that a paranoid government agent wants to destroy.,English,"United States, Czech Republic, United Kingdom",Won 1 BAFTA Award20 wins & 18 nominations total,https://m.media-amazon.com/images/M/MV5BODM4ZjZjMGEtYmFiMy00MThjLWIzZjUtMDU0ODg1NTI2MzIwXkEyXkFqcGc@._V1_SX300.jpg,85,8.1,"257,198","$23,315,035"
Color,Mel Stuart,104.0,89,21.0,124.0,Jack Albertson,240.0,,Family|Fantasy|Musical,Peter Ostrum,Willy Wonka & the Chocolate Factory ,128334,1011,Julie Dawn Cole,1.0,candy|chocolate|factory|miniaturization|sudden change in size,http://www.imdb.com/title/tt0067992/?ref_=fn_tt_tt_1,349.0,English,USA,G,3000000.0,1971,177.0,7.8,1.33,0,3,Family,Fantasy,Musical,tt0067992,Willy Wonka & the Chocolate Factory,1971,G,30 Jun 1971,100 min,"Adventure, Comedy, Family",Mel Stuart,"Roald Dahl, Robert Kaufman, David Seltzer","Gene Wilder, Jack Albertson, Peter Ostrum",A poor but hopeful boy seeks one of the five coveted golden tickets that will send him on a tour of Willy Wonka's mysterious chocolate factory.,"English, French, German, Italian","United Kingdom, United States",Nominated for 1 Oscar. 3 wins & 4 nominations total,https://m.media-amazon.com/images/M/MV5BNzllNzlkNzYtZTEzZi00ODMwLWFlYTctZDE5Mzk0NTM1NmViXkEyXkFqcGc@._V1_SX300.jpg,67,7.8,"243,676","$2,242,696"
Color,Brad Bird,443.0,130,663.0,604.0,Chris Bauer,2000.0,93417865.0,Action|Adventure|Family|Mystery|Sci-Fi,Judy Greer,Tomorrowland ,128306,5046,Thomas Robinson,2.0,boy genius|futuristic city|inventor|teenage girl|time travel,http://www.imdb.com/title/tt1964418/?ref_=fn_tt_tt_1,497.0,English,USA,PG,190000000.0,2015,638.0,6.5,2.2,37000,5,Action,Adventure,Family,tt1964418,Tomorrowland,2015,PG,22 May 2015,130 min,"Action, Adventure, Family",Brad Bird,"Damon Lindelof, Brad Bird, Jeff Jensen","George Clooney, Britt Robertson, Hugh Laurie","Bound by a shared destiny, a teen bursting with scientific curiosity and a former boy-genius inventor embark on a mission to unearth the secrets of a place somewhere in time and space that exists in their collective memory.","English, French, Japanese",United States,2 wins & 19 nominations total,https://m.media-amazon.com/images/M/MV5BMTQ4OTgzNTkwNF5BMl5BanBnXkFtZTgwMzI3MDE3NDE@._V1_SX300.jpg,60,6.4,"198,340","$93,436,322"
Color,Mark Dindal,141.0,78,10.0,253.0,Wendie Malick,558.0,89296573.0,Adventure|Animation|Comedy|Family|Fantasy,Eartha Kitt,The Emperor's New Groove ,128285,2039,John Fiedler,1.0,antidote|disney|emperor|first part|llama,http://www.imdb.com/title/tt0120917/?ref_=fn_tt_tt_1,297.0,English,USA,G,100000000.0,2000,452.0,7.3,1.66,0,5,Adventure,Animation,Comedy,tt0120917,The Emperor's New Groove,2000,G,15 Dec 2000,78 min,"Animation, Adventure, Comedy",Mark Dindal,"David Reynolds, Chris Williams, Mark Dindal","David Spade, John Goodman, Eartha Kitt","Emperor Kuzco is turned into a llama by his ex-administrator Yzma, and must now regain his throne and his human form with the help of Pacha, a gentle llama herder.",English,"United States, Japan, France",Nominated for 1 Oscar. 7 wins & 27 nominations total,https://m.media-amazon.com/images/M/MV5BMjM2MWU5ZDEtNDZlZC00ZmQ2LThiOTEtMmZkMzAxMmI5MGIyXkEyXkFqcGc@._V1_SX300.jpg,70,7.4,"246,493","$89,636,687"
Color,Richard Donner,68.0,121,503.0,94.0,Nick Chinlund,808.0,144731527.0,Action|Crime|Thriller,Rene Russo,Lethal Weapon 3 ,128010,1446,Stuart Wilson,2.0,gangster|gun|internal affairs|police|police officer,http://www.imdb.com/title/tt0104714/?ref_=fn_tt_tt_1,136.0,English,USA,R,35000000.0,1992,277.0,6.7,2.35,0,3,Action,Crime,Thriller,tt0104714,Lethal Weapon 3,1992,R,15 May 1992,118 min,"Action, Crime, Thriller",Richard Donner,"Jeffrey Boam, Robert Mark Kamen, Shane Black","Mel Gibson, Danny Glover, Joe Pesci",Martin Riggs and Roger Murtaugh pursue a former LAPD officer who uses his knowledge of police procedure and policies to steal and sell confiscated guns and ammunition to local street gangs.,English,United States,3 wins & 4 nominations total,https://m.media-amazon.com/images/M/MV5BNDA3Zjc5NjYtODZiNy00Yjg3LTk0MWEtMDk3NDA4ZjU3YTY0XkEyXkFqcGc@._V1_SX300.jpg,40,6.7,"187,364","$144,731,527"
Color,Eli Craig,324.0,89,27.0,440.0,Tyler Labine,948.0,223615.0,Comedy|Horror,Katrina Bowden,Tucker and Dale vs Evil ,127842,2958,Chelan Simmons,1.0,cabin|chainsaw|college kid|hillbilly|vacation,http://www.imdb.com/title/tt1465522/?ref_=fn_tt_tt_1,200.0,English,Canada,R,,2010,779.0,7.6,2.35,49000,2,Comedy,Horror,,tt1465522,Tucker and Dale vs Evil,2010,R,09 Dec 2010,89 min,"Comedy, Horror",Eli Craig,"Eli Craig, Morgan Jurgenson","Tyler Labine, Alan Tudyk, Katrina Bowden",Affable hillbillies Tucker and Dale are on vacation at their dilapidated mountain cabin when they are mistaken for murderers by a group of preppy college students.,English,"Canada, United Kingdom, United States, India",12 wins & 14 nominations total,https://m.media-amazon.com/images/M/MV5BODQ5NDQ0MjkwMF5BMl5BanBnXkFtZTcwNDg1OTU4NQ@@._V1_SX300.jpg,65,7.5,"206,288","$223,838"
Color,Adam Brooks,160.0,112,20.0,61.0,Sakina Jaffrey,16000.0,31973840.0,Comedy|Drama|Romance,Ryan Reynolds,"Definitely, Maybe ",127760,16289,Paulina Gerzon,5.0,college|daughter|girl|sex|wisconsin,http://www.imdb.com/title/tt0832266/?ref_=fn_tt_tt_1,168.0,English,Germany,PG-13,,2008,109.0,7.2,2.35,0,3,Comedy,Drama,Romance,tt0832266,"Definitely, Maybe",2008,PG-13,14 Feb 2008,112 min,"Comedy, Drama, Romance",Adam Brooks,Adam Brooks,"Ryan Reynolds, Rachel Weisz, Abigail Breslin",A political consultant tries to explain his impending divorce and past relationships to his 11-year-old daughter.,English,"United Kingdom, France, Germany, United States",1 win & 1 nomination total,https://m.media-amazon.com/images/M/MV5BMTc1Mzc1ODMxMF5BMl5BanBnXkFtZTcwNDY1MzU1MQ@@._V1_SX300.jpg,59,7.1,"180,716","$32,241,649"
Color,Shawn Levy,247.0,101,189.0,7000.0,James Franco,15000.0,98711404.0,Comedy|Crime|Romance|Thriller,Mila Kunis,Date Night ,127571,39822,Steve Carell,2.0,city|new york city|night|reservation|restaurant,http://www.imdb.com/title/tt1279935/?ref_=fn_tt_tt_1,207.0,English,USA,PG-13,55000000.0,2010,11000.0,6.3,2.35,0,4,Comedy,Crime,Romance,tt1279935,Date Night,2010,PG-13,09 Apr 2010,88 min,"Comedy, Crime, Romance",Shawn Levy,Josh Klausner,"Steve Carell, Tina Fey, Mark Wahlberg","In New York City, a case of mistaken identity turns a bored married couple's attempt at a glamorous and romantic evening into something more thrilling and dangerous.","English, Hebrew",United States,4 wins & 8 nominations total,https://m.media-amazon.com/images/M/MV5BYjVjMzIyZTgtMjQwZS00ODA1LTllY2YtZDhkNjA1OTQ3NjliXkEyXkFqcGc@._V1_SX300.jpg,56,6.3,"177,177","$98,711,404"
Color,Pete Travis,235.0,90,38.0,882.0,Edgar Ramírez,2000.0,72266306.0,Crime|Drama|Mystery|Thriller,Dennis Quaid,Vantage Point ,127528,6775,William Hurt,4.0,explosion|multiple perspectives|president|secret service|shooting,http://www.imdb.com/title/tt0443274/?ref_=fn_tt_tt_1,422.0,English,USA,PG-13,40000000.0,2008,897.0,6.6,2.35,0,4,Crime,Drama,Mystery,tt0443274,Vantage Point,2008,PG-13,22 Feb 2008,90 min,"Action, Drama, Thriller",Pete Travis,Barry L. Levy,"Dennis Quaid, Forest Whitaker, Matthew Fox",The attempted assassination of the American President is told and re-told from several different perspectives.,"English, Spanish","Mexico, Spain, United States",2 wins & 2 nominations total,https://m.media-amazon.com/images/M/MV5BMTI3MjI1NjMzNV5BMl5BanBnXkFtZTYwNDc4Njk3._V1_SX300.jpg,40,6.6,"157,130","$72,266,306"
Color,Martin Scorsese,120.0,128,17000.0,387.0,Robert Mitchum,22000.0,79100000.0,Crime|Thriller,Robert De Niro,Cape Fear ,127503,24006,Joe Don Baker,0.0,lawyer|neo noir|prison|rapist|southern gothic,http://www.imdb.com/title/tt0101540/?ref_=fn_tt_tt_1,261.0,English,USA,R,35000000.0,1991,1000.0,7.3,2.35,0,2,Crime,Thriller,,tt0101540,Cape Fear,1991,R,15 Nov 1991,128 min,"Crime, Drama, Thriller",Martin Scorsese,"John D. MacDonald, James R. Webb, Wesley Strick","Robert De Niro, Nick Nolte, Jessica Lange","A convicted rapist, released from prison after serving a fourteen-year sentence, stalks the family of the lawyer who originally defended him.",English,United States,Nominated for 2 Oscars. 5 wins & 21 nominations total,https://m.media-amazon.com/images/M/MV5BNTBkNTYwZTctOTgxYS00ZmIyLTgzNDAtODJhZjg2MDUwNmFlXkEyXkFqcGc@._V1_SX300.jpg,73,7.3,"240,855","$79,091,969"
Color,Richard Donner,141.0,127,503.0,91.0,Rene Russo,5000.0,129734803.0,Action|Crime|Thriller,Jet Li,Lethal Weapon 4 ,127497,6171,Darlene Love,2.0,kung fu|lapd|martial arts|private investigator|triad,http://www.imdb.com/title/tt0122151/?ref_=fn_tt_tt_1,287.0,English,USA,R,140000000.0,1998,808.0,6.6,2.35,0,3,Action,Crime,Thriller,tt0122151,Lethal Weapon 4,1998,R,10 Jul 1998,127 min,"Action, Crime, Thriller",Richard Donner,"Shane Black, Jonathan Lemkin, Alfred Gough","Mel Gibson, Danny Glover, Joe Pesci","With personal crises and age weighing in on them, LAPD officers Riggs and Murtaugh must contend with deadly Chinese triads that are trying to free their former leaders out of prison and onto American soil.","English, Cantonese, Mandarin, Chinese",United States,4 wins & 11 nominations total,https://m.media-amazon.com/images/M/MV5BMDU4MDIyMzEtZjEwZi00NmFjLTljMzQtNDgzNDE5ZDhlMTZmXkEyXkFqcGc@._V1_SX300.jpg,39,6.6,"179,234","$130,444,603"
Color,Tim Johnson,166.0,83,12.0,925.0,Steve Carell,13000.0,155019340.0,Adventure|Animation|Comedy|Family,Bruce Willis,Over the Hedge ,127345,22813,Catherine O'Hara,1.0,bear|food|forest|raccoon|turtle,http://www.imdb.com/title/tt0327084/?ref_=fn_tt_tt_1,250.0,English,USA,PG,80000000.0,2006,7000.0,6.8,1.85,0,4,Adventure,Animation,Comedy,tt0327084,Over the Hedge,2006,PG,19 May 2006,83 min,"Animation, Adventure, Comedy","Tim Johnson, Karey Kirkpatrick","Len Blum, Lorne Cameron, David Hoselton","Bruce Willis, Garry Shandling, Steve Carell","A scheming raccoon fools a mismatched family of forest creatures into helping him repay a debt of food, by invading the new suburban sprawl that popped up while they were hibernating...and learns a lesson about family himself.",English,United States,7 wins & 26 nominations total,https://m.media-amazon.com/images/M/MV5BN2ZiYjQ2ZDctMDI3Yy00YmViLWEyMGYtZTYxMmE2MGM5Y2M5XkEyXkFqcGc@._V1_SX300.jpg,67,6.7,"200,382","$155,019,340"
Color,Patrick Hughes,320.0,131,385.0,11000.0,Sylvester Stallone,26000.0,39292022.0,Action|Adventure|Thriller,Jason Statham,The Expendables 3 ,127258,52610,Harrison Ford,15.0,battle|fight|mission|pg 13 sequel to r rated franchise|rescue,http://www.imdb.com/title/tt2333784/?ref_=fn_tt_tt_1,351.0,English,USA,PG-13,90000000.0,2014,13000.0,6.1,2.35,56000,3,Action,Adventure,Thriller,tt2333784,The Expendables 3,2014,PG-13,15 Aug 2014,126 min,"Action, Adventure, Comedy",Patrick Hughes,"Sylvester Stallone, Creighton Rothenberger, Katrin Benedikt","Sylvester Stallone, Jason Statham, Jet Li","Barney augments his team with new blood for a personal battle: to take down Conrad Stonebanks, the Expendables co-founder and notorious arms trader who is hell bent on wiping out Barney and every single one of his associates.","English, Romanian, Spanish","United States, France, Germany, Bulgaria",2 wins & 5 nominations total,"https://m.media-amazon.com/images/M/MV5BODU5ODMyMzg2MV5BMl5BanBnXkFtZTgwMTA2MTcxMjE@._V1_QL75_UX380_CR0,0,380,562_.jpg",35,6.1,"205,920","$39,322,544"
Color,John G. Avildsen,81.0,126,80.0,225.0,William Zabka,668.0,90800000.0,Action|Drama|Family|Sport,Martin Kove,The Karate Kid ,126907,2004,William Bassett,0.0,apartment|bully|fight|karate|master,http://www.imdb.com/title/tt0087538/?ref_=fn_tt_tt_1,235.0,English,USA,PG,8000000.0,1984,641.0,7.2,1.85,0,4,Action,Drama,Family,tt0087538,The Karate Kid,1984,PG,22 Jun 1984,126 min,"Action, Drama, Family",John G. Avildsen,Robert Mark Kamen,"Ralph Macchio, Pat Morita, Elisabeth Shue","Recently relocated from NJ to LA, Daniel becomes the target of a gang of Cobra Kai dojo students. When Mr. Miyagi saves him with expert Karate skills, Daniel convinces him to teach him to defend himself, and put his bullies in the...","English, Japanese",United States,Nominated for 1 Oscar. 6 wins & 5 nominations total,https://m.media-amazon.com/images/M/MV5BM2I3ZmZhNzctMzBlNC00YTc2LWE1MmEtY2ZkMzg3Y2I1ZDJhXkEyXkFqcGc@._V1_SX300.jpg,61,7.3,"269,111","$91,077,276"
Color,Dan Trachtenberg,411.0,104,16.0,82.0,John Gallagher Jr.,14000.0,71897215.0,Drama|Horror|Mystery|Sci-Fi|Thriller,Bradley Cooper,10 Cloverfield Lane ,126893,14504,Sumalee Montano,0.0,alien|bunker|car crash|kidnapping|minimal cast,http://www.imdb.com/title/tt1179933/?ref_=fn_tt_tt_1,440.0,English,USA,PG-13,15000000.0,2016,338.0,7.3,2.35,33000,5,Drama,Horror,Mystery,tt1179933,10 Cloverfield Lane,2016,PG-13,11 Mar 2016,103 min,"Drama, Horror, Sci-Fi",Dan Trachtenberg,"Josh Campbell, Matt Stuecken, Damien Chazelle","John Goodman, Mary Elizabeth Winstead, John Gallagher Jr.",A young woman is held in an underground bunker by a man who insists that a hostile event has left the surface of the Earth uninhabitable.,English,United States,16 wins & 48 nominations total,https://m.media-amazon.com/images/M/MV5BMjEzMjczOTIxMV5BMl5BanBnXkFtZTgwOTUwMjI3NzE@._V1_SX300.jpg,76,7.2,"381,655","$72,082,998"
Color,Robert Schwentke,231.0,98,124.0,354.0,Michael Irby,931.0,89706988.0,Drama|Mystery|Thriller,Erika Christensen,Flightplan ,126746,2287,Haley Ramm,1.0,captain|flight|flight attendant|plane|search,http://www.imdb.com/title/tt0408790/?ref_=fn_tt_tt_1,600.0,English,USA,PG-13,55000000.0,2005,507.0,6.2,2.35,0,3,Drama,Mystery,Thriller,tt0408790,Flightplan,2005,PG-13,23 Sep 2005,98 min,"Drama, Mystery, Thriller",Robert Schwentke,"Peter A. Dowling, Billy Ray","Jodie Foster, Peter Sarsgaard, Sean Bean","A bereaved woman and her daughter are flying home from Berlin to America. At 30,000 feet, the child vanishes, and nobody will admit she was ever on the plane.","English, French, German, Arabic, Italian, Japanese",United States,2 wins & 6 nominations total,https://m.media-amazon.com/images/M/MV5BMGQyZmQ1OGItYWNkNi00YzU4LWJmZjktNTQyZjNlOGNmNWJlXkEyXkFqcGc@._V1_SX300.jpg,53,6.3,"176,590","$89,707,299"
Color,Martin Brest,94.0,105,102.0,383.0,Ronny Cox,901.0,234760500.0,Action|Comedy|Crime,Judge Reinhold,Beverly Hills Cop ,126464,3464,James Russo,1.0,drug dealer|drugs|murder|police brutality|police shootout,http://www.imdb.com/title/tt0086960/?ref_=fn_tt_tt_1,175.0,English,USA,R,14000000.0,1984,605.0,7.3,1.85,0,3,Action,Comedy,Crime,tt0086960,Beverly Hills Cop,1984,R,05 Dec 1984,105 min,"Action, Comedy, Crime",Martin Brest,"Daniel Petrie Jr., Danilo Bach","Eddie Murphy, Judge Reinhold, John Ashton",A freewheeling Detroit cop pursuing a murder investigation finds himself dealing with the very different culture of Beverly Hills.,English,United States,Nominated for 1 Oscar. 6 wins & 7 nominations total,https://m.media-amazon.com/images/M/MV5BNjU4OGM2MzctNGU3ZC00M2EzLThiN2ItOTlmN2FjODM0MzFhXkEyXkFqcGc@._V1_SX300.jpg,66,7.4,"227,862","$234,760,478"
Color,Richard Donner,169.0,188,503.0,467.0,Margot Kidder,10000.0,134218018.0,Action|Adventure|Drama|Romance|Sci-Fi,Marlon Brando,Superman ,126357,12940,Ned Beatty,0.0,1970s|clark kent|planet|superhero|year 1978,http://www.imdb.com/title/tt0078346/?ref_=fn_tt_tt_1,497.0,English,USA,PG,55000000.0,1978,593.0,7.3,2.35,0,5,Action,Adventure,Drama,tt0078346,Superman,1978,PG,15 Dec 1978,143 min,"Action, Adventure, Sci-Fi",Richard Donner,"Jerry Siegel, Joe Shuster, Mario Puzo","Christopher Reeve, Margot Kidder, Gene Hackman","An alien orphan is sent from his dying planet to Earth, where he grows up to become his adoptive home's first and greatest superhero.",English,"United Kingdom, United States",Nominated for 3 Oscars. 19 wins & 23 nominations total,https://m.media-amazon.com/images/M/MV5BMzFlZDJjMDAtZDYxZS00NzZhLTk2ODMtZWRlODA3Njk3ZTdmXkEyXkFqcGc@._V1_SX300.jpg,82,7.4,"205,928","$134,478,449"
Color,Terry Gilliam,292.0,123,0.0,645.0,Lily Cole,10000.0,7689458.0,Adventure|Fantasy|Mystery,Andrew Garfield,The Imaginarium of Doctor Parnassus ,126307,11769,Verne Troyer,1.0,birthday|bridge|midget|rescue|sideshow,http://www.imdb.com/title/tt1054606/?ref_=fn_tt_tt_1,210.0,English,UK,PG-13,40000000.0,2009,785.0,6.8,1.85,19000,3,Adventure,Fantasy,Mystery,tt1054606,The Imaginarium of Doctor Parnassus,2009,PG-13,08 Jan 2010,123 min,"Adventure, Comedy, Fantasy",Terry Gilliam,"Terry Gilliam, Charles McKeown","Christopher Plummer, Lily Cole, Heath Ledger","Having made a deal with the Devil himself for immortality many millennia ago, the now decrepit mystic Doctor Parnassus fights for the freedom of his only daughter's soul.","English, Russian, French","United Kingdom, France, Canada",Nominated for 2 Oscars. 5 wins & 23 nominations total,https://m.media-amazon.com/images/M/MV5BMTY4Njg4NTA3Nl5BMl5BanBnXkFtZTcwNzYxMzg5Mg@@._V1_SX300.jpg,65,6.8,"156,272","$7,689,607"
Color,James Mangold,133.0,127,446.0,898.0,Clea DuVall,11000.0,28871190.0,Biography|Drama,Angelina Jolie Pitt,"Girl, Interrupted ",125421,13433,Vanessa Redgrave,0.0,1960s|father daughter incest|mental hospital|suicide|suicide attempt,http://www.imdb.com/title/tt0172493/?ref_=fn_tt_tt_1,385.0,English,USA,R,24000000.0,1999,1000.0,7.3,1.85,0,2,Biography,Drama,,tt0172493,"Girl, Interrupted",1999,R,14 Jan 2000,127 min,"Biography, Drama",James Mangold,"James Mangold, Lisa Loomer, Anna Hamilton Phelan","Winona Ryder, Angelina Jolie, Clea DuVall","Directionless teenager Susanna is rushed to Claymoore, a mental institution, after a supposed suicide attempt. There she befriends a group of troubled women who deeply influence her life.",English,"United States, Germany",Won 1 Oscar. 9 wins & 11 nominations total,https://m.media-amazon.com/images/M/MV5BZWVhYzdiMTQtMzJkMC00YWEwLTkyNDEtNzkwMGQ3NTBhMzExXkEyXkFqcGc@._V1_SX300.jpg,51,7.3,"226,524","$28,912,646"
Color,David Twohy,302.0,127,123.0,904.0,Nolan Gerard Funk,14000.0,41997790.0,Action|Sci-Fi|Thriller,Vin Diesel,Riddick ,125305,17551,Bokeem Woodbine,0.0,alien|left for dead|mercenary|survival|vomiting,http://www.imdb.com/title/tt1411250/?ref_=fn_tt_tt_1,343.0,English,USA,R,38000000.0,2013,924.0,6.4,2.35,39000,3,Action,Sci-Fi,Thriller,tt1411250,Riddick,2013,R,06 Sep 2013,119 min,"Action, Adventure, Sci-Fi",David Twohy,"David Twohy, Jim Wheat, Ken Wheat","Vin Diesel, Karl Urban, Katee Sackhoff","Left for dead on a sun-scorched planet, Riddick finds himself up against an alien race of predators. Activating an emergency beacon alerts two ships: one carrying a new breed of mercenary, the other captained by a man from Riddick...",English,"Canada, United States",2 nominations total,https://m.media-amazon.com/images/M/MV5BMTk5NzYwMzQ4MV5BMl5BanBnXkFtZTcwMjE5MTI1OQ@@._V1_SX300.jpg,49,6.4,"185,005","$42,025,135"
Color,Randall Wallace,83.0,132,130.0,80.0,Anne Parillaud,29000.0,56876365.0,Action|Adventure,Leonardo DiCaprio,The Man in the Iron Mask ,125219,29265,Judith Godrèche,1.0,france|musketeer|three musketeers|twin|twin brother,http://www.imdb.com/title/tt0120744/?ref_=fn_tt_tt_1,244.0,English,USA,PG-13,35000000.0,1998,130.0,6.4,1.85,0,2,Action,Adventure,,tt0120744,The Man in the Iron Mask,1998,PG-13,13 Mar 1998,132 min,"Action, Adventure, Drama",Randall Wallace,"Alexandre Dumas, Randall Wallace","Leonardo DiCaprio, Jeremy Irons, John Malkovich",The cruel King Louis XIV of France has a secret twin brother whom he keeps imprisoned. Can the twin be substituted for the real king?,"English, Italian","United Kingdom, United States",3 wins & 4 nominations total,https://m.media-amazon.com/images/M/MV5BNDc4YWYzNzEtNWMwMC00Y2ZlLWEzZWEtZDcwYjcwYTE3Y2ZlXkEyXkFqcGc@._V1_SX300.jpg,49,6.5,"189,340","$56,968,902"
Color,Asger Leth,258.0,102,20.0,54.0,Mandy Gonzalez,107.0,18600911.0,Action|Crime|Thriller,Robert Clohessy,Man on a Ledge ,125198,362,J. Smith-Cameron,6.0,detective|diamond|hotel|police|rooftop,http://www.imdb.com/title/tt1568338/?ref_=fn_tt_tt_1,153.0,English,USA,PG-13,42000000.0,2012,81.0,6.6,2.35,11000,3,Action,Crime,Thriller,tt1568338,Man on a Ledge,2012,PG-13,27 Jan 2012,102 min,"Action, Crime, Thriller",Asger Leth,Pablo F. Fenjves,"Sam Worthington, Elizabeth Banks, Jamie Bell","As a police psychologist works to talk down an ex-con who is threatening to jump from a Manhattan hotel rooftop, the biggest diamond heist ever committed is in motion.","English, Spanish",United States,1 nomination total,https://m.media-amazon.com/images/M/MV5BMTc5MTE4MzY2N15BMl5BanBnXkFtZTcwNjMwNDc3Ng@@._V1_SX300.jpg,40,6.6,"161,962","$18,620,000"
Color,Peter Jackson,308.0,135,0.0,310.0,AJ Michalka,873.0,43982842.0,Drama|Fantasy|Thriller,Michael Imperioli,The Lovely Bones ,125109,2370,Tom McCarthy,1.0,1970s|afterlife|heaven|pedophile|rape,http://www.imdb.com/title/tt0380510/?ref_=fn_tt_tt_1,593.0,English,USA,PG-13,65000000.0,2009,560.0,6.7,2.35,16000,3,Drama,Fantasy,Thriller,tt0380510,The Lovely Bones,2009,PG-13,15 Jan 2010,135 min,"Drama, Fantasy, Thriller",Peter Jackson,"Fran Walsh, Philippa Boyens, Peter Jackson","Rachel Weisz, Mark Wahlberg, Saoirse Ronan",Centers on a young girl who has been murdered and watches over her family - and her killer - from purgatory. She must weigh her desire for vengeance against her desire for her family to heal.,English,"United Kingdom, New Zealand, United States",Nominated for 1 Oscar. 10 wins & 46 nominations total,https://m.media-amazon.com/images/M/MV5BMjAwNDA1MTM2MF5BMl5BanBnXkFtZTcwMzg3NDcwMw@@._V1_SX300.jpg,42,6.6,"189,603","$44,114,232"
Color,Dean Parisot,234.0,116,23.0,110.0,Anthony Hopkins,13000.0,53215979.0,Action|Comedy|Crime|Thriller,Bruce Willis,RED 2 ,125036,25220,Garrick Hagon,7.0,cia|cia agent|rescue|russian|team,http://www.imdb.com/title/tt1821694/?ref_=fn_tt_tt_1,205.0,English,USA,PG-13,84000000.0,2013,12000.0,6.7,2.35,22000,4,Action,Comedy,Crime,tt1821694,RED 2,2013,PG-13,19 Jul 2013,116 min,"Action, Comedy, Crime",Dean Parisot,"Warren Ellis, Cully Hamner, Jon Hoeber","Bruce Willis, Helen Mirren, John Malkovich",Retired CIA agent Frank Moses reunites his unlikely team of elite operatives for a global quest to track down a missing portable nuclear device.,"English, Russian, French, Persian, Korean","United States, Canada, Russia, France, Hong Kong",1 win & 3 nominations total,https://m.media-amazon.com/images/M/MV5BMjI2ODQ4ODY3Nl5BMl5BanBnXkFtZTcwNTc2NzE1OQ@@._V1_SX300.jpg,47,6.6,"188,034","$53,262,560"
Color,Fede Alvarez,543.0,96,201.0,58.0,Elizabeth Blackmore,394.0,54239856.0,Horror,Lou Taylor Pucci,Evil Dead ,125016,673,Ellen Sandweiss,0.0,book of the dead|demon|h.p. lovecraft|lesbian kiss|promise,http://www.imdb.com/title/tt1288558/?ref_=fn_tt_tt_1,789.0,English,USA,R,17000000.0,2013,150.0,6.5,2.35,70000,1,Horror,,,tt1288558,Evil Dead,2013,R,05 Apr 2013,91 min,"Horror, Thriller",Fede Alvarez,"Fede Alvarez, Rodo Sayagues, Sam Raimi","Jane Levy, Shiloh Fernandez, Jessica Lucas","Five friends head to a remote cabin, where the discovery of a Book of the Dead leads them to unwittingly summon up demons living in the nearby woods.","English, Welsh","United States, New Zealand, Australia",6 wins & 20 nominations total,https://m.media-amazon.com/images/M/MV5BYjkwODM5ZWUtMjI2Ni00Y2RiLWJkNDYtZWQ2ZTRhMjI1N2FmXkEyXkFqcGc@._V1_SX300.jpg,57,6.5,"210,338","$54,239,856"
Color,Wes Craven,195.0,120,0.0,221.0,Jada Pinkett Smith,865.0,101334374.0,Horror|Mystery,Omar Epps,Scream 2 ,124941,2321,Kevin Williamson,5.0,college|ghostface|killer|killing spree|murder,http://www.imdb.com/title/tt0120082/?ref_=fn_tt_tt_1,488.0,English,USA,R,24000000.0,1997,851.0,6.1,2.35,0,2,Horror,Mystery,,tt0120082,Scream 2,1997,R,12 Dec 1997,120 min,"Horror, Mystery",Wes Craven,Kevin Williamson,"Neve Campbell, Courteney Cox, David Arquette","A year after the Woodsboro murders, the survivors try to move on at Windsor College in Ohio-but when a new Ghostface killer starts a campus killing spree, they must face terror all over again.",English,United States,8 wins & 13 nominations total,https://m.media-amazon.com/images/M/MV5BODE5YWJkMDMtN2ZiNC00MjI5LTkxYTgtOTkyZjUwMjU0YThiXkEyXkFqcGc@._V1_SX300.jpg,62,6.3,"230,683","$101,363,301"
Color,Albert Hughes,208.0,122,117.0,140.0,Jason Flemyng,40000.0,31598308.0,Horror|Mystery|Thriller,Johnny Depp,From Hell ,124765,41636,Ian Richardson,1.0,freemason|jack the ripper|opium|prostitute|victorian era,http://www.imdb.com/title/tt0120681/?ref_=fn_tt_tt_1,541.0,English,USA,R,35000000.0,2001,1000.0,6.8,2.35,0,3,Horror,Mystery,Thriller,tt0120681,From Hell,2001,R,19 Oct 2001,122 min,"Crime, Horror, Mystery","Albert Hughes, Allen Hughes","Alan Moore, Eddie Campbell, Terry Hayes","Johnny Depp, Heather Graham, Ian Holm","In 1888 London, a Scotland Yard investigator searches for Jack The Ripper.",English,"United States, United Kingdom, Czech Republic",15 nominations total,https://m.media-amazon.com/images/M/MV5BNzA5N2RlZDItNzc5My00YjIwLWFiMzktYTI1NDg0MDc1YTY1XkEyXkFqcGc@._V1_SX300.jpg,54,6.7,"170,511","$31,602,566"
Color,Eric Darnell,131.0,83,35.0,754.0,Woody Allen,13000.0,90646554.0,Adventure|Animation|Comedy|Family,Sylvester Stallone,Antz ,124641,25788,Anne Bancroft,0.0,ant|friend|princess|soldier|worker,http://www.imdb.com/title/tt0120587/?ref_=fn_tt_tt_1,289.0,English,USA,PG,105000000.0,1998,11000.0,6.6,1.85,0,4,Adventure,Animation,Comedy,tt0120587,Antz,1998,PG,02 Oct 1998,83 min,"Animation, Adventure, Comedy","Eric Darnell, Tim Johnson, Lawrence Guterman","Todd Alcott, Chris Weitz, Paul Weitz","Woody Allen, Sharon Stone, Gene Hackman",A rather neurotic ant tries to break from his totalitarian society while trying to win the affection of the princess he loves.,English,"United States, United Kingdom",Nominated for 1 BAFTA Award6 wins & 14 nominations total,https://m.media-amazon.com/images/M/MV5BYzdlMzZhZjctY2JjYy00OGRiLThjMTEtODRmZTg2ZjI5MjEzXkEyXkFqcGc@._V1_SX300.jpg,73,6.5,"169,324","$90,757,863"
Color,Anne Fletcher,175.0,111,98.0,71.0,Bern Cohen,2000.0,76806312.0,Comedy|Romance,Judy Greer,27 Dresses ,124501,2978,Yetta Gottesman,1.0,boss|bridesmaid|friend|love|wedding,http://www.imdb.com/title/tt0988595/?ref_=fn_tt_tt_1,154.0,English,USA,PG-13,30000000.0,2008,805.0,6.1,2.35,0,2,Comedy,Romance,,tt0988595,27 Dresses,2008,PG-13,18 Jan 2008,111 min,"Comedy, Romance",Anne Fletcher,Aline Brosh McKenna,"Katherine Heigl, James Marsden, Malin Akerman","After serving as a bridesmaid 27 times, a young woman wrestles with the idea of standing by her sister's side as her sibling marries the man she's secretly in love with.",English,United States,5 wins & 3 nominations total,"https://m.media-amazon.com/images/M/MV5BZWM3ZjRiNGUtNmZkMy00YWNkLWI5MGUtYWI1NTc5NGVkODJkXkEyXkFqcGc@._V1_QL75_UX380_CR0,0,380,562_.jpg",47,6.1,"189,264","$76,808,654"
Color,Jonathan Hensleigh,192.0,140,36.0,336.0,Marco St. John,669.0,33682273.0,Action|Crime|Drama|Thriller,Laura Harring,The Punisher ,124242,2114,Eddie Jemison,1.0,death|family reunion|fbi|fbi agent|vigilante,http://www.imdb.com/title/tt0330793/?ref_=fn_tt_tt_1,622.0,English,USA,R,33000000.0,2004,403.0,6.5,2.35,4000,4,Action,Crime,Drama,tt0330793,The Punisher,2004,R,16 Apr 2004,124 min,"Action, Crime, Drama",Jonathan Hensleigh,"Jonathan Hensleigh, Michael France","Thomas Jane, John Travolta, Samantha Mathis",An undercover FBI agent becomes a vigilante and sets out to unleash his wrath upon the corrupt businessman who slaughtered his entire family at a reunion.,"English, French, Czech, Hungarian, Danish, Spanish, German","United States, Germany, Japan",1 win & 5 nominations total,https://m.media-amazon.com/images/M/MV5BMjI5NjcwMTQxMV5BMl5BanBnXkFtZTcwODg5ODkwNQ@@._V1_SX300.jpg,33,6.4,"177,539","$33,810,189"
Color,Clint Eastwood,306.0,134,16000.0,204.0,Morgan Freeman,13000.0,37479778.0,Biography|Drama|History|Sport,Matt Damon,Invictus ,124222,24458,Leleti Khumalo,1.0,apartheid|nation|nelson mandela|president|rugby,http://www.imdb.com/title/tt1057500/?ref_=fn_tt_tt_1,259.0,English,USA,PG-13,60000000.0,2009,11000.0,7.4,2.35,23000,4,Biography,Drama,History,tt1057500,Invictus,2009,PG-13,11 Dec 2009,134 min,"Biography, Drama, History",Clint Eastwood,"Anthony Peckham, John Carlin","Morgan Freeman, Matt Damon, Tony Kgoroge","Nelson Mandela, in his first term as President of South Africa, initiates a unique venture to unite the Apartheid-torn land: enlist the national rugby team on a mission to win the 1995 Rugby World Cup.","English, Afrikaans, Maori, Zulu, Xhosa, Sotho",United States,Nominated for 2 Oscars. 12 wins & 38 nominations total,https://m.media-amazon.com/images/M/MV5BMjAyMzExMDM1N15BMl5BanBnXkFtZTcwNTcyMTQ5Mg@@._V1_SX300.jpg,74,7.3,"172,199","$37,491,364"
Color,Jon Turteltaub,235.0,109,226.0,370.0,Omar Benson Miller,12000.0,63143812.0,Action|Adventure|Family|Fantasy,Nicolas Cage,The Sorcerer's Apprentice ,124185,13388,Robert Capron,0.0,chosen one|enchanted object|love|spell|training,http://www.imdb.com/title/tt0963966/?ref_=fn_tt_tt_1,238.0,English,USA,PG,150000000.0,2010,418.0,6.1,2.35,11000,4,Action,Adventure,Family,tt0963966,The Sorcerer's Apprentice,2010,PG,14 Jul 2010,109 min,"Action, Adventure, Family",Jon Turteltaub,"Lawrence Konner, Mark Rosenthal, Matt Lopez","Nicolas Cage, Jay Baruchel, Alfred Molina",A protege of the magician Merlin must train his teacher's successor - an introverted but resourceful physics prodigy - in the art of sorcery to prevent the return of Morgana le Fay.,English,United States,1 win & 2 nominations total,https://m.media-amazon.com/images/M/MV5BM2Y0MGJhZTAtYjBkNS00MmM4LWJmOWYtNjQ3ZTFlMmRhZGY0XkEyXkFqcGc@._V1_SX300.jpg,46,6.1,"176,065","$63,150,991"
Color,Harold Ramis,145.0,103,11000.0,636.0,Chazz Palminteri,22000.0,106694016.0,Comedy|Crime,Robert De Niro,Analyze This ,123940,24333,Molly Shannon,2.0,analyst|mafia|patient|psychiatrist|wedding,http://www.imdb.com/title/tt0122933/?ref_=fn_tt_tt_1,337.0,English,USA,R,30000000.0,1999,979.0,6.7,1.85,0,2,Comedy,Crime,,tt0122933,Analyze This,1999,R,05 Mar 1999,103 min,"Comedy, Crime",Harold Ramis,"Kenneth Lonergan, Peter Tolan, Harold Ramis","Robert De Niro, Billy Crystal, Lisa Kudrow",A comedy about a psychiatrist whose number-one patient is an insecure mob boss.,English,"United States, Australia",4 wins & 7 nominations total,https://m.media-amazon.com/images/M/MV5BZDJmZTNmMmQtYWM2MC00YzM5LWI5MGEtODRmZTgzNDAyN2FjXkEyXkFqcGc@._V1_SX300.jpg,60,6.7,"168,664","$106,885,658"
Color,Dean Parisot,213.0,102,23.0,436.0,Enrico Colantoni,25000.0,71423726.0,Adventure|Comedy|Sci-Fi,Alan Rickman,Galaxy Quest ,123558,26998,Robin Sachs,3.0,alien|alien race|convention|fan|general,http://www.imdb.com/title/tt0177789/?ref_=fn_tt_tt_1,609.0,English,USA,PG,45000000.0,1999,724.0,7.3,2.35,19000,3,Adventure,Comedy,Sci-Fi,tt0177789,Galaxy Quest,1999,PG,25 Dec 1999,102 min,"Adventure, Comedy, Sci-Fi",Dean Parisot,"David Howard, Robert Gordon","Tim Allen, Sigourney Weaver, Alan Rickman","The alumni cast of a space opera television series have to play their roles as the real thing when an alien race needs their help. However, they also have to defend both Earth and the alien race from a reptilian warlord.",English,United States,7 wins & 14 nominations total,https://m.media-amazon.com/images/M/MV5BZmJkYmNhMGMtMDYyNC00ZDEyLWE2ZjAtYTg5OWViODJlNDdmXkEyXkFqcGc@._V1_SX300.jpg,70,7.4,"190,610","$71,583,916"
Color,Peter Ramsey,256.0,97,52.0,161.0,Kamil McFadden,20000.0,103400692.0,Adventure|Animation|Family|Fantasy,Hugh Jackman,Rise of the Guardians ,123553,20645,Khamani Griffin,0.0,belief|box office hit|children|new york city|tooth,http://www.imdb.com/title/tt1446192/?ref_=fn_tt_tt_1,174.0,English,USA,PG,145000000.0,2012,315.0,7.3,1.85,25000,4,Adventure,Animation,Family,tt1446192,Rise of the Guardians,2012,PG,21 Nov 2012,97 min,"Animation, Action, Adventure",Peter Ramsey,"David Lindsay-Abaire, William Joyce, Chris Appelhans","Hugh Jackman, Alec Baldwin, Isla Fisher","When the evil spirit Pitch launches an assault on Earth, the Immortal Guardians team up to protect the innocence of children all around the world.","English, French","United States, India",14 wins & 32 nominations total,https://m.media-amazon.com/images/M/MV5BMTkzMjgwMDg1M15BMl5BanBnXkFtZTcwMTgzNTI1OA@@._V1_SX300.jpg,58,7.2,"207,985","$103,412,758"
Color,Amy Heckerling,88.0,97,143.0,201.0,Dan Hedaya,927.0,56631572.0,Comedy|Romance,Donald Faison,Clueless ,123390,1724,Elisa Donovan,1.0,female protagonist|high school|makeover|matchmaker|popularity,http://www.imdb.com/title/tt0112697/?ref_=fn_tt_tt_1,248.0,English,USA,PG-13,12000000.0,1995,281.0,6.8,1.85,0,2,Comedy,Romance,,tt0112697,Clueless,1995,PG-13,19 Jul 1995,97 min,"Comedy, Romance",Amy Heckerling,Amy Heckerling,"Alicia Silverstone, Stacey Dash, Brittany Murphy","Shallow, rich and socially successful Cher is at the top of her Beverly Hills high school's pecking scale. Seeing herself as a matchmaker, Cher first coaxes two teachers into dating each other.","English, Spanish",United States,7 wins & 12 nominations total,https://m.media-amazon.com/images/M/MV5BMTgwYjQ1NDktOTcwNi00MWZhLTliYWQtZDg5NjZhY2U5ZTNlXkEyXkFqcGc@._V1_SX300.jpg,73,6.9,"275,239","$56,631,572"
 Black and White,Michael Moore,215.0,120,909.0,184.0,Dick Clark,909.0,21244913.0,Crime|Documentary|Drama,Michael Moore,Bowling for Columbine ,123090,1779,Bill Clinton,2.0,bank|columbine|columbine high school killings|firearm|school shooting,http://www.imdb.com/title/tt0310793/?ref_=fn_tt_tt_1,888.0,English,Germany,R,4000000.0,2002,504.0,8.0,1.85,4000,3,Crime,Documentary,Drama,tt0310793,Bowling for Columbine,2002,R,15 Nov 2002,120 min,"Documentary, Crime, Drama",Michael Moore,Michael Moore,"Michael Moore, Charlton Heston, Marilyn Manson",Filmmaker Michael Moore explores the roots of America's predilection for gun violence.,English,"United States, Canada, Germany",Won 1 Oscar. 39 wins & 13 nominations total,https://m.media-amazon.com/images/M/MV5BNTNlYzY3NDEtNDk4OC00MzJjLWJmNWUtZTJjMTAzMTA1NWI1XkEyXkFqcGc@._V1_SX300.jpg,72,8.0,"151,563","$21,576,018"
Color,Ben Stiller,72.0,96,0.0,302.0,Janeane Garofalo,2000.0,60154431.0,Comedy|Drama|Thriller,Matthew Broderick,The Cable Guy ,122347,3718,Andy Dick,1.0,cable guy|foreplay|friend|kissing|television,http://www.imdb.com/title/tt0115798/?ref_=fn_tt_tt_1,345.0,English,USA,PG-13,47000000.0,1996,1000.0,6.0,2.35,0,3,Comedy,Drama,Thriller,tt0115798,The Cable Guy,1996,PG-13,14 Jun 1996,96 min,"Comedy, Drama, Thriller",Ben Stiller,Lou Holtz Jr.,"Jim Carrey, Matthew Broderick, Leslie Mann",A designer makes a grievous mistake when he rejects the friendship of a borderline cable guy.,"English, French",United States,3 wins & 2 nominations total,https://m.media-amazon.com/images/M/MV5BZjZiODE3ZTUtYTA0Yi00YjVmLTlhYTEtMzc3MDU1YmZjMWYxXkEyXkFqcGc@._V1_SX300.jpg,56,6.1,"188,648","$60,240,295"
Color,Gary Winick,119.0,98,56.0,533.0,Judy Greer,3000.0,56044241.0,Comedy|Fantasy|Romance,Jennifer Garner,13 Going on 30 ,122187,6742,Christa B. Allen,1.0,13 year old|13th birthday|30 year old|wish|year 1987,http://www.imdb.com/title/tt0337563/?ref_=fn_tt_tt_1,339.0,English,USA,PG-13,37000000.0,2004,2000.0,6.1,1.85,0,3,Comedy,Fantasy,Romance,tt0337563,13 Going on 30,2004,PG-13,23 Apr 2004,98 min,"Comedy, Fantasy, Romance",Gary Winick,"Josh Goldsmith, Cathy Yuspa","Jennifer Garner, Mark Ruffalo, Judy Greer","Unpopular schoolgirl Jenna Rink makes an unusual wish on her birthday. Miraculously, her wish comes true and the 13-year-old Jenna wakes up the next day as a 30-year-old woman.","English, Portuguese",United States,11 nominations total,"https://m.media-amazon.com/images/M/MV5BMjE1NzI5NTkwMF5BMl5BanBnXkFtZTYwOTA4NzY2._V1_QL75_UX380_CR0,2,380,562_.jpg",57,6.3,"246,818","$57,231,747"
Color,Jessie Nelson,129.0,132,24.0,506.0,Loretta Devine,967.0,40270895.0,Drama,Dianne Wiest,I Am Sam ,121937,3152,Richard Schiff,0.0,child custody|custody battle|disability|mentally impaired man|single father,http://www.imdb.com/title/tt0277027/?ref_=fn_tt_tt_1,431.0,English,USA,PG-13,22000000.0,2001,912.0,7.6,1.85,15000,1,Drama,,,tt0277027,I Am Sam,2001,PG-13,25 Jan 2002,132 min,Drama,Jessie Nelson,"Kristine Johnson, Jessie Nelson","Sean Penn, Michelle Pfeiffer, Dakota Fanning",An intellectually disabled man fights for custody of his 7-year-old daughter and in the process teaches his cold-hearted lawyer the value of love and family.,English,United States,Nominated for 1 Oscar. 8 wins & 12 nominations total,https://m.media-amazon.com/images/M/MV5BZDBmMTY1YWEtMjc4Yy00YjhhLTliZjctMzBhN2U2NzRlNDQyXkEyXkFqcGc@._V1_SX300.jpg,28,7.6,"160,859","$40,311,852"
Color,John Dahl,128.0,121,131.0,599.0,Martin Landau,13000.0,22905674.0,Crime|Drama,Matt Damon,Rounders ,121676,14890,Gretchen Mol,2.0,breasts|cult film|loan shark|poker|reference to christy turlington,http://www.imdb.com/title/tt0128442/?ref_=fn_tt_tt_1,290.0,English,USA,R,12000000.0,1998,940.0,7.4,2.35,0,2,Crime,Drama,,tt0128442,Rounders,1998,R,11 Sep 1998,121 min,"Crime, Drama",John Dahl,"David Levien, Brian Koppelman","Matt Damon, Edward Norton, Gretchen Mol",A law student and his pal gamble for high stakes.,"English, Hebrew, Russian",United States,1 win & 1 nomination total,https://m.media-amazon.com/images/M/MV5BMWQ1NTVjZjYtNzlhYi00YmQ2LWFhM2EtMWY4MGE3NzVmZGQzXkEyXkFqcGc@._V1_SX300.jpg,53,7.3,"167,876","$22,912,409"
Color,Christian Alvart,219.0,108,22.0,61.0,Dennis Quaid,12000.0,10326062.0,Action|Horror|Mystery|Sci-Fi|Thriller,Norman Reedus,Pandorum ,121432,14127,Eddie Rouse,0.0,future|mission|space|spaceship|survival,http://www.imdb.com/title/tt1188729/?ref_=fn_tt_tt_1,310.0,English,Germany,R,33000000.0,2009,2000.0,6.8,2.35,10000,5,Action,Horror,Mystery,tt1188729,Pandorum,2009,R,25 Sep 2009,108 min,"Action, Horror, Mystery",Christian Alvart,"Travis Milloy, Christian Alvart","Dennis Quaid, Ben Foster, Cam Gigandet","Two crew members of a spaceship wake up from hypersleep to discover that all their colleagues are missing. Despite this, it appears that they are not alone.","English, Vietnamese, German","United Kingdom, Germany",N/A,https://m.media-amazon.com/images/M/MV5BNDQxNjc5NTMxNl5BMl5BanBnXkFtZTcwNjg2NDE4Mg@@._V1_SX300.jpg,28,6.7,"166,931","$10,330,853"
Color,Tony Scott,142.0,114,12000.0,307.0,Stephen Dillane,11000.0,26871.0,Action|Crime|Thriller,Brad Pitt,Spy Game ,121259,12499,Catherine McCormack,2.0,china|cia|cold war|friendship|retirement,http://www.imdb.com/title/tt0266987/?ref_=fn_tt_tt_1,361.0,English,Germany,R,92000000.0,2001,577.0,7.0,2.35,0,3,Action,Crime,Thriller,tt0266987,Spy Game,2001,R,21 Nov 2001,126 min,"Action, Crime, Thriller",Tony Scott,"Michael Frost Beckner, David Arata","Robert Redford, Brad Pitt, Catherine McCormack",A CIA agent tries to rescue his one-time protege who awaits execution in a Chinese prison.,"English, German, Arabic, French, Cantonese","United Kingdom, France, Germany, Japan, United States",3 nominations total,https://m.media-amazon.com/images/M/MV5BYTljZmI1MjctMWJmMC00ZjJmLTkwNzUtNGQxNWJhZGRjMjM3XkEyXkFqcGc@._V1_SX300.jpg,63,7.1,"177,136","$62,362,560"
Color,Brett Ratner,162.0,91,420.0,173.0,Dana Ivey,268.0,140080850.0,Action|Comedy|Crime|Thriller,Tzi Ma,Rush Hour 3 ,121084,1125,Noémie Lenoir,2.0,ambassador|assassination|chinese|french|triad,http://www.imdb.com/title/tt0293564/?ref_=fn_tt_tt_1,221.0,English,USA,PG-13,140000000.0,2007,268.0,6.2,2.35,0,4,Action,Comedy,Crime,tt0293564,Rush Hour 3,2007,PG-13,10 Aug 2007,91 min,"Action, Comedy, Crime",Brett Ratner,"Jeff Nathanson, Ross LaManna","Jackie Chan, Chris Tucker, Max von Sydow","After an attempted assassination on Ambassador Han, Lee and Carter head to Paris to protect a French woman with knowledge of the Triads' secret leaders.","English, French, Japanese, Mandarin, Latin","United States, Germany",9 nominations total,https://m.media-amazon.com/images/M/MV5BMTA0Nzg5NjQ0MDBeQTJeQWpwZ15BbWU3MDE4Mzg5NDE@._V1_SX300.jpg,44,6.3,"197,947","$140,125,968"
Color,Joe Carnahan,186.0,109,248.0,968.0,Common,16000.0,35635046.0,Action|Crime|Drama|Thriller,Ryan Reynolds,Smokin' Aces ,121058,19410,Alex Rocco,0.0,casino|fbi|mafia|mob hit|sniper,http://www.imdb.com/title/tt0475394/?ref_=fn_tt_tt_1,482.0,English,UK,R,17000000.0,2006,988.0,6.7,2.35,3000,4,Action,Crime,Drama,tt0475394,Smokin' Aces,2006,R,26 Jan 2007,108 min,"Action, Comedy, Crime",Joe Carnahan,Joe Carnahan,"Jeremy Piven, Ryan Reynolds, Ray Liotta","When a Las Vegas performer-turned-snitch named Buddy Israel decides to turn state's evidence and testify against the mob, it seems that a whole lot of people would like to make sure he's no longer breathing.","English, Spanish","United Kingdom, France, United States",4 wins total,https://m.media-amazon.com/images/M/MV5BYzM4YmE2NWMtMjYxZS00OWU4LTk5NTctYzA4YTFlOTExNDM0XkEyXkFqcGc@._V1_SX300.jpg,45,6.6,"156,725","$35,787,686"
Color,Robert Zemeckis,188.0,100,0.0,267.0,Eddie Deezen,15000.0,665426.0,Adventure|Animation|Family|Fantasy,Tom Hanks,The Polar Express ,120798,16264,Peter Scolari,0.0,boy|christmas|christmas eve|north pole|train,http://www.imdb.com/title/tt0338348/?ref_=fn_tt_tt_1,444.0,English,USA,G,165000000.0,2004,726.0,6.6,2.35,10000,4,Adventure,Animation,Family,tt0338348,The Polar Express,2004,G,10 Nov 2004,100 min,"Animation, Adventure, Family",Robert Zemeckis,"Chris Van Allsburg, Robert Zemeckis, William Broyles Jr.","Tom Hanks, Chris Coppola, Michael Jeter","On Christmas Eve, a young boy embarks on a magical adventure to the North Pole on the Polar Express, while learning about friendship, bravery, and the spirit of Christmas.",English,"United States, Australia",Nominated for 3 Oscars. 5 wins & 26 nominations total,https://m.media-amazon.com/images/M/MV5BMTM1NTU0NTE4MV5BMl5BanBnXkFtZTcwMTQ0MjEzMw@@._V1_SX300.jpg,61,6.6,"270,029","$191,019,448"
Color,Todd Phillips,173.0,101,480.0,767.0,Carmen Electra,881.0,88200225.0,Comedy|Crime,Snoop Dogg,Starsky & Hutch ,120795,3943,Fred Williamson,5.0,cocaine|cop|criminal|partner|police,http://www.imdb.com/title/tt0335438/?ref_=fn_tt_tt_1,308.0,English,USA,PG-13,60000000.0,2004,869.0,6.1,2.35,0,2,Comedy,Crime,,tt0335438,Starsky & Hutch,2004,PG-13,05 Mar 2004,101 min,"Comedy, Crime",Todd Phillips,"William Blinn, Stevie Long, John O'Brien","Ben Stiller, Owen Wilson, Snoop Dogg","Two streetwise cops bust criminals in their red and white Ford Gran Torino, with the help of a police snitch called ""Huggy Bear"".","English, Korean",United States,3 wins & 11 nominations total,https://m.media-amazon.com/images/M/MV5BYWMwZTUzODktMmYyNS00ZTYxLWIzYWMtMzMwMWEyMTRkNzJlXkEyXkFqcGc@._V1_SX300.jpg,55,6.1,"160,748","$88,237,754"
Color,David R. Ellis,175.0,90,160.0,392.0,Michael Landes,748.0,46455802.0,Horror|Thriller,Sarah Carter,Final Destination 2 ,120786,3172,Keegan Connor Tracy,0.0,car accident|death|freak accident|hospital|premonition,http://www.imdb.com/title/tt0309593/?ref_=fn_tt_tt_1,472.0,English,USA,R,26000000.0,2003,439.0,6.2,1.85,0,2,Horror,Thriller,,tt0309593,Final Destination 2,2003,R,31 Jan 2003,90 min,"Horror, Thriller",David R. Ellis,"J. Mackye Gruber, Eric Bress, Jeffrey Reddick","A.J. Cook, Ali Larter, Tony Todd",Death is stalking Kimberly Corman and multiple survivors of a deadly highway accident.,English,"United States, Canada",4 nominations total,https://m.media-amazon.com/images/M/MV5BMjExMTMyODAzN15BMl5BanBnXkFtZTYwNjc5NDQ3._V1_SX300.jpg,38,6.2,"215,711","$46,961,214"
Color,Paul W.S. Anderson,172.0,130,545.0,552.0,Joely Richardson,722.0,26616590.0,Horror|Sci-Fi|Thriller,Sean Pertwee,Event Horizon ,120416,2525,Kathleen Quinlan,0.0,solar system|space|spaceship|starship|year 2047,http://www.imdb.com/title/tt0119081/?ref_=fn_tt_tt_1,857.0,English,UK,R,60000000.0,1997,585.0,6.7,2.35,10000,3,Horror,Sci-Fi,Thriller,tt0119081,Event Horizon,1997,R,15 Aug 1997,96 min,"Horror, Sci-Fi, Thriller",Paul W.S. Anderson,Philip Eisner,"Laurence Fishburne, Sam Neill, Kathleen Quinlan",A rescue crew is tasked with investigating the mysterious reappearance of a spaceship that had been lost for seven years.,"English, Latin","United Kingdom, United States",1 win & 2 nominations total,https://m.media-amazon.com/images/M/MV5BM2M4ZTI2MjMtYjVlNy00Y2E3LTgzM2EtNDA0NTUzZmQxZjY3XkEyXkFqcGc@._V1_SX300.jpg,35,6.6,"212,612","$26,673,242"
Color,Phillip Noyce,75.0,118,176.0,308.0,Angelina Jolie Pitt,18000.0,66488090.0,Crime|Drama|Mystery|Thriller,Denzel Washington,The Bone Collector ,120202,29748,Leland Orser,2.0,new york city|police|quadriplegic|serial killer|suicide,http://www.imdb.com/title/tt0145681/?ref_=fn_tt_tt_1,397.0,English,USA,R,48000000.0,1999,11000.0,6.7,2.35,0,4,Crime,Drama,Mystery,tt0145681,The Bone Collector,1999,R,05 Nov 1999,118 min,"Crime, Drama, Mystery",Phillip Noyce,"Jeffery Deaver, Jeremy Iacone","Denzel Washington, Angelina Jolie, Queen Latifah",A quadriplegic ex-homicide detective and his partner try to track down a serial killer who is terrorizing New York City.,English,United States,1 win & 3 nominations total,https://m.media-amazon.com/images/M/MV5BOWY0NjY0M2ItYmNjYy00YWZiLWE3ZjktM2Q3YmU2NWY0YmVmXkEyXkFqcGc@._V1_SX300.jpg,45,6.7,"193,520","$66,518,655"
Color,J.A. Bayona,300.0,105,171.0,143.0,Belén Rueda,382.0,7159147.0,Drama|Mystery|Thriller,Geraldine Chaplin,The Orphanage ,120189,954,Fernando Cayo,0.0,dead children|ghost|missing child|orphan|orphanage,http://www.imdb.com/title/tt0464141/?ref_=fn_tt_tt_1,308.0,Spanish,Spain,R,3400000.0,2007,273.0,7.5,2.35,11000,3,Drama,Mystery,Thriller,tt0464141,The Orphanage,2007,R,11 Jan 2008,105 min,"Drama, Horror, Mystery",J.A. Bayona,Sergio G. Sánchez,"Belén Rueda, Fernando Cayo, Roger Príncep","A woman brings her family back to her childhood home, which used to be an orphanage for handicapped children. Before long, her son starts to communicate with an invisible new friend.",Spanish,"Spain, Mexico, France, Belgium",32 wins & 43 nominations total,https://m.media-amazon.com/images/M/MV5BMTE3ZDYxMjctZDJhOC00NDY4LTgwMjYtOTZiNTYwM2Y1N2VhXkEyXkFqcGc@._V1_SX300.jpg,74,7.4,"169,927","$7,161,284"
Color,Richard Linklater,152.0,102,0.0,787.0,Adam Goldberg,14000.0,7993039.0,Comedy,Milla Jovovich,Dazed and Confused ,120036,18643,Cole Hauser,1.0,football|hazing|high school|last day of school|pledge,http://www.imdb.com/title/tt0106677/?ref_=fn_tt_tt_1,408.0,English,USA,R,6900000.0,1993,1000.0,7.7,1.85,10000,1,Comedy,,,tt0106677,Dazed and Confused,1993,R,24 Sep 1993,103 min,Comedy,Richard Linklater,Richard Linklater,"Jason London, Wiley Wiggins, Matthew McConaughey",The adventures of high school and junior high students on the last day of school in May 1976.,English,United States,1 win & 4 nominations total,https://m.media-amazon.com/images/M/MV5BMTM5MDY5MDQyOV5BMl5BanBnXkFtZTgwMzM3NzMxMDE@._V1_SX300.jpg,82,7.6,"214,746","$8,249,404"
Color,Patrick Tatopoulos,164.0,92,148.0,227.0,Kevin Grevioux,978.0,45802315.0,Action|Adventure|Fantasy|Sci-Fi|Thriller,Craig Parker,Underworld: Rise of the Lycans ,119974,2184,Steven Mackintosh,1.0,battle|slave|vampire|warrior|werewolf,http://www.imdb.com/title/tt0834001/?ref_=fn_tt_tt_1,169.0,English,USA,R,35000000.0,2009,593.0,6.6,2.35,0,5,Action,Adventure,Fantasy,tt0834001,Underworld: Rise of the Lycans,2009,R,23 Jan 2009,92 min,"Action, Fantasy, Thriller",Patrick Tatopoulos,"Danny McBride, Dirk Blackman, Howard McCain","Rhona Mitra, Michael Sheen, Bill Nighy","A prequel centered on the origins of the centuries-old feud between the race of aristocratic vampires and their former slaves, the Lycans.",English,"United States, New Zealand, Australia",2 nominations total,https://m.media-amazon.com/images/M/MV5BMTAwNzYzMDQyMzReQTJeQWpwZ15BbWU3MDMyNDA0MjI@._V1_SX300.jpg,44,6.5,"174,462","$45,802,315"
Color,F. Gary Gray,349.0,167,473.0,303.0,Neil Brown Jr.,559.0,161029270.0,Biography|Crime|Drama|History|Music,Aldis Hodge,Straight Outta Compton ,119928,2702,R. Marcos Taylor,0.0,concert|gangsta rap|hip hop|nwa|rap music,http://www.imdb.com/title/tt1398426/?ref_=fn_tt_tt_1,331.0,English,USA,R,28000000.0,2015,427.0,7.9,2.35,76000,5,Biography,Crime,Drama,tt1398426,Straight Outta Compton,2015,R,14 Aug 2015,147 min,"Biography, Drama, History",F. Gary Gray,"Jonathan Herman, Andrea Berloff, S. Leigh Savidge","O'Shea Jackson Jr., Corey Hawkins, Jason Mitchell",The rap group NWA emerges from the mean streets of Compton in the mid-1980s and revolutionizes hip-hop culture with their music and tales about life in the hood.,English,"United States, Japan",Nominated for 1 Oscar. 28 wins & 40 nominations total,https://m.media-amazon.com/images/M/MV5BMTA5MzkyMzIxNjJeQTJeQWpwZ15BbWU4MDU0MDk0OTUx._V1_SX300.jpg,72,7.8,"232,617","$161,197,785"
Color,Clark Johnson,144.0,117,69.0,1000.0,Josh Charles,10000.0,116643346.0,Action|Adventure|Crime|Thriller,Jeremy Renner,S.W.A.T. ,119807,14486,LL Cool J,1.0,hostage|police|prison|swat team|training,http://www.imdb.com/title/tt0257076/?ref_=fn_tt_tt_1,340.0,English,USA,PG-13,80000000.0,2003,1000.0,6.0,2.35,0,4,Action,Adventure,Crime,tt0257076,S.W.A.T.,2003,PG-13,08 Aug 2003,117 min,"Action, Adventure, Crime",Clark Johnson,"Robert Hamner, Ron Mita, Jim McClain","Samuel L. Jackson, Colin Farrell, Michelle Rodriguez","An imprisoned drug kingpin offers a huge cash reward to anyone that can break him out of police custody, and only the L.A.P.D.'s Special Weapons and Tactics team can prevent it.","English, Spanish, French",United States,5 wins & 5 nominations total,https://m.media-amazon.com/images/M/MV5BNmMwYjNhYTEtNGM3ZS00ZTNjLWE1ZWItOWU0MGU4YTUwNjk0XkEyXkFqcGc@._V1_SX300.jpg,45,6.1,"159,306","$116,934,650"
Color,Mike Gabriel,92.0,84,12.0,752.0,Frank Welker,23000.0,141600000.0,Adventure|Animation|Drama|Family|History|Musical|Romance,Christian Bale,Pocahontas ,119675,26754,Irene Bedard,1.0,actor playing multiple roles|love|one word title|unsubtitled foreign language|virginia,http://www.imdb.com/title/tt0114148/?ref_=fn_tt_tt_1,216.0,English,USA,G,55000000.0,1995,2000.0,6.6,1.78,0,7,Adventure,Animation,Drama,tt0114148,Pocahontas,1995,G,23 Jun 1995,81 min,"Animation, Adventure, Drama","Mike Gabriel, Eric Goldberg","Carl Binder, Susannah Grant, Philip LaZebnik","Mel Gibson, Linda Hunt, Christian Bale",An English soldier and the daughter of an Algonquin chief share a romance when English colonists invade seventeenth century Virginia.,"English, Algonquin",United States,Won 2 Oscars. 16 wins & 7 nominations total,https://m.media-amazon.com/images/M/MV5BY2ZlNTUxM2MtYmJhYS00Y2E5LTlmYTItZDhlNWJmMmRiYTYzXkEyXkFqcGc@._V1_SX300.jpg,59,6.7,"215,785","$141,579,773"
Color,Larry Charles,288.0,81,119.0,412.0,Elton John,468.0,59992760.0,Comedy,Bono,Brüno ,119622,2134,Slash,1.0,austrian|fame|fashion|gay lead character|mockumentary,http://www.imdb.com/title/tt0889583/?ref_=fn_tt_tt_1,396.0,English,USA,R,42000000.0,2009,442.0,5.8,1.85,0,1,Comedy,,,tt0889583,Brüno,2009,R,10 Jul 2009,81 min,Comedy,Larry Charles,"Sacha Baron Cohen, Anthony Hines, Dan Mazer","Sacha Baron Cohen, Gustaf Hammarsten, Clifford Bañagale","Flamboyant, gay Austrian Brüno looks for new fame in America.","English, German","United Kingdom, United States",2 wins & 5 nominations total,https://m.media-amazon.com/images/M/MV5BMTUwNDIwNDE5MV5BMl5BanBnXkFtZTcwMDA2MzA1Mg@@._V1_SX300.jpg,54,5.9,"156,952","$60,054,530"
Color,Keenen Ivory Wayans,127.0,83,322.0,179.0,Veronica Cartwright,1000.0,71277420.0,Comedy,Natasha Lyonne,Scary Movie 2 ,119590,1645,Andy Richter,7.0,blow job|demon|exorcism|priest|professor,http://www.imdb.com/title/tt0257106/?ref_=fn_tt_tt_1,548.0,English,USA,R,45000000.0,2001,422.0,5.2,1.85,0,1,Comedy,,,tt0257106,Scary Movie 2,2001,R,04 Jul 2001,83 min,"Comedy, Horror",Keenen Ivory Wayans,"Shawn Wayans, Marlon Wayans, Buddy Johnson","Anna Faris, Marlon Wayans, Antony Acker",Four teens are tricked by a professor into visiting a haunted house for a school project.,English,United States,3 wins & 5 nominations total,https://m.media-amazon.com/images/M/MV5BZjZlOTgzNmUtNjZlYS00NWFjLTg4ZDktMWY4NDIxMjVjZjdhXkEyXkFqcGc@._V1_SX300.jpg,29,5.4,"190,597","$71,308,997"
 Black and White,Frank Coraci,108.0,90,153.0,427.0,Clint Howard,11000.0,161487252.0,Comedy|Sport,Adam Sandler,The Waterboy ,119450,13823,Peter Dante,0.0,coach|college|college football|domineering mother|football,http://www.imdb.com/title/tt0120484/?ref_=fn_tt_tt_1,300.0,English,USA,PG-13,20000000.0,1998,1000.0,6.1,1.85,0,2,Comedy,Sport,,tt0120484,The Waterboy,1998,PG-13,06 Nov 1998,90 min,"Comedy, Sport",Frank Coraci,"Tim Herlihy, Adam Sandler","Adam Sandler, Kathy Bates, Henry Winkler",A waterboy for a college football team discovers he has a unique tackling ability and becomes a member of the team.,English,United States,6 wins & 6 nominations total,https://m.media-amazon.com/images/M/MV5BZTQxMWE5ZTEtYzI1OC00NDdkLWI0YjUtMTk4NjU0YWI4YjY0XkEyXkFqcGc@._V1_SX300.jpg,41,6.2,"189,980","$161,491,646"
Color,Rob Marshall,229.0,145,252.0,210.0,Mako,879.0,57010853.0,Drama|Romance,Li Gong,Memoirs of a Geisha ,119286,2380,Karl Yune,1.0,coming of age|geisha|japan|jealousy|love,http://www.imdb.com/title/tt0397535/?ref_=fn_tt_tt_1,548.0,English,USA,PG-13,85000000.0,2005,691.0,7.3,2.35,0,2,Drama,Romance,,tt0397535,Memoirs of a Geisha,2005,PG-13,23 Dec 2005,145 min,"Drama, Romance",Rob Marshall,"Robin Swicord, Arthur Golden","Ziyi Zhang, Ken Watanabe, Michelle Yeoh","The heartwarming tale of Nitta Sayuri, a young Japanese woman who transcended from her fishing-village roots and became one of Japan's most celebrated geisha.","English, Japanese",United States,Won 3 Oscars. 32 wins & 47 nominations total,https://m.media-amazon.com/images/M/MV5BMTYxMzM4NTEzOV5BMl5BanBnXkFtZTcwNDMwNjQzMw@@._V1_SX300.jpg,54,7.3,"171,577","$57,490,508"
Color,Eric Darnell,211.0,93,35.0,436.0,Martin Short,851.0,216366733.0,Adventure|Animation|Comedy|Family,Jada Pinkett Smith,Madagascar 3: Europe's Most Wanted ,119213,2444,Cedric the Entertainer,0.0,animal|circus|island name in title|lemur|penguin,http://www.imdb.com/title/tt1277953/?ref_=fn_tt_tt_1,154.0,English,USA,PG,145000000.0,2012,770.0,6.9,1.85,17000,4,Adventure,Animation,Comedy,tt1277953,Madagascar 3: Europe's Most Wanted,2012,PG,08 Jun 2012,93 min,"Animation, Adventure, Comedy","Eric Darnell, Tom McGrath, Conrad Vernon","Eric Darnell, Noah Baumbach, Alejandro Bien-Willner","Ben Stiller, Jada Pinkett Smith, Chris Rock","The Madagascar animals join a struggling European circus to get back to New York, but find themselves being pursued by a psychotic animal-control officer.","English, Spanish",United States,3 wins & 20 nominations total,https://m.media-amazon.com/images/M/MV5BYTM5OWRiZTAtOTNkMS00NzNhLTkwYmYtMWI1MzkyMjE3MWE1XkEyXkFqcGc@._V1_SX300.jpg,60,6.8,"215,044","$216,391,482"
Color,Oliver Stone,114.0,126,0.0,168.0,Tamara Tunie,826.0,43848100.0,Crime|Drama,Hal Holbrook,Wall Street ,119150,1607,James Karen,2.0,1980s|argument|critique of capitalism|f word|fired from the job,http://www.imdb.com/title/tt0094291/?ref_=fn_tt_tt_1,219.0,English,USA,R,15000000.0,1987,508.0,7.4,1.85,0,2,Crime,Drama,,tt0094291,Wall Street,1987,R,11 Dec 1987,126 min,"Crime, Drama",Oliver Stone,"Stanley Weiser, Oliver Stone","Charlie Sheen, Tamara Tunie, Franklin Cover","An impatient young stockbroker is willing to do anything to get to the top, including trading on illegal inside information taken through a ruthless, greedy corporate raider who takes the youth under his wing.",English,United States,Won 1 Oscar. 9 wins & 4 nominations total,https://m.media-amazon.com/images/M/MV5BMWQ4NDY4NTktYjE5NS00MWQ5LWFmZTUtNjk5NjA4Mzc3ODNhXkEyXkFqcGc@._V1_SX300.jpg,56,7.3,"172,577","$43,848,069"
Color,David Ayer,418.0,123,452.0,329.0,Robin Atkin Downes,10000.0,161087183.0,Action|Adventure|Comedy|Sci-Fi,Will Smith,Suicide Squad ,118992,11287,Ike Barinholtz,8.0,based on comic book|critically bashed|father daughter relationship|reference to superman|super villain,http://www.imdb.com/title/tt1386697/?ref_=fn_tt_tt_1,971.0,English,USA,PG-13,175000000.0,2016,336.0,6.9,2.35,80000,4,Action,Adventure,Comedy,tt1386697,Suicide Squad,2016,PG-13,05 Aug 2016,123 min,"Action, Adventure, Fantasy",David Ayer,"David Ayer, John Ostrander","Will Smith, Jared Leto, Margot Robbie",A secret government agency recruits some of the most dangerous incarcerated super-villains to form a defensive task force. Their first mission: save the world from the apocalypse.,"English, Japanese, Spanish",United States,Won 1 Oscar. 18 wins & 41 nominations total,"https://m.media-amazon.com/images/M/MV5BMjM1OTMxNzUyM15BMl5BanBnXkFtZTgwNjYzMTIzOTE@._V1_QL75_UX380_CR0,0,380,562_.jpg",40,5.9,"758,745","$325,100,054"
Color,M. Night Shyamalan,280.0,103,0.0,346.0,Noah Ringer,1000.0,131564731.0,Action|Adventure|Family|Fantasy,Seychelle Gabriel,The Last Airbender ,118951,2857,Aasif Mandvi,0.0,avatar|fire|kingdom|tribe|water,http://www.imdb.com/title/tt0938283/?ref_=fn_tt_tt_1,1382.0,English,USA,PG,150000000.0,2010,756.0,4.2,2.35,18000,4,Action,Adventure,Family,tt0938283,The Last Airbender,2010,PG,01 Jul 2010,103 min,"Action, Adventure, Family",M. Night Shyamalan,M. Night Shyamalan,"Noah Ringer, Nicola Peltz Beckham, Jackson Rathbone","Aang, a young successor to a long line of Avatars, must master all four elements and stop the Fire Nation from enslaving the Water Tribes and the Earth Kingdom.",English,"United States, United Kingdom, Canada, Denmark, Vietnam",8 wins & 12 nominations total,https://m.media-amazon.com/images/M/MV5BOGEwNDlmZDQtMjA0My00NWMwLWJkNTAtODk2MGVjODBlNWFjXkEyXkFqcGc@._V1_SX300.jpg,20,3.9,"180,350","$131,772,187"
Color,Rodrigo Cortés,363.0,95,89.0,263.0,Samantha Mathis,16000.0,1028658.0,Drama|Mystery|Thriller,Ryan Reynolds,Buried ,118684,17471,Erik Palladino,0.0,buried alive|coffin|iraq|one person|single set production,http://www.imdb.com/title/tt1462758/?ref_=fn_tt_tt_1,447.0,English,Spain,R,3000000.0,2010,517.0,7.0,2.35,24000,3,Drama,Mystery,Thriller,tt1462758,Buried,2010,R,15 Oct 2010,95 min,"Drama, Mystery, Thriller",Rodrigo Cortés,Chris Sparling,"Ryan Reynolds, José Luis García-Pérez, Robert Paterson",Paul is a U.S. truck driver working in Iraq. After an attack by a group of Iraqis he wakes to find he is buried alive inside a coffin. With only a lighter and a cell phone it's a race against time to escape this claustrophobic dea...,"English, Arabic","Spain, United Kingdom, France, United States",16 wins & 33 nominations total,https://m.media-amazon.com/images/M/MV5BOGMxNjMyM2QtMjk4Ni00YmJhLTkwYmQtNjUwNjViNzI0ZTE1XkEyXkFqcGc@._V1_SX300.jpg,65,7.0,"174,660","$1,044,143"
Color,Anthony Minghella,198.0,154,333.0,16000.0,Natalie Portman,22000.0,95632614.0,Adventure|Drama|History|Romance|War,Philip Seymour Hoffman,Cold Mountain ,118483,61110,Charlie Hunnam,3.0,civil war|mountain|soldier|well|wounded soldier,http://www.imdb.com/title/tt0159365/?ref_=fn_tt_tt_1,674.0,English,USA,R,79000000.0,2003,20000.0,7.2,2.35,0,5,Adventure,Drama,History,tt0159365,Cold Mountain,2003,R,25 Dec 2003,154 min,"Adventure, Drama, Romance",Anthony Minghella,"Charles Frazier, Anthony Minghella","Jude Law, Nicole Kidman, Renée Zellweger","In the waning days of the American Civil War, a wounded soldier embarks on a perilous journey back home to Cold Mountain, North Carolina to reunite with his sweetheart.",English,"United States, Italy, Romania",Won 1 Oscar. 20 wins & 101 nominations total,https://m.media-amazon.com/images/M/MV5BMTY3NTc5NzcyOF5BMl5BanBnXkFtZTcwMDM0NjQyMQ@@._V1_SX300.jpg,73,7.2,"163,042","$95,636,509"
Color,Simon West,252.0,93,165.0,350.0,Tony Goldwyn,26000.0,29113588.0,Action|Crime|Thriller,Jason Statham,The Mechanic ,117999,27834,Mini Anden,0.0,apprentice|disobeying orders|gas station|hitman|nightclub,http://www.imdb.com/title/tt0472399/?ref_=fn_tt_tt_1,181.0,English,USA,R,40000000.0,2011,956.0,6.6,2.35,16000,3,Action,Crime,Thriller,tt0472399,The Mechanic,2011,R,28 Jan 2011,93 min,"Action, Crime, Thriller",Simon West,"Richard Wenk, Lewis John Carlino","Jason Statham, Ben Foster, Donald Sutherland",An elite hitman teaches his trade to an apprentice who has a connection to one of his previous victims.,English,"United States, Germany",1 nomination total,https://m.media-amazon.com/images/M/MV5BMjEyMjk1NjI1M15BMl5BanBnXkFtZTcwODcyNjAxNA@@._V1_SX300.jpg,49,6.5,"182,133","$29,121,498"
Color,Rob Cohen,264.0,112,357.0,595.0,Brendan Fraser,5000.0,102176165.0,Action|Adventure|Fantasy|Horror|Thriller,Jet Li,The Mummy: Tomb of the Dragon Emperor ,117927,9131,Russell Wong,2.0,army|china|emperor|mummy|shangri la,http://www.imdb.com/title/tt0859163/?ref_=fn_tt_tt_1,501.0,English,USA,PG-13,145000000.0,2008,3000.0,5.2,2.35,0,5,Action,Adventure,Fantasy,tt0859163,The Mummy: Tomb of the Dragon Emperor,2008,PG-13,01 Aug 2008,112 min,"Action, Adventure, Fantasy",Rob Cohen,"Alfred Gough, Miles Millar, John L. Balderston","Brendan Fraser, Jet Li, Maria Bello","In the Far East, Alex O'Connell, the son of famed mummy fighters Rick and Evy O'Connell, unearths the mummy of the first Emperor of Qin -- a shape-shifting entity cursed by a witch centuries ago.","English, Mandarin, Sanskrit","United States, Germany, China, Canada, United Kingdom, Hong Kong",2 wins & 6 nominations total,https://m.media-amazon.com/images/M/MV5BMTU4NDIzMDY1OV5BMl5BanBnXkFtZTcwNjQxMzk3MQ@@._V1_SX300.jpg,31,5.2,"179,224","$102,491,776"
Color,Seth MacFarlane,280.0,125,3000.0,3000.0,Morgan Freeman,14000.0,81257500.0,Comedy,Liam Neeson,Ted 2 ,117739,30010,Seth MacFarlane,0.0,baby|f word|fight|lawyer|marriage,http://www.imdb.com/title/tt2637276/?ref_=fn_tt_tt_1,229.0,English,USA,R,68000000.0,2015,11000.0,6.4,2.35,30000,1,Comedy,,,tt2637276,Ted 2,2015,R,26 Jun 2015,115 min,Comedy,Seth MacFarlane,"Seth MacFarlane, Alec Sulkin, Wellesley Wild","Mark Wahlberg, Seth MacFarlane, Amanda Seyfried","Newlywed couple Ted and Tami-Lynn want to have a baby, but in order to qualify to be a parent, Ted will have to prove he's a person in a court of law.","English, Ukrainian",United States,3 wins & 4 nominations total,https://m.media-amazon.com/images/M/MV5BMjEwMDg3MDk1NF5BMl5BanBnXkFtZTgwNjYyODA1NTE@._V1_SX300.jpg,48,6.3,"258,061","$81,476,385"
Color,John Lee Hancock,405.0,125,102.0,825.0,Ruth Wilson,15000.0,83299761.0,Biography|Comedy|Drama|History|Music,Tom Hanks,Saving Mr. Banks ,117719,19809,B.J. Novak,2.0,author|disney|loss of father|reference to walt disney|suppression of emotion,http://www.imdb.com/title/tt2140373/?ref_=fn_tt_tt_1,306.0,English,USA,PG-13,35000000.0,2013,2000.0,7.5,2.35,39000,5,Biography,Comedy,Drama,tt2140373,Saving Mr. Banks,2013,PG-13,20 Dec 2013,125 min,"Biography, Comedy, Drama",John Lee Hancock,"Kelly Marcel, Sue Smith","Emma Thompson, Tom Hanks, Annie Rose Buckley","P. L. Travers, a London author who is financially broke, visits Los Angeles to meet Walt Disney, who is keen to adapt her Mary Poppins books for the cinema. However, his methods do not meet her approval.",English,"Australia, United Kingdom, United States",Nominated for 1 Oscar. 13 wins & 74 nominations total,https://m.media-amazon.com/images/M/MV5BMTc0MTQ3NzE4Nl5BMl5BanBnXkFtZTcwMzA4NDM5OQ@@._V1_SX300.jpg,65,7.5,"174,675","$83,301,580"
Color,George P. Cosmatos,96.0,96,170.0,668.0,Julia Nickson,13000.0,150415432.0,Action|Adventure|Thriller|War,Sylvester Stallone,Rambo: First Blood Part II ,117606,15662,Martin Kove,0.0,1980s|mission|prison|rambo|vietnam,http://www.imdb.com/title/tt0089880/?ref_=fn_tt_tt_1,217.0,English,USA,R,44000000.0,1985,738.0,6.4,2.35,0,4,Action,Adventure,Thriller,tt0089880,Rambo: First Blood Part II,1985,R,22 May 1985,96 min,"Action, Adventure, Thriller",George P. Cosmatos,"David Morrell, Kevin Jarre, Sylvester Stallone","Sylvester Stallone, Richard Crenna, Charles Napier",Ex-Green Beret goes on a reconnaissance mission to spring MIAs from a Viet Cong prison.,"English, Vietnamese, Russian","United States, Mexico, Netherlands",Nominated for 1 Oscar. 5 wins & 7 nominations total,https://m.media-amazon.com/images/M/MV5BNTNiMzUyZjQtY2RlOS00MjIxLWFlMjAtNjI1NjkzY2JjN2M3XkEyXkFqcGc@._V1_SX300.jpg,47,6.5,"194,761","$150,415,432"
Color,Dean DeBlois,180.0,85,255.0,443.0,Jason Scott Lee,1000.0,145771527.0,Adventure|Animation|Comedy|Drama|Family|Fantasy|Sci-Fi,Tia Carrere,Lilo & Stitch ,117212,3112,David Ogden Stiers,0.0,alien|escape|fugitive|hawaii|social worker,http://www.imdb.com/title/tt0275847/?ref_=fn_tt_tt_1,367.0,English,USA,PG,80000000.0,2002,533.0,7.2,1.66,0,7,Adventure,Animation,Comedy,tt0275847,,,,,,,,,,,,,,,,,,
Color,Måns Mårlind,242.0,88,24.0,324.0,Stephen Rea,5000.0,62321039.0,Action|Fantasy|Horror,Theo James,Underworld: Awakening ,117096,5861,Sandrine Holt,1.0,battle|cryogenics|detective|scientist|vampire,http://www.imdb.com/title/tt1496025/?ref_=fn_tt_tt_1,271.0,English,USA,R,70000000.0,2012,327.0,6.4,2.35,24000,3,Action,Fantasy,Horror,tt1496025,,,,,,,,,,,,,,,,,,
